97,148,佐藤
102,50,鈴木
158,122,高橋
44,20,田中
32,140,渡辺
70,238,伊藤
0,163,山本
204,38,中村
190,110,小林
56,13,加藤
217,70,吉田
228,208,山田
153,129,佐々木
52,44,斎藤
177,211,山口
94,221,松本
180,39,井上
94,246,木村
95,123,林
240,97,清水
77,99,山崎
222,25,池田
213,16,阿部
116,103,橋本
106,239,山下
196,116,森
127,188,石川
187,206,中島
158,248,前田
137,142,小川
161,48,藤田
136,72,岡田
137,84,後藤
228,119,長谷川
1,254,石井
71,129,村上
227,6,近藤
110,243,坂本
5,130,遠藤
66,177,青木
93,19,藤井
120,98,西村
18,250,福田
244,162,太田
173,89,三浦
244,10,藤原
28,52,岡本
108,150,松田
56,165,中川
228,212,中野
181,244,原田
90,223,小野
213,207,田村
4,113,竹内
36,14,金子
21,179,斉藤
67,40,和田
13,220,中山
236,88,石田
15,99,上田
228,151,森田
215,236,柴田
246,64,原
54,197,酒井
95,208,工藤
132,247,宮崎
155,25,横山
136,54,宮本
210,177,内田
173,6,高木
16,110,安藤
105,10,谷口
22,64,大野
199,15,高田
188,180,丸山
29,110,今井
168,124,河野
186,201,小島
254,83,藤本
167,161,村田
46,22,武田
6,115,上野
58,150,杉山
175,139,増田
6,134,小山
59,104,大塚
236,129,平野
26,107,菅原
128,59,久保
179,158,千葉
219,142,松井
2,12,岩崎
82,1,木下
81,5,野口
30,102,松尾
96,110,菊地
159,54,野村
211,19,新井
154,50,渡部
208,238,佐野
212,108,杉本
111,219,大西
174,76,桜井
104,80,古川
154,63,島田
206,235,市川
167,51,小松
4,134,高野
97,197,水野
36,45,吉川
245,86,山内
107,62,西田
51,177,浜田
58,115,西川
178,189,菊池
46,151,北村
101,66,五十嵐
231,164,安田
192,228,中田
228,133,平田
7,74,川口
109,71,川崎
229,93,飯田
111,114,東
163,243,本田
52,123,久保田
229,197,吉村
249,84,福島
96,173,中西
232,9,岩田
193,123,服部
221,252,辻
136,210,川上
30,42,関
133,93,樋口
214,120,永井
240,181,松岡
48,49,山中
178,65,田口
172,197,森本
234,68,矢野
228,200,秋山
111,251,土屋
165,96,石原
220,32,松下
176,222,馬場
129,133,大橋
192,205,松浦
146,44,吉岡
151,217,荒木
128,38,小池
216,29,大久保
6,155,熊谷
45,219,浅野
241,108,野田
104,93,広瀬
111,212,川村
183,55,星野
145,41,大谷
123,84,黒田
157,255,沢田
106,104,尾崎
144,140,田辺
29,147,小沢
59,85,永田
61,165,松村
180,127,望月
10,153,内藤
228,83,菅野
53,86,西山
216,111,堀
215,38,大島
54,143,岩本
133,23,平井
186,8,片山
86,138,本間
94,204,横田
25,137,早川
146,71,荒井
58,144,岡崎
123,193,鎌田
57,252,小田
41,138,成田
134,107,宮田
133,225,大石
65,250,石橋
3,135,篠原
62,116,高山
40,226,須藤
51,85,萩原
47,163,小西
118,145,栗原
210,234,松原
45,22,伊東
128,6,三宅
5,149,大森
217,191,福井
173,44,南
39,201,奥村
1,192,富田
12,64,松永
108,52,片岡
72,94,桑原
205,195,内山
37,191,関口
200,78,古賀
161,47,奥田
170,21,岡
181,41,北川
115,115,八木
106,163,上原
154,137,吉野
153,52,白石
211,125,今村
81,183,川島
164,98,小泉
197,23,上村
144,71,中尾
2,235,大沢
245,35,平山
58,186,青山
221,236,牧野
100,108,岡村
174,67,渋谷
109,13,寺田
88,189,坂口
1,216,児玉
0,77,大山
170,63,河合
199,84,多田
191,44,竹田
83,15,宮下
103,254,小倉
5,57,小野寺
229,174,小笠原
250,240,足立
147,16,村山
14,28,中沢
90,244,天野
123,198,坂井
43,197,杉浦
42,244,西
220,248,坂田
43,147,小原
146,74,豊田
185,127,角田
80,48,武藤
73,182,河村
64,135,根本
153,178,関根
9,128,水谷
218,135,田島
47,232,中井
241,205,森下
253,207,神田
78,33,塚本
142,152,佐久間
233,150,植田
136,228,飯塚
157,214,安部
13,225,前川
95,45,山根
2,229,浅井
238,149,白井
144,170,宮川
9,192,岡部
5,221,大川
234,57,長田
149,64,堀内
240,210,榎本
164,200,松崎
80,104,稲垣
230,225,若林
21,98,森山
193,230,江口
8,31,神谷
201,245,中谷
174,135,畠山
193,142,谷
242,166,細川
85,241,及川
27,144,安達
42,214,今野
96,5,三上
108,226,飯島
42,19,西尾
70,18,田代
144,10,石塚
130,185,岸本
198,61,津田
26,155,荒川
16,7,中原
159,154,長尾
167,111,戸田
188,131,本多
170,165,森川
249,45,土井
108,10,三好
14,247,金井
247,36,松山
92,149,米田
242,14,岡野
241,124,金沢
19,193,稲葉
24,175,村松
93,163,甲斐
169,62,西岡
173,19,佐伯
198,70,岩井
89,54,星
24,65,金田
162,49,黒木
89,39,堤
130,126,滝沢
143,7,落合
207,140,野崎
130,216,泉
79,198,堀田
10,56,中嶋
152,96,西野
253,105,町田
122,202,古田
139,26,徳永
70,108,新田
138,116,山岸
143,42,黒川
28,244,山川
183,140,川田
120,16,藤沢
211,246,杉田
103,253,奥山
48,106,土田
72,244,三木
69,79,村井
9,17,笠原
208,62,須田
163,208,梅田
118,194,大竹
101,88,野中
85,216,吉沢
18,202,広田
57,249,宮沢
213,191,柳沢
180,10,堀江
172,63,川端
208,41,大村
237,166,日高
5,158,梶原
207,124,岸
153,146,西本
57,189,黒沢
0,93,井口
117,84,大木
93,165,向井
120,206,松島
61,81,大場
240,249,竹中
86,19,藤川
115,251,安井
74,217,榊原
12,147,川原
186,163,吉本
193,27,大内
255,131,竹下
67,195,吉原
203,47,藤岡
9,4,庄司
70,125,福本
252,164,塚田
142,25,高島
170,86,宮内
246,152,小谷
11,65,緒方
137,109,谷川
218,16,下田
9,120,竹本
221,80,藤村
162,13,奥野
85,192,宇野
116,156,窪田
39,186,北野
49,183,栗田
137,136,石黒
12,232,長島
220,27,亀井
188,222,長沢
195,170,平川
211,203,長野
173,235,宮原
131,1,山村
35,203,藤野
175,242,茂木
98,196,川本
27,32,深沢
64,95,下村
46,133,丹羽
143,76,西沢
192,135,青柳
150,95,竹村
50,25,古谷
162,187,三輪
74,239,出口
118,103,高井
11,61,荻野
241,46,嶋田
70,163,大城
152,227,田原
151,209,野沢
168,131,相沢
28,98,高瀬
57,104,小森
155,189,稲田
83,215,宮城
67,143,筒井
3,58,富永
136,146,福岡
149,251,大原
33,50,福永
19,153,林田
159,148,横井
248,50,大平
33,155,金城
26,152,篠崎
199,48,溝口
162,64,長岡
213,61,平松
93,134,山岡
9,90,浅田
247,30,越智
221,110,北原
17,145,永野
250,211,武井
197,121,鶴田
101,242,柳田
244,41,大田
142,107,入江
124,118,湯浅
57,67,相馬
181,193,園田
72,202,高松
139,116,二宮
87,25,石山
21,106,堀川
122,153,手塚
6,232,川野
19,177,沼田
110,210,比嘉
145,157,臼井
226,36,石崎
37,49,平岡
126,18,池上
210,157,花田
231,92,瀬戸
106,40,谷本
139,237,西原
203,103,小出
26,95,篠田
178,145,浜口
119,87,杉原
23,220,志村
196,211,根岸
223,228,田畑
92,113,笠井
84,218,大槻
250,217,矢島
242,202,倉田
249,147,福原
128,126,片桐
179,71,日野
93,122,小坂
129,47,菅
131,70,加納
52,236,堀口
176,2,河原
60,213,新谷
88,51,千田
74,152,徳田
112,69,松野
85,132,田上
69,69,吉井
109,89,浜崎
201,148,森岡
38,161,柏木
154,127,浜野
206,232,村瀬
81,9,島崎
236,202,内海
214,201,北島
208,209,白川
71,42,畑中
218,127,秋元
8,7,中本
133,26,冨田
70,213,小柳
15,2,大崎
30,81,岩瀬
128,147,原口
247,242,秋田
104,209,三谷
54,125,松沢
125,196,木原
120,203,大井
83,106,川畑
119,240,福山
54,17,米山
9,111,植木
219,228,岩下
56,14,難波
253,238,今泉
53,54,三井
93,145,辻本
240,202,芳賀
9,49,坪井
247,153,井手
82,153,吉永
217,222,河内
6,84,畑
6,46,磯部
110,109,長井
94,139,荻原
160,165,大坪
196,76,塩田
209,198,岸田
38,159,皆川
225,64,細田
226,184,大友
194,203,細谷
222,188,植村
58,31,佐竹
248,166,河田
249,30,古屋
130,154,相原
84,104,若松
201,240,三村
217,41,遠山
210,162,村岡
148,254,真鍋
224,49,橋口
169,113,松川
211,87,平林
175,40,草野
76,207,川瀬
159,91,栗山
127,250,三島
188,149,橘
188,2,有馬
18,88,井出
16,46,保坂
200,90,早坂
99,83,瀬川
136,239,志賀
40,179,高岡
50,143,奈良
56,120,半田
251,89,亀山
52,104,高村
166,79,堀井
93,70,清野
213,193,玉井
174,41,神山
97,18,朝倉
233,156,米沢
148,50,寺島
10,162,水口
24,78,河本
235,247,進藤
110,132,中里
244,80,立石
234,69,葛西
70,122,水上
49,232,藤森
15,191,柳
77,135,川合
169,33,島村
150,15,古沢
82,52,亀田
182,169,織田
222,190,武内
6,65,宮島
29,179,有田
41,169,三原
154,183,尾形
185,24,高見
196,59,狩野
192,243,宮地
200,149,大津
53,169,寺本
61,140,植松
149,109,市村
226,119,坂下
168,104,平
192,221,大江
87,106,板垣
180,181,毛利
17,78,江藤
64,116,那須
6,39,藤崎
162,80,北山
68,243,小嶋
103,92,高柳
132,90,下山
220,151,滝本
31,80,高原
100,58,大沼
206,98,三橋
131,160,立花
243,52,浅見
45,99,久野
113,178,松木
36,225,木内
130,214,野上
157,71,門脇
72,249,坂上
202,189,土居
205,154,平沢
9,106,中根
211,141,平尾
0,62,北沢
46,108,齋藤
8,216,牧
51,242,岩佐
16,99,深谷
206,204,石丸
96,252,阪本
68,199,田崎
186,67,市原
242,73,小宮
37,2,長谷
201,243,今田
255,128,守屋
200,89,富樫
238,156,前原
231,167,高尾
99,206,内野
104,94,柴崎
15,164,岩永
205,126,大倉
230,117,川井
21,159,滝口
39,45,金山
31,186,関谷
244,75,長瀬
47,75,高崎
236,2,浜本
9,233,正木
163,111,飯野
99,17,矢部
158,229,外山
239,29,和泉
19,83,山野
187,224,金谷
58,154,秦
133,103,島
93,10,塚原
84,36,海野
144,33,鳥居
127,39,西谷
96,10,田川
208,129,成瀬
117,13,木田
23,225,石垣
117,105,石本
138,46,小寺
45,21,坂元
249,192,門田
107,198,豊島
124,2,末永
97,34,長谷部
250,25,井田
237,188,上山
56,133,金森
229,180,小畑
10,248,菅谷
147,17,奥
220,233,乾
20,111,宮脇
77,131,赤松
134,34,相川
79,143,江川
225,35,板倉
94,195,野本
174,82,三沢
73,192,江崎
215,44,永山
222,20,三田
102,186,山上
21,87,藤木
201,255,杉村
16,78,小杉
34,135,小室
69,70,渡邊
151,17,宍戸
110,99,香川
6,103,黒岩
3,155,梅原
126,163,大滝
18,148,小関
222,163,松元
238,221,平塚
92,229,諏訪
79,16,喜多
0,75,今西
210,120,井川
136,165,生田
52,136,森谷
114,31,並木
215,163,宇佐美
232,148,秋葉
222,199,塩谷
238,37,水田
131,170,佐川
72,114,下川
85,84,富岡
117,231,細井
3,187,石渡
80,211,浦田
84,19,布施
185,192,金丸
80,232,森脇
10,136,染谷
131,215,宮野
44,19,風間
201,91,北田
228,174,川辺
95,172,新垣
196,109,梅本
161,173,山城
158,137,梅沢
173,150,中林
116,205,小椋
81,166,大矢
36,129,西口
12,187,玉城
178,66,土橋
186,119,高梨
78,100,細野
53,246,大庭
110,37,山元
247,148,都築
169,58,木本
245,178,長崎
239,242,仲田
86,9,阿久津
31,10,小幡
71,10,杉野
126,232,麻生
38,29,山形
106,16,真田
176,112,堀越
165,11,依田
108,205,小野田
57,188,梅津
16,160,羽田
200,22,木戸
212,166,野原
130,77,赤木
162,217,浅川
52,98,椎名
240,93,岩間
70,224,日下
114,139,寺尾
30,10,仲村
151,129,宇都宮
59,209,矢田
44,55,矢口
103,132,大畑
227,20,大和田
140,34,波多野
7,175,大熊
116,213,目黒
221,242,立川
151,88,菅沼
128,190,大貫
226,21,高倉
224,117,深田
26,20,池内
46,126,柳原
91,8,岩城
36,194,海老原
152,148,沢井
227,35,倉持
9,113,雨宮
189,96,影山
157,111,神野
42,185,浜
50,176,栗林
136,14,神崎
129,217,橋爪
6,244,石坂
0,8,上杉
152,46,結城
208,131,青野
163,191,川西
1,43,小沼
176,255,白鳥
231,157,西島
84,251,瀬尾
106,20,赤坂
202,194,板橋
165,153,小玉
0,238,永島
168,222,首藤
167,85,清田
154,123,合田
140,27,富沢
218,60,玉置
55,88,寺沢
216,153,丹野
144,22,尾上
248,177,角
186,60,須賀
233,7,竹原
91,149,横尾
195,233,井原
240,146,坂野
128,33,久米
14,169,森口
227,219,宮坂
228,23,柏原
179,170,滝川
227,42,三枝
20,221,楠本
229,194,芦田
236,204,妹尾
186,23,脇田
68,106,水島
1,133,手島
218,254,池本
44,254,明石
188,172,西脇
194,158,大下
8,195,北
123,197,大和
174,235,勝又
140,149,大林
253,133,国分
134,253,川越
99,188,本村
12,42,曽根
71,66,小久保
37,162,島津
104,87,小堀
17,210,本橋
235,113,石沢
209,3,有賀
108,246,田端
135,224,志田
32,67,横川
94,7,浦野
107,134,柳川
155,36,谷村
13,59,春日
65,20,富山
207,187,今
62,160,坂東
103,240,飛田
88,197,江原
78,3,児島
213,128,梅村
193,23,内村
22,10,岡山
136,240,桑田
102,96,楠
232,237,角谷
12,7,日比野
12,97,砂川
24,172,前島
134,135,益田
121,98,桜田
121,42,花岡
119,48,笹川
88,193,中塚
11,195,滝
8,155,勝田
52,113,吉崎
7,10,森永
168,48,澤田
225,152,島袋
10,186,会田
123,9,岩渕
84,0,白木
112,143,浅沼
74,130,平良
109,190,小栗
11,191,石倉
168,189,前野
81,1,小菅
56,149,高畑
55,54,井本
38,54,玉木
98,23,高谷
234,48,沖田
105,170,倉本
228,213,沖
152,5,鶴岡
129,27,大浦
223,47,宇田川
253,66,本山
126,21,柴山
99,57,城戸
19,48,黒崎
255,59,塩見
68,168,岩谷
243,215,曽我
0,134,畠中
146,249,池谷
126,185,大高
254,36,熊田
139,100,重松
248,230,阪口
23,61,野呂
231,21,八田
233,44,戸塚
105,192,寺岡
182,182,菅井
34,117,末吉
86,218,井村
250,205,田尻
6,29,石野
165,226,川添
247,112,野島
118,24,田所
116,146,熊沢
222,7,古山
195,187,南部
205,32,大嶋
187,20,神戸
189,69,丸田
248,194,福地
85,246,笹原
41,194,恩田
149,125,平賀
169,77,米倉
88,246,増井
48,253,村木
146,9,長浜
254,43,中
137,207,五味
129,183,岡島
134,205,日下部
146,233,菊田
170,114,藤島
246,134,森井
138,188,湊
223,197,秋本
209,189,磯野
239,19,寺西
161,127,沢
230,65,若山
115,239,安永
140,163,重田
34,133,新村
210,80,田沢
75,177,長友
168,161,小口
121,71,今川
159,212,井沢
143,116,猪股
2,189,深井
200,152,百瀬
247,248,紺野
88,249,熊倉
248,91,高沢
107,166,鬼頭
205,10,中岡
65,252,玉田
91,100,田渕
80,45,氏家
162,102,小高
77,105,有村
48,19,岩村
118,248,高嶋
104,129,小平
167,148,赤羽
205,36,広川
200,111,境
223,7,寺井
75,212,河西
111,43,塩沢
98,213,土谷
75,171,照井
132,17,神原
138,243,西浦
225,25,西井
37,72,牧田
57,116,宮里
115,91,相田
13,9,松谷
23,195,藤山
12,76,福士
195,12,村中
222,73,品川
164,238,伊達
247,42,新保
75,234,夏目
164,123,柿沼
139,253,西森
161,109,持田
133,255,矢沢
208,184,石岡
146,16,松橋
84,159,辻村
213,234,長坂
171,89,梶田
187,182,沢村
144,184,大関
37,253,長沼
160,1,浦
135,200,滝田
61,144,安川
45,59,寺崎
179,64,大越
141,25,柳瀬
0,69,土肥
66,194,岩沢
154,197,福沢
210,167,鹿島
72,82,北岡
174,181,磯崎
223,186,唐沢
107,14,石村
177,242,平原
73,19,古市
229,146,鵜飼
227,102,的場
116,18,野間
176,216,大前
20,189,倉橋
69,184,寺内
74,252,伊沢
217,83,対馬
205,45,古橋
225,46,小村
44,27,河上
199,5,本郷
16,8,河崎
73,88,住田
95,115,柿崎
89,202,鹿野
1,211,我妻
171,98,二瓶
215,159,伴
177,237,船越
133,37,野尻
161,17,粕谷
230,35,冨永
105,229,塩崎
136,150,船木
119,20,安東
106,70,江頭
73,173,東野
58,156,藤谷
100,164,加瀬
200,19,津村
94,233,湯川
148,81,栗本
140,121,安原
229,24,迫田
70,62,加賀
247,220,安斎
78,151,平本
240,216,真野
169,150,小俣
234,14,上岡
238,30,河口
93,54,高坂
51,118,大宮
181,23,相良
215,229,室井
25,24,川嶋
22,128,花井
37,73,仲野
128,243,新川
135,230,江田
247,244,赤井
234,119,坪田
200,71,神保
230,162,小山田
244,1,小暮
108,140,山脇
160,40,坂
189,18,梅木
89,233,保田
106,111,森島
218,170,矢吹
113,247,矢崎
215,207,森崎
186,190,金野
234,38,金
15,224,益子
73,65,塚越
119,64,伏見
161,5,中森
251,185,金原
144,16,水本
235,6,垣内
43,100,芹沢
36,250,関本
111,254,鮫島
222,251,増山
23,122,郡司
201,154,渥美
141,178,谷内
115,181,福元
110,230,松林
162,234,増子
21,194,住吉
127,37,赤塚
86,39,東山
184,120,稲村
214,72,谷田
158,97,下野
113,127,河井
181,217,浜中
46,200,鳴海
250,202,高津
208,42,村越
247,166,南雲
235,142,中道
128,133,大坂
75,8,片野
52,107,金本
123,212,久田
92,199,吉見
232,130,榊
225,111,梶山
0,143,柿本
188,137,薄井
110,95,堺
71,54,玉川
116,26,藤巻
76,88,大河原
22,217,長山
242,119,杉崎
238,95,小橋
13,78,小竹
250,77,大岩
196,30,川内
182,142,神
176,87,棚橋
179,12,梶
18,235,高森
92,125,畑山
6,175,竹沢
54,252,湯本
107,11,八巻
46,193,小山内
116,60,島本
163,11,八幡
114,207,桑野
220,45,須永
181,48,椿
169,114,宇田
32,38,緑川
21,74,下地
189,243,高須
124,18,衛藤
76,145,永瀬
14,239,米谷
72,197,牛島
139,248,竹林
18,8,芝田
5,239,伊勢
27,91,丸岡
3,16,向山
124,19,人見
140,236,安西
222,120,小田島
108,161,西崎
174,44,知念
47,153,大迫
187,110,芝
36,19,二村
61,19,小澤
96,154,村本
216,98,磯貝
25,47,山浦
21,10,木谷
30,65,篠塚
149,50,清原
75,17,山谷
82,3,浦川
168,12,吉武
198,53,赤沢
84,126,小峰
34,153,高本
25,1,桜庭
228,9,福留
231,161,植野
191,252,安岡
235,31,小宮山
111,90,勝山
118,62,飯村
177,44,袴田
135,15,高杉
98,4,岩元
175,193,川名
67,156,平石
136,21,尾関
242,245,小浜
17,160,村尾
79,225,岡林
253,163,磯田
230,67,高林
58,212,鶴見
103,165,加茂
242,194,宮村
36,97,駒井
71,166,谷山
4,94,桂
125,7,関野
159,101,岩橋
129,96,国井
171,21,仲
100,96,木島
128,1,竹山
43,66,柳井
209,168,深川
248,126,兵頭
170,2,犬飼
69,214,小崎
232,58,船橋
131,60,新山
91,232,中平
169,185,黒瀬
133,22,疋田
155,94,長屋
145,78,辻井
192,187,三瓶
143,221,竹島
158,102,板谷
43,43,早瀬
50,74,西垣
139,80,熊野
92,233,米村
183,125,小熊
207,158,丸尾
114,130,若杉
157,172,志水
42,55,平間
135,42,森野
6,23,岩切
81,145,別府
85,121,大杉
200,63,北条
255,221,上条
153,221,徳山
193,202,赤堀
215,166,井戸
98,227,高塚
14,46,佃
254,78,永松
10,154,塩野
209,86,山路
137,236,大上
119,253,加賀谷
208,159,城
210,144,東海
183,114,大屋
74,53,塩川
130,6,村川
92,253,長嶋
64,182,橋詰
12,215,鎌倉
15,127,川又
132,202,鳥越
30,183,生駒
41,100,竹之内
103,88,岩淵
146,204,広岡
142,62,保科
233,47,松葉
194,0,幸田
184,14,山西
11,85,青島
136,31,名倉
121,100,庄子
98,173,砂田
68,203,羽鳥
31,134,田淵
208,29,塙
222,98,末広
228,82,岩見
230,215,猪俣
228,55,大泉
52,195,脇
130,198,日向
146,61,荒谷
251,45,早田
101,139,笹本
58,106,柳沼
64,16,猪狩
47,243,熊本
50,52,上島
212,179,岩野
2,174,高久
254,139,時田
240,134,添田
88,255,桐山
55,117,須貝
54,11,柴
113,60,上西
154,62,上林
248,156,田嶋
46,144,飯沼
130,213,清家
207,234,五島
220,21,新藤
12,150,安本
41,83,長
31,201,土岐
186,104,藤
34,71,松坂
82,90,藤江
183,7,名取
160,99,半沢
209,57,鬼塚
174,252,沢口
243,9,長内
13,50,直井
203,121,平島
45,164,副島
235,87,深見
65,219,安江
206,201,関川
130,199,梶谷
231,93,大賀
125,123,仲宗根
131,77,新
84,137,春田
163,188,新美
79,9,広沢
185,87,山地
53,181,谷岡
12,238,秋吉
229,121,海老沢
63,171,竹井
107,208,萩野
142,89,上地
71,43,安倍
30,122,平木
210,153,竹谷
21,115,湯沢
111,86,大河内
183,165,鷲見
157,231,東田
94,202,石上
62,42,平岩
6,187,脇坂
196,212,赤間
59,206,瀬戸口
67,87,水越
33,38,塩原
21,100,宮武
135,8,一ノ瀬
221,147,大本
112,78,市橋
21,199,神尾
87,164,崎山
39,49,川尻
194,146,長嶺
24,201,近江
232,101,有本
47,219,二階堂
220,235,宗像
124,145,竹川
107,184,越川
59,112,高石
105,247,星川
117,148,石津
248,221,園部
58,189,照屋
232,214,杉谷
67,117,佐原
120,146,池野
25,45,守田
52,39,成沢
212,121,横溝
95,49,元木
52,43,藤枝
209,184,猿渡
16,186,田坂
190,136,坪内
164,241,小松崎
171,197,赤石
170,77,奥谷
125,38,菊川
179,50,大岡
39,38,長江
221,87,友田
142,185,中園
242,11,吉松
184,59,大堀
144,8,大須賀
20,182,宮尾
135,39,堀尾
38,11,姫野
246,173,井坂
35,65,有川
184,180,曽我部
49,163,小田切
203,23,須崎
76,210,川北
59,146,横内
248,18,片平
152,124,船津
216,65,真下
165,22,米川
243,174,小塚
18,6,蛭田
151,80,赤尾
229,28,鳥羽
152,160,亀谷
94,108,吉成
93,130,日置
29,203,新居
107,48,佐田
196,167,濱田
180,65,多賀
105,190,鳥海
178,157,若月
10,29,梶川
125,226,大門
108,86,有吉
44,238,春山
96,64,磯
138,173,新里
22,49,堀部
73,140,東海林
220,207,綿貫
112,186,沖野
68,126,武石
5,151,橋田
176,140,辻野
0,171,吉良
167,1,辰巳
38,125,巽
81,71,江本
19,231,奥原
140,161,田丸
128,253,高垣
4,243,北口
201,15,井関
3,62,大脇
209,251,中込
211,22,大澤
130,132,磯村
34,110,前沢
79,39,八島
43,158,田井
211,63,犬塚
172,90,八重樫
40,14,柴原
130,215,大里
237,10,舟橋
210,107,原島
177,42,佐山
3,76,今岡
108,217,須山
36,236,一戸
95,44,武山
92,59,片倉
51,29,福嶋
249,9,矢作
140,117,坂根
134,118,岸野
61,42,前山
254,57,池永
79,88,作田
55,163,高宮
129,39,河辺
146,192,中江
222,170,鍋島
113,93,江上
221,61,辻田
244,195,寺山
132,75,古野
120,251,伊原
244,193,金川
163,128,新城
21,71,兼子
24,17,若井
153,123,朝日
191,63,馬渕
22,42,北浦
32,30,戸谷
137,16,野坂
217,205,牟田
68,211,宮嶋
235,240,浅利
207,131,間瀬
219,8,高畠
71,103,芦沢
89,245,城間
41,34,河津
239,1,広野
219,216,高城
198,178,横沢
30,36,末次
240,25,景山
103,72,笹田
233,229,永吉
12,8,田山
68,85,梅野
18,52,黒須
144,179,末松
178,199,曾根
72,184,笹岡
147,5,永岡
216,154,小松原
160,78,小田原
208,101,設楽
229,10,藤倉
22,70,泉谷
233,165,下平
34,180,湯田
253,74,木山
21,158,船山
100,174,細見
156,226,国本
249,223,江尻
78,41,藤間
102,122,中崎
125,168,岩倉
173,93,錦織
147,211,中条
248,3,永尾
116,154,熊崎
33,39,隅田
36,27,石毛
42,155,戸村
153,10,石神
8,152,鳥山
246,126,増淵
120,5,白田
192,196,角野
74,111,草間
111,21,真壁
109,254,箕輪
168,43,白岩
239,94,速水
21,82,鷲尾
103,18,赤嶺
10,60,柳本
166,197,日比
85,60,西出
178,15,久松
249,96,北林
188,145,村野
41,182,新倉
171,24,糸井
164,184,品田
109,122,山際
182,4,深津
148,59,白浜
202,222,高桑
36,145,若狭
56,243,仁科
103,37,本庄
229,220,稲川
90,116,嶋崎
113,5,尾田
33,85,峯
199,249,里見
214,103,木元
127,235,飯尾
54,78,大道
210,149,上坂
140,56,阿南
214,165,福村
243,118,矢内
85,44,宮永
100,72,杉江
163,72,東条
39,213,赤池
33,141,一色
123,203,江島
24,85,小木曽
37,58,沢野
96,131,能登
158,109,野々村
38,206,早野
219,60,一瀬
250,155,大浜
137,118,水沢
61,89,大月
30,148,中元
239,15,正田
107,29,桝田
68,253,仙波
76,23,宮部
67,200,宮岡
121,11,立野
32,37,戸沢
9,30,谷沢
66,49,山県
72,32,堀之内
151,232,香月
180,0,宮前
150,37,菅田
243,25,井野
224,254,羽賀
185,195,中瀬
174,149,古家
228,20,岩上
197,245,河島
50,172,上川
226,8,国吉
22,29,鳥井
117,66,勝野
66,85,伊賀
180,115,嶋
22,89,水戸
60,68,迫
247,179,間宮
209,109,古瀬
137,133,赤川
136,149,木場
84,49,岸川
239,111,阪田
71,149,浦上
32,88,桐生
13,116,野瀬
239,224,柳谷
233,70,中橋
13,178,斎木
188,164,田部
244,229,逸見
52,41,中垣
250,23,松倉
165,101,山室
182,184,白土
125,213,門馬
103,74,諸岡
196,34,山木
76,189,安保
226,42,小柴
213,254,溝上
170,205,勝部
9,184,永沢
254,184,檜山
181,77,柘
99,123,岩尾
81,65,立山
207,70,新妻
227,0,北尾
222,63,小野塚
105,77,別所
198,105,榎
132,250,戸川
221,124,津島
70,237,田野
2,244,石森
131,30,石谷
249,202,栗栖
109,208,丹治
229,91,竹野
243,20,楠田
115,82,内川
48,35,山添
109,128,金光
40,251,大串
218,75,三角
197,119,永谷
251,140,深山
65,55,笹井
23,9,碓井
15,64,猪野
182,86,笹木
170,69,笠松
133,97,島野
195,165,柏崎
213,53,椎葉
187,33,池原
121,226,中澤
204,14,津川
33,181,桜木
70,171,二見
79,11,桑山
238,215,山名
110,247,木暮
13,190,山之内
30,53,四方
113,115,小黒
213,86,岡安
225,203,宮井
44,78,柏
171,250,大垣
60,23,君島
119,151,羽生
87,201,奥井
242,230,深瀬
191,145,杉岡
206,233,柚木
68,142,伊丹
70,186,青田
163,156,遊佐
130,167,猪瀬
231,156,梅崎
99,112,広井
42,91,引地
69,2,真島
129,250,杉森
128,135,小牧
76,234,八代
77,189,向
183,83,高浜
50,225,菱沼
141,146,廣瀬
228,176,北本
163,91,折原
60,217,二木
233,80,亀岡
184,42,津久井
231,111,川久保
71,83,浜村
80,39,室田
4,178,浜島
249,146,肥後
113,22,中畑
98,167,峰
220,137,谷崎
225,70,山辺
255,175,神林
231,54,西嶋
152,163,橋場
0,223,清川
1,213,樋渡
4,45,石島
124,103,藤平
81,242,梶本
216,39,兵藤
219,35,小河
248,15,藤永
69,76,桑名
53,95,手嶋
23,185,野津
211,216,根津
33,82,船田
246,20,諸橋
224,105,安里
148,116,浅岡
174,161,伊波
181,140,能勢
224,80,東谷
81,96,穂積
163,10,津野
134,137,板東
160,135,青井
138,227,藤代
229,235,宇都
82,75,中津
58,238,嵯峨
151,84,木崎
138,23,所
22,83,小早川
249,3,新野
121,35,浦山
40,111,朝比奈
161,126,松藤
82,36,岡元
128,96,土方
200,141,森沢
79,176,吉住
242,249,大町
139,8,原野
130,146,中上
163,225,田宮
211,135,春名
30,95,泉田
134,31,喜田
69,159,佐瀬
241,235,池沢
205,115,真木
205,71,李
207,91,東郷
189,135,大黒
236,67,今津
57,181,平出
234,41,中屋
195,179,堀本
122,245,嶋村
33,98,寺門
206,111,寺嶋
252,245,中居
79,76,武市
103,144,吉富
131,45,櫻井
251,24,和気
92,211,高
137,3,竹森
253,172,森内
229,103,門間
194,153,坂巻
254,81,仲川
85,76,綾部
154,217,奥平
210,197,杉
201,139,駒田
144,9,増本
10,244,田頭
57,238,宮口
4,49,高良
220,70,仁木
127,97,沖本
40,244,木野
179,200,粟野
229,120,加地
102,89,森元
118,142,日吉
112,139,倉島
34,132,道下
6,199,井内
71,131,栄
222,184,関戸
56,182,助川
107,212,西内
73,148,露木
150,239,古本
127,25,小野沢
102,1,木幡
120,77,荒田
58,173,陶山
245,224,折田
211,45,奥本
74,52,守谷
188,126,兼田
51,27,大隅
186,216,谷野
122,215,常盤
66,142,白沢
16,39,菱田
21,73,浜岡
180,32,田仲
232,225,香取
38,88,武本
129,108,谷中
66,52,茅野
206,191,牛田
192,234,佐々
134,27,北井
222,253,瓜生
232,74,羽田野
152,231,山越
16,145,福間
250,194,岩川
74,104,櫛田
126,115,久我
218,86,松平
136,98,赤星
100,71,坂内
77,253,鵜沢
114,235,千原
14,204,安野
156,102,布川
67,32,荒巻
144,165,前
5,60,大窪
17,140,笹山
2,215,中辻
198,34,信田
132,212,米本
20,25,金崎
190,46,飯山
180,34,佐古
25,183,新海
125,17,館野
56,136,内堀
201,218,川岸
221,179,稲見
116,244,牛山
117,50,桐原
250,204,福崎
35,212,綿引
33,191,漆原
246,240,渕上
7,221,伊佐
74,251,城田
199,74,大東
44,35,花房
160,131,入沢
26,213,岡沢
166,9,永原
239,251,熊木
101,141,向田
169,138,川俣
204,72,鈴村
16,102,松丸
72,72,白崎
162,209,井藤
40,255,豊岡
85,248,阪上
48,241,大藤
178,25,徳丸
206,85,田沼
190,251,柳生
171,39,西条
43,153,大畠
235,132,田岡
235,65,三野
148,109,涌井
103,93,三田村
175,114,丸谷
204,151,武村
120,143,溝渕
227,29,千野
231,43,蜂谷
68,111,米原
141,81,臼田
237,224,川中
57,186,寺川
143,200,大家
122,80,川下
164,195,古木
3,10,松宮
140,75,安村
199,42,正岡
119,43,野元
186,48,三国
20,226,武智
226,105,宮腰
44,34,新開
241,252,新家
255,27,河端
223,27,吉元
215,227,彦坂
166,0,宮
205,98,市野
36,238,曾我
112,206,坂倉
237,201,田部井
195,241,大出
247,141,市田
254,113,浜谷
110,224,桧垣
237,141,大池
116,182,押田
62,8,宮越
128,18,板井
251,11,丹下
156,44,脇本
129,110,遠田
36,82,越田
32,120,淵上
243,75,坂部
73,176,中間
186,36,魚住
212,123,江村
38,137,今枝
105,225,肥田
38,108,山森
59,174,小滝
237,4,仁平
129,247,小田桐
180,165,森重
109,198,盛田
138,135,水落
46,249,仲井
32,21,宇佐見
220,30,田内
165,86,最上
254,246,中出
3,24,宮木
107,229,福富
55,116,白坂
225,238,甲田
209,106,三戸
91,253,川元
206,40,牛尾
25,17,白水
176,91,表
86,179,四宮
209,239,又吉
247,188,新宅
25,228,木口
32,25,南野
54,107,小貫
102,209,加来
244,196,豊永
242,70,寺村
216,216,安武
100,115,右田
51,234,新屋
142,166,荒
184,68,深野
55,69,谷藤
202,147,吉山
91,86,杉沢
130,76,冨岡
115,207,春木
47,111,権藤
92,108,蝦名
211,42,小岩
113,79,藤尾
152,164,宇井
100,150,柏倉
78,201,小路
85,208,荒牧
6,49,池
20,4,三森
78,123,長倉
171,117,中内
27,97,寺下
221,145,上谷
112,222,戸高
199,67,柿原
251,57,高安
85,160,南川
102,147,権田
198,197,秋月
88,234,古林
17,119,豊川
226,177,古井
212,146,住友
108,151,植竹
208,45,山尾
208,98,仲谷
134,42,小笹
135,41,中浜
147,155,古畑
89,171,武部
217,179,野地
54,209,永江
223,40,古閑
21,97,池辺
137,70,芳野
129,90,稲本
73,134,笠間
122,169,新原
206,77,深町
177,169,三嶋
157,124,広島
58,29,茨木
103,161,畑野
187,118,本木
155,103,一柳
157,33,住谷
15,84,畑田
97,108,桑島
177,0,石松
95,137,金岡
179,188,平沼
146,107,大口
177,220,仲本
168,239,白戸
49,207,新堀
250,133,藤林
15,188,蓮見
129,225,辰己
147,41,勝俣
145,166,宇津木
156,78,相場
50,180,花村
169,245,木藤
168,10,丸
11,63,弓削
14,173,浅倉
239,255,小谷野
242,165,松枝
146,82,槙
112,144,小野瀬
43,87,両角
59,107,尾山
137,82,沼沢
198,55,折笠
75,229,加島
45,202,新名
16,28,草場
139,7,久世
79,177,箱崎
117,244,衣川
82,73,熊井
91,231,仲山
7,95,東川
94,18,阪井
80,216,香西
94,156,館
121,25,越野
245,161,深尾
33,139,蔵本
17,221,柳下
192,132,辺見
19,62,種田
133,229,清
185,89,笹野
163,136,十河
130,105,外川
179,176,冨山
236,114,今中
242,227,片田
247,45,渡瀬
100,126,藤城
22,28,生方
168,224,蔭山
142,231,上松
86,222,島谷
123,11,峯岸
1,6,外崎
9,41,兼松
41,134,土本
148,88,清藤
0,100,谷津
175,174,武川
27,63,白倉
225,58,樫村
69,156,宮西
245,47,盛
185,39,福森
145,40,光田
124,219,芝崎
145,132,浜川
65,11,浅尾
24,80,稗田
68,153,佐賀
76,33,大角
174,9,新宮
191,164,熊坂
201,5,国枝
70,247,稲岡
57,125,梶野
64,59,吉留
117,0,江沢
46,86,勝見
202,89,可児
194,104,室谷
163,88,丹
124,210,馬渡
209,173,北出
255,135,寺坂
39,144,蛯名
61,95,小南
142,1,峰岸
233,181,花木
86,97,大
193,33,真崎
190,36,森村
196,102,具志堅
186,100,向後
203,82,荻田
246,137,尾野
14,143,岩木
4,121,三崎
173,85,廣田
30,117,倉沢
40,218,日浦
73,37,尾藤
204,6,尾島
230,19,斎田
59,14,祖父江
213,112,三品
168,163,郡
200,184,徳重
124,65,瀬野
216,107,瀬谷
113,3,岸上
121,134,松江
28,210,赤崎
26,54,谷脇
128,189,池端
219,89,浮田
169,31,野川
127,102,丸井
129,227,横手
241,105,浅香
148,106,小形
173,48,安孫子
116,75,谷田部
233,91,長塚
237,114,福谷
149,233,岩原
3,21,小針
118,157,轟
149,10,浅原
110,116,弘中
238,5,軽部
209,231,穴井
153,244,上本
76,48,生井
242,191,仲間
63,131,金澤
27,39,舘
98,6,寒川
61,227,本城
143,67,成川
189,153,押川
169,250,磯谷
139,75,会沢
68,148,南谷
199,167,種村
39,42,大北
151,162,香山
96,127,山沢
153,184,瀬田
175,87,宇山
2,162,清宮
125,71,椎野
58,62,水村
123,22,小畠
102,65,蒔田
209,123,木津
90,42,松嶋
15,201,丸本
234,31,油井
45,52,増永
221,180,関田
221,100,原山
234,102,根来
87,72,永見
96,183,藤吉
235,135,北谷
251,138,荘司
93,150,薬師寺
229,94,細江
187,207,井元
137,191,河瀬
144,118,瀬口
168,147,竹尾
130,225,東原
10,18,武居
86,110,中武
238,153,鶴
13,148,土山
139,215,笹森
154,11,掛川
225,13,渡
13,237,八木沢
13,159,北見
187,130,曽田
145,245,衣笠
149,160,堀野
0,172,井下
21,1,堀切
77,241,山家
45,246,竹崎
217,123,楢崎
204,149,西畑
79,72,西塚
92,158,酒巻
239,237,尾花
134,155,島貫
155,125,平瀬
203,68,仲西
106,146,横江
236,54,久保山
53,243,浦崎
130,193,花沢
249,251,古村
234,234,徳本
7,204,木全
238,250,井筒
248,22,深堀
39,60,箕浦
24,81,葉山
74,71,玉村
109,88,綱島
52,223,中條
7,172,田浦
15,232,吉江
180,209,坂入
229,80,柴野
47,94,逢坂
200,32,渋沢
15,32,近田
179,106,倉内
208,27,福西
205,185,笹島
59,119,雑賀
59,83,藤堂
152,247,野見山
10,127,藤元
96,202,矢萩
29,54,金村
238,158,古城
126,229,陣内
208,167,鬼沢
234,138,沢木
41,196,南出
20,85,山北
19,45,只野
41,172,鴨志田
214,209,剣持
27,244,広木
57,87,市岡
205,184,北條
188,38,須川
117,251,名越
33,28,串田
6,48,岩松
129,64,羽山
121,247,西坂
190,236,奥川
132,21,下条
236,235,舟木
245,65,稲毛
6,255,鶴巻
56,235,古庄
113,35,諸星
32,169,西中
171,35,鷹野
125,6,白神
68,108,成島
48,3,出井
79,43,近野
68,221,横地
208,137,倉林
30,57,恒川
244,226,久保木
78,180,俵
230,192,武
196,208,上間
181,89,畠
94,66,辻川
182,67,名和
65,53,高見沢
218,36,管野
196,255,今関
73,184,播磨
82,137,番場
69,15,赤津
44,110,北崎
39,20,熱田
81,35,穴沢
112,106,小磯
189,16,竹岡
255,198,藤沼
168,14,田尾
189,4,猪又
245,92,水沼
90,123,野々山
43,98,宗
199,116,神村
58,178,生野
104,170,各務
141,88,船戸
237,186,猪原
126,178,松森
232,79,中矢
130,189,小河原
190,79,田子
202,197,岡井
106,141,糟谷
2,192,長橋
104,5,古藤
27,40,渡会
108,147,石飛
251,135,猿田
137,21,比留間
109,131,柄沢
200,195,越後
82,109,光永
136,43,谷井
33,195,伴野
11,137,仲里
108,136,関山
72,117,室
131,174,庄野
51,112,成松
148,75,城野
107,4,浜辺
69,179,豊福
253,1,里
169,227,家田
151,14,久富
1,103,中越
14,121,八木橋
79,195,土門
54,71,大塩
12,46,黒坂
40,199,佐治
24,132,大室
205,27,横谷
138,0,若尾
210,30,田平
137,209,長原
107,76,川勝
191,246,東出
171,233,伊井
135,46,高岸
206,55,前村
246,9,岩根
6,54,小向
28,151,藤波
75,31,繁田
87,85,由井
83,22,朝田
180,155,興梠
179,244,飯泉
4,64,菅沢
158,5,加古
41,19,戸崎
56,140,桃井
58,72,北嶋
98,78,新見
188,219,長峰
140,162,八尋
84,174,大戸
241,78,占部
63,57,茶谷
141,38,薮内
57,154,戸部
230,207,福家
138,220,縄田
156,63,宍倉
192,199,丸橋
221,60,小園
19,149,樋田
156,32,一木
22,48,奥津
100,41,尾方
7,140,徳留
201,141,滝野
165,167,富井
43,207,城山
197,111,戸井田
230,69,浜地
166,52,山梨
219,116,有沢
230,211,三宮
251,225,友野
236,149,与那嶺
243,159,池尻
17,30,鳥飼
244,210,不破
5,246,野木
253,71,日暮
63,36,笹谷
111,142,稲吉
132,2,百田
242,1,溝田
137,193,矢代
149,81,蓮沼
105,168,新沼
32,106,西元
217,33,中丸
112,166,梶浦
14,15,君塚
191,141,勝
187,158,蒲生
187,220,宮園
62,13,西郷
255,172,下里
183,57,泊
25,187,木曽
3,14,吉澤
254,123,橋村
135,56,瀬下
60,137,仙田
142,203,橋野
145,52,寒河江
54,168,御手洗
42,173,西方
251,53,黒柳
44,177,白山
201,61,細木
162,132,山科
33,173,大中
33,174,嶋津
238,107,東條
61,100,仮屋
177,248,中馬
90,206,柿木
101,60,松波
146,100,天田
230,41,出水
6,125,森藤
15,3,海老名
182,70,沖山
50,148,舟山
4,128,世古
195,212,土佐
103,47,南波
2,101,粟田
141,157,永沼
129,179,郷
220,142,西條
20,202,氏原
30,16,木川
160,43,矢嶋
229,43,原沢
246,132,外間
229,2,丸野
152,101,関沢
106,215,長南
135,197,古内
99,24,本宮
103,193,立松
121,51,打越
151,92,大神
164,59,月岡
244,208,利根川
150,148,脇山
247,210,夏井
142,0,元田
242,197,幸
182,240,増沢
117,116,築山
3,213,榎田
236,133,宝田
66,75,高藤
25,93,赤田
206,173,蒲原
11,19,門倉
74,39,市来
42,178,国広
236,36,吉谷
235,190,伊奈
33,148,井谷
61,75,稲井
18,56,久永
6,173,一宮
30,64,西部
161,201,高根
22,192,森木
235,200,柳橋
242,85,佐橋
232,152,野辺
20,155,植原
59,252,岩波
214,150,江森
44,3,籾山
3,231,新島
83,150,堀池
65,148,網野
249,215,葛原
191,129,山
151,156,岩月
133,135,中神
158,153,米津
217,1,鍛治
80,245,旭
222,240,佐渡
124,31,春原
251,64,金内
169,106,星山
4,23,築地
81,42,武富
118,63,上妻
69,21,美馬
219,223,宇賀神
90,63,今福
28,1,細貝
115,246,小石
211,195,薗田
227,17,瀬古
58,4,郡山
49,113,田谷
17,198,光岡
144,94,池崎
79,75,宮平
7,17,豊嶋
227,120,立木
161,167,川戸
147,46,長澤
18,30,世良
123,38,安楽
219,206,青沼
237,197,花本
94,49,沢崎
168,21,藤澤
47,98,南里
235,172,萩尾
236,49,与那覇
237,122,友利
109,110,牧原
120,226,伊吹
187,213,戸島
124,214,池口
134,71,白根
197,230,猪口
158,212,畔柳
221,240,府川
70,201,鴫原
63,200,芥川
107,143,瀬崎
53,236,小板橋
26,145,花島
72,24,辻岡
77,134,若生
192,48,八尾
50,56,財津
222,109,水間
87,143,生田目
65,251,斉木
221,146,本吉
245,87,当山
41,160,伊地知
51,143,阿比留
136,247,横瀬
12,2,崎田
183,193,庄田
250,31,大隈
225,135,竹花
96,185,源
141,105,笹尾
93,30,秋野
191,226,滑川
65,67,新井田
103,182,西林
201,201,梅谷
227,51,野末
112,68,千賀
141,17,相澤
189,185,当間
214,81,早崎
210,82,山野井
166,147,花輪
214,3,竹口
233,93,元山
75,145,神宮
153,160,沼倉
101,245,富川
203,176,円谷
120,221,五十川
56,250,高下
63,238,上井
236,126,富塚
128,58,茂呂
8,47,稲富
203,164,川津
123,230,淡路
244,117,砂原
134,203,檜垣
221,59,鏑木
112,204,宮澤
60,4,平子
106,4,末田
96,112,戸松
112,81,若宮
217,111,大渕
176,176,大園
45,0,山藤
182,144,棚田
193,69,秦野
120,184,磯辺
115,23,加川
144,167,宮路
221,119,池村
18,160,蛯原
26,160,兼平
28,136,山部
54,22,沢本
125,52,森上
217,139,尾川
41,120,宮森
4,183,倉地
235,144,福重
153,46,喜納
121,97,重村
222,85,鶴谷
47,217,干場
185,73,駒形
106,132,糸川
192,166,小中
45,67,登坂
91,15,鴇田
30,18,棟方
41,111,吾妻
72,181,今城
123,192,水木
245,20,矢倉
163,236,有坂
163,70,大淵
50,235,水津
63,158,津山
64,71,岩山
76,55,谷島
215,205,中鉢
179,74,草薙
146,225,種市
131,119,梅林
184,166,島岡
117,98,稲生
22,205,柿沢
4,148,奈須
121,207,代田
101,134,横倉
127,123,久原
189,132,笹倉
210,170,川満
146,177,楠木
142,127,鏡
253,246,杉尾
46,117,大蔵
206,96,沼尻
149,32,馬越
26,11,上平
101,5,浜名
226,241,本川
60,207,浅海
149,216,嶋本
15,196,香田
207,11,荒尾
182,47,石見
236,171,芝原
144,137,入山
77,129,中筋
132,148,梅山
63,126,楢原
134,146,南沢
241,67,荒瀬
242,117,若菜
252,251,常田
227,239,村崎
126,50,村沢
135,177,板野
238,36,潮田
107,130,広畑
218,51,古館
99,41,西海
194,58,赤瀬
75,168,新木
79,203,高間
23,28,川手
20,215,徳原
59,10,春日井
90,234,川浪
248,0,二川
140,250,神藤
184,129,仙石
147,31,貝塚
227,185,一条
62,83,栗城
206,47,蟹江
3,45,菊谷
101,1,上條
110,140,本沢
147,20,梅川
96,137,勝木
169,219,湯原
143,108,杉下
210,152,水嶋
94,104,安宅
234,44,紙谷
87,200,南条
229,6,出村
118,69,宮元
154,157,広中
119,65,今里
222,181,笹
94,253,橘田
65,121,公文
144,31,薮田
91,57,黒石
224,191,大金
137,175,水原
75,235,沢辺
86,89,高屋
207,206,重野
226,76,入口
183,14,黒沼
132,232,秋谷
194,147,蓑田
123,5,横堀
8,200,道上
198,174,滝井
52,71,小野里
97,122,高取
72,2,植草
109,243,鍋田
21,2,外村
67,39,諌山
166,203,増川
152,83,村島
126,7,高口
197,18,近
201,210,中家
11,3,亀川
24,174,古里
6,110,込山
166,250,出原
98,57,三石
51,26,横関
24,183,秋庭
152,13,杉井
34,189,増野
91,208,打田
53,12,稲森
179,144,山道
175,238,増岡
238,6,猪飼
147,165,小浦
3,202,糸賀
155,68,磯山
158,74,伊田
7,181,橋元
55,189,立原
85,176,笹沼
2,64,守山
156,101,上中
133,16,谷垣
32,94,萩谷
147,79,若原
146,144,西平
179,87,下原
224,56,川部
14,195,林正
245,190,美濃
75,121,横塚
101,180,室伏
200,155,神代
96,49,上月
169,84,末岡
211,21,楠原
82,145,津崎
51,74,渋川
33,13,酒匂
91,12,江戸
232,244,下岡
17,122,座間
133,217,石堂
200,213,岡嶋
119,137,植山
185,166,霜田
167,99,吉浦
143,110,国松
48,96,小国
199,244,木部
245,191,前畑
165,28,渋田
235,112,市瀬
226,173,堅田
186,51,赤沼
222,169,柏谷
106,103,満田
3,144,鴨川
165,180,石戸
181,127,立田
206,37,間
191,71,直江
13,137,六車
19,200,西澤
95,101,鹿内
93,193,角井
45,133,永石
169,205,川路
146,160,油谷
145,225,安間
239,122,玉野
12,14,小阪
23,40,魚谷
53,110,新津
57,195,片寄
47,255,久下
46,34,弘田
219,201,赤城
243,67,藤中
119,248,張
186,237,唐木
124,137,三代
72,11,小見山
82,143,高部
92,42,重本
196,120,樽井
241,24,湯山
172,174,新庄
248,119,宮谷
236,28,倉岡
176,184,中口
132,195,新納
146,190,樫本
209,158,館山
90,150,細矢
229,128,戸倉
37,172,安富
118,199,下島
80,113,水元
66,23,堀場
204,200,間野
218,200,喜多村
252,106,国武
125,199,蔵田
203,206,有山
120,70,岩堀
46,131,昆
201,173,柿田
210,215,美
197,218,弓場
197,3,上園
51,154,新岡
217,5,五月
205,28,与儀
120,207,八鍬
21,250,神沢
134,230,十川
59,235,舛田
25,123,堂本
178,86,粟津
248,104,窪
58,164,周藤
2,46,蓬田
130,135,井ノ口
3,150,樺沢
155,151,五藤
251,163,生島
235,213,津曲
150,251,永嶋
201,165,久慈
92,136,柴垣
242,173,牧山
181,103,久住
230,115,高平
251,19,三吉
241,196,船本
217,218,吉池
52,8,隈元
217,228,藪内
104,231,白幡
59,44,海藤
254,154,桂川
13,145,知久
214,124,木沢
68,155,小城
126,198,大八木
44,176,広谷
53,87,森安
22,156,張替
166,89,飯岡
148,110,金成
112,110,山賀
37,106,桶谷
114,64,水井
215,232,草刈
167,226,大瀬
85,232,毛塚
75,148,花谷
45,115,森園
135,208,北爪
126,129,上
139,239,門
204,143,高階
124,46,梨本
91,77,四元
31,52,江端
36,233,江幡
9,156,安島
156,214,加治
143,105,苅谷
78,235,田窪
134,35,菅生
134,70,八谷
54,109,臼杵
35,75,鮎川
246,235,三塚
161,60,室岡
147,255,神長
67,49,小枝
249,18,森原
76,245,関原
136,24,沼尾
94,242,浅賀
172,180,水川
104,199,沢山
5,92,先崎
92,10,藤丸
215,27,池下
184,15,寺口
113,206,岩岡
11,176,浦本
157,162,大地
135,52,足達
163,140,黒野
181,219,池島
216,206,深水
85,129,久本
48,176,由良
241,197,芦川
222,168,浦島
232,87,奥沢
184,157,国田
148,157,島川
74,128,楠瀬
253,34,樫原
13,169,山原
112,155,阿保
240,23,郷原
6,197,永友
140,42,上出
243,173,山里
129,9,藤浪
221,149,藤生
140,219,浦部
36,231,羽根
174,156,横野
21,211,針谷
180,77,大住
102,207,長村
189,72,吉森
255,174,上嶋
69,200,城所
213,241,下谷
178,112,西堀
196,8,嘉数
52,162,上遠野
50,32,仲沢
159,49,浜松
94,9,綿谷
86,128,京谷
103,139,儀間
232,204,菅家
98,179,千代
225,195,池山
29,118,長縄
134,181,和久井
115,132,中司
8,167,有働
254,54,本谷
21,240,喜屋武
102,81,下沢
213,174,古澤
78,221,栗木
135,114,江畑
181,191,峠
179,213,薦田
187,203,横島
135,241,吉尾
17,152,宮林
99,168,荒金
170,12,出田
148,249,入谷
39,174,寺地
31,17,塩入
182,10,黒澤
222,134,明神
73,42,丸茂
76,252,折戸
63,67,東本
13,247,橘高
163,133,瀬戸山
191,134,横須賀
210,47,松隈
153,109,陳
40,76,丹波
19,80,増尾
245,119,高須賀
29,103,斉田
222,8,池戸
21,88,東口
94,134,市場
5,186,芝野
67,85,松居
62,98,西上
206,62,大類
55,198,池川
0,136,安食
40,81,万代
15,96,安河内
141,82,小野崎
88,212,国友
109,115,三本
222,216,椎木
162,73,鴨下
105,0,門井
15,218,有井
207,5,戸井
112,179,小尾
28,243,小峯
224,99,島根
184,221,本島
111,45,倉谷
67,84,井崎
224,146,溝部
105,131,高月
89,40,多胡
147,151,今林
119,36,上甲
2,41,深澤
246,166,花城
189,70,川鍋
183,75,天羽
49,203,蜂須賀
56,8,神津
31,82,大薮
16,58,滝上
110,118,尾高
54,75,纐纈
182,213,刈谷
203,130,大柳
105,20,滝下
82,220,飯沢
205,29,桝井
38,221,川澄
192,239,中務
99,160,熊川
204,57,三尾
228,4,森光
46,168,箭内
89,112,光山
106,230,大松
48,252,塚崎
250,61,嘉藤
65,186,高江洲
199,29,重岡
129,85,江見
16,47,小清水
195,60,武政
203,229,間中
70,23,田巻
226,180,有泉
173,12,福川
18,110,本岡
186,31,桝谷
250,119,鵜川
240,209,沢谷
163,47,峯村
220,54,豊原
142,211,徳岡
184,154,都筑
220,50,森正
63,1,迎
219,65,安
158,158,島内
64,54,外園
126,216,諸田
129,138,河原崎
13,45,堂園
54,243,近沢
254,73,出雲
157,23,畔上
110,149,小塩
223,21,寺谷
13,216,勝村
183,206,城下
146,179,進
188,138,西宮
203,3,石部
157,194,竹元
139,40,勝本
151,134,日笠
11,114,桑村
199,32,大嶽
135,99,都丸
142,53,園山
126,187,槙野
131,214,大嶺
144,232,大辻
42,225,戸嶋
69,116,坂崎
145,80,上垣
183,169,桃原
111,98,内間
108,245,尾沢
111,110,野添
46,21,門野
237,177,関屋
10,161,塚野
215,92,永富
24,139,土江
168,211,柏田
255,33,若木
190,145,甘利
98,164,漆畑
177,25,森屋
221,150,吹田
250,126,山井
62,165,榛葉
208,174,大日方
200,86,冨沢
35,104,穴田
236,251,石河
34,186,間島
227,86,笠
53,174,押切
124,227,古河
174,126,檀上
3,13,刀根
245,168,飯干
172,29,友永
211,245,三富
174,62,市毛
104,243,篠
239,245,大重
249,7,屋代
152,51,桐谷
44,114,建部
187,142,古舘
107,59,村下
84,79,大河
178,137,米澤
236,127,名古屋
122,181,上木
220,123,黛
187,223,藪田
137,86,稲木
8,211,藤瀬
44,113,二神
46,154,大川原
150,19,永森
193,94,池ケ谷
76,49,鍋谷
127,179,薄田
88,178,椛島
200,251,鐘ケ江
24,225,東村
94,243,志摩
8,210,松久
204,64,上野山
120,28,重信
1,77,羽柴
146,185,照沼
186,42,津留
246,58,印南
20,93,広江
250,143,大羽
251,157,反町
86,25,花崎
106,47,浜砂
27,159,冨樫
24,180,久家
246,30,国沢
5,118,三山
153,54,勝亦
44,80,東島
83,39,大曾根
206,236,下元
109,186,安斉
253,217,金尾
29,109,深江
17,59,碇
92,242,田邊
210,188,尾本
35,100,浅山
243,176,平谷
51,124,桝本
116,251,知花
87,105,長門
241,170,羽根田
71,164,寺前
101,127,藤塚
101,104,納谷
47,12,三重野
0,250,小見
175,240,馬淵
15,147,林原
35,227,石関
93,160,上里
32,206,金木
231,80,吉水
147,83,海老根
213,245,井尻
248,100,呉屋
80,142,森戸
186,196,翁長
82,181,貝原
75,154,堂前
8,100,堀米
205,118,愛甲
42,207,稲場
102,133,阪野
99,153,宮入
239,140,花野
155,30,棚原
219,192,駒沢
116,71,西牧
45,37,百武
11,102,北畠
208,248,遠矢
123,35,森尾
79,205,島倉
230,195,朴
29,239,力石
29,163,西園
235,115,黒島
34,151,押野
195,154,三河
90,79,宗形
175,53,栃木
17,187,小淵
239,203,川地
108,4,嘉村
9,117,川原田
85,97,昆野
110,251,大成
70,53,箱田
207,72,蛭川
188,241,玉山
25,3,勝間田
248,82,松戸
179,43,真部
68,2,笠島
173,142,久保寺
113,10,紺谷
14,126,信太
156,103,江連
199,227,小瀬
120,165,若槻
168,6,紅林
110,86,新崎
160,146,澤
198,222,今橋
113,244,加賀美
148,96,安彦
88,245,国府田
204,133,谷上
84,246,金坂
23,164,桧山
105,135,今本
40,236,桜沢
135,89,酒向
127,137,壱岐
73,54,糸山
119,34,中前
8,90,中倉
191,171,庭野
42,202,羽場
228,163,戸張
230,175,西藤
105,94,海津
203,254,川人
104,43,泉川
62,191,幡野
115,218,里村
10,130,簗瀬
181,232,糸数
24,31,貴志
107,73,神吉
108,193,小方
34,12,真柄
236,160,安福
57,140,中城
188,186,天谷
50,164,田久保
150,196,峯田
129,224,由利
129,92,中台
222,145,郷田
107,85,駒場
73,141,秀島
222,110,真弓
84,249,末武
223,60,葛城
59,242,壁谷
141,36,角川
42,62,初田
73,76,針生
224,8,真砂
9,209,小長谷
160,192,高地
47,23,江良
247,199,松澤
243,142,元村
146,157,柳澤
190,202,山平
241,120,蓮井
224,19,南山
79,153,帆足
84,57,鎌形
211,28,篠木
230,146,神部
253,37,野宮
22,220,花柳
204,12,貝沼
37,252,黒滝
149,235,天川
149,20,田之上
233,131,藤内
153,136,池畑
194,39,玉利
247,198,貫井
249,150,諏訪部
234,178,土川
72,216,浜井
78,121,猪熊
91,56,丹沢
120,62,小田部
207,217,後田
235,32,安沢
249,165,円山
220,219,三川
59,167,沖村
184,109,京極
61,229,執行
130,114,田本
160,55,小木
55,158,神永
16,131,五嶋
158,205,西城
175,93,土師
74,66,宇治
140,198,降旗
43,189,市丸
154,177,大見
26,211,安芸
53,161,染矢
59,108,光本
243,217,米満
230,114,片柳
152,35,鈴江
53,37,東浦
206,199,大武
81,14,沓沢
65,42,根木
178,206,中路
127,119,宮浦
251,8,寺脇
113,8,川谷
60,150,岡原
73,10,柘植
214,62,南條
140,205,麻田
179,232,木寺
118,139,徳光
16,153,龍
108,116,村石
254,216,立岩
5,165,戸上
63,221,山戸
158,60,山瀬
215,244,藁谷
90,4,古池
192,35,三苫
81,24,住本
12,174,豊崎
254,186,国島
21,134,尾原
213,180,中下
243,203,西久保
122,6,菰田
79,52,光井
208,233,高比良
105,93,実川
226,25,大草
11,39,永倉
175,208,桂田
133,60,小鹿
164,19,澄川
161,90,菱川
165,91,阿久沢
53,79,宇高
226,32,舘野
223,86,早乙女
79,26,友松
239,38,蓮池
132,79,森中
113,14,井手口
216,207,梶村
52,182,三船
177,41,朝野
106,251,輿石
136,129,清沢
174,57,村林
77,85,徳武
181,15,仲島
210,133,徳井
33,114,重森
28,212,和知
242,66,菊本
222,51,青砥
10,72,井浦
70,138,南口
156,88,中安
249,54,中藤
163,194,三瀬
143,231,倉知
187,238,下坂
207,109,桜本
191,67,平嶋
220,190,宗田
71,240,秋沢
57,212,室屋
104,48,鴨田
122,107,今吉
66,20,上久保
51,110,竹腰
46,6,藤下
62,255,相内
197,34,沼崎
157,72,広部
105,137,古宮
218,226,横浜
53,177,小野木
213,173,長畑
233,13,徳島
110,238,出野
66,64,藪
209,50,酒本
198,2,久木田
202,87,幸野
173,88,坂爪
255,44,竹上
186,116,市山
153,72,相楽
59,50,九鬼
153,191,広本
157,131,日原
126,105,新地
81,250,鳥谷部
105,200,川副
32,129,野澤
107,57,櫛引
222,37,平戸
165,227,中北
112,130,相羽
198,150,是枝
136,16,古関
52,147,狭間
209,214,芦原
249,174,加治屋
156,149,黒河
139,23,陰山
13,229,久島
163,36,岡戸
91,65,溝端
216,214,高市
100,49,井伊
232,102,橋川
188,228,交告
10,208,藤嶋
30,153,樋上
184,174,牧村
73,9,笠木
225,96,出川
223,220,薮下
52,231,八百
97,133,洞口
46,241,笛木
232,115,鶴崎
254,55,坪倉
142,30,江間
185,218,貝瀬
132,233,桑本
200,244,上江洲
186,99,峰松
91,62,澤井
11,231,鵜野
193,233,榎並
135,245,鹿田
231,226,西江
19,242,木嶋
126,236,梁瀬
252,173,稲沢
26,24,奥西
145,44,篠宮
134,167,小日向
207,161,小湊
49,184,上口
155,31,飯高
204,125,北中
196,49,村橋
145,84,大館
172,119,土生
47,251,町野
171,161,酒見
10,110,古郡
175,205,芦野
164,66,王
159,153,岡庭
219,61,駒崎
9,84,戸辺
199,70,釘宮
215,113,奈良岡
165,44,加山
214,156,坂西
177,86,南田
90,87,矢田部
99,45,古江
184,45,諸井
16,26,東城
92,164,安積
110,56,桑畑
34,67,刑部
207,0,得能
204,23,三須
152,121,川渕
90,151,谷地
23,210,芳村
61,34,湯口
242,204,大宅
79,69,金高
145,215,永峰
125,180,新本
108,94,中野渡
135,12,福住
45,73,鯨井
51,64,子安
84,233,倉光
161,12,砂山
71,82,有木
152,190,横森
105,114,屋敷
157,70,泉山
35,174,北垣
149,21,興津
255,97,寺戸
138,212,御園
46,25,貴田
108,127,樋川
242,221,伊礼
3,190,貴島
238,142,三根
154,102,増村
94,99,浜元
216,223,北脇
214,176,仲原
106,148,山端
124,125,吉中
240,39,栗崎
27,152,原子
177,247,中川原
10,181,藁科
5,187,澤村
160,219,渡井
44,86,呉
232,180,吉橋
58,85,伊野
32,130,永塚
178,122,橋
194,95,元吉
223,31,田路
235,212,薗部
145,228,岩坂
20,148,三坂
76,6,白谷
198,89,志岐
90,149,古島
166,11,国安
169,36,杉木
93,5,和久田
83,95,池松
215,32,村元
119,88,額賀
136,173,入野
101,4,阿久根
20,36,崎浜
205,217,川東
71,8,増谷
77,5,多和田
195,251,萩田
0,154,風見
173,165,丸川
42,38,今成
134,115,石浜
76,214,足利
110,120,角南
249,196,図師
162,226,秋場
215,138,田添
158,224,垣本
196,157,射場
196,148,倉重
45,192,久山
10,135,行方
72,129,俣野
132,98,笠谷
80,23,塩月
167,137,伊部
143,61,川平
233,9,納富
128,202,原川
184,224,黒井
158,232,幸地
200,47,古俣
238,24,野畑
211,147,延原
249,103,宮良
69,63,沼野
97,117,新留
221,73,中桐
55,21,小金沢
149,36,当麻
160,129,波多江
70,205,白須
54,4,井岡
62,129,作山
244,5,中津川
169,253,横道
229,191,重富
223,178,村口
219,108,綱川
246,161,宮山
63,137,榎戸
234,246,塩塚
133,143,海田
22,105,須原
98,137,扇谷
183,248,森部
139,104,池部
138,75,馬上
138,174,矢木
128,208,片瀬
148,34,茂野
205,14,西浜
31,49,有岡
47,250,河部
135,11,袖山
19,174,羽石
67,134,橘川
23,152,宮代
223,90,薄
43,228,浜上
191,85,光武
76,229,飯森
176,236,麓
52,129,明田
221,216,新関
136,119,釜谷
227,129,吉竹
31,72,栗野
245,207,飯嶋
102,22,伊集院
27,172,井島
225,17,英
75,120,坂梨
42,150,新沢
6,235,森泉
83,172,木佐貫
130,136,目崎
35,36,羽原
164,88,下西
72,163,井
0,86,吉木
14,219,高萩
229,52,山野辺
197,76,清瀬
214,0,生川
54,152,和久
138,166,芝本
52,164,末光
91,85,藤松
117,230,蒲田
112,217,永坂
25,33,安立
149,92,酒田
111,49,池亀
179,104,日向野
23,178,八坂
167,215,武者
84,123,稲山
176,97,佐倉
249,255,滝谷
118,91,槙原
178,103,友部
8,227,林崎
195,110,榎木
253,80,下
126,10,海老沼
231,33,前橋
184,105,安住
121,103,上森
10,183,福光
64,183,伊庭
202,57,勝呂
120,148,川
170,43,米良
85,118,半谷
228,154,藤戸
55,14,仲地
52,22,前嶋
76,61,星田
109,49,吾郷
219,136,富松
36,71,下園
163,203,洲崎
83,249,小須田
246,67,天満
17,104,野内
255,138,那須野
41,27,谷原
71,218,高川
232,140,松浪
33,64,醍醐
141,247,田熊
254,117,楠元
131,107,塩屋
238,87,岡谷
190,206,岩島
161,89,礒部
112,66,峰村
68,234,藤居
243,158,渡久地
149,226,角屋
233,145,賀川
51,30,江草
154,224,竜田
151,229,金指
166,167,徳久
191,127,岡松
125,2,黒部
78,164,波田野
158,156,亀沢
147,18,乗松
211,196,有元
15,151,梁川
81,178,叶
212,56,釜田
113,26,松前
9,245,網谷
246,70,玉那覇
203,182,仁田
234,2,千代田
167,56,滝山
39,222,椎原
214,123,南方
254,249,武笠
31,112,東江
212,122,中溝
211,138,五木田
64,91,乙部
152,138,大鹿
135,211,守
165,196,重永
179,105,尾畑
90,113,和賀
84,42,境田
246,95,芝山
0,22,常松
34,55,萱野
226,99,行田
231,5,高砂
93,149,国重
124,141,小堺
165,88,小田嶋
10,219,薮
129,26,喜友名
70,142,近森
103,223,丸子
91,108,染川
85,77,坪根
41,38,植本
111,137,穴見
60,109,軍司
106,23,梶井
66,48,時任
89,117,竹永
62,221,浦辺
163,8,小此木
145,171,多賀谷
37,121,嵐
248,181,虻川
203,236,見上
65,143,溝江
108,148,滝島
228,110,有光
175,124,仁藤
131,202,永浜
79,168,山手
101,22,小森谷
228,69,染野
241,23,武蔵
94,81,木庭
59,163,藤橋
24,162,千島
169,189,是永
251,183,沼口
173,121,奥寺
20,239,塩津
203,253,井山
160,112,槙田
248,32,鷲野
148,46,永木
241,74,小橋川
51,189,泉沢
80,24,朝井
63,181,野下
46,104,坪川
27,73,登
52,9,安松
208,77,鶴野
89,205,笹部
16,209,船水
58,229,米井
26,215,伊豆
242,138,七海
24,0,伝田
190,176,布目
3,228,本
24,242,天本
245,206,赤岩
81,138,牛丸
230,174,椛沢
203,243,下出
160,228,境野
130,168,江角
144,92,赤平
70,22,三和
75,192,勝浦
33,215,内
84,179,上沢
78,47,阿曽
166,242,越前
60,167,恒松
172,176,桐野
33,200,鈴川
43,27,苅田
195,151,松瀬
194,195,大藪
79,185,百々
135,148,引田
122,223,入倉
230,122,波多
75,131,富安
241,220,有松
51,108,福
158,21,城本
178,46,重藤
154,106,黒住
116,85,浦谷
193,252,安中
56,213,鬼木
207,138,山畑
201,120,萩本
177,29,浪岡
112,87,海老
16,144,角本
19,123,田場
235,116,門口
151,16,吉満
219,81,江波戸
191,92,沼
119,223,千
163,110,前谷
66,93,谷合
31,206,鷲田
218,241,芹川
105,129,北畑
1,63,萩
55,125,岩脇
172,135,五反田
167,156,内木
205,4,須佐
85,140,升田
112,190,花山
21,30,浦井
217,140,甲斐田
47,177,塩島
173,82,茶木
196,135,中浦
199,147,吉越
82,126,坂尾
119,142,板坂
169,15,牧内
122,23,瀬山
196,99,二本柳
225,91,伊崎
180,227,伊勢田
174,113,光安
76,85,北上
104,186,来栖
32,33,小柳津
193,115,池添
8,235,恒吉
77,237,作本
15,26,倉科
1,80,竹部
47,13,柳楽
104,214,徳野
141,83,天沼
146,45,樽見
246,114,倉
153,28,宇賀
62,179,金杉
117,172,秋永
86,81,鷹取
45,178,辰野
146,205,長根
52,68,岡川
151,254,三神
52,184,青戸
43,13,矢川
46,119,粟飯原
117,184,玉谷
43,127,国見
205,144,指田
103,73,持丸
123,102,白尾
65,204,新出
108,98,穂坂
162,105,斎
72,147,神成
73,61,荻
161,186,糸永
106,130,御厨
44,6,河北
211,189,古矢
94,225,生沼
51,175,鄭
82,66,藤掛
67,35,徳竹
171,54,高根沢
50,91,倉石
42,235,保谷
100,0,堀込
211,103,礒野
209,40,芳川
154,150,晴山
169,98,元井
111,39,亀崎
237,32,越
167,81,沖津
14,13,蒲池
205,179,勅使河原
215,202,名嘉
207,37,外岡
252,211,仲尾
76,16,当真
150,34,来田
147,120,弥永
82,8,蓑島
46,175,波田
56,222,杉林
157,28,下井
135,135,石綿
209,149,扇
229,21,前岡
213,176,坪谷
163,98,北郷
92,181,卜部
56,168,左近
11,86,崎原
112,44,清永
30,231,西河
235,107,草川
240,152,鳥
40,72,園
124,59,樫山
8,148,森実
58,207,川向
92,13,羽野
69,7,十文字
110,44,利光
152,1,茂田
81,218,日隈
192,162,大寺
60,57,赤司
19,241,蒲
22,108,宇佐
150,222,久保井
79,158,松石
41,0,赤穂
32,134,末木
77,89,児山
63,15,苫米地
85,234,二上
58,18,隈部
221,203,柴谷
174,186,蓑輪
15,29,寺林
181,18,屋良
122,135,青谷
53,150,町井
191,18,友成
79,17,荻島
164,45,森松
176,223,星加
99,0,泉水
251,186,松見
105,195,力丸
221,127,勝間
34,24,立岡
74,9,堀岡
74,197,小屋
227,77,坂中
113,215,開
87,159,鮎沢
70,117,金平
222,207,小田川
148,187,安居
35,118,塩山
23,197,久高
23,24,久村
184,41,布田
144,197,葛谷
76,222,細山
155,169,石元
86,229,千明
205,39,柳町
92,176,黒羽
176,204,寺原
94,67,可知
31,133,鍵山
138,168,大元
160,101,大川内
1,243,尾下
202,163,菊井
166,217,茅根
37,139,伊与田
26,238,皆木
178,223,石戸谷
178,22,村谷
34,61,伏木
169,66,児嶋
86,47,上石
67,15,大部
158,170,田近
96,175,田北
198,149,米森
70,107,進士
64,89,樋野
175,150,大国
173,202,朝山
13,76,石尾
108,177,牧島
22,57,犬伏
16,56,坂川
94,14,三澤
237,248,芹田
105,36,小野原
157,241,朝長
31,215,八塚
145,235,松長
235,117,戸口
19,20,山神
243,183,川浦
11,179,徳江
147,135,網代
91,218,奥出
203,171,鍵谷
25,136,大根田
46,139,福浦
38,67,平手
9,83,阿野
6,162,穐山
191,80,垂水
212,219,水流
67,4,濱崎
246,139,西巻
141,224,石郷岡
17,254,池浦
153,219,白藤
113,251,和島
153,247,美濃部
91,16,朝岡
166,173,仲松
65,25,森嶋
216,193,鹿毛
140,148,師岡
126,139,光野
19,110,柿内
47,56,三留
200,125,城島
94,112,木俣
97,147,庭山
171,94,矢原
131,180,輿水
14,53,並河
172,114,二井
58,170,大曲
118,90,車田
82,2,四戸
59,125,古堅
117,249,荒武
170,52,高草木
247,99,中町
117,133,長堀
135,174,牧瀬
125,244,筧
140,3,黒江
42,74,山縣
157,159,名村
123,186,野平
145,160,木立
98,142,網本
181,70,粉川
183,79,大栗
181,52,成岡
215,68,菊島
34,82,県
203,28,鴻巣
66,74,渋井
186,249,藤浦
13,176,柳内
136,6,岩戸
67,140,城内
221,158,丹生
103,162,井之上
219,167,稲福
249,70,海江田
191,74,楠見
32,42,北澤
36,85,有野
251,106,加田
85,181,三ツ木
75,246,白取
254,155,野々垣
64,189,北里
113,51,川出
149,28,江部
20,119,下津
239,83,阿武
255,253,出羽
39,88,政岡
239,74,島原
94,70,成毛
163,147,内倉
128,81,福丸
153,30,宮垣
242,76,功刀
24,251,多々良
32,5,北園
122,249,江坂
38,209,柏村
11,15,久光
95,190,狩俣
135,84,松延
19,129,正村
89,79,津本
211,88,木南
80,3,水内
254,245,大柴
215,111,姉崎
226,136,今堀
225,116,高辻
169,145,浦口
179,219,宇根
95,53,松
59,168,乗田
147,206,見目
184,226,早乙
156,130,大丸
84,37,田名部
58,231,戎
201,216,正井
25,102,清岡
46,136,宮国
64,167,後藤田
184,103,重光
164,224,清本
247,124,門屋
31,200,金津
4,58,西端
163,200,棚瀬
190,167,近松
130,228,山寺
217,252,真子
41,205,西牟田
62,214,増原
68,28,成清
114,28,杉元
130,118,佐保
99,122,駒村
185,81,渡嘉敷
203,59,茅原
177,46,久留
127,92,板津
55,105,阿川
90,152,寺園
48,232,竜
88,109,永川
197,196,高波
124,28,藤坂
178,168,武岡
61,215,一井
149,219,室橋
55,216,竹之下
163,165,番匠
171,228,米岡
218,169,黄
201,151,関塚
123,47,広橋
176,82,笹崎
89,201,圷
127,210,津金
7,195,原崎
102,39,家村
81,61,河原田
196,96,鎌谷
167,182,岩男
55,139,西木
83,207,椿原
203,5,嶋野
229,186,徳増
125,72,本松
220,140,江副
43,69,坂場
125,87,潮
124,77,竹市
31,239,鴨井
10,84,向江
49,123,降矢
64,7,重久
148,242,銭谷
145,53,瀧本
226,135,武末
169,14,平澤
5,132,武沢
116,80,畠田
105,87,敦賀
244,151,霜鳥
191,178,成井
36,9,佐多
155,218,牛込
238,194,高岩
44,214,中坪
190,97,鳥本
1,44,渡口
230,77,南原
43,121,関矢
24,153,細越
219,217,鳥谷
50,178,万谷
52,109,久岡
101,42,三隅
197,9,七尾
102,231,梅垣
175,1,福江
54,177,伊能
13,203,小串
82,108,浅間
134,239,万
120,119,勇
148,148,杉内
245,4,枝
12,111,黒宮
19,117,金久保
43,17,古森
229,83,小藤
80,51,辛島
51,83,片上
186,137,豊村
158,200,稲熊
68,88,瓜田
171,142,竹松
46,140,長部
70,207,鈴鹿
143,159,塩井
51,133,我那覇
88,208,桐田
120,174,国谷
236,44,今尾
48,70,平方
24,37,椋本
23,65,濱口
204,158,管
165,130,岩館
214,171,大日向
199,30,米野
46,190,富谷
241,155,成富
88,218,小又
61,91,小佐野
39,33,根間
182,247,奥島
176,69,額田
25,208,宗村
40,43,篠沢
217,101,松並
49,128,大田原
126,168,中河
13,81,中泉
26,197,吉丸
18,45,逆井
106,92,溝井
126,47,跡部
142,202,武知
169,49,矢後
16,85,尾中
53,171,池間
35,26,森高
69,180,渋江
228,92,久木
163,59,海保
135,103,城谷
189,246,大内田
34,38,武下
10,176,脇谷
195,83,矢ケ崎
39,175,門前
189,160,十亀
143,53,若本
107,165,鎌野
90,146,稲永
204,0,一條
181,108,税所
36,215,中地
17,205,畑本
14,109,藪下
192,134,岡内
255,14,久間
14,227,川淵
215,80,長町
179,172,殿村
82,76,道端
175,116,徳村
192,12,尾西
127,57,福吉
187,145,国光
156,201,武野
174,34,平栗
106,56,坂井田
8,170,今坂
9,29,古泉
233,189,永易
118,187,井手上
23,47,伊川
131,164,下浦
232,235,館岡
69,43,熊代
108,118,馬田
108,104,平柳
237,56,北森
240,49,薮本
151,150,永安
127,96,竹ノ内
235,160,与田
240,86,友寄
97,42,本井
230,150,幅
101,251,長船
173,249,在原
47,127,苅部
239,37,屋宜
43,178,鹿又
23,162,酒谷
184,167,水崎
3,193,千坂
227,164,蛭間
153,115,名田
208,88,平泉
228,102,土手
52,32,新貝
223,13,伊佐治
232,246,作間
94,224,鹿山
236,152,小宅
161,254,南場
152,187,出崎
78,23,前中
170,50,和智
66,51,越山
20,65,吉光
94,132,尾池
30,213,江守
182,21,吉冨
120,159,間山
62,92,重山
119,214,小
5,202,島尻
86,61,冨士
254,243,西館
37,6,円城寺
51,17,鯉沼
241,144,中松
145,49,本藤
191,160,米丸
193,140,宅間
148,212,則武
39,246,水町
17,37,水戸部
201,59,三矢
5,126,阪下
211,255,加々美
23,180,右近
157,38,押尾
54,115,沖中
239,184,蒲谷
176,143,真辺
26,248,長久保
70,77,下條
222,102,藤根
36,94,本名
114,208,会津
165,54,広
13,111,柴本
99,132,岩出
217,106,金島
127,88,三ツ井
229,204,新堂
57,50,立沢
134,51,崎村
31,68,山方
34,2,瀬沼
1,75,能美
19,116,熱海
64,193,田和
115,182,中東
119,54,広崎
62,100,向原
180,148,牛木
92,131,早津
132,53,嶋岡
70,41,守安
205,233,幕田
22,233,小堤
59,67,野路
227,189,犬童
114,97,辻内
55,3,田井中
215,122,道家
41,68,枝川
88,33,舟越
197,60,長森
22,74,田倉
245,18,飯坂
2,225,竹越
16,68,森一
172,181,松中
229,205,出島
144,155,細沼
188,133,奥富
167,39,吉津
55,161,山倉
118,176,豊沢
95,213,源田
224,122,三堀
138,122,真坂
113,158,仁井
14,168,大柿
81,226,兼重
249,20,秋田谷
128,211,真山
122,105,椙山
0,0,前園
108,83,村
42,67,引間
2,201,梯
19,185,飯盛
146,169,岩坪
85,2,菊永
150,40,中石
94,20,渡慶次
9,27,富本
45,17,小薗
109,20,玉岡
126,118,久川
102,238,稲嶺
152,224,狩谷
120,49,諏佐
104,155,赤羽根
153,62,前崎
122,133,越村
188,122,下薗
133,193,下釜
76,124,韮沢
227,85,木塚
70,152,橋谷
96,98,沓掛
246,249,壬生
86,186,大仲
47,186,豊泉
145,200,阿波
249,190,千種
183,103,昼間
191,240,二ノ宮
219,115,附田
121,122,時岡
163,213,米須
70,55,里中
124,119,竹
70,118,沢登
49,206,鯉淵
215,17,宮寺
236,248,炭谷
26,208,尾辻
109,238,布村
171,198,平下
165,195,木戸口
99,91,木曾
43,171,粥川
235,128,鬼丸
80,117,牛嶋
110,181,細淵
94,119,栄田
20,219,奥崎
83,217,嘉山
224,12,丸林
237,18,山出
182,116,船井
160,195,津波古
110,6,河嶋
225,176,岸下
255,130,三室
22,195,本堂
161,114,尾谷
53,142,肥塚
128,228,椎橋
180,139,竹前
223,45,相坂
148,11,川角
53,15,守本
92,201,江成
48,59,温井
93,105,小嶺
39,229,千村
134,170,大枝
27,191,伊倉
201,214,塩飽
255,220,高羽
119,14,小松田
146,102,田鍋
163,87,畑井
83,121,七戸
186,21,楯
156,98,小野山
60,115,堀籠
248,124,苗村
61,72,硲
120,178,折井
225,171,粂
241,238,河添
190,185,井澤
140,169,河南
13,33,久末
173,114,上戸
113,238,曽根原
57,96,大海
177,254,津守
249,75,武島
86,216,根田
224,53,森広
182,143,力武
196,16,御子柴
20,54,松吉
177,54,上羽
115,146,浅水
198,138,峰尾
33,245,澤口
66,37,蓼沼
13,16,笹村
37,241,西潟
44,235,礒田
134,13,堀木
88,48,樋山
55,178,飯倉
20,204,倉富
89,89,須郷
10,194,笹生
84,194,寛
1,186,稲留
251,66,財部
68,177,小岩井
168,46,合原
161,234,時枝
148,189,神本
165,214,泉本
145,3,平口
113,208,竜野
148,79,羽藤
171,12,奥間
119,195,岡西
156,21,若田
230,116,小坂井
11,161,親川
255,48,積田
194,238,庭田
133,183,露崎
123,96,石嶋
109,120,幸村
141,0,七田
109,121,小楠
88,115,地引
124,13,佐合
73,99,才田
119,80,小鷹
206,185,須沢
23,245,大吉
107,189,仲村渠
190,124,二俣
83,74,井垣
170,216,角山
224,135,畦地
44,215,鍋倉
80,75,伊神
80,119,浅羽
17,107,副田
118,22,田伏
24,142,鶴丸
138,199,長妻
250,91,竹重
120,8,倉井
29,13,酒寄
149,203,古謝
87,24,栗岡
91,241,佐々野
93,191,祝
123,196,石内
230,60,尾林
161,177,並川
172,68,紀平
188,51,山腰
55,191,肥沼
66,107,布野
235,143,長谷山
152,192,新実
153,120,後閑
204,199,磯川
30,124,下司
29,223,久場
141,29,広重
64,50,寿
95,219,地主
91,135,牧口
42,229,匂坂
220,46,湯谷
167,61,都
212,161,中薗
214,153,川窪
106,112,小笠
240,44,根上
191,109,高場
174,157,古口
99,89,弓田
51,129,佐貫
254,145,坂谷
232,116,勝井
155,102,神垣
146,52,石澤
91,124,草柳
151,248,樽谷
95,235,大輪
150,185,浅子
205,208,向川
220,186,玉手
159,193,下山田
43,116,鍵本
251,127,川見
249,132,能登谷
58,155,井桁
97,240,金塚
133,59,高浦
15,88,財前
140,249,宿谷
64,159,満留
73,206,平見
22,235,松家
119,146,山東
40,118,岡上
95,147,亀島
115,62,朽木
16,190,戸梶
91,193,尾身
165,245,野嶋
207,97,臼倉
81,139,吉浜
91,81,原井
24,44,広渡
64,138,三笠
164,218,常見
55,15,町
172,45,内橋
75,225,永末
113,34,岸部
239,209,港
225,55,但馬
47,57,竹迫
106,15,長津
250,1,余田
48,5,六本木
210,2,内原
127,69,村西
64,170,秋間
156,246,垣花
40,123,益山
171,224,一之瀬
57,149,屋比久
61,98,下川原
238,138,具志
53,134,古久保
56,190,三藤
228,147,平崎
20,56,橘内
186,187,本荘
115,77,余語
125,153,笠野
11,135,寺澤
93,73,松重
79,35,赤荻
89,104,八木下
82,147,富
151,173,穴吹
214,228,絹川
55,59,渋木
82,0,庄
41,12,矢尾
158,28,立崎
79,163,竹石
124,43,寺野
248,246,枝松
51,187,位田
103,113,榎原
55,96,岡橋
16,139,桶田
170,75,下瀬
10,103,江里口
110,72,寺元
94,166,生出
175,136,倉野
203,242,中牟田
162,126,本部
254,89,木之下
203,75,塩尻
76,73,渡壁
17,239,片井
101,126,永峯
231,109,早見
109,16,鵜木
43,89,塩路
104,102,辻口
249,195,田下
247,227,徳元
26,146,野山
163,175,保井
211,15,八角
85,125,萩野谷
241,42,仙頭
148,43,井戸川
37,33,阿蘇
58,219,小金井
154,214,石
17,56,大多和
247,120,池之上
194,110,釣
31,125,鶴川
87,118,良知
48,159,日景
231,213,湯村
121,60,長峯
209,238,大路
218,210,佐久川
205,120,高浪
24,109,芦谷
174,189,井波
169,188,三次
35,4,小町
220,200,浜畑
118,40,手代木
56,35,政木
7,67,青池
41,148,八嶋
112,28,有我
122,116,坪
143,63,西松
112,181,重見
112,167,国方
182,66,磯本
2,43,下中
166,229,新屋敷
80,248,津谷
156,216,浜西
150,131,伊坂
236,3,沖原
34,232,近内
127,74,寺師
229,64,上屋
30,194,木林
185,25,露口
67,61,永橋
178,71,亀本
244,73,勝原
222,71,森江
172,209,深作
103,36,蔵元
171,126,二口
194,165,鷲津
36,55,和地
34,250,瀧
191,8,荒関
212,252,溝川
116,14,月田
216,78,吉倉
236,17,吉開
10,58,梶間
21,40,加部
188,150,金藤
146,195,駒木
1,210,小長井
130,192,神里
39,77,大渡
225,165,藤牧
25,108,馬込
166,241,萩森
153,80,伊澤
152,92,奥脇
46,198,花見
16,113,広松
225,15,伊関
178,3,磯島
43,49,久貝
38,174,荒山
174,220,樽本
87,31,中屋敷
59,97,槙本
123,251,濱本
192,62,茂手木
215,12,北方
72,122,飛沢
141,28,天内
212,192,朝川
72,186,竹嶋
177,227,国定
24,217,井ノ上
39,198,塩出
87,144,押谷
85,158,岩部
239,133,溝辺
226,55,小石川
164,101,星原
194,70,西里
96,59,平元
131,126,稲津
80,215,嶺井
15,10,鷲巣
234,190,濱野
136,198,二橋
169,27,藤咲
250,186,丹後
180,69,古西
155,152,因幡
173,153,古寺
125,42,甲賀
136,242,高屋敷
30,140,坪山
9,103,尾坂
220,179,輪島
33,62,粟井
115,81,永渕
34,228,須長
18,144,鶴原
65,191,芳田
69,34,麻野
120,3,久郷
183,39,星名
100,159,折本
216,41,太刀川
7,12,福尾
243,254,捧
75,210,小手川
211,208,黒谷
196,15,桂木
224,199,岩藤
165,207,加藤木
244,52,井戸田
161,124,宮迫
93,171,早水
120,36,椎谷
215,216,白子
249,5,宇藤
21,242,園原
84,22,桑江
246,197,行木
60,162,轟木
180,86,天笠
51,136,梅澤
23,157,綾
48,52,笠川
173,173,関岡
147,129,寺町
240,67,小迫
138,209,菖蒲
93,106,大向
26,222,米内
2,200,茂原
221,79,津波
237,130,続木
64,205,石間
244,68,神園
202,29,今藤
121,69,桐村
144,163,永戸
189,3,見城
247,65,今崎
141,90,四方田
35,47,川岡
234,248,谷畑
56,137,宇都木
57,233,越後谷
29,193,下道
220,183,御園生
242,192,今江
118,158,大桃
241,8,米盛
212,232,北風
222,206,矢谷
227,228,名波
37,202,北河
211,222,保泉
233,157,米島
89,216,田
232,190,竹添
65,146,曾我部
75,98,鹿間
140,96,治田
231,38,岩越
186,111,菊原
194,250,後
243,229,今別府
199,235,崎野
18,90,神宮司
55,24,日野原
2,184,平中
163,173,立道
53,221,北浜
245,225,片貝
95,160,鎗田
3,227,今出
174,216,原本
168,111,永留
61,110,久保川
71,69,池尾
10,10,布谷
5,179,今宮
10,148,朝妻
44,56,堀家
227,84,門川
108,103,徳
112,10,石口
222,106,真栄城
219,132,山宮
123,163,古岡
169,242,井畑
55,194,一丸
194,236,出町
200,31,小田倉
249,148,中俣
170,176,有薗
58,128,浪川
66,152,侭田
241,162,柏井
64,37,貞方
50,174,船岡
122,171,上床
2,143,指宿
65,243,三部
46,145,坂詰
108,78,吉国
24,103,笈川
252,43,沓名
217,199,松竹
78,138,都甲
27,94,馬屋原
111,72,飯室
132,210,矢本
76,34,有江
195,86,白砂
17,157,馬野
91,162,大洞
16,86,大久
206,227,駿河
213,32,萱沼
200,193,古味
89,77,舟田
90,22,小田中
53,209,栃原
137,229,蓮田
48,167,伊勢谷
11,113,井阪
46,70,高嶺
156,26,砂子
35,81,盛岡
97,104,折口
113,122,川波
193,10,道本
211,67,牧本
169,21,目時
220,64,淀川
182,186,銘苅
238,94,嶋谷
81,232,長本
233,205,倉永
230,154,仁井田
239,12,小越
151,103,坂木
225,212,広山
20,109,家入
109,129,安元
108,167,雨森
31,65,瀬上
192,151,成尾
237,212,田形
63,63,嶺
73,239,富士
254,56,八戸
223,157,長戸
90,25,其田
155,115,真保
20,177,山代
67,82,掛水
203,70,増島
143,29,天間
37,67,隈本
213,14,広兼
102,232,室賀
67,41,田鎖
189,52,浜端
61,222,富高
182,105,平光
64,78,福野
132,248,田森
199,50,鳥巣
188,232,菅波
117,126,神前
34,203,熊切
104,119,空閑
219,195,芦刈
205,168,京田
200,2,広石
212,90,松沼
220,114,石栗
58,192,天池
4,126,藤重
227,199,反田
191,236,澁谷
5,98,藪崎
168,212,宇津
86,159,岡留
10,42,古場
37,32,持永
97,131,田名網
7,114,蛭子
3,131,馬庭
170,232,都留
46,161,但野
211,154,政田
3,104,春口
7,174,讃岐
251,211,恵良
109,219,秋岡
63,134,押見
58,81,蒲地
86,152,菊野
125,236,兼本
123,23,才木
192,126,姉川
215,42,志方
7,49,小渕
89,195,中庭
88,47,小北
105,243,沼本
108,76,神馬
91,118,福満
69,22,碓氷
168,1,小野口
112,160,猪田
5,40,土倉
98,117,八木原
71,134,北橋
8,135,渕田
29,71,富島
144,144,白
98,231,石附
239,129,久門
91,229,柿島
217,219,開田
178,200,横木
109,195,阿藤
180,247,奥園
106,210,海谷
149,58,行武
61,135,小金丸
39,147,森住
123,173,猪子
34,32,安形
204,210,盛山
18,139,西永
58,2,中富
76,166,都竹
241,232,堂下
224,71,浜尾
10,216,片渕
140,77,的野
166,120,多田羅
208,71,砂金
137,198,高内
100,70,行徳
92,189,垣田
126,144,家永
196,57,下垣
111,111,臼木
15,255,下林
170,230,京野
121,205,須磨
234,177,徳富
226,167,藍原
227,88,井芹
203,33,永村
209,70,塩野谷
23,103,奥住
155,110,荻山
213,215,海原
118,119,久米田
131,159,金築
101,191,重原
227,229,水江
20,157,大保
86,242,友岡
88,184,米
241,181,福冨
58,241,槌谷
222,209,中嶌
87,161,中堀
118,234,滝村
213,48,宇土
30,66,下間
247,252,高吉
71,236,三平
241,177,秋保
115,140,勝谷
60,66,植月
19,223,南村
140,202,岩室
38,78,菊間
224,120,戸来
107,158,鹿嶋
203,71,春本
250,157,勝沼
3,116,小内
237,196,大胡
103,217,谷水
83,55,蜷川
118,109,蛯沢
221,16,与座
131,0,末沢
92,71,当銘
83,32,辻中
108,31,川井田
254,42,小酒井
34,65,初見
193,54,山鹿
244,53,饗庭
209,169,関島
50,102,海沼
45,198,帰山
140,74,国崎
177,200,船場
34,233,鶴井
206,130,南本
225,130,能見
101,109,豊留
93,49,矢ケ部
106,249,狐塚
77,63,住
158,31,大植
215,237,辻元
150,8,峰田
245,46,末藤
109,57,長川
209,145,端
16,111,大水
170,129,大磯
85,48,松上
40,31,宮津
151,168,橋立
93,179,熊
206,89,幸山
71,159,今沢
33,232,三池
158,91,信岡
241,115,真家
94,192,折橋
152,108,倉元
35,35,豊里
151,172,劉
86,112,下崎
169,26,吉瀬
122,77,宮上
20,108,金安
95,2,真中
40,62,谷尾
103,216,長久
19,172,道田
149,82,浜屋
242,247,福寿
5,145,滝内
220,184,村重
217,108,佐武
155,238,河地
116,1,阿知波
165,198,岩屋
42,20,唐津
149,162,畑沢
151,63,柿元
143,247,赤峰
14,86,前多
57,217,田澤
219,16,蕪木
47,65,門松
243,29,水城
145,28,早稲田
94,251,大鶴
59,20,鳥沢
101,157,湯地
37,210,梅岡
176,210,八木田
68,180,壺井
119,225,濱
50,8,箕田
182,110,堀沢
26,102,刀祢
11,250,中木
146,202,川野辺
202,180,松園
100,139,坂間
177,129,見崎
234,36,河尻
217,82,鵜沼
103,31,岩森
149,48,吉賀
10,12,原嶋
254,237,上代
104,173,黒山
123,215,今永
45,107,十時
221,112,神内
188,111,水橋
251,20,大喜多
128,10,内本
77,146,牟田口
184,47,本江
236,172,米持
10,134,板山
186,165,巴
169,179,常岡
151,23,小海
178,183,車谷
37,85,高西
221,94,高江
40,167,弦巻
143,213,粂田
84,185,錦戸
153,199,蓮尾
83,169,沢畑
27,192,相浦
117,228,前里
177,73,諸富
248,178,柴沼
145,98,五十畑
236,222,一村
153,155,安室
145,123,安木
128,43,錦
98,242,色川
167,171,菅本
87,94,日山
82,252,富所
197,210,米永
225,220,嶺岸
205,198,枦山
222,212,鷲山
114,230,味岡
84,74,末安
241,213,米元
164,77,天木
175,28,津森
252,54,石浦
200,122,静
85,124,植西
241,138,志波
201,160,兼城
42,220,玉沢
134,103,向野
148,74,高麗
49,252,社本
171,2,若園
52,169,松場
77,111,上薗
134,109,武中
234,189,稲原
189,19,吉藤
81,157,空
96,3,江橋
189,241,坂村
62,206,正司
91,141,飯川
7,78,名畑
188,220,添野
141,216,山之口
134,76,笠置
177,154,河越
252,6,井形
33,66,下江
127,63,垣見
38,164,根井
66,210,漆山
251,30,森竹
216,16,成宮
19,187,相本
84,29,大政
85,183,知名
13,17,友広
191,211,鑓水
43,23,法月
189,244,白畑
11,218,小渡
121,253,柴尾
37,229,江木
138,239,阪
18,189,小曾根
188,109,征矢
109,80,西辻
99,10,村里
149,123,徳川
28,230,武原
231,98,物部
106,154,矢頭
166,161,南保
146,200,是沢
188,50,志茂
85,195,丸木
248,188,貝田
46,2,岡下
23,23,賀来
201,153,高鳥
253,33,坂牧
173,64,小間
194,217,瀬島
139,84,入船
168,121,飛松
51,176,武元
187,166,名久井
18,253,野里
239,206,外谷
134,192,熊澤
36,102,広津
131,254,室山
147,81,五月女
192,206,富崎
167,143,藤縄
77,234,星谷
172,80,新免
28,224,松内
89,21,重政
12,75,国府
37,17,菊岡
108,27,宜保
8,108,猿橋
96,209,宇留野
69,54,加村
225,73,久徳
28,194,高寺
144,21,三善
19,87,山門
10,174,鋤柄
81,0,正野
75,2,折居
240,70,尾前
230,94,有路
162,184,福居
186,73,尾張
142,144,柏葉
237,178,日浅
67,207,竹平
91,2,滝澤
39,121,加野
130,169,岡地
75,69,羽沢
185,1,岩澤
219,91,吉里
175,246,上滝
184,179,真船
249,157,石鍋
6,53,楠山
77,239,柏本
197,70,万田
102,67,須江
112,203,小郷
178,249,丸島
101,229,梶岡
229,72,押山
204,7,永淵
177,132,坂手
239,227,上畑
78,91,槌田
61,39,渡利
173,32,徳満
107,55,白瀬
72,226,東方
11,23,唐鎌
69,101,鳥取
151,180,大野木
153,255,新福
112,49,三林
101,241,奥泉
192,90,粟屋
77,47,一場
252,238,情野
51,248,川森
142,58,東尾
68,102,永本
47,162,加治木
126,26,加登
154,28,歌川
65,253,葛山
116,86,甲木
99,136,国生
233,223,住野
36,12,常川
154,240,神川
27,6,神門
37,63,大長
234,187,田守
86,167,峯尾
103,122,穂苅
97,130,鶴本
146,173,行本
152,107,岩立
22,56,加門
242,17,下口
10,52,井町
59,49,広原
54,26,若森
245,5,兵庫
139,137,永里
201,251,佐久本
91,5,佐谷
25,60,佐塚
95,149,生沢
0,78,井端
147,169,下城
240,154,葛巻
124,202,吉次
44,29,市井
75,90,神農
29,220,千崎
175,100,前本
120,47,中曾根
125,147,帖佐
133,131,能瀬
83,242,野々下
147,246,大湊
223,82,大房
158,239,森和
117,166,外薗
60,81,井草
14,131,榊田
224,247,志垣
164,204,庄山
206,33,雪田
246,171,大薗
17,169,尾内
184,229,武谷
115,87,芳沢
10,214,齊藤
141,107,鈴田
222,47,米崎
136,140,薄葉
161,94,谷元
115,195,上浦
154,191,山嵜
32,61,元永
235,147,久恒
181,142,浦沢
206,182,今北
232,21,山影
47,157,上尾
184,245,友沢
43,16,比良
103,204,柏瀬
148,131,土持
8,202,長木
214,194,大手
123,87,大形
23,22,杉島
233,1,鴻上
15,11,萱場
87,60,井門
95,120,下畑
18,84,江越
102,201,小井土
19,148,小野川
241,87,深海
56,39,二田
2,186,能村
31,5,馬目
170,100,福里
202,15,冷水
243,113,鷲頭
161,203,澤野
50,26,武久
233,18,梅宮
238,227,道脇
122,18,鳥原
130,4,中世古
56,80,川松
108,120,上倉
217,52,小辻
202,100,市沢
188,125,甲谷
112,122,栗島
204,141,宇津野
120,65,伊熊
78,125,嘉陽
131,168,萱原
201,68,京
8,26,恵
85,53,鯨岡
73,44,蒔苗
109,175,小檜山
194,200,成本
172,34,千々岩
75,20,大舘
242,211,津嘉山
171,196,平形
208,208,保木
52,255,湊谷
224,226,楊
19,95,亘
232,31,藤高
206,118,知野
36,7,神庭
141,121,計良
141,19,花川
130,21,羽生田
186,148,宇川
140,21,原岡
90,76,斎川
254,40,小和田
49,164,池元
25,252,明
6,6,木皿
12,121,有留
209,32,一杉
119,3,西丸
143,44,豊
117,10,雨谷
220,81,崎本
109,134,長竹
17,1,藪本
71,62,榎園
203,105,駒谷
84,98,高丸
155,208,真嶋
56,172,霜村
205,65,長岐
236,140,富澤
142,66,奥秋
39,71,樺山
255,29,樺島
211,127,高澤
214,233,勝目
157,250,西倉
233,226,鍛冶
72,125,百崎
78,131,阿達
6,97,吉塚
152,49,出浦
96,50,千石
255,150,竹安
180,160,楠井
29,158,萩生田
104,76,鈴
31,214,老田
32,109,尾木
120,54,楠美
54,100,浅木
142,219,出来
195,207,岩丸
21,198,監物
203,69,広末
54,179,佐脇
37,21,四家
155,84,住岡
149,23,森垣
202,211,森義
132,175,森長
78,110,尼崎
215,46,片川
253,160,野々口
207,247,末原
57,28,本野
43,33,文屋
102,79,日田
31,181,多久和
152,225,瀬藤
0,65,常木
7,120,守永
227,254,紫藤
251,215,国弘
78,238,厚地
45,149,芹澤
149,254,南木
193,218,見田
187,208,吉羽
91,103,岸岡
12,237,葛岡
42,145,開発
219,139,家城
52,78,吉島
237,117,山住
126,165,勝島
38,120,小田垣
235,114,大間
75,202,瀧澤
187,26,矢羽田
229,44,簗田
69,215,野間口
36,28,樋浦
131,179,白波瀬
250,129,塚口
62,114,棚町
166,210,前坂
108,77,石下
122,24,吹野
251,47,山ノ内
219,111,坂原
5,199,佐村
154,69,溝畑
57,82,古原
98,34,串間
103,61,菊沢
147,141,岩口
147,202,永長
83,185,安谷屋
31,120,川守田
101,111,波平
44,168,馬原
44,233,和栗
64,247,多川
65,30,今瀬
4,106,金武
134,116,橋岡
79,175,岩浅
240,118,佐宗
134,168,西迫
147,15,蔵野
54,126,太田垣
185,147,台
22,176,朝生
21,154,殿岡
138,153,伏屋
227,2,柚原
230,249,脇野
204,136,堀篭
55,118,船坂
129,233,西ケ谷
86,220,瀬良
109,36,上崎
201,164,謝花
209,56,篠山
112,3,蔀
22,30,元島
140,142,栗村
203,159,佐井
206,26,鹿倉
204,196,瑞慶覧
187,9,船渡
178,197,中津留
83,225,名城
95,30,音田
16,19,柿谷
191,180,吉兼
60,193,光成
176,175,七里
10,34,小保方
77,249,織戸
197,179,大伴
82,107,門谷
15,140,北西
215,84,西郡
66,205,時本
213,1,枝村
193,170,坂尻
5,58,橋浦
98,252,横畠
225,115,萬
100,53,友井
153,213,末崎
44,182,菱木
219,37,白野
232,154,忍田
199,85,入佐
91,142,猪爪
74,247,大楽
20,169,上東
240,89,七条
195,67,春川
75,174,徐
93,25,須釜
62,195,青葉
230,42,村杉
73,168,大桑
45,201,中迫
242,52,籾井
52,196,栫
64,179,浪江
152,84,平内
182,222,分部
89,197,入部
16,128,徳弘
170,33,西前
34,227,織茂
4,210,三条
220,161,井土
204,39,月野
92,51,国貞
196,52,黒原
222,141,根元
40,45,常世田
25,234,本保
24,194,類家
191,35,栗橋
151,100,沼山
177,163,曽山
248,94,巣山
144,254,藤盛
1,191,本杉
118,52,名嘉真
223,59,淋
132,159,鈴本
11,36,六川
22,50,楢木
106,161,栃尾
245,179,竹ケ原
121,23,川根
19,55,舘山
167,123,宇梶
141,2,宮岸
127,129,戸次
223,46,荒沢
114,143,小川原
48,153,深浦
54,51,西下
226,98,西橋
124,211,倉原
53,185,瀧口
101,218,朝原
114,45,末富
79,3,趙
66,164,廣川
172,250,万木
25,113,堀端
175,204,別宮
54,229,平坂
55,154,大根
155,18,真栄田
157,93,信沢
131,137,小木曾
88,21,降幡
147,127,鍬田
128,106,駒野
227,10,橋井
12,12,岩浪
231,198,伊敷
76,221,伊村
23,86,桐畑
109,59,金児
105,136,黒岡
219,27,照山
110,98,森平
128,221,峯崎
153,196,鳴瀬
168,133,方波見
44,37,尾村
65,38,柏野
169,236,乳井
141,166,辻原
8,201,竹澤
250,221,大波
140,213,赤野
228,68,吹上
165,51,佐々田
114,203,好川
48,160,五明
227,188,皆藤
173,56,宮北
4,99,国岡
36,65,山林
174,3,信夫
19,111,草粥
98,235,富野
207,2,冨士原
140,94,蓬莱
158,89,富原
85,143,八柳
20,81,等々力
146,42,津幡
89,95,中小路
32,7,端山
121,243,早船
20,145,惣田
91,187,石賀
90,118,佐俣
80,189,合志
219,171,紅谷
75,66,下斗米
71,63,益本
53,96,野方
2,96,納
25,2,田附
253,227,大岸
14,223,香村
231,176,桑木
100,132,粂川
121,39,加賀田
179,122,浦中
87,4,我如古
110,93,戸室
187,249,秋好
59,93,重
53,124,前場
11,98,竹浪
213,49,中塩
106,236,風岡
171,121,夏山
87,145,樫尾
167,100,吉安
253,68,溝淵
23,127,白方
97,221,野寺
38,146,枡田
194,154,和
78,38,内沢
42,198,唐川
252,60,新明
49,77,古谷野
139,203,霞
200,35,伊芸
69,1,乙川
36,68,栗谷
205,178,船曳
248,142,箆
163,233,本永
228,26,左右田
64,142,三間
104,188,大鐘
138,63,釣谷
176,63,吉積
158,243,忽那
64,42,松阪
66,255,霜山
213,149,谷田貝
0,71,池見
57,203,比企
132,56,飛弾
214,166,片淵
211,248,福澤
121,67,藤見
98,38,鶴山
190,127,蔵
251,142,三ケ尻
176,53,吉弘
30,108,岡藤
183,48,稲野
233,49,加賀屋
245,115,城崎
101,52,扇田
76,108,能島
7,254,堀合
198,158,末廣
84,78,薬師神
156,105,花塚
114,75,関和
62,58,久井
195,133,佐土原
138,67,糸瀬
7,85,時吉
116,148,車
180,186,若野
21,109,星子
213,139,八杉
16,96,有富
249,47,木岡
248,206,入田
81,23,瀧川
38,133,森末
34,208,四辻
130,131,桐本
201,7,横村
64,228,原木
44,116,古宇田
179,34,五井
22,254,小穴
233,79,善家
72,33,大南
124,21,中脇
188,165,東岡
41,11,満永
185,31,粟村
140,229,下重
188,11,亀尾
170,189,森貞
49,185,大菅
172,118,竹鼻
215,39,竜崎
251,120,有島
38,32,矢橋
28,103,池末
102,128,前迫
244,106,青地
218,224,盛永
218,160,杉坂
112,95,神岡
212,92,松根
2,175,小門
70,40,古屋敷
248,140,巻島
243,39,益永
169,143,高品
133,235,寺倉
50,43,勝川
146,68,小梶
106,139,小船
62,248,相島
183,204,則竹
105,115,大釜
90,130,貞広
115,155,野
147,226,木梨
216,194,田向
182,8,大網
207,59,草深
61,176,正垣
84,142,松代
109,114,種子田
238,67,三ツ橋
197,242,戸叶
21,183,角張
188,233,海上
118,38,間嶋
198,111,久次米
94,203,許斐
191,31,時松
162,253,石出
192,160,川幡
253,212,桃田
92,120,玉寄
192,161,宗石
29,187,秋丸
41,139,諸石
124,239,赤阪
130,65,赤山
96,156,長見
57,117,粕川
74,149,祐川
168,253,猪木
157,209,樗木
196,87,信国
178,45,志藤
70,88,黒子
254,251,牛久
220,206,運天
49,13,立元
105,246,末本
38,144,田家
207,94,滝原
219,254,森信
2,50,上辻
51,22,鹿沼
255,136,三俣
230,196,三本木
9,183,高槻
146,114,五日市
246,120,加倉井
220,221,安生
28,85,伊木
23,232,依藤
137,166,稲谷
202,91,花形
196,78,荒野
201,135,重川
161,148,森西
169,131,西銘
197,183,當山
10,228,平畑
246,56,樋本
31,62,八城
42,121,千々和
142,188,瀬賀
87,210,三星
212,230,荒居
98,96,古見
75,114,郷間
161,54,関崎
240,5,花里
226,23,関井
105,202,更科
42,148,四本
93,21,十倉
78,78,杉中
138,136,清松
140,220,曾田
66,188,棚木
196,68,梨木
240,238,門司
202,217,北角
193,150,飯原
26,212,尼子
208,164,田屋
157,94,谷平
97,97,川面
52,160,千木良
81,207,西片
122,193,清末
203,167,小柏
105,29,諸藤
52,227,寺中
207,28,宮成
121,244,丸目
36,18,間部
218,74,稲
68,70,玉越
132,239,光吉
156,46,赤岡
130,39,中埜
151,245,町山
155,187,矢上
124,187,柾木
175,126,冨塚
237,136,洞
48,133,相木
166,240,若柳
56,203,山見
27,60,隅
34,122,梶尾
3,117,梁
68,150,要
219,174,末長
12,58,嶋貫
148,178,竹淵
176,14,船崎
8,127,赤澤
0,50,生形
115,254,親泊
17,126,坂戸
192,242,犬丸
111,165,九島
81,155,金重
45,174,玉腰
66,2,花園
195,200,稲益
49,205,加世田
48,136,桑子
248,12,篠永
190,196,新町
36,40,大亀
29,252,白江
254,224,白柳
217,12,浜脇
78,24,木浦
69,104,宝来
214,172,池森
105,83,団
23,72,丹内
25,151,孫
150,226,増元
102,150,神子
193,87,植杉
15,155,似内
11,73,外池
156,160,横坂
202,22,引野
99,200,加賀山
158,197,菊山
89,161,三科
209,137,実方
166,187,森林
13,25,大作
30,230,潮崎
86,32,長松
168,32,篭谷
174,145,詫間
179,214,与那城
111,28,満尾
140,174,北代
205,17,豊住
87,76,冨安
101,91,菱山
108,240,八十島
207,179,八子
168,164,堤田
15,231,千秋
7,179,小糸
40,54,高阪
221,101,永久
182,234,古海
133,43,小代
149,46,千住
190,254,倉上
253,30,大工原
50,245,団野
252,84,能戸
207,27,里吉
89,207,朴木
168,235,比屋根
81,34,草苅
111,171,菅間
22,124,真貝
200,147,次田
183,142,今山
36,175,溝呂木
42,161,溝手
48,230,戸羽
237,138,奥地
70,226,永津
216,80,矢澤
145,24,大鳥
251,51,森茂
108,44,新道
56,70,上門
49,212,春藤
164,73,根橋
91,38,岸原
245,15,夏原
72,210,庵原
149,151,羽深
13,1,奥中
223,89,割田
167,43,関村
120,48,岩垣
1,111,甲
5,124,佐光
93,123,青江
192,10,沢柳
252,41,都倉
165,97,東根
247,168,木股
124,222,木上
234,10,平城
145,230,蔦
158,203,前林
71,44,植
254,207,小野村
160,70,諸見里
83,155,降籏
45,49,伊集
155,42,小金
199,82,小桜
200,220,赤根
25,247,倉嶋
2,245,勅使川原
54,246,尾嶋
245,189,米林
246,136,脇川
39,225,角倉
147,131,鬼束
164,160,久留島
153,166,細山田
40,131,堂山
123,181,武林
248,240,誉田
169,48,笛田
167,117,津坂
201,149,大井川
40,214,相山
22,109,生嶋
92,185,水出
118,216,真藤
71,186,松口
196,7,小東
195,34,山屋
46,169,幸坂
118,65,元川
126,149,橋上
194,102,巻田
241,110,糀谷
26,232,畑谷
150,171,奈良崎
209,48,鶴間
142,186,滝波
68,101,大楠
103,154,村形
163,25,石嶺
63,116,石居
3,211,瀬間
186,254,水野谷
91,60,雫石
3,149,阪東
72,83,佐々井
63,6,佐口
210,62,腰塚
27,161,恩地
186,1,嶌田
54,99,野月
168,118,木屋
108,254,島中
110,85,田畠
133,176,塚元
6,41,町屋
238,146,中曽根
3,191,谷奥
125,242,待鳥
96,45,相崎
138,13,実藤
73,92,今谷
235,243,越前谷
56,229,安光
150,69,蛯子
111,9,冨川
35,54,大峰
163,102,蔵重
96,42,曽和
133,8,船引
108,227,森清
151,72,松久保
112,123,向坂
215,63,桑沢
82,199,金刺
233,153,有原
51,73,矢幡
255,203,米屋
44,82,梅井
106,34,仲道
179,235,筑紫
53,239,草地
223,193,西薗
184,165,仁尾
148,219,松塚
235,7,小助川
106,198,小安
89,160,志知
161,121,薩摩
237,111,樫木
88,168,横畑
153,243,脇村
128,239,柳岡
127,136,浜津
223,179,尾松
106,250,比留川
87,92,湯上
166,71,早藤
113,252,千本
11,221,石場
212,241,三栖
69,4,牛久保
227,111,紀
15,199,喜多川
243,133,安慶名
172,123,金田一
80,92,窪内
53,84,甲野
52,74,漆谷
129,59,倉崎
198,156,倉部
233,37,蔵谷
225,22,坪野
224,186,飯間
32,217,平居
132,200,片木
111,220,傍島
47,200,木船
184,122,鳴川
230,145,東井
20,144,唐崎
181,122,城市
133,218,小里
77,192,市東
128,255,坂庭
124,232,佐波
212,64,向笠
8,238,古波蔵
119,91,金浜
8,37,掛谷
234,185,下鳥
203,73,井部
26,139,卯月
228,152,永冨
234,9,笠岡
211,39,隅谷
110,29,山日
123,93,戎谷
72,40,庄村
41,140,織部
116,163,森合
221,143,丹保
204,191,段
203,218,都田
226,125,藤垣
209,34,富村
70,98,北内
154,14,網中
61,46,名雪
27,23,文野
196,173,辻谷
105,28,山坂
145,251,山角
132,176,高道
13,158,喜瀬
175,177,阿多
128,21,岡根
77,150,海東
75,220,荒木田
112,7,森政
16,228,杉戸
234,51,清木
96,4,草田
98,53,谷内田
37,147,池水
212,21,米光
129,11,民谷
199,242,立脇
182,224,和崎
185,47,野仲
16,231,氷見
33,101,池宮
203,8,草島
43,57,新間
159,105,今道
178,105,久芳
96,250,岩成
248,245,塩満
92,145,吉葉
13,205,弘瀬
193,80,船倉
19,43,中釜
149,44,長安
62,232,天
113,54,灘
53,83,鷲谷
74,1,弓野
88,183,胡
231,205,江刺
156,228,国富
37,119,桜岡
123,13,小巻
157,163,成相
10,230,西窪
10,251,白銀
169,4,氷室
109,156,平河
192,227,長滝
40,44,大福
176,95,浅村
111,91,篠村
238,17,黒河内
1,156,轡田
109,21,花畑
120,235,宇良
5,146,園木
214,232,河又
83,134,葛野
59,4,岩船
106,6,高峰
163,150,宗野
137,105,小本
38,104,森近
189,49,中坂
16,43,藤ノ木
200,46,板屋
35,163,豊山
179,207,林部
240,113,堀山
141,233,宝
117,160,奈良部
199,80,道場
88,211,鳥丸
141,30,猪谷
151,24,清山
153,2,森久
53,43,作野
173,238,高巣
218,68,広永
12,22,元岡
64,30,玉垣
165,139,岩垂
74,47,岩重
119,171,稲尾
152,93,沖永
198,33,下部
134,184,岩附
141,182,慶野
17,182,荒岡
45,101,鹿志村
133,202,上別府
25,29,須見
67,91,村永
231,202,理容
228,52,樅山
206,25,木坂
2,112,柄本
176,83,日沖
80,11,東恩納
224,112,塚谷
108,7,小粥
248,52,小花
195,66,荒島
86,194,光畑
49,221,犬山
14,213,熊原
156,48,近岡
84,115,鏡味
236,89,岸井
69,244,河
176,217,片岸
24,220,文
127,48,福中
163,187,福場
192,233,谷端
110,168,大溝
3,101,大工
201,176,星島
198,157,住川
174,132,鴻野
61,214,古平
70,99,月原
187,244,沖島
155,23,浜浦
13,252,飛永
111,92,麦倉
59,203,白髭
150,32,栃本
181,248,仲程
194,185,辰田
3,66,大瀧
70,232,江刺家
212,117,光森
87,206,古居
188,97,久納
40,117,沖崎
9,104,奥畑
18,150,猿谷
134,164,鵜殿
164,156,綾野
1,193,肥田野
200,182,白滝
164,237,渡邉
234,255,定岡
142,48,石水
66,133,石亀
236,82,松屋
226,202,鹿子木
254,204,志野
149,138,三牧
3,129,高鍋
197,5,宇部
40,74,一ノ宮
217,187,有森
250,249,矢藤
79,178,野谷
207,250,万年
96,254,別役
224,30,津嶋
175,248,中戸
144,129,女屋
136,90,諸戸
10,121,高雄
154,223,古崎
207,78,橋倉
23,77,久木野
29,46,幾田
4,6,河東
14,198,衣斐
169,132,恒石
11,233,江花
25,80,国政
47,150,宗方
35,11,升谷
19,109,上阪
22,149,多久島
85,224,木須
6,36,老川
118,17,嶽
2,172,塗木
212,180,長池
233,50,大芝
71,52,泉原
73,249,森尻
202,229,城井
61,36,昇
115,187,小津
186,169,勝股
1,61,鴻池
85,56,広森
36,247,岩楯
108,223,益満
1,82,畑下
20,9,梅内
235,80,田野倉
206,151,中吉
42,54,前出
92,210,石月
172,21,新橋
17,174,斯波
136,34,四谷
6,213,三樹
99,32,戸丸
69,129,古荘
167,250,月森
119,191,宮城島
166,114,吉広
98,236,河相
161,25,嘉手苅
98,56,横幕
120,212,永池
42,125,井場
45,81,有水
13,8,明星
166,211,冨高
29,214,鶴留
62,156,棚沢
46,61,川股
118,9,西根
143,224,瀬戸川
182,241,神島
152,229,小薮
194,13,糸原
172,35,氏田
30,3,山守
247,41,刈屋
79,196,岡久
40,136,宇多
148,221,礒崎
116,47,豊増
192,154,片原
37,179,武永
117,3,内谷
20,166,徳安
7,106,嶋中
195,103,大峯
16,172,守口
207,74,志津
238,205,山近
14,51,江野
111,155,江面
254,68,向出
184,34,安森
61,67,荏原
57,124,越水
121,96,三代川
96,169,紙屋
58,141,小丸
141,151,小坂田
223,139,深草
42,102,早矢仕
24,1,鷹巣
113,145,仲嶺
191,112,東森
4,197,内匠
38,242,南浦
79,206,能田
59,255,美藤
93,188,龍野
242,213,立本
54,3,木浪
90,233,木瀬
154,226,姫田
138,128,水尾
188,195,高戸
168,241,穴山
25,21,奥瀬
225,120,塩本
193,156,間所
111,183,溝内
119,35,高祖
209,185,水永
119,56,西舘
172,75,大盛
79,13,直原
20,249,天久
97,142,塘
25,61,峯松
131,20,浪花
79,232,油布
170,148,茂垣
137,38,内尾
191,62,天津
171,215,釘本
126,132,猪岡
93,161,男沢
177,125,船見
59,47,真喜志
225,44,砂押
169,159,今木
75,127,高玉
253,39,戸山
15,176,橋間
6,147,安見
177,153,安蒜
46,103,見沢
171,178,柵木
133,108,舟津
138,36,出山
91,186,上手
199,8,滝浪
32,98,長束
114,225,島沢
2,226,餅田
97,15,八木沼
102,135,日沼
21,59,仲上
146,108,丹藤
201,209,曽川
239,220,水岡
141,87,佐久田
32,234,原園
238,19,桑折
183,250,九里
38,52,居村
206,66,永利
228,130,岡見
213,3,蟹沢
32,108,桐木
100,50,三岡
152,105,実松
80,187,宿利
141,137,新国
174,230,新林
150,234,森久保
193,219,菅藤
142,251,青
131,151,沢藤
141,214,置田
10,169,網
133,46,領家
112,207,鷲沢
50,134,中須賀
116,214,大勝
86,177,相葉
202,162,松室
69,62,重吉
47,216,金海
140,244,久能
78,74,杵渕
82,241,鴛海
90,6,阿井
154,165,皆見
28,88,柿野
128,48,樫田
41,241,岩津
190,94,三友
189,200,糸谷
17,81,重枝
145,176,上利
193,5,成山
136,117,石光
79,216,村雲
125,209,津留崎
253,243,福盛
186,88,来間
10,20,薮野
55,19,福良
205,59,箱石
189,198,滝瀬
146,153,大徳
17,129,大星
48,255,陣野
137,168,新子
195,210,菊
57,187,嘉納
152,197,阿曾
60,18,虎谷
75,84,糸田
250,237,滋野
104,90,重谷
97,231,小屋敷
55,102,大瀬良
204,166,長藤
32,144,堂脇
165,185,道野
17,48,平江
210,33,中垣内
102,52,築田
194,33,多湖
11,183,西塔
85,49,紫垣
180,245,枝広
207,208,御前
76,162,栗生
253,221,館田
245,245,加嶋
170,44,下河
80,148,岩
33,41,桐沢
239,183,荒堀
218,46,星崎
212,93,盛合
108,18,舛谷
189,8,前平
232,80,多々納
204,73,太田黒
132,209,美野
99,229,来島
198,107,龍田
248,196,矢花
253,199,末竹
197,137,芳本
58,64,兎沢
227,214,田実
28,84,中邑
40,46,上垣内
105,198,小坪
12,35,洲鎌
162,242,若島
189,130,原谷
35,125,元谷
32,236,干川
192,39,刈田
218,152,天海
58,74,釜井
17,92,印藤
12,154,乙黒
116,145,河谷
209,1,肝付
113,70,間庭
9,53,残間
115,243,宗宮
231,71,小館
211,43,沼上
61,138,津江
28,165,椎屋
97,196,内門
239,147,浜渦
107,157,椋木
30,209,木野内
38,154,牧之瀬
127,203,尾家
89,48,松成
130,71,崎谷
186,205,古園
216,234,櫛部
231,166,永作
89,198,稲積
2,142,福屋
230,153,浜下
177,197,島添
197,217,伝
240,6,相賀
119,51,神木
168,108,森定
230,190,新森
156,80,上北
163,7,守岡
98,50,七條
114,63,根崎
229,230,岩内
191,182,岩中
87,114,曳地
56,75,礒
205,87,豊浦
247,129,福武
49,201,武安
30,39,二反田
249,48,天神
217,227,直野
254,119,池側
16,218,続
132,134,生越
221,205,松野下
229,73,小守
109,18,初谷
49,141,三井田
165,42,細尾
16,118,向島
70,103,古越
98,21,牛越
230,255,吉長
171,163,葛生
166,119,加我
155,121,苑田
9,224,永崎
42,172,井深
217,15,鈴野
237,116,武重
195,107,白旗
83,174,南郷
13,255,徳橋
83,205,谷澤
37,71,川脇
157,37,常本
14,146,城石
118,167,国場
167,151,源川
27,105,家本
99,208,永盛
243,164,安平
190,56,五百蔵
246,43,鷺谷
156,210,三小田
194,98,若佐
226,110,森国
203,199,針ケ谷
79,85,大阪
209,217,猪本
98,106,朝見
40,223,道山
232,18,野林
130,75,鳥塚
107,96,長利
132,197,大和久
181,58,切通
98,119,清村
173,186,荒生
5,34,五味淵
174,50,亀村
190,42,鬼島
96,245,蛎崎
74,123,河中
44,16,永藤
13,2,釼持
217,116,麦島
227,90,谷下
134,17,大田黒
219,92,浅谷
246,223,成澤
223,116,信藤
172,139,江渡
195,216,光藤
178,10,駒木根
226,14,下本
87,56,荻沼
83,247,伊良波
90,157,伊橋
184,143,鷲崎
250,140,蘭
220,118,有福
219,251,木ノ下
35,127,本坊
241,165,梅森
6,194,鷹見
201,94,千頭
18,102,石合
130,88,新坂
145,178,諸隈
231,197,若
254,163,四釜
151,104,五ノ井
138,201,居石
118,61,亀野
235,180,稲荷
107,64,掛橋
203,252,黒松
167,8,笹沢
242,239,市木
89,243,篠本
199,248,若泉
230,132,春野
27,114,須合
101,240,西角
4,137,馬島
141,15,内林
242,254,土子
163,124,孫田
33,77,須之内
112,141,真柴
253,156,諸沢
157,135,広嶋
68,181,月井
183,247,吉海
46,83,亀石
73,8,葛島
155,64,角村
27,72,河岸
176,12,加治佐
47,68,塩澤
67,254,越中
229,156,浦西
129,1,羽毛田
14,202,一山
213,98,伊予田
203,15,渕
197,158,峰島
142,117,薄木
77,88,鍋山
18,132,道広
98,107,檀
220,80,谷田川
217,250,相模
242,0,西家
134,1,清島
124,0,政
188,21,図子
108,228,上窪
218,111,間下
86,33,安在
132,15,安丸
140,222,喜井
110,222,小板
114,117,数井
249,145,青塚
251,129,泉野
98,152,東内
52,130,日塔
175,80,迫間
50,206,箱守
39,187,帆苅
53,220,冨吉
239,39,斧田
179,196,蜂屋
82,24,立見
5,250,鳴島
180,145,中窪
228,206,前泊
236,194,緒形
253,213,寺部
6,87,香野
124,74,喜
146,32,花上
23,124,永堀
65,178,浦木
202,152,井野口
90,94,阿形
71,102,岡垣
120,11,花原
0,178,海宝
126,34,古門
189,65,御船
51,148,七野
200,169,瀬畑
64,245,田河
62,242,林下
155,86,畑瀬
95,175,内島
37,105,藤津
249,102,東元
118,209,田城
77,126,鶴園
29,88,中久保
199,20,池井
140,180,厚見
115,154,吉沼
140,89,野副
13,83,片島
84,130,夫馬
183,20,俵谷
37,243,泥谷
57,251,石和
208,223,清塚
152,172,小副川
169,75,室園
68,97,在間
73,157,兼島
241,73,久冨
231,136,艶島
35,87,友清
9,26,末石
177,3,淵
194,206,神作
189,219,小波津
214,71,勝岡
35,187,山ノ井
64,237,腰越
70,220,近本
222,82,郷司
151,151,遠井
30,105,浦岡
109,142,稲辺
123,195,櫻田
97,239,冑藤
97,44,六角
114,153,友枝
228,165,薮崎
198,137,矢山
11,122,野手
89,76,坊野
114,252,菱谷
206,194,板敷
144,24,東畑
154,146,曽根田
129,228,折茂
209,79,瀬木
64,141,森吉
155,89,上藤
213,60,宗岡
179,84,宮瀬
36,70,萱島
182,217,於保
213,24,薬師
26,56,堀崎
249,125,北岸
176,254,物江
15,120,不動
176,145,番
139,194,田高
127,2,中戸川
226,137,村吉
60,246,前浜
231,103,漆間
197,95,国領
192,56,広戸
186,84,幸喜
233,212,熊丸
135,29,宮竹
62,53,吉屋
54,165,苅込
95,191,荻本
36,160,磯江
68,5,伊山
53,53,立林
70,1,米内山
236,79,幡谷
206,144,藤上
120,190,鳥生
179,166,鷹尾
106,77,照喜名
177,253,甲藤
144,244,江下
217,159,原村
138,207,吉居
95,205,柿添
109,226,下妻
242,56,安納
44,185,益岡
13,49,桶川
193,165,丸藤
69,236,元
39,70,合津
74,177,佐方
92,114,信原
130,30,森瀬
163,196,増渕
27,41,沢畠
146,198,島元
95,106,東藤
88,219,楢山
54,198,部谷
74,6,木次
210,101,網干
163,220,本池
189,190,内城
105,35,椿本
56,0,倉又
231,243,桜
42,139,久賀
118,113,吉久
147,43,夏堀
57,102,下久保
161,229,宇治田
150,66,岩舘
226,90,饗場
178,159,秋枝
245,160,重盛
216,54,城川
89,32,村岸
114,106,築城
127,220,釣井
181,138,柏山
187,57,富吉
126,69,風早
149,45,由田
181,3,藪野
130,137,野町
199,198,面川
113,146,堀畑
85,187,福迫
100,84,波戸
240,201,南井
28,102,池淵
83,90,川並
66,91,織笠
156,157,室崎
91,165,佐古田
187,177,古田島
43,134,桐井
15,102,下向
48,125,伊豆田
213,204,安念
42,53,横矢
28,170,月足
204,86,原武
188,230,江夏
192,82,国原
93,175,桜谷
79,94,秋森
167,98,藤家
123,207,白樫
215,76,脇元
137,124,利根
76,194,淵田
168,244,彦田
74,81,反保
62,26,辻尾
64,48,中須
57,158,竹脇
204,100,曽谷
224,107,染井
9,76,川橋
198,50,小比賀
29,180,小勝
104,97,鷺
70,44,五十里
64,22,栗下
193,197,林本
182,201,茂山
194,244,浜里
10,78,東中
179,109,田草川
100,240,青松
182,101,成合
113,236,森友
139,113,出沢
233,27,舟久保
56,27,秋津
76,119,坂寄
107,172,高柴
146,136,光
104,211,宮古
129,147,久代
14,226,嘉本
233,62,愛
134,199,和木
255,106,本林
37,100,畑村
96,41,中竹
125,99,大音
60,159,小牟田
45,34,升本
39,120,勝連
4,152,宮治
175,68,稲野辺
231,51,愛沢
27,162,柳平
11,104,風戸
238,174,大図
241,76,多良
87,121,泉井
167,105,数野
250,160,神坂
127,115,上沼
92,98,若村
50,130,柴村
153,167,漆崎
42,224,高塩
151,110,吉牟田
72,183,鎌塚
19,202,荻谷
17,19,沖元
61,22,羽渕
141,16,伊瀬
114,215,野倉
170,223,毎熊
234,192,北堀
141,185,天井
73,146,大坊
101,112,政井
62,80,住山
118,184,細島
252,67,戸澤
226,249,吉仲
161,208,笠倉
245,105,下前
18,122,里田
185,14,二谷
116,102,東正
40,69,沢里
254,21,鷹羽
13,134,川南
211,162,小佐々
79,91,市之瀬
47,76,細沢
197,147,原和
32,227,建石
12,21,紀伊
2,107,加勢
23,10,加戸
155,198,依光
75,236,安池
103,224,渕野
111,182,浪越
231,216,油田
170,253,富森
244,175,村居
244,248,相磯
225,0,赤地
206,132,星出
78,62,上枝
236,245,江平
136,227,桐
152,158,岸村
63,0,管原
184,200,烏山
52,186,稲月
176,75,井倉
175,45,岩泉
201,64,櫛谷
66,135,窪野
56,65,船川
156,55,大津留
132,255,畑岡
48,100,木伏
174,219,矢次
101,136,稲元
19,46,温水
55,13,加畑
107,109,気田
146,161,周防
36,243,初山
25,5,新郷
28,213,請川
132,33,舛本
237,173,増成
102,103,樽川
230,247,津上
236,85,日向寺
35,232,平安
16,64,末政
140,124,脇屋
192,9,梁取
247,118,明瀬
153,179,名島
219,102,堀上
104,217,淵脇
15,134,登内
170,153,伝法
158,33,川和
152,0,青嶋
104,207,翠川
88,247,妻鳥
145,18,戸枝
236,143,穴水
111,40,窪川
8,107,関藤
75,32,関森
168,55,横林
213,152,脇阪
60,129,福見
144,210,内園
194,105,谷貝
34,72,舛井
71,12,市島
120,216,溝下
48,31,更谷
253,43,広内
182,49,玉本
0,146,久保村
154,238,奥薗
153,31,羽村
212,34,宇城
165,147,湧川
146,54,冨谷
141,227,板本
177,238,竹藤
222,166,太
217,207,倉掛
174,4,松土
144,11,佐東
21,121,後山
221,131,海部
24,252,奥永
96,2,猿山
90,181,隠岐
10,172,一関
234,43,井塚
208,166,有竹
128,121,名古
33,89,味村
246,141,八橋
87,10,田栗
77,225,長濱
145,138,草木
31,175,相見
37,104,浅生
190,54,石脇
223,191,星井
217,18,菅崎
167,10,垂井
82,254,森分
18,133,小比類巻
105,208,寄田
110,216,岸根
19,156,下池
124,76,井高
14,103,楡井
156,76,木脇
83,135,木ノ内
255,229,保立
3,7,平村
211,186,福代
115,104,比護
17,45,仲座
210,84,中曽
70,153,谷部
84,224,大阿久
204,71,世羅
171,145,神薗
17,74,小吹
41,159,周東
212,159,貝森
215,57,下尾
204,177,伊津野
16,11,平郡
173,83,柏尾
63,168,仲摩
236,16,上橋
26,100,好井
21,144,下館
241,245,岡坂
111,119,宇戸
212,182,六田
85,145,畑島
155,132,梅北
28,126,田牧
182,33,静間
71,171,生熊
232,201,小溝
50,189,小井
164,83,柴岡
177,171,室本
251,232,三溝
168,84,笹目
177,17,栗尾
11,214,桐島
0,117,叶内
242,205,煙山
41,254,永澤
219,154,伊牟田
28,36,嵐田
228,177,蓑毛
181,184,末森
255,95,堀谷
139,111,峯島
227,39,米重
36,237,白橋
231,148,忍足
154,39,南崎
68,12,辻山
81,136,成重
10,128,小鮒
0,49,小井戸
243,226,肱岡
56,152,江黒
137,6,金久
225,252,杵淵
159,253,吉平
218,128,岸波
198,195,関上
70,189,瓦井
180,173,蓮実
254,254,木野村
31,98,尾曲
100,55,播本
251,210,二本木
191,215,楠野
222,185,頓所
204,79,道川
181,60,唐橋
118,13,川道
198,13,真方
177,114,小窪
52,224,志和
15,233,佐生
61,155,古高
153,207,宮之原
78,207,岩塚
140,160,樫野
134,157,円尾
128,92,益井
59,123,背戸
38,42,堂田
82,171,田賀
94,50,虫明
221,157,竪山
72,84,三城
140,33,佐和田
234,50,高師
163,74,金盛
144,198,桐ケ谷
241,10,汲田
158,73,外尾
183,133,外館
135,163,横路
83,51,一谷
235,93,筬島
205,113,名原
139,135,牟礼
82,216,能城
190,229,徳地
118,97,椿山
26,250,通山
60,54,仲林
120,248,大利
85,69,浅場
76,37,石木
217,27,生天目
190,180,助田
84,71,住井
199,161,山極
153,25,岸谷
153,91,榑林
12,233,目良
90,32,南園
115,240,得田
217,72,生山
245,28,真庭
91,133,舟生
79,233,高妻
57,114,金親
78,8,岐部
17,101,釜野
54,123,下垣内
27,198,岡森
82,204,伊福
235,77,豊口
36,6,平地
71,209,桃谷
225,134,田ノ上
123,138,宅野
55,232,西間木
224,70,深松
171,217,森勝
132,49,色摩
115,61,山石
130,241,座間味
30,6,宮石
181,17,河江
135,249,羽立
235,161,渕脇
54,236,来山
43,229,柳野
155,130,南島
47,115,当房
169,55,湯野
93,116,鶴島
70,191,猪鼻
122,232,中部
225,33,竹端
4,182,浅葉
71,84,政本
22,238,常山
115,38,上柳
145,19,周
207,55,三津谷
32,70,合沢
207,228,合屋
60,90,橋山
137,239,吉行
247,156,来住
199,51,入川
199,7,日詰
226,240,島井
169,16,張本
233,132,大神田
170,6,水品
100,137,七沢
175,112,山入端
92,225,笹子
30,225,作道
27,120,国仲
51,79,金元
55,237,宮中
243,245,河内山
225,7,井堀
194,237,井熊
167,35,矢尾板
75,11,明智
237,89,桧森
10,46,村嶋
158,45,浅石
66,79,菅村
121,132,椙本
165,158,宗近
190,81,国村
154,29,古坂
148,16,岩満
138,31,黄木
81,176,稲石
248,121,木許
139,96,穂刈
8,12,福長
189,113,梅島
211,239,田林
213,68,大段
237,181,盛本
113,228,舟本
126,92,佐分
76,95,甲村
178,248,窪谷
25,242,窪寺
138,184,牛窪
25,196,角岡
54,23,横松
248,143,羽成
52,243,堀ノ内
183,108,北平
85,30,北地
72,192,平根
224,249,東間
44,179,貞包
95,90,大方
47,79,帯刀
35,138,蔵原
168,225,前西
223,50,千歳
211,250,初沢
54,32,三本松
99,107,蟻川
109,222,釜本
88,148,黄瀬
92,196,為我井
200,138,友光
252,3,坊
166,80,冨井
191,124,匹田
172,226,備前
157,212,那波
202,28,大峠
197,199,松添
108,70,小長
39,59,持木
244,221,江嶋
156,35,塩浦
164,239,木越
65,83,保住
230,170,縄
54,190,島影
113,142,定森
105,27,村椿
235,244,小野島
136,128,高司
233,243,熊岡
96,130,久保谷
146,184,花坂
244,32,乙幡
247,132,桶本
120,38,井戸本
113,74,伊林
210,83,穐本
114,185,阿佐
137,1,安土
35,115,井東
71,161,河原木
57,30,関東
167,126,秋友
206,91,諸角
164,2,小藪
156,155,成塚
57,78,唐牛
241,20,日渡
135,182,美山
156,68,馬場崎
252,162,定方
78,156,辻林
236,173,長浦
209,118,壇
108,106,前地
4,222,西東
127,87,森迫
247,102,小豆沢
57,5,小篠
62,76,宮嵜
20,207,釜
67,36,海瀬
65,224,塩貝
87,188,伊賀上
185,133,有安
219,220,友近
170,254,野々宮
245,9,野水
29,200,美甘
137,127,二階
47,198,島口
17,141,天白
78,127,沢部
147,97,造田
164,10,雀
118,217,床井
0,229,桜川
245,158,紺田
89,180,高際
232,135,郷家
142,157,岸山
210,238,舘岡
67,67,間藤
193,199,塩瀬
133,205,遠島
125,125,芦塚
42,237,野部
7,8,堀金
183,41,板村
171,96,二又
15,195,二戸
17,209,田幡
150,165,塚脇
192,125,世古口
36,130,神鳥
132,68,森保
160,95,信川
170,195,城後
162,15,小角
77,46,戎井
204,154,栗須
128,19,灰野
49,69,河原井
159,198,當間
219,243,与那
48,66,門林
200,148,樋熊
85,249,二本松
116,144,奈良原
175,127,宅見
49,254,折出
148,139,石畑
33,129,水鳥
119,105,鹿児島
237,241,今富
62,176,牛沢
86,57,宮間
27,28,皆本
155,97,海老塚
105,215,我喜屋
10,129,越谷
189,228,友納
188,45,夜久
59,32,椋田
70,64,梅
53,123,日当
235,126,内木場
55,190,竹久
35,31,足助
38,245,前薗
89,59,上迫
94,88,上道
193,110,山河
43,248,戸坂
31,30,古牧
126,249,幾島
14,6,漢那
185,180,下宮
111,179,伊佐地
110,92,名川
254,96,比佐
234,37,半場
209,31,萩元
9,102,鳥潟
212,174,長壁
117,191,竹間
159,81,大城戸
189,143,生江
91,102,新部
26,127,上保
69,208,重留
48,246,軸丸
55,217,四ツ谷
61,128,三倉
30,228,三鬼
158,174,稲崎
150,228,簑原
60,240,簾内
169,23,末村
189,133,畑佐
85,101,日紫喜
209,190,池渕
204,69,但木
117,216,初瀬
74,196,紺屋
238,182,高水
54,191,関下
157,96,磯上
149,29,井尾
15,172,伊志嶺
137,176,伊
55,212,眞鍋
62,35,和多田
159,29,槙尾
155,204,北向
149,14,平安山
121,156,樋高
81,83,猪川
13,138,中宮
5,84,谷戸
121,228,打矢
237,252,仁村
103,149,上之園
220,143,小市
37,234,山盛
159,119,久安
126,156,河戸
154,151,塩
249,94,蜂須
141,89,保
255,211,平池
0,14,入交
237,223,奈良井
121,57,沢田石
37,240,正本
200,188,水尻
205,95,神辺
50,246,神蔵
185,56,森塚
166,55,松生
86,202,鹿谷
2,168,妻木
37,250,鍵和田
1,164,穴原
120,41,栗川
128,4,郷野
69,97,宮松
155,81,永元
118,255,伊勢崎
154,56,和仁
40,75,和山
67,63,有永
73,51,麦田
255,122,猪井
91,106,中満
178,78,大空
83,47,星合
197,50,数藤
234,106,庄内
160,171,小田木
118,173,小前
68,160,柴木
83,18,光延
120,103,逆瀬川
60,161,間々田
15,222,角掛
142,72,羽島
185,182,磯和
131,240,野寄
98,98,楓
238,0,半澤
72,103,白上
236,161,日和佐
183,56,朝香
110,31,池西
8,239,真殿
71,93,森澤
12,92,上埜
166,231,小太刀
236,213,守川
227,161,四井
88,75,幸島
19,165,曲田
154,26,魚田
168,213,宮根
68,215,吉内
207,199,舘林
73,229,下方
10,126,粟国
236,75,安喰
230,26,恵美
113,203,月山
175,20,古角
255,245,洪
91,184,谷古宇
52,185,北添
234,75,木間
161,161,澤木
164,147,扛
127,50,養田
20,171,網田
14,49,北市
10,213,福徳
12,65,沢目
122,58,村主
172,55,出石
69,9,時津
160,6,戸根
11,5,栗沢
148,241,近江谷
102,2,影浦
93,147,卯野
53,60,稲塚
35,29,立入
132,187,幕内
95,174,北城
143,189,福泉
253,167,富久
203,37,追立
207,44,沢原
63,83,西門
218,61,小脇
107,218,嵯峨山
47,64,郭
99,245,角崎
78,76,河手
214,102,宇野沢
138,107,粟生
114,0,本地
122,179,伏谷
128,32,赤谷
157,137,積
138,5,杉渕
193,127,諸江
83,146,祝迫
237,123,枝元
200,77,山吉
12,68,三成
140,235,好田
57,53,玉造
235,99,奥浜
141,250,永広
49,30,友重
230,79,野々上
149,253,槙島
156,205,保苅
72,154,渡真利
150,206,渡久山
173,252,猪上
111,243,沢入
201,219,川江
27,213,石角
227,15,青鹿
222,228,上前
126,152,阪中
52,24,荒内
241,9,荒屋
219,246,月村
189,195,宮丸
86,104,吉福
64,124,斧
80,239,貞松
45,193,大須
133,82,村部
219,152,船島
158,204,水
223,22,神立
191,186,小網
192,240,秋
142,55,広浜
198,144,金岩
157,218,鷲塚
169,117,薬
10,146,毛内
149,91,明野
45,139,満
170,74,武士
30,8,富家
248,222,播摩
173,136,長渡
83,209,鷹觜
198,151,多和
132,190,小森田
5,214,三鍋
53,23,嵯峨根
205,139,佐沢
225,239,高津戸
216,112,向中野
154,246,兼光
219,200,隈
13,173,各
187,120,梁田
228,252,薮中
3,86,木名瀬
206,128,平生
47,144,浜道
176,65,飯吉
137,48,八重尾
135,166,津端
53,163,竹生
204,45,大湾
54,185,草壁
77,172,川嵜
237,152,瀬能
55,202,神宮寺
104,191,城尾
73,67,小佐井
71,162,芝池
91,251,最所
255,96,佐々本
20,91,近石
71,179,久武
50,198,掛札
208,40,夏田
7,46,羽下
35,139,和合
207,246,冨松
107,101,飯星
201,127,二渡
63,30,嶋川
208,30,登尾
62,180,天願
40,57,村社
243,24,船原
95,34,星屋
2,182,樹
114,33,手束
145,13,持留
162,159,鷺坂
5,50,今市
52,31,国米
220,178,幸松
29,178,兼山
223,74,吉家
65,164,儀保
162,167,我孫子
231,95,歌代
189,177,益川
201,82,林野
126,37,梁井
157,158,大湯
184,28,赤須
95,1,榛沢
58,15,松栄
225,14,三阪
47,246,館林
126,0,塩地
167,141,安瀬
222,161,阿万
156,180,簑島
29,111,鈴置
84,168,来海
20,240,有地
144,217,嶋倉
24,18,登山
127,187,大古
31,56,小峠
72,21,小仲
252,110,勝倉
131,87,才川
117,30,砂野
102,102,国近
186,83,関水
154,109,栢木
152,114,梶木
111,159,仮谷
169,47,奥岡
201,3,安山
134,131,毛受
229,60,本原
98,250,普天間
71,130,日名子
156,3,道中
184,156,藤池
29,255,渡来
39,248,倉津
198,8,説田
253,23,上釜
234,151,篠島
111,127,鹿取
64,136,阪部
24,126,古幡
57,8,古田土
193,136,隅野
76,233,葛本
180,109,下迫
54,95,烏野
74,215,涌田
134,89,茂
226,115,舞田
94,149,田阪
116,42,筑井
97,25,大曽根
193,182,澄田
152,207,水澤
196,224,須本
29,219,仁部
24,113,新居田
66,77,上居
212,201,春
184,26,出射
195,199,公平
122,30,五百川
111,234,金枝
105,82,飴谷
1,49,有友
21,170,有藤
206,245,木地
81,190,八束
223,63,池嶋
60,1,倉品
15,183,先田
100,8,是松
194,228,水梨
221,133,小番
236,211,橋崎
115,84,巌
214,115,下門
148,76,一森
201,57,和光
103,136,鈴山
137,63,又野
177,230,貞森
223,255,珍田
179,153,長谷井
148,53,大櫛
225,251,草山
187,164,西依
50,10,清武
207,218,上畠
229,164,三松
5,97,後迫
157,110,玉崎
188,158,角間
255,223,翁
63,122,奥宮
15,181,安次富
143,78,矢守
144,18,名塚
93,158,盆子原
14,249,福安
55,148,湯瀬
119,144,長柄
46,31,達
138,221,大広
124,172,相庭
145,106,政所
145,10,杉町
228,111,吹越
214,175,神取
113,77,新江
113,123,小濱
85,23,小県
76,71,市成
210,75,弘津
82,41,鯉江
208,56,窪木
35,68,紀藤
185,77,荻堂
66,226,永浦
188,166,一倉
113,138,安座間
216,56,老沼
239,23,林谷
212,128,野竹
128,35,俵積田
10,175,道岡
50,247,程塚
146,182,蔦谷
53,30,長迫
239,55,仲嶋
244,130,茶園
134,33,大鋸
14,80,川真田
172,132,崎
175,118,堺谷
228,88,戸ケ崎
187,218,慶田
165,156,屋嘉比
104,218,浦瀬
29,231,安留
82,115,野場
70,149,豊野
20,3,淵野
186,74,飯浜
83,221,長石
225,177,川原崎
47,130,石中
21,67,植島
33,244,譲原
160,253,山吹
162,104,高頭
104,9,原賀
141,147,見山
87,13,菊地原
207,190,韓
19,52,栢野
113,118,海道
91,190,伊谷
156,125,堀中
109,192,宝満
175,250,浜出
179,37,馬場園
122,147,池岡
65,105,沢江
139,14,宅島
13,234,大歳
121,124,西見
168,237,正
49,108,栖原
186,172,常深
158,182,宿里
72,87,秋川
202,46,汐崎
235,72,市坪
133,224,四条
234,223,讃井
65,171,黒
24,125,甲地
126,99,江渕
13,160,後村
115,11,外丸
48,85,音羽
28,97,塩浜
233,241,羽部
166,132,井辺
223,155,阿見
133,121,万野
115,175,保延
215,217,福与
13,13,萩山
20,183,堂上
135,61,土志田
143,10,登川
69,181,中館
80,46,三明
181,37,綱木
185,167,鍵田
139,2,許
212,82,宮廻
117,207,久保園
101,160,嘉瀬
237,80,嘉戸
130,233,下森
52,156,雲井
77,251,井料
107,28,礒谷
205,151,林口
19,28,流石
11,185,油野
37,91,麻植
77,100,片石
198,191,田母神
44,166,竹馬
142,71,新穂
114,189,小芝
113,68,秀
42,228,市塚
187,116,三箇
190,243,甲山
24,195,江波
255,137,兼井
123,113,金巻
253,143,近間
201,143,兜森
196,229,荻窪
176,227,横岡
111,175,押部
99,130,宇治川
247,121,安尾
48,44,里山
170,124,野溝
243,22,堀正
35,19,峯本
94,48,保川
33,45,並松
176,74,浜内
127,212,尾添
39,128,檀原
43,3,多
57,191,倉山
2,129,森宗
144,172,上部
245,117,松友
161,144,重成
66,173,蒲沢
247,155,梶ケ谷
175,106,貝谷
1,149,河岡
0,109,宇治野
160,127,保母
168,141,楳田
25,237,内池
79,89,徳広
101,7,田方
97,222,張間
246,245,新矢
202,13,織原
61,9,上瀬
22,121,照内
5,244,若竹
22,1,三保
1,47,笹嶋
43,198,阪元
46,250,権代
56,63,夏川
107,230,安徳
147,122,粟根
51,226,芦名
153,5,縣
3,208,矢板
59,99,野々部
225,162,槙山
1,121,別井
49,25,白髪
191,56,豆田
37,249,泰地
13,175,川喜田
69,224,糸魚川
56,76,黒津
192,254,荒畑
143,60,胡桃沢
87,170,権
87,120,海川
229,211,華
139,83,愛川
171,231,明賀
192,72,峰崎
20,71,福室
59,126,巴山
186,44,東園
250,46,鳥田
221,214,丹田
77,161,真
221,90,志鎌
233,225,山津
20,78,原中
255,11,岸良
91,132,笠嶋
104,164,掛田
168,137,柿山
247,182,浦郷
183,84,末宗
24,118,峯山
232,233,飛鳥
180,214,板持
90,247,椎
41,35,大郷
123,2,船生
70,45,西津
37,102,上城
49,80,小紫
200,109,七
73,60,坂之上
155,145,根立
56,85,高力
132,244,高子
251,119,桑谷
95,76,吉峰
166,40,羽地
200,229,利田
191,105,門岡
47,17,満井
172,146,能沢
184,84,島尾
41,154,天坂
126,150,朝永
88,74,達川
183,251,大芦
106,123,西峯
243,206,盛川
70,243,沼畑
57,61,小名木
243,45,出戸
200,139,四倉
87,55,五郎丸
221,228,君和田
67,231,間渕
250,64,釜崎
215,213,奥迫
29,189,堀下
78,223,房野
7,201,保崎
68,217,畠野
238,65,馬見塚
227,112,田野井
44,134,中畠
246,213,谷越
108,169,霜出
67,27,折野
43,58,折尾
179,88,税田
8,96,種本
37,125,若江
26,166,戸津
207,32,古戸
77,61,宮副
122,4,覚張
0,219,井福
131,5,保利
96,124,平敷
77,217,徳平
178,77,島森
190,40,栂野
254,105,津志田
64,243,仲内
220,19,大豆生田
85,219,村手
147,102,倉増
214,9,畝本
79,63,小櫃
106,87,小亀
213,208,江塚
223,70,後川
168,4,月川
236,179,駒林
220,229,錦見
117,192,宮阪
137,116,吉泉
32,147,岩熊
242,83,灰谷
189,220,押方
51,244,柳元
176,200,野呂田
47,168,目野
47,22,末
229,23,穂満
46,75,片見
208,172,平吹
161,145,浜岸
219,210,百合野
206,124,白数
50,95,毒島
236,229,土沢
0,144,則松
72,47,蘇武
131,248,森武
231,214,城倉
133,150,上見
10,173,手柴
230,137,鹿目
113,151,皿井
242,16,古渡
181,53,兼清
81,172,宜野座
108,187,梶塚
150,98,角地
64,188,我満
112,105,羽川
117,134,和野
99,31,養父
96,226,米塚
100,13,武隈
154,12,畔蒜
248,209,藤長
53,68,津布久
244,83,中南
1,161,足羽
247,68,草加
203,198,石割
47,85,正路
65,232,水藤
109,1,須々木
154,244,深石
243,89,常石
104,107,松堂
153,252,妻鹿
163,239,佐々岡
126,60,二葉
135,65,高椋
90,7,後野
5,136,嬉野
131,68,遊馬
71,157,末川
53,32,茶円
29,38,谷浦
86,21,荘
70,185,宋
228,2,曾山
93,51,浅津
133,134,千代谷
119,44,青崎
12,102,瀬井
218,32,森兼
236,64,森浦
176,133,松金
100,232,小舘
116,73,市倉
102,107,佐崎
185,45,行川
102,120,戸出
16,146,兼森
26,120,桑波田
213,209,窪山
180,233,鎌滝
139,121,垣谷
188,57,安高
99,115,鯵坂
41,25,籠谷
94,129,柳迫
255,124,矢坂
29,213,目代
103,140,明比
51,71,墨
176,182,百
202,224,白澤
1,144,徳森
52,15,藤ケ崎
98,104,桃木
110,155,田波
53,47,長塩
111,103,中重
151,170,西正
55,92,清井
50,66,松末
45,33,重冨
125,176,若田部
30,246,佐本
128,91,国藤
119,232,江南
211,111,桑垣
48,17,久保島
178,40,吉嶺
130,80,亀卦川
75,206,笠本
226,254,園川
246,79,一橋
68,166,淀
11,184,芳山
155,213,島山
92,6,朝賀
149,197,大谷内
249,61,速見
45,1,石榑
245,90,西俣
65,211,真名子
232,210,小桧山
28,233,小久江
112,165,漆戸
44,106,財田
93,91,高居
75,72,光石
184,160,嘉手納
71,155,立和名
97,241,本道
151,42,北詰
129,173,白垣
163,125,鶴沢
198,182,鎮目
80,156,大瀬戸
117,129,太田原
15,185,多久
247,75,星本
126,145,真瀬
243,129,新浜
138,206,宗川
164,212,市
29,183,四ノ宮
109,154,三方
53,217,佐久
104,88,岩辺
220,145,角尾
134,22,家崎
135,210,力久
232,231,有園
231,122,末野
235,120,畑尾
48,115,唐澤
35,209,冬木
23,205,田垣
224,174,定本
2,247,潮見
92,212,竹垣
191,210,池ノ谷
204,41,只木
113,177,倉茂
113,101,青海
104,196,菅又
183,91,翠
71,49,上木原
196,150,勝瀬
65,17,今石
25,86,腰山
202,78,高中
166,246,江
54,184,境谷
149,194,宮司
182,57,吉坂
128,88,岩名
132,99,河畑
82,46,横張
155,1,越塚
159,183,阿波根
243,194,澤本
217,114,利川
100,7,有住
45,172,浜坂
49,180,馬橋
232,189,日比谷
241,148,日影
131,224,楠目
107,211,頓宮
238,124,鉄
26,45,濁川
51,137,待井
5,217,川竹
50,158,瀬之口
140,189,上仲
89,203,松広
221,198,三條
14,115,細萱
124,11,国司
48,7,高光
3,74,宮倉
70,141,喜島
102,64,河渕
208,210,友安
53,130,末益
181,152,並里
85,185,浜部
243,0,尾又
247,110,楢本
27,102,内薗
122,154,藤宮
113,199,渡海
1,251,津賀
177,70,中目
135,154,中熊
113,221,城村
16,50,秋村
229,213,篠川
218,154,山仲
121,108,弦間
99,105,強矢
129,3,吉戸
40,142,関内
140,241,柿下
57,180,塩畑
199,1,阿賀
248,9,里井
211,99,矢田貝
240,18,又木
2,149,武宮
32,157,八反田
5,224,釘崎
186,180,定松
160,178,中坊
89,210,中場
14,83,沢内
61,52,大信田
27,43,仙道
232,17,是川
196,24,勝矢
106,201,舟川
130,218,幸崎
134,231,浦松
122,12,廣岡
131,75,倭
73,227,里川
5,104,本家
169,123,伏田
96,166,長光
17,98,谷渕
125,149,瀧田
196,140,大代
90,249,川住
44,198,赤土
35,169,室町
61,231,指方
147,54,三辻
129,137,三ツ石
17,61,根石
68,176,高荷
4,18,金石
85,115,嘉屋
54,192,井林
153,254,鈴井
66,201,立浪
217,181,野波
76,251,末弘
224,32,北住
106,5,美和
123,12,入内島
210,123,槻木
214,246,長谷田
141,78,茶屋
233,43,多鹿
202,52,織本
142,108,小圷
124,54,小塙
179,150,小谷田
47,148,左海
240,190,今倉
119,96,高上
164,43,金松
184,51,久志
146,22,鞠子
128,87,我謝
6,19,下茂
107,236,岡正
8,251,押久保
183,89,一寸木
115,234,依岡
137,197,西馬
213,17,雪本
251,77,倉成
185,201,多治見
70,27,大牧
9,222,辻下
103,10,田籠
250,102,日坂
214,51,埜口
18,103,飛内
46,32,富重
75,70,普久原
17,153,福塚
83,16,流
112,34,眞田
222,126,生地
12,209,菅尾
225,56,森河
187,157,上家
131,95,小茂田
19,164,室野
165,64,山野内
138,40,見原
98,144,宮道
230,241,久森
26,194,喜舎場
29,94,岩竹
83,159,鴨
12,53,横町
43,221,遠峰
232,56,円子
42,210,和佐
78,173,友村
137,185,柳村
205,157,網倉
164,95,北薗
218,196,福園
186,158,馬木
174,192,日根
97,183,東一
51,159,渡名喜
57,111,椿井
3,63,倉松
200,101,瀬野尾
184,137,森次
46,47,新内
255,235,山橋
97,247,坂江
206,206,佐渡山
215,101,喜多見
55,169,加々見
60,62,安蔵
218,131,萬谷
116,84,門永
162,165,木多
145,141,末延
175,121,染田
170,107,石引
72,196,瀬端
252,83,杉藤
153,26,厨子
0,137,出合
254,13,若崎
71,180,室木
242,226,山王
72,165,佐近
172,52,黒飛
13,238,君嶋
244,237,駒津
35,136,居川
24,90,丸屋
54,234,榎谷
171,232,羽富
139,74,宇津宮
223,117,稲継
238,1,一川
211,225,辺土名
224,54,畔田
38,233,縄手
186,150,渡貫
174,101,棚村
47,223,曾根田
77,74,川中子
255,201,成木
79,252,信濃
229,175,松清
97,200,小上
78,68,三戸部
72,63,笹渕
22,86,最首
8,150,高添
211,35,高貝
251,158,海
213,146,磯井
250,226,庵
55,112,安海
53,1,阿由葉
80,145,茂泉
8,194,牧尾
173,246,平家
240,128,道林
42,80,浅野目
167,129,親松
189,122,上池
247,135,松雪
149,79,舟見
151,43,采女
13,211,砂本
162,135,後呂
228,122,兼次
88,144,角口
53,108,磯前
129,219,崔
125,206,余川
117,136,尾口
199,13,峠田
212,249,町谷
17,162,仲丸
250,215,地下
136,113,村地
63,235,倉見
246,154,千綿
244,239,森忠
171,180,常住
239,139,重広
66,112,受川
166,102,酒徳
225,142,三ツ谷
53,206,三ケ田
220,31,砂辺
172,152,高堂
10,149,溝尻
101,69,角森
211,33,印牧
204,87,安友
223,65,敷田
207,141,祢津
54,160,定
107,44,仲真
44,224,中池
19,190,丹生谷
113,86,帯
38,101,掃部
15,169,千々松
144,30,西室
156,86,星沢
135,201,森繁
28,80,城之内
228,108,庄島
203,132,紙本
243,231,崎川
154,187,細岡
142,183,砂場
254,48,向畑
36,92,戸祭
131,86,興野
159,98,牛場
139,132,巻口
7,35,越石
139,1,井手尾
252,113,井奥
213,177,伊久美
77,73,松若
141,123,上柿
201,72,増崎
25,26,滝元
217,166,沢渡
231,253,炭田
61,142,猪
113,174,塚
88,3,砥上
222,16,砥綿
186,29,内記
199,127,納田
237,44,敷地
163,3,武尾
209,179,北坂
248,87,与
102,131,鰐部
42,119,宗政
34,80,伊計
121,125,育藤
193,236,花立
59,161,萱森
216,230,丸石
63,193,岩井田
127,176,鬼原
171,240,久堀
148,14,曲山
243,5,栗屋
8,168,桑鶴
125,67,兼久
97,52,五戸
109,119,工
21,238,今原
206,12,氏川
144,29,種谷
201,49,藪中
33,1,落
98,191,鳴滝
165,221,米坂
132,151,平館
248,217,文字
138,186,比田井
124,185,箱山
59,234,東平
148,115,猪越
153,66,船間
26,178,川筋
163,106,西埜
135,234,腰原
182,68,光宗
183,24,戸館
48,207,月館
117,179,杵屋
241,153,家中
100,228,岡辺
240,175,横枕
0,148,横見
2,152,押木
254,41,柳堀
72,241,満岡
67,103,牧岡
160,66,保倉
131,140,平佐
77,54,飛山
71,216,入井
1,250,追川
60,89,茶畑
218,110,池澤
4,35,丹原
27,9,大仁田
199,197,相野
23,105,祖田
122,41,前澤
46,27,川代
128,103,松熊
244,113,小八重
144,225,諸永
223,0,山成
71,178,窪井
229,241,牛腸
173,226,関場
235,131,釜石
48,126,嘉悦
64,151,横原
95,52,安成
158,246,礒辺
172,225,澤山
70,132,揚野
127,43,木根
117,204,片本
184,67,布山
159,190,富士原
209,208,白濱
8,213,津下
52,46,中井川
190,189,池脇
139,108,大良
242,133,大宮司
90,19,清和
73,220,新徳
26,34,初芝
139,29,桜間
60,106,佐保田
224,90,原科
36,88,舘田
121,178,伊深
195,100,井脇
31,48,歌田
39,177,甘粕
46,219,金古
62,111,五十棲
248,106,広地
94,74,溝脇
210,97,小嶌
8,60,松苗
184,140,沼井
221,225,乗本
202,20,水山
212,238,炭本
254,129,貞光
122,140,東良
22,95,百井
252,172,布留川
188,223,北折
157,217,蓑原
45,252,明山
249,42,矢津田
210,156,友森
192,156,米窪
192,84,平安名
171,166,冨野
51,46,堂野
195,73,湯澤
136,192,東峰
35,3,津野田
42,116,谷森
96,208,滝石
25,152,大鷹
118,190,増森
230,198,赤江
252,59,西垣内
138,98,常泉
49,64,小井手
216,140,四柳
175,220,三木田
170,156,荒本
139,180,近重
219,215,戒能
250,169,河原林
118,59,餌取
132,71,羽佐田
32,90,烏田
191,98,安ケ平
222,112,阿彦
103,175,蕨野
105,220,野垣
171,61,木川田
28,134,湊川
149,225,板沢
86,149,馬崎
15,118,日名
190,192,東久保
247,253,田爪
53,81,津原
177,52,中納
137,29,大道寺
231,141,赤
225,85,清崎
188,224,小管
244,148,兼古
109,231,経塚
222,224,桑崎
137,174,笠田
105,5,改田
178,139,夏見
40,221,下枝
64,58,阿佐美
17,47,阿江
204,139,和泉田
254,198,立谷
94,22,矢形
39,155,芳井
176,57,物井
48,145,冨澤
37,92,飛鷹
149,13,馬詰
198,84,能代
12,182,日
127,224,徳吉
145,47,道原
146,176,東松
236,139,鉄本
26,254,長富
164,230,中静
131,190,代
81,229,多喜
251,90,川邊
220,168,西戸
51,131,山蔭
153,4,桜山
127,201,高清水
52,91,溝越
114,56,恒成
219,12,古石
203,251,兼村
6,117,越沼
191,187,阿出川
152,30,和多
226,158,友常
72,157,保原
178,102,半藤
19,188,八神
57,214,奈須野
99,106,藤後
229,95,唐田
137,47,仲岡
3,42,中牧
142,209,中峰
17,241,竹入
174,102,先山
249,201,雪野
127,196,主藤
33,126,若色
76,116,寺平
141,145,三並
189,229,三柴
139,168,薩川
58,63,絹田
34,226,久枝
212,213,下倉
181,164,一岡
244,88,安次嶺
13,126,廣野
49,46,野々川
177,118,毛呂
16,201,福成
165,62,洞田
75,61,蝶野
22,190,滝岡
215,74,宗広
212,0,志沢
188,162,笹淵
251,162,光崎
139,52,吉末
143,180,亀
23,255,井狩
91,78,輪湖
40,119,野際
232,202,木所
90,5,北瀬
248,184,平藤
186,203,鳩貝
69,72,藤曲
83,177,島守
82,167,茶山
250,42,大堂
223,66,太宰
199,188,杉川
200,49,松館
16,83,山之上
96,193,吉峯
212,187,亀倉
160,122,気仙
5,213,椛田
32,155,垣原
38,20,安並
243,11,柚木崎
118,34,野々
110,154,名護
145,119,服巻
187,239,尾立
249,107,板崎
62,51,陶
141,109,椿野
81,76,大隣
55,127,浅妻
78,200,諸留
24,163,重石
153,225,洲脇
94,254,朱
173,112,三雲
253,210,高里
236,203,厚木
26,163,恵谷
23,120,郷古
81,60,牛渡
109,220,岩政
4,132,下嶋
166,226,岡添
210,64,穐田
58,204,柳館
139,9,綿田
255,75,豊吉
248,237,保手浜
27,68,百合
201,21,飯窪
187,27,内河
82,89,得丸
123,45,長棟
109,11,中市
50,219,中舘
25,122,竹末
196,38,大富
89,154,大霜
171,191,大貝
237,66,太田代
124,157,川和田
97,86,杉永
174,212,須谷
252,163,小豆畑
91,34,寺見
79,29,菊次
108,15,椛山
234,235,外島
33,212,雨貝
196,10,羽切
185,72,磯脇
101,32,伊良皆
44,122,宗藤
235,4,出本
61,86,水溜
245,209,嵩原
220,189,赤座
201,170,貞弘
146,147,田鹿
250,242,東沢
161,110,道又
95,70,梅下
230,108,迫口
122,112,八下田
38,143,平位
52,148,明間
34,27,蓮
5,42,浪崎
227,171,鹿糠
168,178,高沼
127,138,五来
150,111,櫛山
27,247,居城
6,91,宮久保
102,219,吉河
108,221,菊入
215,107,垣下
84,7,岡室
192,127,稲橋
42,160,井嶋
25,135,井越
242,44,安嶋
184,8,安場
241,143,綾田
37,182,澤谷
228,1,廣澤
111,79,有満
27,183,片根
249,69,尾鷲
128,215,備後
3,248,日根野
127,17,定塚
237,126,沢中
229,187,大鷲
56,90,大束
234,196,善
179,13,石母田
178,254,仁田原
45,62,小部
60,24,住江
108,46,柴川
41,31,元橋
187,18,権守
61,60,久次
216,255,奥林
161,128,伊是名
122,8,阿河
175,33,畝
253,110,政野
198,4,清重
195,237,清滝
61,194,川杉
131,88,丹代
4,233,端野
135,112,池畠
49,119,竹俣
77,164,竹葉
227,145,秩父
179,129,嶋根
7,166,入澤
64,190,北迫
12,142,面谷
50,186,門奈
141,113,与古田
144,162,陸田
143,101,簑田
90,122,世戸
165,170,一原
42,153,宇敷
66,214,岡口
71,210,岩槻
185,122,鬼武
174,46,玉江
132,5,金綱
55,79,櫛野
136,131,月本
85,161,佐和
72,120,砂塚
188,99,坂岡
166,216,阪倉
183,2,山澤
250,245,時崎
106,59,狩集
238,50,上竹
207,163,常陸
42,94,数田
237,51,野城
173,194,名本
235,9,比江島
224,23,麦谷
29,215,道添
66,63,道前
76,3,忠地
246,221,竹縄
231,84,石高
198,85,西峰
98,75,世永
108,153,上水流
246,232,松高
105,210,小薬
71,115,小江
48,61,雫
69,178,今井田
144,136,古塚
217,230,古後
244,192,吉鶴
58,89,丸地
190,13,下橋
187,123,横峯
245,194,奥貫
135,147,浦辻
253,84,磯口
201,239,蛯谷
77,196,要田
148,73,有間
99,216,柳浦
100,101,鳩山
153,89,八野
188,118,日谷
209,104,仲条
198,18,倉金
163,204,初鹿
16,48,宗本
33,10,七原
65,92,似鳥
65,96,山島
32,20,阪根
10,211,隈井
204,163,窪園
144,181,久須美
66,16,橘本
51,210,祇園
74,249,巻幡
218,23,貝川
219,147,乙坂
58,68,岡澤
52,151,岡尾
106,136,塩村
82,169,濱中
200,137,北御門
86,143,冨江
106,245,尾見
153,159,湯藤
214,168,菅根
219,160,新立
80,219,山後
197,15,佐分利
81,219,佐島
100,179,糠谷
55,39,金戸
144,128,及部
22,146,気賀沢
15,95,永冶
38,3,影井
24,223,安枝
9,153,野並
247,255,満生
90,214,満園
180,101,片村
200,116,板場
44,71,辻浦
24,253,池ノ上
205,238,赤倉
177,77,生稲
144,67,椙村
184,159,真尾
124,139,松矢
20,180,守矢
86,103,時
188,29,寺垣
82,247,山市
94,109,国兼
5,30,五条
122,19,兼坂
67,187,恵木
134,105,旗手
166,74,貝沢
215,120,賀数
189,125,烏谷
125,191,宇佐川
174,73,茨田
16,0,芦崎
235,50,愛知
188,108,帯川
77,133,知識
184,63,中永
25,181,調
193,174,長永
132,92,天辰
211,89,日裏
191,202,入来
251,44,肥田木
117,131,飛島
113,222,美田
74,72,浜武
102,243,鳴沢
241,139,友
193,205,忰田
234,56,渕本
177,144,霜野
31,124,稲次
254,156,越地
193,162,園村
155,245,河波
175,125,見留
60,33,広藤
214,243,高篠
12,26,高泉
190,156,治部
147,241,若藤
69,123,若梅
204,130,松縄
142,124,信貴
26,25,深代
125,207,世利
180,197,船谷
81,249,目片
64,246,芳岡
35,28,難波江
161,34,鐙
13,85,田久
168,139,沢地
172,216,早苗
92,140,川畠
212,148,上米良
224,116,上鶴
114,172,初村
111,238,行成
6,165,広村
115,111,巧
91,22,古嶋
188,114,串崎
129,25,九十
45,160,吉門
6,139,亀甲
117,196,鬼崎
143,140,茅島
219,39,鴨崎
58,41,加園
50,226,岡畑
124,115,押本
41,178,藍沢
38,176,野池
89,22,富成
83,13,日和
140,48,日馬
159,95,廿楽
204,29,田地
218,118,猪尾
66,114,中杉
179,155,蔵満
162,210,船瀬
195,48,須戸
73,233,七種
131,233,兼崎
227,177,金銅
213,62,久保野
23,20,岩鼻
22,201,遠野
180,48,井之口
122,161,安崎
82,240,國分
235,60,和佐田
163,29,由本
60,72,有末
19,115,友原
17,181,野邑
84,107,本石
43,133,墨谷
60,84,藤光
173,127,東崎
51,212,唐木田
172,20,猪山
140,12,池宮城
166,176,大濱
212,255,束原
235,146,霜越
228,139,西広
194,72,小作
0,12,砂岡
89,158,厚海
55,78,魚崎
22,20,宮戸
60,126,貴船
10,147,海堀
13,195,荷川取
84,234,鵜瀬
144,246,瑞慶山
55,144,赤石沢
45,161,船迫
50,185,草原
195,46,道畑
210,250,波間
119,19,畑崎
219,106,八川
183,136,尾越
65,78,伏原
24,26,蜂巣
226,94,牧浦
188,64,民宿
75,188,目次
166,192,弥富
30,12,嶽本
149,72,針山
63,110,種岡
90,125,軸屋
23,207,佐内
227,209,根路銘
80,34,香坂
36,10,金箱
194,60,魚本
58,88,宮薗
168,130,岩滝
251,226,花牟礼
237,255,下松
210,111,永楽
94,34,因
118,47,伊勢村
151,114,伊森
16,214,浅古
123,59,大土
238,228,大年
70,65,沢頭
25,199,竹橋
210,25,仲江
197,113,昼田
55,160,猪崎
111,11,津吹
118,131,栂
146,125,碇谷
32,245,道井
3,111,楠部
108,126,八山
80,243,本園
198,115,鑓田
50,165,川城
158,51,千吉良
124,238,垂石
19,217,神出
162,16,植地
162,230,上内
211,56,昌子
185,22,小名
227,192,三鴨
244,58,黒本
240,247,国保
222,156,江添
36,213,橋谷田
200,23,橋ケ谷
172,186,岩西
100,189,益
48,2,稲船
188,163,水迫
168,138,清谷
188,209,西池
165,82,竹見
188,65,猪島
164,161,度会
50,41,二之宮
16,187,日永
114,202,日光
223,251,馬篭
230,223,樋沢
218,119,撫養
96,38,桝野
86,151,矢追
144,68,友定
21,57,和中
22,127,蕨
56,216,劔持
81,200,小貝
118,189,伊良部
202,66,羽倉
6,8,羽多野
190,246,横本
133,106,荻須
87,187,会川
178,81,鎌苅
175,3,久積
11,244,迎田
133,94,古徳
182,204,五味田
109,178,細内
102,225,笹間
98,143,山領
19,216,四條
10,156,室川
145,149,篠藤
174,80,春井
22,31,檜森
250,199,野入
121,203,名執
172,205,武次
61,55,徳間
195,97,地福
208,6,谷坂
80,122,大居
165,29,前垣
237,39,川相
223,238,西明
105,157,上武
43,73,秋定
182,99,宗和
124,98,時沢
213,106,寺浦
113,232,四位
123,80,三門
196,181,座波
180,130,溝尾
8,234,口石
215,86,桂山
35,208,金倉
182,44,金居
47,237,近久
102,160,魚津
221,178,牛之浜
41,56,牛崎
30,4,弓指
241,52,吉間
2,63,開米
168,226,開原
24,117,花光
160,125,家原
19,124,阿久井
144,178,諏訪田
18,164,椙田
243,243,世良田
161,21,西留
61,66,石地
216,87,早山
243,211,相星
218,212,多田野
33,100,泰
183,200,仲辻
107,46,島ノ江
77,227,島上
13,196,波部
132,117,板原
210,200,片江
241,134,又川
218,93,野呂瀬
151,237,矢持
114,167,矢竹
70,242,友国
0,35,神足
200,253,阿相
60,230,一志
129,34,一二三
173,227,一番ケ瀬
216,197,演田
8,208,河面
113,20,皆越
238,133,樫谷
162,44,岩花
167,68,鬼柳
208,24,久藤
153,147,呉本
162,14,江種
83,211,合谷
118,133,坂山
177,166,出倉
31,228,出頭
76,132,上元
91,25,上総
74,189,森弘
80,233,流田
144,77,頼田
82,62,野秋
97,233,木森
82,95,木賀
60,35,明戸
154,149,平工
190,218,百目鬼
82,50,鉢呂
110,27,楠戸
118,204,藤目
44,121,藤武
5,154,東和
21,55,土岡
66,203,朝隈
249,128,中ノ瀬
124,95,一野
86,124,円田
82,71,皆吉
1,25,外舘
127,204,割石
6,81,吉場
104,114,犬井
8,174,広政
0,111,座安
204,231,笹平
240,0,宗片
44,40,小座間
101,43,上脇
207,52,城地
167,248,数馬
158,99,生井沢
57,9,榑松
88,142,緑
97,186,梁島
135,171,法村
38,162,武馬
103,90,武子
226,114,冨士田
95,139,飛岡
91,125,畠沢
252,107,島名
112,70,島居
141,234,田里
122,54,田神
184,146,追分
133,18,津国
5,99,長廻
100,224,相蘇
229,179,船野
118,31,川久
161,206,森根
156,220,四十物
89,1,古長
166,198,久嶋
7,112,貫名
14,235,河澄
168,64,羽角
62,115,一松
226,13,廣井
130,242,芳谷
167,128,峰野
99,161,尾熊
54,68,樋爪
188,93,藤部
159,111,藤好
87,47,藤河
79,161,棟近
217,147,椎山
3,229,猪塚
212,99,中渡瀬
171,225,池津
100,87,対比地
187,37,石和田
182,93,仁保
131,79,新畑
19,225,市野瀬
49,54,坂脇
182,154,今給黎
239,191,高徳
8,56,綱
58,237,古元
71,122,櫛間
143,80,宮家
145,121,加賀見
153,92,岡宮
35,162,老松
30,72,木城
91,107,平湯
82,84,幅田
74,103,尾石
133,208,博多
243,234,鴇崎
213,20,島林
197,133,庭瀬
240,111,定行
231,79,中広
53,41,大峡
128,50,則本
197,130,千脇
101,143,千藤
90,199,酢谷
191,27,真井
58,117,枝光
16,206,今若
252,74,合川
105,144,行友
207,191,向谷
31,63,光島
160,202,玉島
140,177,久米川
182,187,寄川
183,80,掛布
122,180,奥藤
241,147,柚山
165,65,堀脇
22,237,堀地
236,150,楠橋
239,167,内貴
59,226,栃谷
185,48,鶴羽
90,185,大葉
122,235,村端
187,93,蔵前
51,75,折山
107,219,市谷
120,142,黒見
237,221,荒幡
252,178,光川
94,126,権平
98,66,兼安
145,104,栗脇
191,206,岩嶋
100,161,河路
201,28,越阪部
196,164,井石
82,79,安養寺
62,6,愛須
152,56,増木
122,198,多比良
50,194,大同
249,194,大力
232,223,仲俣
244,74,直田
195,102,鶴木
60,219,田野口
106,60,島方
164,149,道明
41,104,日下田
94,175,波岡
128,143,半井
254,149,末久
117,213,野藤
222,5,溜
211,157,清水川
102,234,秦泉寺
2,65,沼里
200,238,守部
176,86,式部
130,149,汐見
130,186,康
111,167,広実
35,188,後上
48,216,金納
227,78,郷内
23,142,牛谷
4,74,雁部
27,29,屋田
113,168,井木
6,64,井森
215,40,粟谷
215,70,清見
67,78,青森
239,200,川床
147,55,前之園
3,127,荘田
99,207,則包
75,96,帯金
33,179,袋井
22,137,築島
52,87,竹居
83,151,長谷場
123,108,得永
99,23,平上
110,10,豊倉
120,141,夢
74,143,矢間
152,141,尹
196,20,搏林
38,10,礒貝
153,37,藺牟田
132,100,芦澤
150,36,榎元
76,65,横澤
37,156,河元
251,173,栢森
132,25,宮後
53,157,笈田
52,205,駒込
209,84,君野
29,230,結束
155,237,絹谷
135,219,戸屋
220,241,国部
125,190,斎野
237,225,鹿川
242,37,勝尾
36,171,小美野
154,36,森満
60,252,真々田
155,182,真川
154,52,剱持
204,237,豊巻
185,38,保永
5,215,東福
55,210,島脇
228,48,田苗
173,9,池中
253,60,村竹
157,45,前河
225,184,水畑
184,9,埴原
94,55,小賀坂
39,146,坂地
24,190,国久
210,165,喫茶
209,44,菊竹
65,99,鬼海
220,223,岩水
171,133,柿花
207,226,賀谷
122,115,河出
152,198,羽二生
12,229,一見
229,79,竜口
11,205,立神
9,108,毎田
69,89,福池
105,211,冨重
148,201,畑口
53,6,土野
171,86,田吹
88,16,貞末
52,83,長広
233,230,中久喜
90,81,滝脇
240,114,滝浦
28,127,倉垣
11,53,瀬長
179,17,植垣
160,0,小野内
248,116,井神
246,135,臼居
69,141,浦和
79,172,永
104,172,押領司
244,91,岡平
172,23,下家
151,44,駒
179,115,戸野
133,90,荒原
221,97,黒尾
174,0,今仲
140,10,崎元
66,132,山並
200,134,姉帯
4,150,小甲
158,196,國井
69,131,陸
224,42,藍
206,176,薬丸
79,137,本柳
227,43,南畑
221,120,辻上
118,231,長元
82,138,宅和
65,102,善積
40,140,川那辺
181,25,西阪
163,34,生原
240,187,森居
234,222,森越
143,201,山品
7,163,三芳
68,33,三春
127,199,札場
32,193,榊枝
15,225,財満
170,88,国宗
242,4,古茂田
85,206,古垣
225,230,鏡原
186,53,花香
187,161,乙津
132,132,一ノ関
15,36,綾木
252,134,小野坂
185,23,常光
156,197,神近
149,252,成嶋
235,41,西形
65,158,倉繁
120,114,草本
41,5,中三川
146,124,天明
175,163,藤里
143,132,洞内
92,150,八並
61,181,北館
27,80,茂内
33,197,木住野
146,21,門沢
175,203,由川
11,181,立島
103,236,秋武
38,247,阿辺
192,43,為永
102,173,雲野
206,231,音川
204,152,下河辺
209,54,花水
40,128,柿迫
135,93,寒竹
224,63,鬼山
77,199,玉元
240,198,桐越
199,195,近山
1,130,粂井
58,228,高永
104,109,高科
214,32,高芝
38,56,高信
22,103,坂出
38,189,篠岡
226,59,上玉利
51,156,森若
158,167,仲佐
127,15,仲森
93,65,仲矢
14,119,提箸
217,76,桃沢
225,148,徳谷
53,210,乃村
170,42,埜村
82,135,八本
73,253,樋之口
164,110,浜平
69,120,米花
250,90,峯野
151,39,牧元
52,67,本居
174,190,矢村
161,181,矢富
58,245,友藤
232,42,与那原
68,89,井下田
167,82,井沼
8,29,音喜多
14,81,河下
138,219,河角
186,173,柿坂
132,125,岩隈
170,133,久道
223,18,桐林
157,176,近井
178,113,窪島
141,71,形山
142,33,古米
97,206,江畠
213,9,江澤
60,202,溝添
226,37,荒賀
8,84,砂坂
210,37,桜場
66,149,市本
167,159,師井
237,121,七島
10,155,折目
187,219,川良
183,46,大牟田
6,119,滝尾
245,151,中沖
132,158,張山
194,199,長郷
16,120,鳥畑
93,4,入戸野
217,102,任田
112,128,乃一
119,11,肘井
74,224,苗代
58,125,片谷
218,115,片庭
205,5,片野坂
232,7,牧戸
251,249,本条
193,7,名児耶
218,99,孕石
6,127,赤枝
140,84,円井
108,74,横石
184,115,夏秋
3,3,外田
226,69,岳野
135,109,丸一
221,142,桑嶋
202,251,荒船
121,232,荒平
243,189,高井良
178,195,細金
92,84,榊間
39,89,志手
177,245,宿輪
94,110,小鍛治
41,244,松信
83,45,真浦
171,222,水瀬
66,207,成見
120,134,石郷
40,137,頼
203,110,保志
109,85,保高
187,49,平峰
85,253,伏島
97,31,繁野
136,252,斑目
133,147,入村
136,101,唐渡
198,44,田保
194,209,碇山
6,218,長堂
60,231,中茎
119,113,大浪
208,134,多木
195,169,図司
140,233,真塩
153,60,森橋
87,251,阿嘉
221,71,雨堤
137,0,永福
223,8,遠竹
141,27,下窪
244,0,下郡
134,143,叶野
89,9,刈込
111,36,岸元
61,183,鬼村
90,148,金泉
52,58,玄
226,221,五代
119,5,高遠
17,132,細村
74,146,三竹
60,74,小美濃
250,191,野辺地
200,160,福水
150,88,百済
128,186,伴田
79,189,伴場
106,133,白松
138,73,馬瀬
219,73,日南
160,58,南城
52,150,南光
166,142,道見
157,16,島木
55,90,土崎
230,156,田戸
7,0,田元
194,170,船尾
162,238,盛島
89,20,清水目
119,230,杉橋
224,193,新元
178,194,信本
207,145,出嶋
49,193,住永
236,13,樹下
247,215,志々目
138,105,今松
171,107,高濱
97,192,江淵
17,41,玉
39,62,久津間
240,126,王子
237,203,永徳
16,126,永光
143,83,中沼
133,115,中水
28,219,仲亀
183,98,丁野
95,78,張田
40,224,鶴飼
9,167,縄野
174,97,梅元
43,10,博田
12,110,冨里
141,131,布袋
59,212,武吉
90,194,淵本
216,3,豊本
206,122,餅原
218,204,利岡
0,253,和井田
94,209,對馬
48,173,澤崎
192,195,竹屋
125,48,岡里
75,60,下河原
123,236,下内
39,4,紀野
206,195,吉高
139,204,久手堅
141,59,許田
143,141,筋野
126,183,元野
69,119,根塚
237,222,砂村
205,51,三屋
78,105,七井
226,53,小場
252,97,小瀬村
222,64,上運天
188,216,上之原
172,95,鷹木
126,6,辰本
161,150,葭原
218,100,末国
105,188,牧平
47,88,白金
128,67,堂薗
28,76,田港
168,188,帖地
243,94,中光
163,253,竹浦
253,234,地曳
229,70,谷和
64,126,曽木
6,166,前畠
172,191,折坂
204,112,西邑
173,205,神矢
235,231,乗富
222,122,実原
99,16,黒土
48,239,金輪
130,163,間崎
248,45,釜沢
180,6,永岩
94,145,稲子
14,26,舛岡
68,240,村内
174,90,地村
237,214,中峯
125,172,丁
114,174,坪坂
128,56,嶋原
91,201,堂坂
212,74,奈良橋
3,70,二星
147,153,飯谷
37,64,味元
111,102,木佐木
201,137,野見
210,105,有海
156,207,猶原
48,124,西勝
226,7,申
238,161,小田野
118,88,舟戸
102,200,種
23,95,志智
173,58,佐用
76,72,黒丸
54,118,口田
70,37,袴塚
39,211,栗谷川
181,102,宮守
153,51,岩清水
242,223,花澤
36,95,越沢
125,115,浦浜
118,80,囲
40,148,瀬底
211,184,請井
12,191,石坪
177,221,赤上
13,31,霜島
92,95,蔦木
133,34,渡川
127,103,奈良田
197,220,抜井
121,173,美崎
169,183,浮島
147,60,風巻
25,139,福林
71,9,保木本
248,167,綿野
153,182,面田
5,26,木佐
208,107,有家
124,32,伊香
184,194,伊地
26,241,宇塚
148,24,羽染
144,206,栢本
211,1,館石
98,112,京増
33,178,兼岡
164,250,見村
238,177,向平
191,144,広上
58,211,坂森
177,51,笹口
172,72,三関
5,45,志良堂
135,252,春成
196,56,小張
109,4,常井
159,102,露久保
149,190,目
167,142,本望
159,84,姫路
86,211,播
60,8,二塚
228,39,提
57,132,長手
167,223,長岩
196,168,中鶴
123,21,丹尾
147,62,相部
205,2,埴岡
81,57,上根
8,242,小掠
198,49,小材
41,1,舟崎
218,165,篠倉
187,160,佐上
92,129,御堂
238,88,源内
39,140,見附
157,154,義村
255,89,廻
13,149,延藤
134,187,羽室
21,219,稲波
93,187,安陪
94,16,安久
152,135,中芝
71,136,仲井間
187,134,忠
188,252,長洲
240,136,鎮西
248,79,棟田
245,129,湯元
39,18,内沼
137,85,日永田
156,24,八森
238,176,尾尻
160,220,俵山
203,224,浜原
246,168,武長
28,63,武良
200,67,房前
243,153,網屋
184,107,木和田
206,117,葉
211,6,枦
181,32,羽入
96,22,奥嶋
208,79,瓦谷
209,90,広池
168,232,高士
79,18,根子
84,213,材木
28,70,山野上
130,229,糸満
69,86,紙田
120,240,式田
22,141,諸熊
180,120,小石原
114,141,神徳
86,59,杉澤
51,111,石平
227,234,赤見
10,164,善本
227,76,倉川
88,76,大穂
96,195,籏野
49,237,簗場
189,22,帷子
94,72,有里
30,49,木
135,248,本嶋
132,112,尾沼
10,210,樋笠
137,248,八百板
195,222,薄衣
98,181,斗沢
180,52,中郡
202,228,竹若
107,224,滝藤
227,67,鷹箸
148,84,相京
109,209,清遠
85,108,稲冨
55,56,羽太
15,175,音成
173,215,下屋敷
116,125,加福
14,162,掛端
249,182,久木原
182,95,栗坂
185,108,厚東
202,10,高渕
190,134,国森
22,69,黒葛原
29,148,三股
149,140,秋原
154,202,小酒
14,152,沼波
82,128,森喜
208,26,棗田
108,192,来原
169,224,有澤
19,106,野網
116,184,門崎
27,117,木津谷
22,193,木宮
133,118,万徳
153,83,末満
159,110,堀添
10,229,峰本
100,156,保村
135,74,尾堂
1,242,白武
199,101,当摩
241,118,為国
151,252,羽入田
223,61,荻沢
85,237,蟹谷
237,82,吉口
219,227,形部
51,146,才野
132,41,十鳥
150,190,森泰
196,46,杉若
37,118,蔵屋
46,45,町口
136,151,長谷見
113,143,辻森
183,42,釘田
182,92,余吾
167,50,唯野
240,127,木野本
155,138,椋
212,124,富坂
209,135,発知
127,253,八十
216,152,渡具知
53,232,田房
42,167,鉄川
92,66,谷地田
212,118,泉岡
226,103,西住
18,14,水科
59,135,条
17,219,常峰
136,175,上江
120,131,小埜
227,198,初鹿野
213,192,重黒木
98,86,糸洲
108,122,笹栗
157,47,金剛
203,146,芹野
25,82,巻
52,167,永嶺
125,43,多田隈
123,245,仲吉
194,230,長家
241,35,鶴ケ崎
111,150,定金
40,230,得津
210,27,八重
150,252,浜瀬
39,167,武正
81,203,暮石
234,173,北辻
156,124,麻
167,4,末綱
31,178,鳴戸
136,92,鳴尾
142,96,木畑
105,182,川染
69,176,勢力
72,111,瀬在
137,37,仁和
98,63,新行内
103,249,沼澤
143,6,小和瀬
64,254,出海
195,43,志
48,149,三ケ島
210,116,江里
39,200,呉羽
222,249,喜村
54,171,海崎
36,44,賀沢
160,53,加辺
72,138,塩坂
108,194,村澤
201,236,池垣
91,226,竹丸
99,154,筑波
16,163,鎮守
246,3,津口
244,177,定村
139,234,添谷
215,238,島宗
56,44,堂原
248,169,栃沢
106,95,白勢
175,180,鳩野
199,24,尾鼻
182,228,尾留川
137,245,瓶子
144,214,冨島
186,9,冨本
9,235,望田
21,152,門内
237,170,野毛
112,71,林川
178,162,櫻木
235,43,安倉
26,87,伊津
216,4,越知
86,192,久谷
47,24,兼高
243,49,犬束
137,240,見谷
214,192,古永
164,8,戸石
170,59,御代田
144,99,光沢
0,170,厚川
124,160,行天
98,211,四ケ所
133,184,酒瀬川
33,207,小布施
78,101,松実
43,79,上坪
185,138,森賀
191,2,森坂
209,172,真喜屋
219,131,諏訪原
89,5,石幡
102,164,北倉
212,111,田盛
105,196,鶴賀
250,131,壷井
117,123,辰見
19,11,沢岡
102,246,双木
225,78,千頭和
160,80,瀬部
224,182,上塚
113,62,諸喜田
123,150,山広
184,148,三田地
96,55,桜林
71,205,斎賀
211,240,根市
183,4,高仲
215,81,高星
219,43,荒城
75,82,江場
148,9,好本
221,116,光富
207,128,兼行
38,46,共田
69,90,牛来
225,172,宮畑
82,81,橘木
152,65,丸毛
66,141,丸沢
174,21,開沼
234,135,賀屋
71,98,遠間
18,231,雨田
85,212,西之原
243,190,斉
202,166,大屋敷
12,13,辰已
190,117,谷尻
155,211,長宗
250,117,唐仁原
82,125,道浦
214,90,納所
24,50,白熊
198,40,備瀬
252,45,文田
210,109,木代
89,139,矢加部
214,224,輿
198,223,裏野
135,115,立津
109,251,詫摩
88,121,針尾
236,118,粟倉
255,181,伊野波
48,204,稲泉
147,13,鎌上
161,151,亀ケ谷
211,20,吉垣
165,60,漁野
254,91,古殿
15,189,五十
185,158,五味川
145,16,才原
153,100,三紫
248,78,山我
203,135,寺久保
58,43,勝沢
185,228,小深田
133,3,小川内
25,160,松富
28,31,萬代
15,14,簑輪
205,117,由谷
56,108,友添
4,27,霧生
241,15,桝
148,42,平部
19,181,白間
244,37,徳沢
157,186,湯井
198,131,東坂
177,177,津吉
111,126,成海
65,36,小杉山
12,134,召田
38,244,市古
212,17,山高
12,90,在田
7,150,佐鳥
191,37,江利川
73,101,金治
130,73,橋之口
56,220,弓削田
62,131,解良
255,153,下総
169,73,荻久保
91,204,一尾
16,108,伊瀬知
127,1,阿閉
189,2,稲上
113,207,貫
195,147,久江
21,78,五十子
176,177,砂賀
86,95,三口
3,78,油原
34,214,柳島
106,8,野牧
182,162,門伝
247,67,木室
37,188,明松
214,74,辺田
202,236,平馬
125,12,浮須
228,218,美川
191,126,薙野
55,31,藤屋
107,69,島瀬
140,173,天利
54,172,大幡
106,85,前口
188,31,川隅
75,124,千代延
226,33,石阪
204,241,制野
151,181,城宝
130,211,舎川
226,120,山南
160,27,留目
78,254,芳原
255,170,飯笹
116,197,帆刈
75,97,蝿川
113,94,田ノ岡
108,65,津藤
225,110,谷河
110,172,辰口
155,166,善方
184,186,前北
128,220,赤迫
46,49,青石
23,196,甚野
89,145,仁礼
83,179,真継
3,245,森地
205,216,小谷内
217,120,重安
95,125,榊山
132,57,高鹿
32,250,江浦
199,130,君山
177,113,金井田
205,182,橋内
135,113,弓山
149,26,久留宮
165,181,干野
135,144,海和
203,181,桶屋
108,186,猿楽
253,186,新西
87,185,斉川
55,55,千羽
3,172,扇原
24,124,相生
239,41,大井田
46,67,大学
176,35,竹並
105,239,猪村
99,150,弟子丸
123,204,添島
173,81,殿川
134,251,那賀
1,173,筏
116,89,繁永
234,122,布
45,222,文山
47,50,末継
228,161,野田頭
177,94,有谷
98,80,有冨
233,123,嶺山
252,35,甕
255,206,小綿
28,247,稲部
187,170,円藤
60,53,栢原
45,108,義本
192,230,久後
101,183,宮奥
180,135,宮藤
103,55,金屋
164,155,鍵
110,249,古地
179,63,古道
86,76,古明地
87,139,光村
220,182,幸本
96,101,構
249,121,荒屋敷
44,236,高知尾
57,17,国永
71,255,三家本
110,87,四之宮
76,242,寺迫
17,123,耳塚
226,83,出牛
184,239,水下
215,60,水石
19,132,斉賀
50,38,大志田
248,40,谷間
249,140,中渡
102,189,椎根
65,249,渡里
165,137,日岡
222,83,日本
215,29,白壁
68,244,八ツ橋
46,255,板鼻
24,75,尾仲
129,131,服田
14,149,福知
149,170,明井
186,186,野井
141,35,裏
80,112,連
83,222,松月
221,11,井後
96,222,一安
97,6,頴川
61,133,塩野入
107,91,加美
179,29,灰田
192,22,岩科
84,41,久木元
56,114,橋戸
74,216,金口
18,4,熊耳
191,49,栗秋
66,175,古武
182,150,胡子
39,215,高重
110,135,国立
80,28,阪谷
26,26,芝辻
147,163,諸見
251,178,小鶴
62,159,神元
128,22,杉上
35,154,西光
196,5,千北
162,145,大見謝
85,199,沢上
81,55,樽
93,109,仲栄真
246,94,土村
237,34,萩庭
67,165,柏熊
223,229,緋田
104,27,美坂
251,43,桧田
46,88,明珍
78,160,明田川
146,84,里崎
145,74,竜神
182,120,濱村
159,218,新中
176,132,稲光
234,195,越本
92,193,押味
26,143,下町
113,134,垣添
254,120,岩国
36,117,玉水
11,180,金正
170,110,高佐
66,123,佐薙
239,217,皿田
241,150,山沖
138,233,山重
115,180,糸
81,81,実
196,190,小武
91,216,小保内
41,207,小野間
246,230,植中
111,160,竜見
214,204,来
230,139,余村
27,127,揖
95,222,八重垣
112,212,梅尾
79,248,梅園
172,231,楠川
44,85,長栄
190,51,朝木
88,34,竹歳
159,128,沢出
191,200,沢紙
240,229,大嶌
16,125,束田
39,90,倉形
123,60,仙洞田
92,237,西之園
251,145,水林
56,28,真道
104,252,上永
230,253,小禄
145,102,助野
70,129,祝田
137,26,舟根
124,189,芝尾
11,121,高家
107,240,光谷
251,105,後谷
16,178,恵藤
101,255,九嶋
89,122,郷津
148,6,喜久山
254,175,雨沢
199,55,安心院
12,226,安広
249,177,重井
171,51,出光
237,190,須賀田
156,136,水垣
59,46,石ケ森
47,78,石永
15,209,石鉢
50,248,染宮
156,253,前波
148,217,曾根原
128,183,中岸
18,247,津沢
136,78,天城
78,55,二岡
131,10,繁昌
7,45,峰山
34,167,茂庭
204,160,蓮本
208,14,六反田
29,229,伊予
237,92,栄村
120,163,遠坂
244,43,奥居
145,111,押元
167,17,下脇
182,42,加本
187,22,河埜
248,195,花嶋
122,188,戒田
133,99,葛目
99,214,鴨居
173,218,桔梗
127,59,宮辺
88,30,玉上
204,212,玉尾
175,207,糸日谷
92,157,寺
196,43,若目田
1,58,正林
210,243,西居
224,167,川山
197,1,浅地
133,148,袖岡
136,132,村角
81,191,村原
107,150,大柄
250,92,大和谷
243,152,谷川原
78,20,檀野
219,165,直塚
65,0,伝法谷
72,45,東光
232,251,楢村
233,154,能重
94,184,飛田野
71,165,武江
176,109,福栄
146,239,保浦
93,230,木平
103,229,籾木
98,99,有明
233,34,愛場
68,35,為房
233,26,井久保
49,81,宇崎
229,136,永洞
254,67,益村
228,25,玉栄
112,157,古志
137,204,呉山
11,128,広見
216,57,高綱
67,216,黒米
74,31,根尾
226,196,犀川
167,0,三岳
134,163,寺石
90,106,秋池
181,200,小祝
43,240,新盛
117,73,森栄
83,148,真境名
238,162,諏訪間
219,31,数見
246,239,三津田
191,87,私市
55,12,松ケ野
227,246,成谷
240,73,西地
50,171,倉員
67,135,倉根
82,23,鷹島
185,221,辰井
170,126,築井
247,181,田之畑
238,42,唐島
192,40,馬嶋
86,228,富尾
127,94,満山
47,8,木滑
149,228,友金
220,170,篭島
21,124,脇島
164,254,三五
70,134,芦村
172,51,伊豆野
12,246,井貝
1,72,鵜池
103,98,浦塚
71,192,屋富祖
131,31,下舞
184,0,岳
82,44,岩武
142,184,久和
184,93,宮台
38,243,金井塚
228,16,金林
65,21,古室
206,230,孝橋
238,9,甲本
19,31,紅
122,49,行広
228,57,菜花
45,157,石野田
240,112,雪丸
120,236,棚井
38,71,中楯
157,184,中土
253,190,壷内
28,100,田角
194,50,飛鳥井
8,178,美濃島
164,57,牧志
65,145,本戸
113,53,槙村
57,174,万波
212,176,野矢
233,170,由比
52,69,粒来
224,74,和久津
134,94,葭葉
92,141,萬田
176,94,瀬
111,136,磯尾
206,247,右高
8,214,羽馬
66,18,奥家
68,193,黄川田
217,56,岡光
52,251,賀集
55,177,館下
224,41,丸中
179,183,吉金
71,114,久
240,211,源河
65,1,御崎
152,223,国頭
225,179,三縄
46,59,手賀
223,239,床次
245,184,鐘江
169,35,杉沼
83,153,六鹿
171,220,油川
45,44,野依
46,179,法橋
77,250,樋江井
179,205,板木
232,153,白仁田
197,139,桃野
230,83,東雲
144,185,直
123,64,仲子
245,29,中郷
228,141,竹政
186,168,西屋
67,170,吹原
174,187,人江
21,80,松渕
157,197,小河内
178,239,小井田
90,83,出岡
54,220,重里
111,198,若谷
44,203,三重
84,252,笹浪
111,124,高味
3,147,広幡
188,106,穴澤
169,233,玉熊
156,107,喜古
225,215,館内
142,243,間淵
253,232,角皆
51,229,横家
83,183,延
199,128,穐吉
144,60,前森
131,81,大嵩
185,125,大田垣
123,154,大野田
37,174,中植
224,156,鶴長
132,66,笛吹
224,255,田貝
202,25,嶋口
232,36,東浜
138,118,那須川
104,16,畑原
49,62,判治
162,17,半崎
220,38,冨原
12,163,武仲
129,214,平畠
162,25,米木
67,164,与倉
87,107,廣木
88,90,稙田
220,249,泉屋
98,102,按田
155,100,伊月
0,19,宇原
109,111,笠巻
43,140,橘井
104,60,橋尾
35,38,熊埜御堂
148,170,粂野
44,156,兼元
3,205,古和田
56,116,五十部
240,231,荒神
203,169,坂ノ上
32,151,寺阪
177,184,時川
101,102,俊成
143,94,松舘
112,224,上治
44,137,神倉
32,164,神之田
142,80,成
247,225,上水
140,55,上津
116,65,上路
113,172,森明
161,49,正保
109,100,川治
35,63,浅越
134,68,船渡川
4,175,滝戸
77,97,筑後
190,172,庭
33,60,提坂
177,137,楠岡
140,209,白河
128,219,姫井
177,187,別当
14,77,北池
148,103,當真
232,10,礒村
246,149,安仁屋
137,233,伊串
93,82,羽木
31,55,荻津
158,206,下藤
160,23,歌野
233,87,角藤
86,250,岸沢
198,224,郷右近
219,143,古仲
98,217,高樋
85,235,高堀
165,123,坂平
183,138,崎間
225,143,七村
37,200,若沢
3,163,所谷
201,77,小神野
108,108,沼津
120,102,仙台
162,196,大参
153,239,中奥
181,131,朝枝
119,45,坪本
12,114,鶴薗
238,45,湯尾
235,102,内之倉
138,106,白地
18,233,板花
115,198,部田
101,146,豊後
5,156,北埜
213,99,本下
98,255,桝岡
238,103,末友
247,217,民部田
186,228,目谷
7,198,門村
78,124,野戸
198,64,頼富
107,126,林山
254,66,曵地
217,145,伊島
38,45,伊豆原
2,29,衣袋
215,9,棚倉
196,80,一本
220,86,姥名
127,80,永海
119,8,岡市
125,152,花森
203,219,久木山
248,235,香
240,83,高草
111,200,国清
33,94,佐柄
73,49,三反田
166,209,市ノ瀬
172,229,鹿子島
237,251,重国
159,58,小岸
97,112,小瀬川
210,179,松脇
94,98,上川原
117,127,城取
86,84,松窪
39,250,水船
124,44,政次
26,207,西向
201,116,石貫
209,232,石切山
118,98,千国
133,220,相曽
230,86,辰川
159,55,段野
243,119,辻沢
223,109,鶴貝
32,49,堤下
52,77,二瀬
34,176,二方
35,147,萩沢
89,129,幡
232,155,板川
149,97,尾浜
207,64,浜根
189,224,富居
112,251,福馬
131,188,文元
114,35,片伯部
250,63,堀元
178,55,本馬
73,121,伊知地
240,203,為田
121,105,延岡
72,20,下舘
127,251,下境
51,11,下郷
38,205,下鶴
188,52,加知
161,241,夏苅
139,87,夏坂
226,4,株本
73,4,岩岸
71,143,久万
112,57,久礼
203,211,魚見
206,255,玉生
227,45,戸板
212,49,高氏
0,228,高室
54,202,高武
247,171,佐坂
139,236,山羽
7,167,寺木
73,166,柴橋
229,216,酒川
103,56,升井
177,93,谷江
148,239,地崎
252,204,竹広
186,219,湯之上
33,43,藤並
253,127,尾脇
240,76,冨森
152,170,武信
165,219,平和
35,51,保里
117,12,鳴神
134,43,野北
251,169,竜沢
216,73,挾間
153,197,櫻庭
143,17,籔内
125,110,大津山
37,19,増茂
62,219,相根
44,175,前納
76,231,川坂
99,203,小瀬木
123,104,酒元
190,179,佐尾
48,50,恒岡
114,4,金橋
241,137,近澤
182,11,葛
82,43,垣野
97,46,横部
206,19,遠嶋
123,137,遠近
96,60,杉目
172,189,石曽根
18,98,舌間
50,54,川前
238,168,川内谷
115,52,浅輪
61,170,代永
115,219,定兼
245,10,都木
72,36,湯舟
62,113,馬杉
52,202,萩島
38,27,浜垣
141,205,峯川
229,125,名嘉山
209,105,明渡
37,225,綿井
177,8,里内
170,5,立部
20,150,龍崎
85,227,籏
226,219,伊勢本
237,87,完山
99,190,亀屋
49,35,宮近
248,114,古尾谷
83,23,戸城
252,98,高増
162,31,佐熊
150,150,笹瀬
239,117,三輪田
237,73,市河
161,58,紫村
153,39,手崎
109,70,住沢
231,89,小松沢
34,109,菖
117,161,上土井
171,144,織井
90,245,深貝
80,141,真武
26,180,杉之原
129,140,小賀
226,143,小成
42,177,上ノ山
101,100,森北
104,180,石金
148,253,善田
130,250,大佐古
104,36,沢居
39,173,沢島
68,137,谷嶋
133,140,檀浦
190,132,遅沢
150,134,仲鉢
152,201,辻脇
108,85,天貝
253,107,藤石
190,72,内丸
168,36,二羽
233,208,畑川
55,157,彦根
154,249,福世
152,175,傍士
145,162,木綿
0,37,弥栄
119,189,柳林
126,98,柴藤
155,172,芦立
231,12,伊保
147,76,宇都野
0,230,栄木
149,53,下東
88,227,加瀬谷
60,221,加沢
115,41,加茂川
199,225,貝崎
28,202,栢沼
65,4,久志本
244,57,金行
237,85,金地
71,191,桑代
226,134,古財
22,110,江井
94,239,行
192,81,高元
209,138,高峯
149,6,黒光
1,223,砂沢
67,182,山副
68,128,山片
29,97,枝沢
158,189,柴戸
2,72,辛川
113,156,清成
112,97,西名
114,96,静谷
235,228,仙北谷
28,232,浅居
130,0,前城
1,182,袋
46,8,大矢根
80,252,辰
72,185,谷池
241,161,竹治
58,142,筑田
107,75,長阪
202,161,坪木
103,30,釣本
242,43,田野辺
240,214,八文字
198,21,尾台
219,135,百木
151,35,浜山
111,202,福司
225,31,保本
213,6,本波
197,11,妹背
212,79,妙見
92,130,野武
89,174,和藤
235,206,檜原
173,247,升水
157,171,安良岡
177,168,井樋
131,111,磯見
48,95,宇沢
196,111,宇波
220,225,羽方
231,146,浦添
164,117,延命
180,3,下牧
97,218,海老澤
56,53,灰原
166,124,柿平
2,150,鎌仲
189,218,岩片
37,242,基
142,220,魚野
239,172,金生
36,36,駒宮
237,137,桑水流
130,247,月俣
74,97,江野沢
73,251,荒河
230,246,荒明
158,134,国信
208,49,三寺
194,247,山菅
21,14,市江
168,171,児子
233,151,出利葉
124,143,勝崎
212,7,神志那
192,42,菅森
192,25,千川
150,116,川目
51,6,船元
34,57,船曵
135,206,蔵内
192,144,大饗
92,220,大深
60,141,鶴橋
143,32,堂元
96,147,堂免
153,96,波多腰
186,215,馬郡
115,221,飯ケ谷
181,132,飯伏
212,189,福浜
132,105,蜂矢
224,188,木之内
130,212,立尾
91,48,齋田
147,250,秋和
107,65,阿座上
228,78,臼沢
186,238,下和田
35,249,笠見
178,220,寄能
107,243,幾野
31,165,近谷
167,110,慶徳
9,211,古中
187,17,広尾
197,162,香林
103,205,高栖
251,81,国元
5,122,佐溝
236,119,嵯峨野
152,22,斎須
205,68,三嶽
202,131,山花
93,219,芝岡
149,221,守家
101,177,狩山
38,204,寿山
103,52,上津原
128,185,神浦
175,233,神頭
197,153,神明
49,32,針原
62,211,須摩
201,174,水巻
138,124,成定
15,114,西畠
116,143,泉尾
35,142,草皆
9,59,増見
222,173,沢見
7,86,貞岡
185,35,土信田
161,230,島垣
65,237,道
30,22,二ツ森
94,130,馬谷
216,253,鳩
208,200,峯元
179,149,豊見山
6,55,堀辺
132,254,本告
88,91,味沢
118,220,木挽
228,106,葭田
216,86,一田
243,72,稲盛
30,106,永久保
168,27,屋我
181,172,海辺
117,11,葛川
166,207,勘田
230,72,巻木
46,87,久戸瀬
54,101,弓矢
137,97,牛坂
130,97,駒水
181,143,元広
80,225,元松
54,87,御宿
115,46,好村
116,233,江袋
193,249,高淵
172,247,佐相
125,183,寺松
217,97,寺上
178,98,実石
15,8,戎野
139,181,出
11,252,小礒
136,253,上高
167,16,上市
0,84,石動
117,92,相宮
180,31,尊田
56,123,谷頭
186,164,竹ノ下
115,188,津郷
81,209,嶋内
17,143,藤安
130,59,藤方
76,203,入月
48,206,百合草
14,187,富張
189,238,宝谷
60,28,北端
115,124,麻原
217,198,味田
223,115,務台
172,193,面高
141,150,与語
1,55,羅
59,140,鰐渕
62,122,礒川
155,0,宇治橋
253,62,浦元
139,147,雲
161,136,円岡
238,82,夏野
57,7,岩石
23,160,紀井
236,120,吉清
213,36,芹生
206,218,金永
161,166,桑木野
193,209,原勝
77,230,高次
63,45,芝井
137,104,守重
192,85,十
219,230,諸川
31,185,上堀
125,25,植谷
152,33,真板
113,75,神森
235,44,神武
151,7,折川
56,184,雪下
103,4,大井手
245,230,谷屋
56,18,築館
121,141,辻崎
212,65,程島
238,239,塔本
16,89,日達
214,219,尾久
86,14,尾作
21,200,美里
175,55,府金
110,61,芳之内
134,232,本西
30,132,民部
247,11,明坂
93,198,門山
99,193,和泉沢
209,74,颯田
66,17,石蔵
43,157,安谷
212,59,姥
64,40,荻巣
254,26,河原塚
189,80,花元
242,122,角島
83,19,萱嶋
80,190,玉橋
109,193,五
227,36,国末
132,174,黒畑
203,67,今滝
191,239,細羽
153,77,寿崎
243,87,出沼
39,142,小斎
86,140,昌山
31,208,鐘築
55,211,上原子
150,114,神道
174,14,城ケ崎
182,180,真茅
32,189,西貝
7,25,善波
77,242,鎗水
27,125,大掛
224,126,大漉
98,199,大市
68,124,池袋
22,34,竹吉
125,228,張ケ谷
171,47,程田
35,14,田矢
199,18,東倉
207,57,桃崎
203,216,洞沢
73,178,道満
29,90,納村
150,117,板羽
62,25,飛渡
55,146,浜塚
91,68,平峯
126,51,椋野
220,4,木附
197,31,野神
139,201,陸川
230,248,和歌
95,247,枦木
233,64,小尻
198,242,羽崎
233,202,益留
89,123,横平
64,101,下見
52,216,花垣
100,186,角原
111,109,掛井
252,151,菊村
153,57,久行
223,87,久瀬
134,78,玉津
194,223,桂島
111,107,経田
53,80,兼原
33,109,元林
154,132,後町
50,107,広門
147,100,甲元
61,151,荒浪
34,83,高宗
21,68,今屋
34,194,今門
171,219,三羽
76,7,三辺
224,81,指原
198,236,氏本
119,159,小駒
245,192,小住
193,8,西須
151,135,千谷
0,244,千馬
142,240,川原井
248,129,全
241,145,相野谷
43,241,多部田
244,167,谷林
6,176,仲條
103,231,津高
4,42,津覇
98,40,鶴我
155,117,渡木
250,190,東堂
113,78,東洋
180,70,奈良輪
214,20,南館
49,197,日出
36,251,尾城
178,135,苗加
86,3,武士俣
239,228,満島
48,182,余湖
50,21,楊井
196,202,廣島
52,96,上赤
22,239,穐原
101,25,安岐
113,224,伊与木
82,236,井ノ本
16,2,井平
59,230,井浪
232,176,芋田
248,103,浦嶋
149,130,下戸
15,223,嘉田
183,87,菊元
3,124,久城
164,50,金堀
202,178,櫛原
55,36,古松
49,93,合戸
230,230,今東
227,235,今浪
171,141,左古
91,110,三ツ矢
145,4,三垣
203,13,三杉
236,63,三又
75,219,持山
248,226,時政
1,86,榛村
198,17,積山
211,197,祖母井
160,39,大源
116,52,谷光
64,217,地田
65,134,町中
212,212,長曽我部
133,45,藤春
239,32,那須田
105,176,内部
226,195,二子石
26,105,日村
186,26,白岡
75,21,浮穴
85,62,平嶺
198,77,茂森
28,180,利
183,183,鈴森
69,48,會田
177,214,礒本
89,14,森芳
215,1,阿左美
212,86,一沢
250,152,一法師
154,99,雨海
6,43,浦壁
196,62,薗
111,17,乙丸
18,209,加持
129,93,葛貫
67,80,岩壁
248,199,桑久保
136,97,古津
12,166,古東
9,248,五百木
229,251,甲原
246,174,高窪
9,251,今溝
176,195,皿海
79,136,寺床
206,110,篠部
233,144,新熊
243,169,大巻
102,56,大間知
178,136,大治
232,207,地頭所
41,228,中薮
243,199,辻丸
54,133,貞本
195,49,定野
201,134,田幸
157,116,砺波
19,103,東宮
174,253,東瀬
65,2,日垣
229,8,日色
145,57,飛
160,82,尾登
105,57,美斉津
242,40,福添
63,161,米地
238,201,保阪
158,66,北吉
194,25,堀居
136,11,満木
42,44,野阪
131,206,和家
209,141,浅本
38,123,伊坪
118,111,遠部
89,147,沖川
159,72,沖沢
41,60,荻村
254,212,家高
58,42,冠
191,51,紀本
49,31,駒月
215,208,元沢
135,95,後関
48,248,厚谷
6,30,更家
26,244,今長
58,25,才藤
181,104,三野宮
6,75,小田村
58,44,上住
62,108,信清
81,56,森畑
123,175,成子
251,113,清久
208,162,生見
50,228,雪
0,122,千徳
78,170,千ケ崎
58,130,草村
248,68,滝崎
138,26,辰島
232,82,中畝
27,47,鶴身
150,12,土永
251,123,東嶋
23,37,迫本
195,254,標
78,22,福手
180,122,福羅
68,91,片方
203,138,北国
102,27,牧園
210,89,柾谷
47,181,木尾
79,71,野出
7,220,邑上
180,5,和嶋
206,36,亘理
229,237,鰐淵
93,94,楡木
171,99,齋木
82,42,伊本
230,91,伊禮
92,91,井手本
102,143,卯木
165,45,延山
80,8,桶
39,129,乙井
166,175,家木
235,33,巻野
105,55,金見
209,229,古滝
167,32,戸本
116,51,才津
232,250,坂林
75,118,志子田
177,59,持原
169,60,寿福
81,88,小池田
109,157,小藤田
202,33,小木田
194,85,植岡
142,32,杉立
126,59,西谷内
143,197,仙名
107,210,東屋
74,150,東ケ崎
226,152,朝本
79,50,猪坂
149,112,中別府
5,101,池江
182,16,沢瀬
22,157,大清水
66,138,泰山
100,45,打木
248,253,倉方
237,13,千場
112,164,碩
85,200,青笹
101,46,瀬高
108,215,神定
31,3,当田
65,130,道口
121,106,徳毛
27,79,内山田
57,94,南都
111,19,二平
80,47,飛川
161,195,尾迫
45,126,平津
203,54,方山
93,189,北藤
218,25,牧井
167,63,矢敷
129,53,和田山
14,38,脇園
0,232,濱岡
136,45,安竹
202,19,伊場
163,152,伊南
183,214,一政
118,122,稲守
251,2,越前屋
39,110,奥松
117,242,奥木
12,84,荻上
72,107,外
236,166,角浜
148,161,瓦田
166,139,丸塚
32,163,兼武
128,201,戸畑
104,83,弘
165,1,神下
175,157,新門
221,18,城戸口
49,243,城丸
78,158,勝海
195,148,重住
147,203,主浜
225,40,篠森
194,22,実重
121,6,志喜屋
129,243,司馬
232,92,皿谷
191,174,高園
55,179,荒崎
103,51,綱本
7,162,江山
89,88,初野
156,192,小棚木
116,22,小鳥
127,237,上吉原
231,209,信末
249,213,須佐美
127,5,静野
102,187,川内野
38,241,大目
95,162,中河原
30,169,丁子
235,27,槻
88,77,貞永
209,96,堤内
20,62,殿塚
253,85,冬野
56,111,能口
86,175,馬本
200,17,白本
23,101,迫川
154,241,畑上
98,212,浜家
239,58,本倉
56,98,末包
2,117,明地
193,97,野代
224,94,矢城
235,54,友澤
133,48,有銘
173,31,棗
93,66,若海
104,197,阿竹
72,56,案浦
121,254,井黒
165,232,井坪
84,169,磯西
154,94,芋川
227,101,鵜山
82,242,鵜澤
123,199,閏間
217,23,影沢
62,96,岡和田
131,131,嘉門
44,88,岸江
75,158,岩宮
179,59,鍬本
240,99,芝村
188,229,竺原
151,203,志田原
94,160,三津山
153,43,坂和
96,120,左高
242,21,佐怒賀
84,236,根村
152,87,今治
190,184,高埜
119,177,高館
6,148,高越
53,113,弘光
16,217,光部
45,199,戸内
94,95,上方
74,132,森石
9,214,親富祖
200,156,針田
30,236,成原
116,48,生水
252,66,西道
10,39,石立
183,82,雪竹
6,78,大知
104,98,竹渕
64,251,中祖
54,175,仲神
100,203,唐戸
183,111,徳嵩
163,41,任
80,121,波形
28,177,尾園
113,46,柊
108,57,表田
206,27,武生
243,63,枚田
83,204,満仲
137,232,有浦
241,167,有瀬
57,62,袰岩
87,249,阿久
53,121,逢沢
245,32,伊従
189,87,一円
28,74,影島
84,135,沖倉
206,237,海賀
18,197,貝野
207,35,樫
37,45,蒲野
218,91,牛膓
181,59,玉石
244,112,金江
33,21,金政
228,229,熊王
112,154,桑内
99,77,月舘
95,164,戸所
80,72,荒深
89,86,高堰
185,191,高宮城
78,148,山末
97,93,秀平
141,140,秋広
242,75,女鹿
180,249,小根山
141,221,森蔭
55,86,須加
169,207,曽野
181,245,相吉
35,56,瀧下
8,4,淡島
209,127,竹熊
101,168,朝熊
203,32,天童
11,193,殿山
250,16,田立
142,218,土合
188,86,徳長
163,172,日栄
108,17,韮塚
242,36,濃野
103,9,白木原
246,155,八重沢
140,7,尾之内
2,208,風張
44,229,片野田
99,110,墨田
137,255,無津呂
97,126,明楽
154,142,木ノ本
215,215,木次谷
198,106,友保
125,62,利部
120,218,留田
43,235,阿原
241,228,安延
125,247,為広
158,130,印田
193,164,沖浦
37,193,改発
219,250,皆元
84,102,角館
251,1,掛本
200,61,梶屋
58,13,茅場
225,140,丸亀
179,44,久喜
78,183,宮宇地
73,145,宮河
180,44,弓立
73,231,空田
233,207,空本
201,78,原澤
91,129,戸舘
151,169,五十君
136,196,幸保
158,125,恒田
40,134,忽滑谷
198,161,糸長
191,107,宗安
143,81,勝元
57,240,上河
135,90,埴田
248,163,新延
242,178,新富
50,201,神納
188,8,須甲
237,86,嵩
187,235,石巻
67,106,舛屋
178,120,属
143,220,村津
160,3,大岩根
101,195,大毛
185,236,池平
156,112,竹蓋
126,102,竹節
215,168,天方
97,101,藤友
176,173,配島
87,48,鉢嶺
37,97,畔地
242,147,冨
139,216,武上
79,105,武貞
163,177,法貴
2,116,堀出
52,19,桝屋
119,254,木倉
202,109,阿瀬
109,199,阿波野
197,56,岡芹
99,197,沖井
216,250,仮屋崎
153,145,家島
128,226,垣尾
51,100,角石
32,122,角木
166,101,魚井
222,119,熊山
95,121,欠端
178,177,兼沢
25,240,原之園
52,37,戸泉
232,85,御幡
120,183,広富
208,227,今任
173,125,佐孝
101,147,三由
17,6,四
116,190,宗重
205,33,小堂
253,102,小薄
145,110,沼辺
53,21,信定
222,79,塚村
224,67,仲澤
231,35,中住
74,151,中軽米
54,183,増満
163,170,増戸
135,16,相子
21,27,早勢
30,91,早間
189,47,前門
6,185,千須和
137,60,石貝
76,152,斉野
238,179,生亀
162,142,清友
244,246,瀬々
19,27,辻坂
157,175,鶴淵
25,9,田町
151,223,道木
18,143,栃内
213,189,内潟
159,169,能塚
8,186,畑地
220,171,富江
135,14,浮ケ谷
141,40,譜久村
163,44,風穴
74,244,芳崎
183,32,蓮子
129,63,和才
38,37,壺内
93,113,神場
110,189,井ノ川
189,150,羽中田
13,96,永宮
55,17,越坂
192,13,越路
73,187,塩手
217,119,奥口
83,48,沖口
92,92,下石
155,251,覚野
11,28,葛迫
163,5,鬼形
39,37,義永
17,251,宮重
111,199,京本
190,175,仰木
22,81,新戸
70,249,新井山
6,120,小牟礼
63,201,狩生
35,32,守下
9,225,篠浦
240,197,自見
142,31,市野沢
254,5,三登
0,168,三丸
247,69,今栄
38,147,高矢
20,133,厚沢
81,80,原尾
174,227,兼近
232,38,月城
208,80,杉政
62,15,瀬脇
23,237,折谷
175,73,船石
15,44,倉下
243,17,村方
26,164,多村
78,39,沢幡
211,178,炭竃
247,104,池羽
249,72,中見
242,184,忠鉢
97,228,朝
108,115,楢橋
175,42,南端
111,15,日比生
229,41,波木井
108,64,馬
251,153,樋下
127,198,敷島
194,66,本澤
140,255,末冨
105,207,名幸
221,58,明日
128,53,綿屋
106,162,来馬
169,105,安冨
217,188,伊豆丸
134,208,宇賀田
203,74,宇和川
240,208,羽広
175,168,下澤
107,39,嘉手川
156,54,柿
235,138,栢
240,101,岩品
91,92,吉新
70,68,久米村
99,51,絹村
13,167,古塩
158,76,江浜
153,113,国行
49,244,座喜味
132,140,坂越
242,91,坂藤
129,62,小荒井
60,147,小片
207,14,上農
226,146,森寺
195,173,甚田
13,92,水貝
123,200,杉安
31,44,鹿住
89,163,寺越
247,136,左
218,19,黒鳥
36,133,糠信
124,175,幸谷
219,203,幸前
184,237,金広
133,67,久良木
165,94,吉林
109,10,喜久川
58,223,関向
100,210,貫洞
119,175,掛
104,67,過足
167,193,下岸
125,45,横前
67,227,押村
0,47,永守
53,202,永仮
9,24,井橋
118,186,椹木
6,5,葉田
30,207,弥
83,37,又村
209,188,北舘
232,138,美濃輪
248,153,半杭
141,139,筏井
113,191,畑内
101,74,萩中
246,101,日笠山
169,151,藤末
70,12,土性
242,156,鳥島
179,25,長房
97,188,長洞
142,125,知見
17,188,大尾
228,56,西場
47,156,清住
56,109,小野関
124,177,小屋松
78,217,女川
26,66,重水
7,168,重元
95,182,芝口
156,74,小田巻
68,185,生垣
216,100,千草
220,124,倉西
50,131,足田
255,8,大花
110,64,鳥屋
80,170,塚川
143,70,南平
113,226,尼野
90,85,繁本
176,158,府中
70,91,豊間根
16,130,末房
133,223,湊本
240,100,友次
161,253,揖野
15,57,鰐川
34,199,圓山
182,156,小段
4,140,宇谷
70,93,宇野木
250,130,横嶋
202,250,舘内
31,19,喜安
5,208,寄本
7,23,杵鞭
25,59,久保庭
125,197,漁
136,230,金堂
85,3,戸栗
175,16,鼓
133,241,荒砂
209,195,荒蒔
123,155,四分一
137,237,糸久
28,215,汐田
134,211,舟坂
75,132,勝屋
156,224,箭野
138,127,草谷
175,123,太田尾
242,71,大笹
159,42,鷹田
70,38,沢下
171,73,谷向
77,94,谷保
123,225,長須
133,149,長代
107,89,長末
20,50,直島
223,108,直木
171,248,塚平
180,106,田名辺
239,157,嶋守
103,79,桃園
136,5,堂崎
214,59,得居
244,96,鍋嶋
65,163,南埜
220,130,梅景
187,3,飛高
99,128,本瀬
58,107,岬
26,2,明道
47,242,木野田
27,56,木葉
36,47,門原
59,145,野端
75,99,邑田
97,96,藍田
207,43,六反
66,157,眞野
248,61,阿波連
240,253,安久津
71,16,安道
120,51,芋生
167,140,越後屋
12,248,温品
254,168,下河内
211,155,加美山
172,236,家子
169,154,灰塚
170,178,関家
215,250,岸浪
38,232,喜入
139,46,久留米
182,41,玉根
159,44,金近
27,194,栗
191,118,川里
109,143,千手
94,217,石瀬
216,132,瀬村
148,227,仁熊
246,159,真城
107,227,出蔵
70,178,祝原
60,49,秋島
225,186,種山
100,129,室原
20,77,時光
203,40,三武
38,210,坂神
23,44,高荒
241,127,御供
76,79,源馬
31,180,小野澤
116,224,庄崎
30,191,盛満
27,237,切替
100,124,足沢
168,194,大縄
107,17,大日
127,45,淡野
148,83,地本
183,198,竹田津
66,31,中易
115,17,中束
109,76,長場
236,70,追田
15,163,東端
32,133,藤富
195,143,堂
41,242,得地
63,145,徳嶺
235,162,内ケ崎
32,196,南茂
43,111,能崎
51,70,能宗
46,50,伯井
204,34,白築
226,222,米長
43,85,本館
191,221,友谷
165,102,友末
120,20,落石
170,219,路川
38,255,篭田
229,57,小財
174,152,芦辺
81,62,安居院
226,34,井指
188,237,雲田
59,233,下手
80,85,外処
172,214,垣崎
46,138,間地
42,64,吉宮
219,66,久常
218,52,休場
185,66,牛草
206,10,橋向
65,166,曲渕
10,59,玉代勢
57,22,金嶋
189,73,栗元
139,79,原内
11,144,古杉
254,85,戸苅
219,226,戸矢
195,101,光原
254,109,江並
105,218,砂子田
32,45,作元
139,219,氏平
23,5,糸島
46,135,至田
210,138,鹿股
86,157,謝
193,96,種井
46,141,鋤田
208,65,清河
21,239,生藤
77,158,倉敷
192,215,早出
30,164,相河
19,96,草ケ谷
71,85,太幡
49,229,大砂
155,131,谷出
200,100,池場
218,176,貞
235,145,東地
230,9,藤ケ谷
213,113,内舘
46,148,福角
90,162,福庭
8,86,平倉
186,232,片口
215,151,保積
34,43,末続
126,245,万屋
41,135,面
254,30,伊与部
77,11,宇陀
143,129,永栄
58,196,塩越
237,12,奥江
61,32,奥森
122,97,花咲
218,108,花松
62,241,亀元
8,115,久寿米木
30,32,弓岡
86,73,玉虫
98,46,見越
3,126,戸越
192,7,黒目
251,227,汐月
154,209,種子
116,77,諸伏
141,142,小神
107,214,森角
129,55,須能
170,57,菅山
146,111,灘本
101,34,道谷
250,69,道越
68,152,藤墳
125,161,田西
16,224,鶴海
31,148,中寺
189,182,鍛代
216,195,沢西
24,138,台丸谷
254,135,盛谷
178,231,雀部
133,165,杉淵
14,138,水杉
192,58,神子島
62,123,森前
75,83,新館
236,163,南舘
21,49,日戸
177,233,馬籠
247,66,白男川
154,91,繁原
115,58,比気
231,248,尾ノ上
244,125,美谷
62,91,冨金原
39,216,武樋
155,170,柄谷
49,78,保岡
101,156,芳
159,159,堀北
62,103,矢永
47,77,薮谷
240,71,鷲
205,69,濱谷
98,20,城口
198,56,阿世知
114,131,稲員
247,3,栄藤
186,240,遠西
116,169,奥元
85,12,岡前
13,86,仮屋園
231,139,加塩
243,230,歌
4,77,花倉
12,208,芥
175,29,外塚
134,254,釜堀
255,149,吉柳
144,55,久林
215,5,宮窪
183,93,曲淵
68,163,玉森
17,117,鐘
83,180,鋤崎
110,166,守友
61,174,漆田
75,50,左藤
112,158,佐京
27,135,今池
26,7,今口
216,186,高馬
177,189,荒津
210,178,広長
191,16,幸内
247,233,御代川
4,81,五反
172,162,古部
76,57,熊取谷
74,80,近村
98,148,森作
182,190,杉平
24,52,船附
20,184,前久保
162,90,倉澤
80,224,大永
228,131,大喜
200,7,段上
9,50,長渕
123,28,鳥光
244,127,津軽
199,231,天草
150,164,田野尻
141,220,田脇
12,6,飛塚
218,223,尾瀬
80,105,浜木
81,41,風呂
186,170,平垣
153,203,平久
130,141,平片
123,158,鱒淵
243,237,茂川
87,241,野首
250,95,友川
93,114,溜池
139,67,濱川
66,11,阿山
234,152,穐元
98,190,伊丸岡
1,105,伊勢山
143,244,稲穂
6,228,隠塚
177,47,宇多村
124,193,宇内
120,18,永縄
197,197,押井
91,139,笠村
7,197,樫根
145,76,吉嶋
59,175,宮塚
254,174,京井
114,219,近嵐
215,83,串山
39,25,湖山
149,222,広滝
131,39,高相
196,189,黒下
150,141,根城
12,31,佐浦
53,117,山先
42,65,秋草
145,190,重高
8,244,上関
100,206,山水
34,115,秋林
179,68,振角
2,113,森津
30,186,真杉
189,119,真銅
192,175,赤壁
133,13,扇山
22,174,船江
174,246,多井
166,150,大工園
172,182,大当
213,89,棚野
15,194,池ノ内
42,25,坪崎
123,31,土戸
34,236,白塚
136,194,八十川
128,148,菱井
157,192,富里
186,217,布上
117,205,平櫛
183,226,妙中
119,18,木澤
36,224,矢端
19,89,来嶋
206,35,両川
70,112,姜
184,163,為谷
225,138,印出
20,234,宇栄原
20,188,宇田津
229,173,塩野目
74,148,岡出
96,149,河治
67,190,河名
9,105,華山
182,140,岳本
62,200,葛井
165,6,丸内
133,71,喜多山
61,28,亀高
85,99,吉楽
11,24,吉持
213,118,吉信
65,119,久司
36,211,京塚
182,43,慶長
15,7,古都
225,45,五関
246,31,公門
53,51,今戸
242,154,根建
39,204,細根
66,134,作佐部
90,204,三幣
58,210,登藤
238,145,田之頭
143,113,中室
202,54,棚谷
248,89,蔵座
210,139,曾雌
247,189,川間
191,204,千本木
132,203,仙崎
208,93,西小野
97,103,盛重
172,11,生内
216,178,生津
156,5,成迫
161,40,東家
142,227,道永
166,127,徳倉
197,159,内宮
46,28,二沢
57,231,白潟
35,149,畑辺
250,219,浜永
245,232,福薗
139,222,北洞
161,235,茂谷
86,119,木戸脇
149,191,木寅
246,226,矢久保
68,56,矢戸
140,53,勢田
200,217,安済
23,29,羽岡
17,233,浦津
158,202,延沢
199,100,屋久
107,186,下吉
248,128,下竹
210,198,下別府
71,233,蛾川
137,238,閑野
98,118,駒走
62,171,古谷田
130,191,向谷地
94,68,行実
215,121,腰高
182,115,鷺山
172,210,三塩
26,177,三日市
114,12,山登
190,158,枝並
179,10,鹿熊
105,105,出張
33,204,諸
255,218,小曾戸
30,112,上段
86,215,植平
131,136,植林
15,124,殖栗
213,250,水柿
173,65,田縁
213,44,定久
248,118,中濱
87,64,中瀬古
24,235,竹津
124,36,竹国
245,150,竹園
98,42,大澄
101,51,大胡田
70,6,大玉
207,204,大宜見
182,28,蔵下
15,204,早馬
49,109,倉智
200,36,曾木
70,145,切田
54,91,切原
55,226,徳差
161,207,南風原
204,1,能条
87,158,八十田
15,226,八瀬
128,40,八町
158,192,比内
216,97,冨満
214,253,武舎
131,74,福多
156,60,末平
5,203,名須川
208,189,茂村
8,53,薮木
42,130,遊
156,249,立和田
137,35,當銘
110,227,贅田
217,233,石藤
164,109,安波
246,162,伊比
177,239,井家
70,174,越井
154,173,何
246,157,加賀城
33,48,開地
59,171,貝賀
101,192,梶並
10,85,官野
117,169,丸吉
96,100,儀武
14,174,菊崎
169,100,吉房
212,242,弓
11,133,金敷
2,4,駒ケ嶺
156,156,戸原
251,115,胡内
202,139,後久
152,102,幸福
234,145,行平
73,132,国川
9,170,佐中
194,57,済藤
49,230,堺田
109,95,三津
188,211,三觜
243,241,山来
182,139,柴内
210,45,松風
139,184,仁田脇
72,4,是石
171,43,正能
64,238,清光
7,82,東明
86,162,田光
61,18,槻田
12,16,鳥屋尾
148,199,中後
95,81,鍛治谷
56,196,大麻
162,68,大川戸
106,68,草
72,151,倉住
208,1,川藤
41,59,折小野
59,75,数原
145,31,水守
108,138,垂見
207,63,真仁田
214,239,新蔵
125,11,常藤
128,3,道村
65,233,内桶
240,59,内布
136,91,凪
106,75,南海
7,242,入
22,40,伯耆
220,147,八藤後
201,152,浮津
26,4,北東
137,18,埋橋
16,156,末盛
63,149,味戸
214,197,野勢
30,74,柚
247,160,和久利
136,15,籠島
232,91,藪井
92,143,藪谷
54,200,井爪
187,176,稲坂
8,18,稲住
243,163,永礼
234,250,延時
28,39,岡沼
99,72,荻生
183,243,加覧
235,85,花戸
157,91,皆田
166,123,柿澤
101,198,掛村
4,189,瓦
159,230,館脇
229,155,岸端
178,19,岩嵜
146,118,喜屋
130,155,宮東
130,96,金ケ江
132,219,松嵜
251,79,小原沢
148,129,小薗江
136,88,酒房
196,47,若旅
24,144,実平
82,59,糸岡
168,247,四反田
239,236,桟敷
128,214,佐柳
24,41,紺井
60,70,根川
203,22,今浦
234,252,戸森
99,59,原光
217,45,袈裟丸
151,204,隈崎
46,137,金須
63,160,大多
38,25,沢近
122,231,中右
200,62,中臣
166,227,町村
1,26,椿谷
100,163,鶴町
118,235,貞島
150,219,塗師
228,124,土坂
150,233,刀禰
226,132,内垣
45,58,馬部
26,62,伯川
219,23,風
85,43,福内
181,93,平床
187,232,平鍋
24,34,宝珠山
196,226,本行
117,91,本明
10,6,鱒
159,184,桝永
239,156,桝村
30,23,綿
91,244,矢治
212,208,矢地
242,199,有尾
119,233,余郷
136,18,揚村
224,209,立藤
12,188,良川
72,60,林道
84,10,廣中
63,5,大司
184,125,鞍田
160,86,稲越
242,97,永幡
163,174,家元
12,217,河原畑
153,151,河邊
163,255,外立
3,27,釜口
109,73,舘下
169,133,喜来
180,18,紀田
208,69,橋下
13,28,曲
180,23,熊手
30,97,桑岡
56,214,景井
217,164,犬竹
188,176,多勢
189,154,草葉
177,110,曽原
254,215,川滝
161,159,雪岡
207,175,正宗
189,51,仁志
75,25,森富
154,174,上高原
65,159,勝賀瀬
18,91,柴坂
192,115,実吉
216,166,三島木
202,208,財間
215,197,今宿
244,44,国嶋
244,169,戸成
74,255,切明
224,240,浅枝
9,228,前間
180,55,草津
70,159,束野
75,175,大岳
247,128,炭山
50,109,茶
117,164,中妻
187,56,樗沢
34,21,長間
231,227,津隈
228,140,塚尾
198,93,都野
164,113,湯佐
104,141,南義
218,21,二股
223,160,能登原
56,143,半野
203,122,肥山
243,185,風祭
35,132,福久
84,51,豊蔵
215,150,堀水
143,55,妹川
9,132,名手
184,3,名木
98,30,野稲
185,13,友竹
36,15,螺良
237,55,和賀井
217,221,石曾根
216,222,井澗
57,93,宇留賀
113,104,奥屋
172,156,下屋
245,163,加曾利
119,181,貝吹
115,151,楽
90,253,間仁田
104,13,牛村
253,49,近堂
3,159,桑
231,230,薫田
85,94,兼岩
179,201,弦本
74,231,古郷
137,190,杭田
46,56,須内
111,105,上浜
75,116,上之薗
203,9,沼部
177,212,小路口
131,24,小槻
239,149,小銭
173,154,勝畑
8,36,諸原
21,195,秋口
147,234,七五
96,194,志柿
152,239,山迫
199,60,坂見
233,191,江熊
231,69,仙北
206,172,川縁
192,245,浅黄
83,87,大安
235,194,大箸
161,3,沢尻
132,252,地蔵
205,215,竹友
192,192,中舎
94,252,津末
206,107,渡橋
112,138,土
182,55,内館
79,227,楢林
180,54,二藤部
82,132,拝野
13,106,舞
71,204,豊丸
136,40,坊田
134,101,堀河
37,93,名生
93,162,茂田井
220,254,木虎
249,71,野堀
19,151,由里
203,84,和出
20,173,檜田
151,164,仁宮
58,200,愛敬
5,175,安重
104,160,陰地
248,207,奥下
198,42,沖見
170,20,下大迫
174,211,海本
131,103,岩沼
140,109,久坂
1,115,弓座
60,178,桐明
224,148,桑元
201,248,見並
114,99,虎沢
233,128,五代儀
151,247,向吉
23,58,高関
122,132,佐次田
101,144,左川
79,80,咲間
194,113,賛田
48,168,師田
61,205,支倉
71,97,守時
105,138,秀野
21,102,小波
181,56,森杉
193,63,藤定
113,15,田副
211,32,田付
90,159,田寺
115,231,田岸
7,79,蔦川
226,237,直川
17,113,長里
234,81,中冨
159,189,中川路
244,214,地濃
161,185,丹伊田
208,44,太斎
90,163,蔵持
24,170,早福
203,172,善野
80,127,奈木野
73,25,南澤
249,82,二川原
70,61,入間川
167,2,菱本
128,61,浜沢
102,40,富木
140,66,冨家
64,83,浮谷
41,8,平森
99,240,峰岡
121,8,末元
113,170,矢野目
217,60,油木
180,167,湧井
21,175,立間
93,148,濱島
13,97,赤名
99,49,安坂
85,231,一氏
71,39,一力
252,147,宇江城
218,252,羽吹
245,81,園尾
134,153,奥隅
87,155,岡江
57,131,下浜
123,229,鴨野
81,248,瓦林
130,134,関光
37,133,貴
59,39,吉盛
28,188,宮長
231,63,牛房
131,245,九谷
117,63,見延
64,61,五條
210,54,光嶋
57,216,桜内
86,231,志治
109,176,示野
53,179,鹿角
118,141,種池
242,255,勝永
205,186,小井沼
59,200,小坂部
64,248,焼山
252,250,焼肉
19,7,上芝
116,188,真行寺
40,172,神屋
68,251,縄稚
55,225,内芝
138,60,道津
28,18,道祖土
64,65,湯前
108,79,渡島
38,153,田積
13,5,定免
230,34,鶴来
171,40,町永
106,88,忠内
223,176,仲光
232,3,中邨
232,239,中久木
141,45,築野
200,174,沢根
174,42,入木
105,233,埜田
172,99,樋下田
176,239,尾道
241,107,姫島
229,118,富満
63,27,北裏
93,6,牧谷
95,195,茂利
168,255,門池
136,115,野久保
248,127,野俣
244,120,柳崎
228,50,涌島
188,27,用松
210,35,篭宮
36,190,糀
233,138,阿蘇品
207,122,綾井
20,126,稲毛田
144,57,乙守
154,236,河森
112,101,花尻
69,157,海山
13,230,儀賀
241,156,吉増
73,20,久保埜
92,234,月橋
72,127,原瀬
24,123,戸波
40,151,五箇
115,153,国中
53,66,今元
249,36,佐々部
38,132,大櫃
50,48,大船
227,230,則岡
121,85,倉園
214,213,倉益
207,219,扇野
44,39,西面
143,128,上栗
146,140,小舟
235,159,小家
118,92,十田
164,71,秋江
136,231,寺薗
206,166,志塚
212,40,四日市
141,128,才本
74,109,小曽根
63,12,小道
255,111,城代
7,251,条川
182,9,深美
12,254,神高
36,100,赤塩
28,21,箭原
184,170,善如寺
34,230,祖川
139,37,東矢
62,227,湯木
25,87,堂地
175,82,発生川
40,15,隼田
114,244,彦野
149,163,桧
12,207,福嶌
97,29,平向
167,236,片
182,75,宝井
161,168,放生
127,95,芳中
45,180,房安
5,191,茂見
45,54,矢神
87,101,雄谷
146,97,良田
235,16,林保
148,236,茗荷
102,29,阿尾
195,16,芦高
71,77,磯目
94,46,栄永
220,228,横大路
89,64,音地
227,106,家弓
195,93,家守
49,107,家泉
148,185,君崎
171,97,見野
128,79,光内
234,32,厚井
70,140,荒石
4,40,高野橋
154,167,国料
96,56,今森
53,227,今和泉
31,164,根布
233,147,佐取
226,247,山条
219,232,七宮
130,74,柴森
150,97,芝地
249,138,射手矢
107,63,手登根
121,89,秋澤
57,60,春日部
64,199,小宮路
249,198,小石沢
1,13,東泉
54,221,都地
205,155,仲渡
44,249,中野目
166,168,中農
186,126,丹山
153,11,蛸島
161,183,滝ケ崎
49,33,大築
101,169,大谷津
184,30,太原
105,140,多島
194,136,多根
81,214,川沢
114,82,川神
159,223,川阪
103,213,千枝
208,138,湯下
197,90,藤竹
218,94,内井
188,173,内富
164,209,楳木
121,211,八ケ代
164,126,八方
207,84,尾倉
42,206,桧皮
201,85,百地
172,97,武輪
52,100,友久
214,55,由木
21,197,頼本
133,55,檜
162,21,秡川
76,206,蓼原
109,153,藪木
146,60,伊多波
123,217,宇津井
78,187,羽間
85,26,浦出
50,19,延島
91,89,乙藤
24,147,下川床
77,140,河盛
223,142,柿川
141,9,冠野
247,95,舘沢
221,151,亀原
65,81,久古
185,245,久保沢
211,83,居内
98,90,強瀬
147,144,栗又
6,70,糊沢
192,129,西野入
118,35,西手
37,165,正治
181,63,深坂
97,168,新小田
185,128,信野
46,210,秋浜
54,225,宗平
65,248,守内
6,56,鹿島田
253,54,持塚
194,171,持地
102,190,市口
150,223,佐子
172,47,国
249,87,高向
122,143,行正
193,66,手銭
23,155,舟瀬
18,203,重倉
148,70,深本
8,130,真岩
47,224,須々田
81,243,菅江
110,229,瀬名波
77,10,征矢野
22,47,倉前
213,71,大内山
51,21,大用
46,55,池野谷
134,29,虫賀
60,222,丁田
181,65,朝稲
126,62,町川
27,140,町頭
85,247,天尾
127,189,田邑
99,114,東樹
238,109,筒木
98,73,藤貫
245,180,徳里
236,6,八丁
242,235,板岡
102,63,樋原
192,177,尾股
197,97,米子
151,105,万崎
44,99,密山
73,139,目加田
128,132,揖斐
41,124,惟村
17,138,一ノ渡
33,240,猿子
130,84,於久
143,198,下井田
103,13,加用
169,130,河俣
44,186,貝本
105,24,外賀
178,8,角脇
142,223,椛本
236,34,釜萢
68,169,苅米
141,44,吉迫
252,246,吉備
29,205,久保内
68,192,櫛淵
15,251,経沢
93,166,月見
236,151,兼信
87,82,建山
110,197,源野
242,176,古久根
168,136,御田
40,36,光明
172,46,好永
122,156,佐高
79,5,坂主
121,15,笹内
25,182,山隈
202,98,市位
217,34,市森
167,163,柴倉
202,154,貞清
175,98,津呂
22,138,中新
76,172,竹辺
76,70,知崎
5,80,谷ケ崎
50,67,大礒
211,243,大栄
225,168,打川
193,49,多羅尾
165,205,船ケ山
20,233,浅里
158,84,杉生
230,58,真角
202,218,信木
41,70,沼宮内
59,98,沼館
0,80,東中川
177,128,頭師
161,62,得平
149,224,日南田
137,182,能野
190,119,櫨山
226,160,八崎
159,177,板尾
169,239,飛知和
165,5,浜頭
14,253,武森
190,143,福石
106,229,宝蔵寺
119,152,名和田
86,106,籾田
80,100,由上
9,185,落田
61,124,梁本
218,206,粟島
154,158,安堂
88,236,伊里
206,46,越原
145,27,越戸
5,188,横
72,35,柿森
209,253,寛田
44,247,机
232,151,菊武
206,7,吉宗
147,205,京藤
101,220,桐淵
152,151,琴寄
66,56,権野
130,238,古旗
211,136,口野
142,50,恒藤
236,184,小元
136,134,小垣
170,154,周田
162,149,守分
252,50,識名
202,193,鹿戸
241,12,鹿原
168,199,寺畑
251,137,糸屋
146,143,山嶋
155,253,山永
64,14,三海
87,6,作井
147,19,高池
62,109,高群
253,182,綱田
64,185,溝
141,190,川ノ上
128,109,川頭
187,201,草留
239,250,大小田
175,225,滝吉
172,207,地原
100,114,竹ノ谷
205,197,忠津
197,161,長砂
48,236,津浦
236,55,坪松
36,184,鶴尾
209,223,吐合
59,8,唐
88,102,徳力
253,112,内畠
205,167,日根野谷
211,183,納見
133,187,能川
45,8,八須
135,250,平西
186,242,北垣内
239,67,本所
35,98,毎床
89,182,又平
128,47,満石
40,84,矢葺
196,84,友池
205,248,流郷
209,186,廣谷
231,162,濱地
72,205,逵
37,86,阿美
32,221,伊郷
0,87,永滝
54,206,益原
246,205,奥浦
199,255,奥長
133,58,岡一
209,24,岡倉
40,89,河守
213,27,花屋
130,72,笠石
58,208,岸尾
58,39,客野
88,215,救仁郷
255,141,居原田
28,181,古根川
139,176,後河内
190,162,江谷
135,158,肱黒
34,6,枝野
86,38,秋久
214,157,習田
118,44,住原
194,201,照本
121,79,森里
33,32,須和
23,181,瀬津
63,2,清治
137,9,西守
238,246,西頭
105,125,折元
247,125,千代川
210,112,鉄谷
104,135,程野
168,98,貞安
125,126,津
93,131,鳥村
216,135,忠田
151,123,中代
227,66,中多
14,245,大信
92,123,大山口
59,61,大古場
113,32,台野
11,20,村七
63,77,曽布川
152,59,千布
154,176,石渕
192,99,斉尾
152,125,菅澤
53,208,砥石
88,229,土家
90,229,播田
65,227,飛世
15,47,富浦
210,55,布施谷
236,148,布瀬
173,203,武松
149,144,平船
72,53,保屋野
106,69,穂高
71,109,北越
187,67,蓑和
199,71,野嵜
181,92,矢下
254,72,有門
176,252,篭橋
98,37,鷲北
239,145,櫃本
10,106,諏訪園
254,18,安長
8,121,右京
47,73,臼山
118,132,永露
28,204,横橋
147,180,下田代
146,254,加々良
152,165,加集
0,220,歌津
47,119,蟹井
248,71,鎌本
183,203,管田
139,131,鬼澤
112,135,境井
26,153,橋中
150,157,熊上
16,173,元家
6,93,古和
0,185,胡桃
232,224,仁後
131,35,人西
237,191,城森
202,150,小根沢
82,12,小吉
197,16,初貝
112,37,出路
41,185,出店
143,176,宗正
127,47,種子島
156,137,七森
78,155,市ノ川
123,214,彩
58,187,佐賀野
158,215,黒森
1,67,黒金
114,14,弘岡
69,231,康本
216,8,土原
162,65,土井田
58,250,潮平
30,229,張谷
92,52,仲前
7,188,中能
32,29,竹倉
162,143,竹光
40,18,樽沢
50,97,只隈
156,187,多門
43,108,曹
102,12,膳
44,154,川守
41,218,石久保
171,123,石屋
20,199,西別府
88,165,水戸川
161,250,陣川
42,163,真鳥
218,213,土取
253,122,桃
153,7,徳冨
144,109,日巻
199,103,日諸
75,122,祢宜田
69,107,梅地
209,113,白原
115,21,幡本
145,158,飛石
244,252,尾和
58,239,表谷
94,135,冨成
208,123,朴沢
119,134,堀一
39,252,本蔵
29,245,万福
84,105,網島
58,140,木付
147,238,矢古宇
140,9,伊永
187,72,宇木
120,244,永宗
14,230,越湖
61,69,越尾
228,199,王野
94,165,屋宮
196,6,嘉成
11,50,河住
224,250,柿岡
73,205,釜屋
40,2,甘田
167,252,舘川
119,49,丸小野
99,75,魚地
186,57,玉里
124,224,金垣
255,67,犬島
217,146,古根
247,152,虎尾
71,203,新久保
20,11,信永
131,57,城塚
53,247,上領
78,157,沼端
132,231,沼岡
136,225,小合
166,157,小境
88,128,小賀野
191,22,寿賀
233,75,寺家
177,33,榊本
241,198,砂崎
50,147,佐納
174,25,佐々江
47,234,高出
209,153,江河
74,98,厚田
21,18,光枝
182,250,五十幡
35,27,生本
151,62,赤本
32,110,善林
247,8,楕松
230,151,大立
126,171,谷道
201,36,丹所
123,144,丹村
0,30,智田
81,63,池城
146,243,築谷
220,121,竹地
226,169,沈
182,185,東館
62,128,東垂水
69,37,棟
203,214,湯田坂
154,178,豆塚
3,238,栃倉
240,88,萩坂
243,149,浮辺
159,194,武地
115,32,北元
97,109,末金
142,133,紋谷
97,60,矢羽々
12,104,涌嶋
46,216,葉梨
37,84,國吉
28,179,栫井
138,9,水浦
101,149,鮎田
27,69,安喜
14,135,井汲
148,3,宇宿
164,108,鵜久森
104,145,堰合
209,218,沖谷
160,105,佳山
127,184,会見
56,193,角替
34,215,株木
16,138,起田
121,63,金守
84,241,狗飼
108,99,熊林
65,193,溝本
252,70,高附
21,233,高牟礼
165,184,崎岡
132,81,三国谷
70,208,志甫
62,3,室津
9,35,出縄
11,126,所沢
133,114,諸泉
97,124,上新
179,124,上坊
158,17,新鞍
88,56,新玉
64,207,新治
62,72,粕田
196,203,梅基
51,218,波江野
178,191,道地
118,183,道久
42,98,藤綱
231,82,嶋尾
84,131,田才
16,234,定永
23,249,坪島
85,233,津熊
174,20,中藪
200,11,中土井
8,55,中陳
69,121,中阪
10,36,池之内
143,136,旦
127,223,大美賀
41,54,大兼
136,133,瀬筒
171,160,半間
150,175,尾美
202,238,冨士川
174,131,布沢
172,62,福坂
116,39,福木
197,41,片沼
137,135,穂谷
153,27,飽田
187,154,鉾之原
46,42,末柄
62,157,蓑口
231,182,目取真
216,108,野一色
67,240,矢幅
8,106,友杉
23,202,有方
7,70,竜門
17,62,六浦
197,182,六笠
221,175,安信
105,187,安増
248,57,安富祖
4,232,伊佐次
181,61,伊豆倉
99,164,移川
89,4,磯永
42,138,宇恵
226,144,益戸
107,81,加賀爪
140,253,嘉陽田
164,96,花尾
177,142,外木
139,112,関元
231,10,喜多野
155,155,久守
58,90,京屋
82,217,古井戸
123,235,古積
233,81,古浜
89,186,世木
117,226,仁瓶
224,239,常国
165,213,上吹越
191,138,上ノ原
103,173,松迫
194,67,小師
242,88,重宗
235,39,秋重
48,73,時山
20,231,寺杣
41,191,紫竹
45,61,志鷹
16,98,山火
33,36,三桝
230,0,薩田
254,176,砂永
146,19,高丘
161,252,御代
77,181,戸堀
27,181,大風
195,175,池町
164,55,中塩屋
137,58,中木原
55,240,長楽
231,228,都志
55,85,嶋林
15,71,東風谷
177,249,当
142,41,日川
121,246,忍
169,68,馬路
177,243,八原
5,7,発地
10,43,尾竹
41,225,美濃口
167,133,菱倉
112,76,姫嶋
148,159,片嶋
63,129,宝泉
70,217,豊平
136,106,鳴坂
73,107,門真
246,21,野浪
25,23,油本
244,243,立井
255,25,漣
190,215,樅木
175,49,礒山
143,139,籠田
210,233,伊与
91,212,井水
75,40,井辻
221,251,引木
75,123,下永
109,223,下玉利
188,204,架谷
39,176,居山
182,82,境沢
216,105,恵本
147,118,五位野
0,176,向井田
2,154,向本
182,200,江西
165,175,荒垣
28,110,行谷
157,205,鴻田
24,70,佐々川
118,175,佐木
208,220,柵島
86,31,実森
95,23,小立
16,211,新上
172,6,神宝
97,169,政氏
112,195,清信
41,23,西富
83,2,多賀野
189,74,対島
125,81,大頭
34,92,阿戸
6,192,伊海
75,223,升岡
173,45,小田代
134,61,松蔭
159,233,松任
153,180,上河内
140,103,上和田
75,197,尻無浜
202,183,新田見
20,22,水草
62,249,菅川
252,82,星宮
75,110,石北
61,178,石躍
225,68,前井
134,162,滝北
3,11,築地原
225,114,竹長
170,241,蝶名林
94,142,長良
166,236,定平
69,148,藤渕
76,187,鍋野
211,218,日熊
139,175,八村
9,206,八板
173,183,樋脇
73,255,冨士本
238,104,武縄
245,134,平阪
4,217,母里
50,73,埋田
198,148,満行
210,61,茂住
38,214,木場田
139,173,野満
163,251,檜野
208,139,渕崎
92,144,蔡
141,42,助永
19,63,伊佐山
228,201,為近
0,41,永水
6,227,沖藤
171,100,下沖
230,161,可部
211,37,河邑
122,162,潟山
10,255,勘場
40,12,貫田
24,29,岩朝
42,16,吉実
177,205,久利
80,231,魚返
71,151,駒居
43,183,櫛橋
41,248,栗岩
25,205,継田
14,246,見世
48,37,初
180,14,秋里
16,52,実光
236,41,鹿本
71,148,山館
137,231,三分一
105,61,三田寺
145,205,三窪
78,54,坂之下
106,55,細畑
255,241,今牧
90,175,黒神
54,94,荒家
222,40,光瀬
176,76,戸巻
156,143,古知屋
76,225,古性
113,153,古金
176,187,鍵野
65,89,仁多見
163,159,吹谷
57,37,瀬倉
219,9,石掛
214,92,赤島
50,51,染葉
224,28,早渕
158,126,袖野
111,66,谷津田
86,145,樽田
151,207,池北
124,15,仲尾次
25,184,津金沢
199,223,津々見
66,81,貞苅
84,161,貞野
143,242,渡沼
88,205,桃坂
166,104,楠生
44,51,能代谷
94,64,萩村
49,84,白羽
238,20,判田
172,194,本元
145,226,又賀
158,8,免田
53,148,木邑
34,18,矢越
33,46,友滝
92,255,利倉
128,242,和平
94,71,鯰江
70,5,神河
251,35,安恒
187,230,安澤
65,122,伊差川
53,118,井七
161,193,宇座
206,239,羽子田
6,179,臼谷
10,157,塩釜
236,108,荷宮
22,134,外所
48,218,橿淵
163,17,刈部
247,81,苅野
119,204,簡
200,51,興
7,110,局
15,33,畦田
67,104,綱沢
157,79,佐護
53,158,山畠
11,201,市園
108,220,時村
162,251,鹿庭
42,233,若栗
215,149,守井
152,246,秋穂
76,89,重城
188,217,諸山
125,138,小松本
181,218,常
166,195,新栄
151,46,真岡
209,47,鴇
215,200,藤門
231,224,田染
221,64,田室
236,181,坪口
140,35,塚腰
1,206,槌本
110,193,朝日奈
167,210,中洲
36,25,中角
205,200,谷添
145,227,谷掛
166,17,棚辺
95,223,瀧野
186,95,続橋
66,213,増倉
160,81,霜崎
47,60,早木
17,33,曾根崎
200,176,西矢
96,145,須尭
87,61,神品
208,151,栃下
195,96,楢館
251,27,南幸
151,31,南葉
180,134,二郷
131,157,日江井
223,175,尾之上
36,232,菱
171,244,富浜
134,114,宝木
60,208,芳地
73,12,堀見
190,234,鳴田
120,57,毛戸
233,65,木我
168,26,木水
215,228,木方
72,22,門出
221,182,野海
18,146,与沢
92,103,里館
6,184,榔野
132,163,國本
21,247,阿内
175,251,井中
81,167,羽尻
17,136,羽尾
235,210,永迫
172,173,覚前
30,63,角中
155,9,叶谷
77,95,亀之園
170,115,亀澤
140,50,宮館
203,39,牛ノ浜
88,241,居森
40,83,居倉
9,229,権丈
210,17,古結
114,48,戸水
21,63,五所
2,47,光元
140,102,広神
78,58,江国
215,177,紅露
100,184,荒町
174,142,真栄里
48,13,新枦
43,243,新飯田
111,73,常広
239,110,小武海
38,187,小鉢
138,114,小猿
21,189,小引
155,179,宿野部
207,235,秋満
136,180,手倉森
78,222,篠井
59,249,漆島
246,185,寺岸
208,72,四田
106,99,三國
32,47,在家
140,44,佐名木
161,192,佐戸
53,194,今仁
156,84,国塚
8,128,高正
212,101,萩平
14,2,波照間
30,144,南岡
33,220,内平
189,179,徳升
42,3,島浦
35,110,田子森
49,213,伝野
127,65,鍔本
60,168,鳥内
20,200,朝来野
149,99,朝重
96,187,中正
126,23,段原
3,50,谷一
19,72,大宝
74,212,大倉野
204,116,大幸
253,228,荘野
240,131,草竹
5,87,八上
159,133,八波
241,182,繁
186,185,飯牟礼
84,20,尾曽
223,107,尾澤
225,227,富士本
238,199,布藤
68,80,部坂
27,196,宝利
131,26,芳尾
52,153,豊満
158,59,北門
25,201,名嶋
255,10,木目田
123,6,油座
63,190,龍頭
0,207,廣嶋
47,126,籠橋
224,154,鰺坂
13,27,川倉
27,224,伊勢亀
206,106,伊草
25,210,井ケ田
37,145,鵜島
4,165,下木
199,238,角町
255,179,角矢
1,194,掛江
226,250,釜山
136,60,関澤
181,62,吉識
228,186,芹ケ野
11,75,芹口
60,196,近川
81,152,金持
197,205,銀山
74,222,熊添
236,94,茎田
115,249,兼丸
66,192,鯉渕
18,87,石隈
142,19,生松
223,230,畝田
17,82,杉光
3,183,須賀原
167,91,上広
16,25,小泊
238,235,小田井
79,68,小袋
198,67,小瀬良
253,218,出納
205,86,秋末
82,93,謝敷
78,188,実近
197,62,時実
193,24,市吉
194,133,国次
67,8,高志
100,76,高見澤
137,11,高沖
180,35,飯久保
241,175,馬道
29,174,波々伯部
251,182,能登屋
86,191,土平
151,51,田制
142,232,堤野
206,216,蔦野
105,50,朝尾
235,192,中川内
53,46,滝尻
183,152,大仁
121,24,相
135,178,善財
0,17,川場
105,9,切石
21,237,水摩
255,185,信江
190,65,樋村
184,213,浜添
73,40,冨尾
173,128,舞木
207,152,平道
167,79,片浦
98,105,母袋
99,47,峯下
220,0,牧迫
105,56,本広
211,181,満保
210,88,味園
94,121,問田
195,217,野々瀬
188,146,弥吉
19,71,祐成
214,111,淀野
152,82,和波
12,98,伊塚
201,244,井幡
55,153,一本木
112,38,宇美
155,67,羽坂
37,37,浦越
31,207,横越
38,65,黄田
115,86,岡屋
165,201,下田平
70,105,海口
121,34,角鹿
10,90,掛野
40,16,喜久
135,25,貴堂
10,98,牛原
206,100,鍬崎
249,179,兼石
216,61,見市
236,57,源島
78,94,古波津
207,220,広居
59,177,高秀
123,227,今立
0,190,三日月
196,214,市ノ渡
25,53,鹿屋
66,70,宍道
55,205,酒井田
18,159,酒部
15,52,住村
82,168,楯岡
91,128,諸冨
57,155,小友
110,244,上神
9,125,植嶋
106,200,津々木
150,26,町島
160,42,朝間
184,12,大塔
135,10,大土井
26,19,大竹口
44,57,大後
47,95,祖慶
47,141,善福
116,150,千嶋
127,10,赤西
96,57,石走
211,86,西信
233,88,盛武
47,101,生長
211,146,水倉
189,40,須子
149,54,針替
12,239,秦原
124,29,天下井
68,179,道辻
227,144,徳尾
64,233,幡司
153,9,畑木
238,128,発田
32,191,繁沢
132,129,飯生
42,36,肥川
192,92,美村
223,44,幅野
227,233,峯岡
28,144,房
143,8,北木
115,105,目沢
70,179,薬袋
228,145,由水
47,37,浴
133,175,浪瀬
61,96,鍜治
121,165,伊美
122,134,井前
162,164,井柳
110,127,一家
142,12,宇地原
61,209,越善
164,176,榎森
91,159,延本
193,57,猿木
238,58,奥苑
126,130,岡信
185,206,沖西
24,14,屋嘉部
195,202,音無
177,61,加留部
121,147,河副
91,195,荷見
199,184,角元
77,219,管家
216,130,原良
242,49,神田橋
147,134,神守
79,209,真谷
76,133,真栄平
122,220,信谷
249,173,上田平
215,164,上江田
206,220,松薗
129,239,小八木
228,242,小端
31,103,舟井
177,226,三津橋
103,177,頃安
27,25,高名
139,166,高知
245,248,綱嶋
180,85,甲佐
14,153,江後
154,194,広海
157,211,釣田
250,146,鳥羽田
121,133,中保
137,152,蛸井
95,239,太野
143,102,多賀井
71,144,蔵方
209,69,倉吉
16,134,善明
219,183,浅島
161,91,川木
129,152,赤峯
31,4,石ケ谷
95,246,西奥
248,38,雀荘
179,169,仁野
245,166,上牧
57,202,小手
229,55,小下
246,88,程原
148,168,天崎
136,178,登丸
214,100,藤脇
75,180,堂浦
121,221,禿
155,207,日沢
131,152,能地
137,61,畠本
138,150,八倉
68,47,尾籠
131,161,表野
13,133,風野
239,201,法師人
90,241,牧嶋
234,110,末谷
145,250,味方
171,157,野明
247,134,揚
28,248,國枝
79,27,宗行
60,156,阿佐見
68,248,依知川
202,168,為井
217,30,井地
217,135,磯ケ谷
52,210,一石
246,188,右手
85,174,鵜浦
53,4,浦尾
98,62,浦林
67,163,越間
86,92,猿川
253,111,奥埜
73,116,王丸
171,132,下市
94,234,加東
178,125,廻谷
253,215,海住
177,111,貝島
153,164,角戸
239,179,柴沢
122,47,漆川
23,42,次藤
82,30,時久
134,129,鯖戸
115,96,作原
175,10,堺沢
36,86,細原
113,164,済木
44,200,高貫
217,28,光木
91,254,五十島
216,23,懸田
55,93,兼頭
52,222,畦崎
168,223,君田
41,176,玉野井
70,100,関沼
76,195,釜江
226,100,楢木野
105,133,島立
101,62,島地
184,198,土島
140,201,都沢
147,98,田中丸
36,248,長弘
147,65,中栄
191,245,茶野
51,240,沢尾
7,6,沢向
197,201,大洲
129,22,村北
215,173,祖山
118,135,楚南
75,227,前木
17,55,先川
151,127,生頼
127,27,勢井
136,33,諏江
60,120,神杉
154,210,森行
252,171,常森
229,141,南坂
231,88,二藤
200,248,能
101,15,煤賀
152,196,白形
30,160,白杉
21,91,尾頭
162,98,尾白
251,197,浜石
240,167,浜渕
133,81,布宮
104,117,敷根
149,214,平舘
196,13,宝崎
159,50,宝達
82,213,本並
84,225,末重
151,45,野道
76,238,友弘
89,62,有阪
125,174,嶌
145,214,嶽山
190,201,枡本
112,233,阿部田
149,102,芦部
194,194,安国
150,64,伊ケ崎
192,183,稲家
51,142,宇南山
9,160,永草
166,20,永畑
29,149,応和
67,23,屋
229,77,乙武
230,87,下保
175,92,家坂
86,20,家塚
54,7,冠木
115,37,岩吉
216,245,亀割
80,6,久津輪
235,88,宮一
44,132,橋原
52,194,金瀬
122,138,桂井
54,210,古小路
152,179,上重
134,127,松垣
148,49,床波
100,255,小日山
208,157,小谷地
11,4,渚
93,239,春永
2,193,取違
190,44,芝内
134,219,芝谷
11,34,柴口
177,209,実井
87,16,室星
17,73,式地
200,135,志牟田
137,41,山保
74,158,柵山
176,89,作村
51,51,砂畑
20,35,今釜
16,75,国房
131,122,糠塚
217,9,後根
105,171,田松
42,142,田郷
155,141,泥
80,91,椎津
62,161,仲秋
118,78,中来田
144,108,池長
100,82,大坂谷
188,147,帯津
48,155,増地
132,146,倉片
52,144,前川原
103,247,先本
206,243,石木田
212,77,水森
251,15,須知
204,33,辛嶋
124,147,湯ノ口
58,183,南薗
231,169,乃美
103,137,尾垣
28,146,福増
162,32,米今
126,64,米増
221,232,保刈
235,207,北神
36,59,堀永
39,108,明本
255,107,弥益
16,20,矢畑
51,220,由布
226,49,用田
45,253,利重
189,204,梨子田
199,61,澤地
217,129,新良
210,128,阿左見
160,180,伊野部
64,154,井瀬
117,96,宇治原
243,48,宇杉
197,238,屋部
89,15,恩塚
156,126,蟹
147,0,関尾
136,7,丸口
24,30,丸森
74,221,亀子
67,237,吉益
150,56,堅山
179,206,原尻
129,190,御木
56,10,綱脇
62,235,国木
163,249,上加世田
118,118,松盛
81,187,小土井
68,218,小水
186,195,種部
9,52,蛇口
126,77,紙
105,17,桟
76,219,三膳
186,82,三住
75,152,堺井
175,69,細渕
145,105,砂子沢
253,168,佐名
218,37,佐枝
178,174,今塩屋
91,113,此島
85,222,内場
84,77,刀川
114,195,田木
42,171,田面
60,118,田儀
50,251,庭月野
223,244,陳野
49,63,鳥居塚
166,107,猪浦
252,157,竹岸
204,167,池邊
182,197,池守
62,135,鍛治屋
228,22,谷利
142,27,大美
186,20,大田和
32,36,大生
237,25,駄場
77,247,太刀掛
177,195,多谷
183,92,村治
254,137,束
138,224,草開
55,111,惣万
218,147,曽根崎
217,161,前阪
247,21,二山
37,230,波塚
5,117,楳原
105,191,箱島
143,115,板子
217,31,般若
59,114,桧物
15,73,品野
140,238,浜高
99,199,冨村
67,89,風晴
246,32,平古場
128,14,豊坂
6,73,豊重
169,248,北川原
39,11,堀間
38,202,本内
177,75,名井
226,52,名渡山
192,136,柳屋
181,207,友兼
34,174,有倉
18,246,与五沢
254,49,陽田
234,70,来住野
26,85,呂
110,89,和川
221,109,川音
62,73,一居
2,185,稲角
28,34,羽瀬
6,52,丑山
120,7,碓田
157,115,栄井
162,146,永妻
100,31,円城
110,245,嘉味田
168,70,角道
247,78,梶沼
149,141,株田
68,157,釜坂
67,142,久馬
105,106,境目
108,241,橋長
125,27,狗巻
138,84,堅木
7,203,古厩
229,88,古水
46,7,五十木
134,32,御法川
59,43,荒張
80,69,高柿
34,63,高洲
97,212,佐長
75,213,砂
123,117,雪山
101,197,石富
227,136,石江
75,187,清板
71,229,成冨
65,33,是常
87,239,瀬原
174,23,須浪
163,95,神郡
251,176,森数
92,18,新潟
183,235,植元
122,230,上奥
133,178,松淵
220,3,小出水
202,88,出間
99,35,宿南
8,113,洲浜
248,200,守野
68,188,芝垣
201,234,室塚
173,185,鹿俣
199,183,次郎丸
13,87,山分
240,38,山前
215,58,傘木
152,73,鳥養
221,1,竹西
159,249,丹呉
12,24,大須田
182,218,大垣内
194,190,増富
212,11,倉口
105,100,川船
207,170,川高
112,41,川居
156,95,千代島
90,133,赤熊
22,126,石館
88,156,盛内
157,221,成枝
198,83,是澤
56,62,寸田
145,36,水庭
135,69,水竹
6,253,針金
39,171,真光
13,143,新池
82,251,辻永
87,109,釣巻
189,237,田野上
33,86,都井
12,43,嶋沢
173,177,峠本
180,108,徳渕
206,8,半戸
251,10,板
104,8,稗島
154,156,桧谷
235,83,福海
156,25,平等
103,170,保戸田
168,183,宝積
5,113,縫部
239,248,北奥
10,87,堀松
26,90,名内
213,210,目見田
54,239,弥田
123,24,有国
102,193,篁
180,184,逢見
81,52,安齋
140,218,伊左治
159,77,伊与久
247,39,井窪
190,57,一重
142,4,宇留間
53,182,越中谷
29,45,押
15,132,家門
14,179,歌丸
0,164,外野
183,101,垣沼
5,43,柿塚
80,214,葛綿
117,120,苅屋
209,170,苅山
150,112,館沢
248,187,岩里
230,80,貴家
112,25,久留須
90,219,居林
192,128,橋迫
45,7,上町
247,142,焼田
83,195,松良
17,237,床並
245,37,小野尾
252,4,時永
160,153,紫原
178,64,四海
195,45,三砂
4,241,三ツ村
255,182,鷺森
193,0,細目
240,250,砂長
25,25,今安
192,120,耕田
171,0,江津
237,148,光浪
243,161,五宝
187,21,五十住
41,7,古溝
47,175,粂谷
29,82,橋目
181,206,同前
1,35,東門
231,83,東梅
243,122,東辻
56,236,東上
20,123,辻畑
108,180,塚島
144,52,津元
33,75,仲泊
54,63,竹宮
251,59,大都
63,34,草水
49,173,早原
65,155,曾原
231,76,前芝
19,219,石束
29,243,石王
95,240,星見
104,198,堂端
99,108,堂満
137,107,奈良坂
174,45,能祖
170,55,八木岡
176,39,飯竹
58,84,尾北
217,109,美島
226,31,富士田
82,231,武津
203,95,舞原
212,104,幅口
245,44,柄崎
19,8,北側
135,161,北道
155,252,門上
199,33,野浦
159,139,野々田
13,184,栩野
46,19,成吉
78,243,安曇
161,224,井寺
162,23,益崎
179,147,黄金井
29,177,下杉
159,228,河野辺
82,67,鎌原
204,88,吉荒
134,183,吉名
20,122,久下沼
187,50,牛野
157,78,金長
131,56,兼
147,92,元持
28,145,戸頃
50,204,菰渕
99,73,広住
227,193,江馬
156,69,国塩
153,99,瀬本
247,219,水門
83,186,森金
92,249,常葉
54,111,床島
108,45,出津
124,233,宿院
155,58,重清
215,125,秋篠
88,199,宗友
150,46,宗内
191,76,鹿村
244,255,寺居
209,100,飼沼
175,46,山塚
146,197,山外
105,151,三家
61,7,今徳
251,74,日尾
248,10,二杉
169,22,徳植
67,96,藤園
212,38,藤栄
56,201,東福寺
178,131,島戸
102,163,田茂井
223,138,田名後
176,171,天倉
142,44,貞国
53,152,椎塚
140,217,調子
168,17,仲平
83,83,中門
251,155,谷仲
15,192,滝花
211,160,大茂
135,17,大肺
73,212,村戸
131,2,草部
215,223,組橋
240,55,善養寺
251,154,千代森
83,125,石淵
128,198,生永
67,88,日並
64,45,迫村
197,213,幡井
25,4,八馬
44,59,髭
78,177,百村
126,56,浜路
167,103,冨士野
55,50,武口
57,12,武広
149,159,柄澤
58,119,豊国
185,249,房本
119,135,本図
6,116,毛見
203,145,矢納
49,111,柳詰
51,198,薮井
57,65,油屋
13,128,里岡
134,122,良永
3,118,嶺村
251,187,鈴谷
175,209,六郷
20,87,和食
190,20,梛木
180,246,水留
187,52,井生
111,154,宇仁
158,37,永家
80,126,榎屋
246,82,遠原
32,9,応本
90,218,下位
217,49,下吹越
231,229,家根
96,77,皆葉
129,238,外狩
124,176,樫内
157,122,間杉
165,104,関守
98,138,岩手
226,126,岩畑
121,127,喜岡
53,0,喜名
131,50,菊屋
66,187,吉岩
78,16,玉浦
219,5,金場
18,248,古我
249,226,古清水
28,205,御子神
201,167,広垣
200,68,植栗
140,29,上之
10,0,小瀧
24,193,小佐田
248,215,小潟
56,105,書上
165,103,初川
65,168,酒居
232,51,柴宮
109,81,治郎丸
94,8,時安
240,133,寺沼
150,52,氏野
76,209,志磨
142,76,山子
3,166,山奥
151,200,三保谷
195,4,三熊
198,65,三園
108,2,作花
52,34,細
38,16,座光寺
51,99,高野瀬
31,20,高熊
91,161,香島
85,71,広吉
114,20,田篭
115,25,田多井
181,101,田切
65,241,殿井
217,176,天達
188,17,定井
221,52,中礼
103,69,辰馬
10,1,但田
220,59,沢浦
195,159,大條
125,69,大箭
197,195,大廻
242,98,待田
49,142,対木
85,9,多良間
244,6,村長
243,19,泉名
218,66,川池
118,26,川喜多
192,255,切山
86,190,赤藤
176,224,赤垣
64,120,赤井田
27,112,石破
117,17,星光
57,57,成戸
18,179,瀬角
88,240,杜
191,151,礪波
22,92,媚山
23,73,六
160,48,鈴東
255,51,裏川
244,140,野渡
255,117,野間田
215,67,門西
114,192,門坂
132,222,杢田
57,213,末澤
51,66,末兼
45,189,峰川
139,5,米道
87,128,富阪
11,241,表原
246,186,俵木
80,155,百目木
223,120,桧作
179,99,畑間
138,53,梅屋
199,2,馬立
101,37,日野浦
80,221,曇
226,68,徳淵
39,74,藤由
15,79,東保
137,226,渡谷
187,89,椙原
200,151,橋垣
20,76,境原
159,186,宮添
222,124,菊森
243,106,岸口
146,103,丸崎
213,28,割烹
60,130,樫葉
200,216,外城
246,158,介川
198,135,河室
204,179,嘉代
198,246,加茂谷
114,24,加藤岡
49,70,加勢田
157,202,加悦
149,83,音
173,217,屋鋪
197,93,横小路
3,203,横屋
60,124,奥澤
224,79,栄野川
60,157,卯田
238,212,羽矢
104,23,稲林
165,9,稲庭
242,231,井向
135,198,安部川
131,127,粂原
43,119,森岩
34,64,松里
189,202,小鷲
105,62,小永井
117,80,諸木
114,3,諸貫
85,8,宿野
230,49,種橋
6,200,若見
182,60,社
6,196,実成
83,75,鹿子
46,36,紫牟田
25,92,志熊
119,75,市嶋
157,106,山竹
185,67,山陰
255,115,作
90,78,佐飛
129,230,今島
39,126,今園
243,32,紅野
170,11,古南
87,154,古巣
150,230,原茂
49,127,原国
222,68,鯨
147,214,荊尾
36,77,添川
152,203,定光
229,254,椎田
165,151,鳥毛
198,238,長西
210,48,仲根
58,53,中柴
219,41,茶原
211,209,竹信
195,137,谷治
209,51,谷吉
71,47,台場
196,209,霜
4,144,相津
109,107,倉木
47,193,前盛
120,135,前花
204,134,浅坂
189,100,折内
112,62,切手
51,153,西賀
59,183,清尾
165,93,清元
250,144,水池
221,170,田湯
40,138,土元
233,139,島松
161,10,頓田
63,253,内ケ島
247,90,内浦
111,101,薄根
154,143,八木澤
115,138,飯出
187,240,美留町
9,212,苗木
46,194,品部
53,137,布施川
92,146,福王寺
129,240,兵働
234,237,本崎
81,220,末信
203,65,箕川
76,247,密本
128,172,木造
185,84,矢辺
155,143,友渕
175,243,鈴岡
151,102,枡谷
13,170,阿曽沼
133,38,安仲
48,67,伊地智
224,158,井西
86,90,唄
63,86,榎島
226,189,奥尾
0,72,下農
133,100,柿村
166,83,笠崎
18,18,環
210,118,間世田
200,12,関西
247,19,岸畑
252,63,久崎
77,62,鏡山
223,148,巾
12,109,金中
223,93,隅倉
70,162,元原
46,23,原戸
224,104,吾田
107,21,好岡
164,105,広光
27,48,尋木
232,86,神澤
166,148,神月
149,172,埴生
120,186,上国料
231,196,上楽
45,53,上仮屋
4,87,松茂良
228,183,小草
246,57,春元
104,154,手川
17,218,室越
99,12,室永
102,233,七瀬
92,235,七崎
147,82,児矢野
29,145,枝木
72,137,司城
113,106,三竿
148,184,鮫田
185,152,細美
89,127,根
70,102,高舘
81,91,行村
213,78,奈木
215,108,栃山
222,151,当瀬
239,59,唐井
244,109,田靡
142,247,田甫
55,4,槌屋
136,35,仲元
125,245,竹場
181,119,端本
62,78,只石
17,40,大埜
163,248,大浅
152,157,村坂
221,195,千喜良
115,60,石迫
19,38,青本
63,66,請関
221,224,畝川
157,199,瀬田川
128,159,菅佐原
155,146,水関
206,1,厨川
130,165,波木
176,130,挽地
104,189,尾浦
240,20,美濃羽
52,26,浜園
179,229,兵動
114,84,縫田
190,113,本門
245,51,蓑
255,248,名切
46,97,名知
58,188,明里
22,129,木戸場
179,249,問谷
223,84,野久
116,0,野畠
230,37,矢矧
112,35,有ケ谷
206,242,柚田
0,208,里野
143,50,鈴間
236,65,簾
23,189,浪口
105,154,神波
55,222,綾戸
164,69,伊早坂
179,123,磯俣
117,220,羽仁
141,63,円道
27,119,奥内
91,69,沖園
74,172,屋嘉
124,253,乙田
209,136,恩村
135,64,音部
128,105,音野
137,146,下笠
14,57,下木原
28,130,加原
216,164,加木
149,108,河鍋
14,22,海地
166,244,笠尾
132,30,鬼久保
103,99,吉利
64,213,久保下
88,14,金月
10,113,真間
27,95,信平
85,16,上篭
80,36,松方
119,169,松浜
206,154,升
141,55,秋光
155,126,酒村
184,74,芝木
165,24,司
129,251,崎尾
70,176,坂斎
82,54,佐能
62,167,国京
253,173,行司
201,54,荒俣
97,182,広常
11,127,広安
77,43,光橋
12,255,見藤
218,181,権瓶
23,158,穴久保
146,41,桑幡
87,95,東風平
0,222,奴賀
29,100,都鳥
42,184,登根
211,161,田住
66,27,殿内
69,250,鉄井
35,143,提橋
69,138,鶴永
83,162,辻西
87,220,長張
76,241,猪倉
225,166,仲倉
230,229,仲居
246,210,中大路
7,90,中川西
65,221,池堂
253,13,谷塚
149,166,大槌
195,17,大湖
252,58,大菊
50,213,蔵園
221,2,増
107,196,桃山
153,107,祷
186,97,頭川
165,150,道倉
131,203,灘井
156,145,日夏
143,51,日方
98,174,納庄
149,5,馬殿
152,253,八倉巻
185,120,尾賀
26,15,美原
208,61,百川
174,38,保戸塚
142,204,甫立
233,133,宝迫
130,203,北之園
44,89,本目
195,238,名尾
118,247,明平
42,18,門戸
232,149,弯藤
32,224,枡井
63,143,萬年
173,179,相笠
206,238,一二
97,191,羽根川
137,192,押江
236,111,横沼
53,9,下辻
104,84,家治
77,93,貝
136,95,外口
94,21,垣
46,62,管谷
198,147,菊水
212,210,宮宗
51,40,弓納持
94,6,業天
87,78,金道
99,131,原重
226,205,古下
113,233,古作
59,210,古住
132,182,古倉
48,127,呉田
131,28,鯉田
7,36,江中
3,243,甲高
223,201,早河
198,41,撰
247,114,摂津
223,245,正中
189,136,成ケ沢
228,228,是木
108,253,新船
199,214,新生
72,58,色部
20,254,場谷
101,89,城前
199,153,上屋敷
76,193,漆沢
1,154,七字
124,195,山梶
175,191,三津井
28,13,三枝木
212,133,左近充
184,188,今久保
184,16,香椎
31,78,荒竹
186,233,荒海
78,179,甲州
88,110,藤多
215,174,藤阪
62,143,田京
197,244,堤谷
40,24,鶴村
195,228,長吉
173,210,中水流
48,25,地曵
193,18,谷重
207,110,只松
192,78,泰中
103,211,帯谷
183,102,太地
108,154,多々見
180,67,倉貫
109,3,前津
105,183,船村
236,69,川嶌
228,210,積木
125,214,青沢
41,85,西表
173,144,生子
169,182,清水口
218,82,道幸
162,7,徳見
126,167,灘波
162,137,南橋
47,143,二浦
142,147,二部
105,21,入矢
57,73,禰津
204,104,八ツ田
187,221,八重畑
172,53,菱岡
83,132,百沢
153,170,平橋
141,208,米久保
17,23,牧之内
50,20,木野下
196,213,門木
179,56,矢壁
159,93,夕部
243,7,葉狩
79,90,淀谷
195,227,立仙
180,234,留場
54,105,篭原
133,104,安栖
113,76,井戸沼
184,94,一万田
124,108,宇留島
2,238,栄山
62,215,延川
90,119,岡野谷
85,230,下仲
220,155,下之薗
1,10,釜付
58,124,間辺
85,177,舘石
183,189,久内
144,113,久保河内
48,229,久木崎
180,238,串原
94,182,源平
197,134,後沢
128,238,鯉川
35,40,更田
221,31,江城
115,213,香原
231,207,合木
79,101,国実
245,84,須部
246,198,仁枝
135,169,仁賀
130,196,仁
2,171,神力
154,86,森池
238,110,城守
65,49,上船
79,222,小梨
19,240,小樋
1,125,升川
69,18,春岡
198,80,出水田
0,63,秋成
93,50,秋鹿
37,47,修行
211,64,宗実
115,248,実田
121,208,鹿子嶋
167,139,山松
156,159,阪西
25,189,今地
207,53,国上
100,171,大粒来
165,140,太郎良
85,110,足高
122,164,水之江
147,164,水見
228,215,仁井谷
98,87,針貝
243,250,森宮
172,169,新竹
94,117,新口
93,238,植川
44,93,城台
178,13,松比良
221,152,初岡
35,122,出渕
86,147,寿美
160,242,若畑
201,166,車塚
96,84,漆館
253,161,大六野
142,168,丹部
110,209,竹綱
145,148,中佐
254,17,鶴久
13,67,田玉
164,219,東脇
156,92,堂口
26,219,堂谷
39,245,道崎
240,233,二場
24,72,能津
169,37,番野
76,253,樋泉
6,3,菱刈
41,63,冨久
129,244,武捨
240,129,平久保
196,85,片尾
82,19,粟
197,22,以倉
66,76,伊佐野
124,45,井戸口
215,21,井手元
251,207,井出口
88,78,井城
62,121,稲玉
41,57,羽金
219,22,永平
65,172,円
226,70,塩冶
145,154,加太
142,221,夏梅
147,222,賀戸
71,181,賀茂
88,222,貝津
121,52,角舘
89,10,角丸
73,243,柑本
173,174,間口
225,39,喜々津
207,51,橋脇
93,95,筋
217,186,金賀
90,196,原見
87,205,広坂
119,136,江郷
187,97,荒殿
226,166,行政
201,22,高盛
120,249,高土
13,43,此村
180,79,砂口
166,196,三ツ
13,144,三浪
74,48,賛
38,83,市道
214,50,豊久
3,54,満塩
252,132,木明
245,99,野条
73,31,矢向
65,144,藍野
159,104,廣本
163,15,枦元
136,203,葭谷
241,68,嶋山
138,82,党
171,192,天見
85,169,中所
206,17,谷所
182,51,瀧沢
212,69,大澗
177,130,西側
209,112,西ノ原
135,236,生貝
41,200,星尾
10,125,植森
1,122,植永
157,249,常塚
168,71,城岡
116,99,上宮
58,83,松芳
194,219,松好
1,136,小田口
25,159,匠
47,2,若岡
206,250,楢島
252,73,二石
220,218,飯作
9,107,百海
231,153,氷上
117,107,浜洲
196,197,武澤
119,211,片所
53,216,保野
193,154,俣木
166,134,末成
243,216,名達
168,113,明見
94,227,明治
172,3,矢根
191,104,矢野川
199,205,友貞
7,15,有信
144,138,落海
180,138,輪田
49,154,鈴木田
210,13,阿久澤
246,209,粟生田
86,118,安城
123,14,伊勢川
174,193,一楽
62,59,羽月
43,212,永柳
156,213,衛本
188,35,園井
162,154,塩沼
39,181,塩生
100,51,岡嵜
127,156,沖広
225,199,屋木
250,89,加護
12,44,我部
139,119,芥田
167,19,笠羽
18,187,釜下
26,187,萱間
61,115,岸辺
32,255,柴草
18,242,七五三木
164,192,紙野
235,238,枝本
140,211,子川
252,2,山鳥
52,51,沙
254,250,左座
200,59,黒渕
249,152,国師
80,134,口羽
218,11,後神
81,173,見波
172,154,桑井
215,214,隈田
222,36,串橋
22,52,玉泉
243,70,橋坂
37,201,供田
55,80,居相
137,42,気谷
155,92,徳能
12,129,筒渕
2,253,東丸
17,190,嶋宮
226,81,土金
31,190,田多
105,65,天雲
154,164,坪沼
223,146,蔦原
7,228,塚下
228,125,長和
183,139,長牛
100,157,猪沢
222,182,中立
101,182,筑木
88,243,池知
108,238,鍛治田
201,67,樽木
118,20,谷輪
4,32,鷹合
2,3,大名
232,183,大亦
184,228,大谷木
80,133,足立原
164,20,相方
138,196,前尾
161,113,内崎
23,74,内出
147,219,乃万
94,102,倍賞
233,231,梅戸
112,118,梅枝
194,155,飯国
94,249,尾井
79,254,尾嵜
120,149,浜吉
8,233,浜町
74,22,武嶋
194,91,分銅
108,42,片峯
220,253,磨田
76,171,名坂
209,16,矢菅
40,7,有
19,70,有延
162,66,葉坂
219,34,陸野
9,39,立畠
76,28,力
92,65,恋塚
44,152,和佐野
74,106,廣
239,246,葭本
54,231,伊織
64,249,井守
128,217,井比
225,128,浦東
43,194,雲藤
107,61,越膳
9,18,榎坂
174,194,燕
22,250,奥戸
172,121,乙訓
176,80,加古川
206,146,加須屋
86,91,加茂野
30,196,花堂
252,80,賀山
20,241,皆方
230,27,葛葉
213,187,岩撫
63,96,久野木
94,170,朽名
46,196,元石
92,94,原部
203,10,古薗
146,178,古守
107,242,虎岩
207,19,五頭
209,18,荒滝
156,127,石若
66,33,西川原
157,145,瀬越
135,242,菅俣
163,193,杉園
116,34,水無瀬
207,192,神子沢
78,27,真屋
224,123,森薗
5,17,上館
181,97,照田
121,204,小岡
180,123,升野
194,187,酒出
43,107,紫
9,177,三馬
94,41,坂大
241,62,細間
232,8,左合
31,197,佐立
179,35,佐直
101,150,根ケ山
144,3,国竹
141,65,高張
162,111,香本
17,199,行沢
53,212,徳松
234,98,道面
47,118,堂後
199,137,藤樫
126,209,東畠
167,246,鶴林
181,112,坪上
34,209,津久田
12,168,中軸
137,114,中隈
240,56,知野見
233,19,谷郷
55,230,沢津橋
13,212,大立目
36,66,代島
129,189,鯛
15,22,早戸
98,52,曾川
230,63,西一
99,215,水長
144,64,深村
137,27,森好
61,186,新飼
247,93,奈尾
135,101,内方
172,28,南地
43,104,薄羽
176,172,畑添
32,199,彼末
135,181,飛騨
216,210,桧尾
162,117,百野
113,83,浜林
157,4,伏野
157,25,文谷
14,106,別部
68,132,保月
90,147,本舘
254,200,野家
20,26,野頭
233,249,有持
108,87,陽
126,159,梨田
218,190,林元
14,61,簑口
229,250,薊
54,79,浄土
242,116,鞍掛
235,181,井戸端
14,93,井達
135,13,右島
23,108,越崎
187,212,榎沢
73,226,延安
85,103,延広
123,223,岡城
40,184,下馬場
30,115,海鉾
198,15,海老江
234,154,外海
172,61,角江
245,69,葛尾
242,27,鎌
106,2,鎌井
32,14,茅
247,172,菊名
203,86,宮吉
124,186,九野
115,85,窪津
100,66,月形
83,112,常谷
127,68,乗附
214,70,小薗井
134,201,小芦
101,123,勝家
168,132,十枝内
82,99,樹山
238,70,釈
206,95,七木田
49,133,時野谷
11,235,志賀野
247,9,山舗
218,10,山床
14,127,山海
131,63,三町
62,7,斎場
130,194,黒政
200,118,国居
199,115,国丸
12,106,高儀
149,95,恒次
140,93,五家
45,203,建川
216,115,椎崎
112,236,朝海
120,60,苧坂
25,126,忠政
255,0,中堂
93,85,中切
108,157,中岩
22,147,竹野内
24,137,池藤
122,59,段林
223,97,辰尾
210,131,沢石
6,229,大籠
104,95,大和屋
140,68,大無田
202,26,打出
83,166,太治
78,175,川腰
28,42,仙
249,16,西良
160,117,西保
83,35,登田
207,178,内嶋
111,233,南竹
250,51,埜中
92,156,八矢
152,132,板宮
67,45,尾碕
235,125,美谷島
235,253,福ケ迫
10,150,壁
238,85,宝蔵
168,53,法邑
152,75,北牧
150,57,木花
56,60,木竜
60,142,目原
81,103,門藤
22,100,友本
2,66,嶺田
179,79,廣江
219,125,檜谷
160,138,西多
86,86,案納
28,26,伊瀬谷
218,112,伊豆川
16,168,伊豫田
56,97,宇於崎
105,67,永良
69,149,益成
182,121,益野
8,32,奥名
121,44,黄海
229,172,黄地
249,129,下津浦
146,110,河根
176,10,鎧塚
85,80,鴨谷
8,159,蟻坂
8,183,吉用
214,114,杵築
98,165,弓桁
181,196,金曽
20,6,玖村
131,100,水飼
118,229,甚
92,186,新目
208,191,上拾石
184,101,上久
188,72,障子
203,144,小谷松
140,179,小鯛
79,140,小見川
10,185,篠谷
112,218,鹿久保
177,223,鹿
93,36,山足
239,186,告
130,252,高多
158,149,弘重
171,205,口井
177,95,古手川
86,64,元尾
164,185,月東
74,134,桂原
161,242,土淵
176,8,田渡
184,61,鉄野
94,93,塚根
193,242,長曽
183,44,竹達
82,160,谷迫
69,12,谷永
92,151,鷹栖
113,173,大古田
155,219,太井
0,167,相上
195,134,早尾
15,54,蘇
163,235,前堂
97,50,浅草
187,10,浅貝
254,29,石子
173,67,西羅
160,191,西影
13,56,正代
68,144,正原
204,80,勢川
199,166,瀬良垣
151,125,瀬利
163,94,摺木
53,122,厨
67,74,須黒
246,108,神座
253,136,檜枝
172,166,篭
100,17,冷川
71,21,利波
23,251,由
167,5,有隅
42,52,油科
170,60,木邨
245,241,満崎
204,171,万治
34,188,本河
5,189,北居
230,160,北久保
51,227,宝福
201,195,戊亥
207,15,米口
251,132,淵之上
14,167,福上
156,206,譜久山
182,118,冨名腰
218,98,富盛
47,129,板越
88,100,畑迫
193,175,迫野
102,11,白鞘
8,169,楳沢
156,82,入道
177,30,南勝
28,239,東前
56,26,真柳
217,44,荊木
0,5,栗井
146,83,熊懐
69,58,駒見
219,150,桐岡
152,109,牛垣
151,165,牛
141,33,吉政
204,110,義沢
236,31,亀和田
237,168,季
35,62,岸和
99,121,樺澤
177,164,椛木
29,47,角沢
175,149,角正
236,92,鈎
15,128,海鋒
127,0,花枝
73,33,家森
210,117,加賀沢
172,87,屋島
157,76,横崎
217,32,横井川
15,12,雲丹亀
227,221,右山
135,246,稲畑
7,213,稲増
22,97,為貝
97,90,森福
219,179,森成
250,45,乗越
116,237,上川路
225,182,松木田
25,103,庄谷
88,150,小柳出
95,151,出貝
230,6,秋国
254,126,酒主
184,114,若子
168,181,七浦
235,170,寺道
19,61,寺腰
70,193,児野
20,114,山泉
35,99,山垣
132,128,細部
125,79,歳森
68,190,妻神
217,195,佐野木
49,204,佐郷
199,19,佐喜真
77,25,江泉
110,88,江元
248,11,呉藤
126,29,鍵村
181,34,軒
219,188,穴瀬
177,23,殿畑
21,225,鶴窪
116,114,鶴屋
96,117,津畑
140,237,直本
68,230,竹野谷
59,63,池光
212,149,池延
46,93,沢津
81,194,沢川
7,62,大木場
125,137,大底
146,163,大石橋
211,30,大庫
141,156,対間
10,26,蔵岡
239,114,草尾
131,46,倉藤
37,247,西木戸
185,10,西分
184,80,西鳥羽
168,190,西重
237,207,数納
141,70,渡仲
58,105,土佐林
98,9,島畑
61,252,藤畑
94,61,道方
175,152,筈井
170,66,幡中
44,212,八太
44,145,比田
150,132,尾河
232,163,桧原
129,226,百枝
224,171,夫津木
231,115,普川
148,37,淵辺
46,227,本塚
182,34,桝山
212,209,門島
167,114,由元
218,153,立柳
135,214,了戒
250,97,鈴見
139,157,眞木
48,29,嵩下
157,119,安濃
100,19,伊勢野
145,22,井根
187,217,井野川
97,152,一花
208,70,右川
152,217,浦志
241,104,園生
97,227,横室
57,228,岡武
24,145,岡峰
240,188,下高原
181,0,嘉野
151,34,河鰭
222,232,角和
225,16,葛上
207,230,岩前
149,217,吉年
34,56,杵島
92,48,金住
190,181,隅内
47,100,栗巣
72,67,鍬形
184,36,須坂
173,92,真栄
221,14,深迫
231,238,新舘
17,195,上瀧
102,94,庄原
98,205,小野垣
113,64,小栗山
247,133,勝吉
146,26,十島
229,5,志原
34,9,山滝
96,203,坂牛
242,228,斎間
91,210,最勝寺
140,100,合六
72,230,高槁
190,239,午来
55,119,伍賀
105,161,五位淵
170,222,古根村
186,235,古我知
227,165,穴口
95,79,竹味
16,14,地野
42,45,達城
226,131,沢橋
68,72,瀧上
104,68,大嵜
107,180,大牟礼
114,140,大社
84,205,大光
127,109,大給
11,167,太平
79,214,村藤
14,208,村枝
144,69,草別
218,234,倉兼
132,123,前東
24,187,前羽
93,214,泉口
194,79,青原
188,14,西風
66,120,西入
10,123,西堂
107,7,清水谷
53,93,正富
208,95,人野
158,207,神先
6,76,森奥
38,96,新松
254,181,触沢
149,18,六波羅
59,34,湧田
204,250,門別
8,40,箕島
117,151,桝川
207,184,鉾立
179,209,鉾田
172,44,宝代
83,250,穂波
203,136,幣
171,42,武友
141,170,冨嶋
132,230,富倉
33,176,尾出
232,200,白津
147,253,日和田
37,40,日野沢
197,157,楠根
111,59,鍋沢
10,25,内西
233,255,道正
93,20,道坂
69,41,土出
93,38,田野岡
103,120,田名瀬
177,16,田中館
146,188,田地野
123,78,槻舘
46,10,槌野
66,60,月居
249,187,桑平
60,116,熊地
209,192,曲尾
102,109,牛頭
148,247,宮鍋
50,236,宮橋
37,46,吉郷
226,198,岩腰
105,111,岩ケ谷
194,106,岸名
24,226,外輪
210,58,家山
185,69,下水流
71,221,下高
19,194,桶野
15,38,岡中
220,43,浦里
184,155,浦久保
140,230,羽谷
150,197,宇和
206,79,右松
135,27,茨城
156,118,一の瀬
39,63,磯沼
167,131,伊辺
247,105,伊堂寺
137,216,庵下
218,26,粟沢
162,53,城戸崎
110,134,上堀内
105,134,上場
133,249,床
164,35,尚
147,170,小斉平
249,197,小永吉
34,220,出永
207,58,鹿瀬
140,130,志太
17,64,三治
89,3,阪尾
144,93,佐々原
202,246,佐桑
45,41,佐久山
130,66,根深
105,244,高久保
90,75,荒毛
79,93,荒西
224,119,溝垣
101,208,江浪
182,193,江東
227,22,江沼
145,61,恒本
24,179,公家
234,217,古町
178,205,古跡
85,255,原永
76,93,犬走
175,183,茶本
40,165,中子
226,176,中津井
164,52,仲野谷
198,175,長畠
22,41,鳥浜
69,202,鎚持
85,225,蔦井
8,138,釣部
145,229,鉄田
66,199,天摩
219,194,伝宝
190,105,田胡
156,19,土佐谷
155,26,東武
77,122,大矢知
242,63,大江田
119,71,袋谷
53,159,村垣
68,20,草分
81,69,倉冨
189,207,船久保
190,142,洗川
175,111,泉保
142,195,赤瀬川
208,34,正山
214,53,畝原
71,153,杉保
245,139,水吉
186,30,針木
186,204,湯
34,142,熨斗
99,219,廣畑
70,135,脇中
188,0,慮
125,102,立澤
210,183,有年
167,104,薮口
119,148,矢中
48,78,門畑
17,67,名古路
91,189,無藤
245,111,湊屋
78,228,宝亀
132,141,平国
116,200,冨木
188,48,冨上
76,175,百本
84,81,美並
56,96,飛鳥馬
37,155,繁山
3,189,繁岡
242,38,八重田
158,18,八高
75,104,八軒
197,145,拝郷
12,120,馬鳥
113,214,能渡
170,92,南塚
23,41,南中
187,149,藤賀
137,119,森道
160,145,桑迫
233,186,沓間
19,18,隅山
91,234,空井
232,55,競
145,12,魚川
147,183,居波
137,241,去川
43,220,牛尼
233,23,久語
184,52,吉儀
174,79,吉延
49,52,岩代
248,54,岸和田
22,151,鴨沢
124,171,叶田
129,61,楽満
32,119,柿並
255,60,夏木
56,191,嘉茂
129,88,下川部
87,52,遠江
21,220,榎波
50,28,永屋
191,114,瓜生田
123,219,宇垣
87,40,一ノ木
91,192,磯畑
205,232,衣畑
36,87,粟竹
149,31,後口
248,175,信
15,16,常富
16,117,常沢
149,22,城元
149,59,城越
77,245,上澤
139,51,上泉
26,236,菖蒲谷
92,57,小飯塚
64,250,宗山
114,149,宗光
73,87,糸井川
9,150,氏部
83,244,志戸
146,162,四十万
8,225,弘川
99,74,更井
13,114,荒地
190,95,高輪
232,144,今上
49,214,今嶋
154,41,根角
74,102,佐潟
97,190,在津
95,130,坂路
36,140,笹俣
230,70,三ツ山
128,168,三和田
134,6,山舘
230,144,山入
4,251,柏岡
174,63,播野
110,139,二野宮
215,198,鍋
181,7,道籏
10,95,堂森
63,114,藤広
210,210,島藤
154,6,田福
250,247,田中井
30,119,天水
112,134,追木
221,136,津組
172,248,長与
242,160,長命
46,231,樽野
107,183,谷勝
194,59,大木戸
142,177,大附
166,39,大条
46,125,大守
149,93,増澤
4,141,倉村
219,185,前寺
17,236,浅上
61,169,先名
0,7,石寺
164,139,西中川
70,115,檜皮
173,104,脇水
160,203,林中
137,148,里本
92,1,夕
182,172,有城
95,104,友塚
243,246,木又
72,81,明壁
92,222,又井
58,50,麻場
14,108,北江
51,78,北隅
12,93,鋒山
204,115,芳我
37,88,平永
193,124,鮒田
239,161,淵岡
72,55,武南
40,108,布引
16,142,桧野
26,22,尾首
184,97,飛谷
149,88,番沢
213,145,飯
20,99,八藤
186,18,八久保
60,51,箱根
60,86,熊部
40,204,隅川
10,182,空野
192,169,金栗
130,145,旧井
100,148,宮負
219,0,久保薗
76,43,久々江
61,40,久一
237,206,吉城
115,8,岩久
60,79,館崎
238,218,岳下
93,115,外林
57,250,貝阿弥
220,176,花渕
119,164,家住
94,82,沖吉
78,72,横須
10,41,奥見
201,138,越口
98,180,越河
237,98,雨池
178,214,一島
238,53,一ノ谷
114,158,伊久
188,121,安庭
138,18,安杖
82,121,西小路
129,43,西幸
84,23,生
243,82,清都
55,186,水流添
170,15,吹留
86,102,須賀川
129,46,森治
244,12,新宮領
250,113,床枝
183,207,庄林
7,205,小屋野
62,224,重友
124,41,渋佐
19,176,洲之内
232,57,宗沢
112,100,宗円
61,122,四角
55,147,山富
122,255,坂瀬
253,38,佐土
104,192,佐仲
8,133,高長
83,42,高寄
56,212,光広
51,91,玄間
250,50,硯
2,228,郡谷
203,119,中津山
194,6,長綱
89,191,釘島
253,121,鉄尾
41,129,殿谷
1,52,田橋
2,108,田名
92,54,登立
0,56,島下
216,205,藤次
90,172,徳中
26,55,徳門
59,155,敦沢
95,126,繁松
240,164,筑摩
137,217,智原
103,38,知原
243,146,谷辺
169,213,谷後
139,240,瀧山
4,153,瀧井
25,129,大墨
229,236,大達
190,93,倉賀野
236,122,千足
221,213,仙葉
221,49,石畠
45,103,青柿
237,211,薛
64,235,檜尾
31,136,戌亥
98,158,國武
64,140,國田
43,103,脇内
59,162,和宇慶
106,1,六本
252,18,良元
168,75,頼実
36,154,友山
58,103,勇崎
60,248,野洲
143,219,木滝
72,172,木郷
124,223,毛木
31,240,亦野
50,207,北庄司
227,118,峯苫
46,33,保土田
146,105,米納
236,215,米沼
243,44,平盛
245,79,福平
51,134,福松
227,140,武方
184,149,冨手
13,240,樋園
203,238,西園寺
188,76,隅本
203,79,具島
45,240,駒橋
28,57,金関
67,204,近見
39,230,玉澤
214,229,郷地
47,30,牛塚
174,87,久々宮
101,234,吉浪
80,182,亀口
80,237,希代
185,95,岩河
105,70,苅宿
182,84,鎌内
176,215,叶井
113,52,覚田
170,211,街道
218,90,皆上
45,109,花宮
163,155,加計
90,190,下雅意
5,85,永嶌
184,240,影本
165,90,運上
78,220,磯松
151,215,井宮
93,35,安塚
110,55,正谷
234,61,成行
178,62,須方
4,84,陣
165,36,神丸
24,254,信楽
9,44,上舞
80,64,松繁
157,180,小浪
162,91,小徳
200,142,勝地
124,220,勝丸
224,150,出下
255,162,住元
151,70,式
116,135,糸野
13,30,才賀
214,195,黒巣
78,51,高嶌
128,181,弘永
147,142,広林
231,255,互野
206,188,互
116,104,元安
152,208,兼広
197,231,月野木
38,127,祁答院
240,15,栗間
224,236,天畠
217,57,田原迫
38,61,田谷野
223,221,東清
97,119,藤久保
112,210,道城
17,201,栃久保
220,84,縄井
24,120,南家
20,75,南日
75,74,二宗
185,255,納土
200,177,梅永
5,14,粕尾
39,5,箱岩
249,237,八郷
142,103,坪江
50,229,蔦本
148,205,辻阪
27,251,中留
183,0,中新井
64,10,竹江
196,234,池信
225,41,樽角
44,228,谷亀
45,166,泰田
43,22,村畑
65,228,善岡
246,8,前岨
126,19,舛沢
114,124,舛永
191,198,赤畑
125,82,赤波江
30,107,半村
177,102,饒波
122,184,藏本
185,65,櫃田
29,105,檜物
172,12,拵
188,177,嶽野
98,221,脇原
89,34,和手
147,247,冷牟田
29,78,領木
192,201,余頃
238,34,由佐
44,126,薮原
100,166,柳場
241,173,矢元
118,39,野又
215,98,門垣
182,109,目木
199,246,名淵
17,85,万場
215,147,末山
43,148,麻井
148,255,本上
88,119,鳳
196,121,抱
236,144,福積
115,66,冨所
34,127,浜戸
254,203,蛭沼
163,96,枇榔
127,211,肥留間
200,175,比毛
189,236,比田勝
246,52,石灰
105,44,鍬塚
95,153,桑高
55,151,熊迫
23,75,熊内
140,183,沓澤
244,154,串岡
227,183,金縄
73,221,金清
93,1,京免
140,110,弓手
139,62,久米井
238,74,義山
229,78,義
207,25,儀同
242,229,岸中
249,85,樫浦
86,144,角家
98,210,河見
9,62,夏
137,252,加茂田
215,97,加井
156,72,下入佐
104,128,下栗
252,92,屋形
22,3,岡住
215,94,越賀
50,98,永溝
66,234,影近
5,93,印東
43,152,稲倉
37,219,稲妻
5,29,衣鳩
150,76,安部田
40,34,古株
238,29,青天目
54,103,声藤
50,223,清浦
52,30,星場
170,38,世田
151,163,水之浦
45,89,仁戸田
7,127,真水
116,69,森孝
7,39,新夕
27,35,新ケ江
224,95,上良
114,119,上南
41,237,上寺
9,227,上角
45,197,小佐
135,131,小屋畑
210,254,所司
148,215,出宮
47,245,秋富
212,88,宗清
211,190,宗崎
87,51,宍野
231,4,式町
219,100,算用子
216,85,山邊
68,63,山洞
56,110,山頭
244,124,崎久保
131,16,弘末
76,176,広町
244,166,御簾納
32,220,五十田
85,243,島部
166,118,棟居
174,244,湯峯
7,115,道古
62,188,奈良場
224,133,鍋内
13,77,楠村
75,162,二重作
165,95,入枝
208,207,入本
199,142,年岡
231,116,年見
50,135,能任
108,248,櫨
15,98,畑江
43,113,飯渕
63,8,飛弾野
46,146,塘田
28,24,唐松
53,109,唐下
229,81,土蔵
89,130,田之脇
25,54,天春
15,59,的井
74,19,定政
107,179,堤本
73,1,辻松
106,42,朝比
203,225,中野谷
0,81,中磯
29,16,谷高
196,0,太楽
119,220,蔵根
160,61,早
225,146,前角
21,43,尾畠
33,53,與那嶺
88,5,脇沢
159,76,錬持
189,199,蓮岡
205,224,練木
184,161,簾田
240,19,立
117,90,里深
195,142,葉賀
98,237,有嶋
31,138,唯木
222,229,油利
69,147,矢北
213,141,矢武
162,48,矢郷
52,127,目羅
29,108,明村
222,234,柾
182,176,堀信
194,76,牧野内
144,177,牧之段
65,162,牧石
247,231,北守
82,134,方
105,232,穂山
249,108,片峰
22,177,米嶋
213,114,平久江
102,206,平安座
36,156,福和
163,247,福部
8,41,府内
248,131,冨迫
128,27,富増
3,52,枇杷
211,7,船
121,32,橋渡
238,252,橋永
84,167,居原
114,52,宮之前
176,121,宮ノ原
254,252,久保崎
30,83,久重
71,13,久吉
34,111,久楽
43,200,貴戸
172,33,雁瀬
141,195,葛間
75,10,梶島
0,156,角出
118,28,貝嶋
34,48,絵面
88,46,海内
155,192,嘉
143,215,加倉
124,55,加瀬沢
174,250,下之園
35,222,岡鼻
218,220,押上
143,73,奥河
94,208,延谷
65,239,永濱
236,210,浦橋
179,119,一方井
67,250,井添
186,109,為末
145,222,伊勢脇
12,41,伊師
33,149,伊香賀
232,113,阿津坂
238,231,阿
104,167,狭川
172,222,泉地
213,231,川成
121,31,仙場
183,31,切畑
213,175,赤路
30,52,青屋
219,118,西国
233,46,清長
239,202,須恵
151,64,真室
2,103,新発田
75,113,城門
42,227,小馬
190,150,小若
4,254,宿沢
72,39,住広
25,212,宗高
79,160,朱雀
81,163,鶏内
123,65,欠畑
124,197,月元
24,33,権正
206,224,胡本
45,244,虎井
32,207,幸脇
9,189,広畠
95,216,江積
184,24,行岡
4,226,穀田
111,121,砂庭
248,23,三奈木
55,193,始関
107,168,枝吉
27,26,芝宮
161,180,主
47,9,湯脇
0,235,棟久
206,112,土畑
155,108,土地
140,196,登石
182,175,天瀬
55,134,辻武
87,1,津ケ谷
154,33,長滝谷
9,213,仲屋
235,5,中野内
223,30,池沼
198,213,炭屋
14,11,谷矢
71,232,大鳥居
55,25,大下内
131,23,村井田
142,246,祖堅
144,142,千阪
95,244,赤岸
60,30,石埜
254,247,石床
195,14,西宇
186,157,生部
83,30,新甫
230,168,小梁
31,95,小澄
222,22,小寺沢
178,240,小鴨
124,100,饒平名
122,71,搏松
116,62,和田野
64,13,和沢
120,99,立場
70,197,友景
77,136,矢合
179,246,野表
72,134,木口屋
174,13,民
176,131,麻木
226,82,北永
171,227,柄木田
51,20,武塙
234,204,冨士井
137,122,婦木
252,234,百鳥
167,127,鼻崎
178,0,樋詰
110,100,肥留川
101,201,飯酒盃
167,178,繁村
238,207,柏淵
96,200,波
185,61,日小田
239,132,楠葉
13,253,奈倉
32,80,道法
202,35,堂込
253,92,初瀬川
242,159,金浦
26,234,近成
32,204,居上
10,73,牛見
189,123,丸下
220,35,館洞
153,70,間城
50,168,釜元
150,28,角銅
1,33,角橋
72,126,家富
116,58,家納
149,11,嘉指
41,105,翁川
221,75,横出
97,129,遠見
244,250,永重
131,17,永住
142,123,宇江
129,0,一海
217,211,磯道
245,199,井野元
76,174,井手野
231,233,為本
120,26,伊元
150,179,伊規須
154,64,伊賀崎
0,15,安慶田
226,18,阿知和
201,184,舟岡
209,252,秋竹
223,187,若命
69,118,斜木
88,132,漆坂
40,171,蒔野
112,80,山波
200,245,三堂
166,84,三鼓
168,119,窄口
6,126,済田
18,142,最相
174,248,佐味
231,68,今居
32,148,黒塚
102,108,国平
38,230,光行
113,136,御牧
134,56,御山
185,40,戸賀沢
78,84,見付
159,208,見尾
95,203,見川
156,58,犬石
9,148,穴倉
34,90,軽石
165,197,畦元
59,45,栗俣
123,194,熊見
135,44,仲埜
237,172,長幡
172,134,長淵
222,149,長林
67,130,坪池
36,49,鶴若
56,240,貞金
245,196,定広
216,24,田作
39,57,渡村
176,90,都外川
59,133,土岩
30,118,土松
115,158,土生田
243,255,土内
119,234,桃川
237,58,中材
184,70,中玉利
132,168,淡中
216,91,谷木
149,255,棚内
72,222,濁沼
65,54,鷹紫
65,127,大蔦
218,233,蔵光
239,98,早房
158,226,早井
253,222,倉迫
90,15,曽利
197,26,禅院
101,9,千鳥
83,210,切江
164,188,藤久
17,252,椚
28,53,良原
229,201,揚石
117,9,与安
78,56,由藤
17,171,有重
250,27,有近
223,198,矢井
132,1,木曽田
191,152,名定
58,10,万城目
127,71,本條
157,222,本合
141,160,北間
112,239,房田
8,30,傍田
12,202,芳垣
4,8,壁屋
68,30,兵道
190,26,武道
65,209,不二
227,124,飯澤
78,50,畔川
239,92,八賀
145,109,幡手
119,192,伯野
247,50,萩岡
56,41,日野林
208,242,二本
46,199,奈佐
211,14,洞山
126,124,藤近
181,130,原明
54,255,見立
118,159,絹笠
56,104,月
253,51,恵比須
90,164,郡川
195,235,栗塚
3,72,宮繁
39,10,久冨木
71,64,久富木
51,205,久宗
223,185,吉波
112,126,吉添
52,120,鴨狩
124,68,滑
106,176,掛巣
161,23,家藤
104,174,加谷
105,72,加崎
55,16,下畠
229,51,黄金崎
64,113,押目
99,27,塩足
212,234,榎林
85,107,越高
214,149,永桶
193,11,引場
4,146,稲付
51,155,井鍋
177,188,井花
37,69,飴田
206,39,阿萬
108,213,古頭
207,69,石成
50,231,請田
162,42,西嶌
72,239,西高
241,230,清澤
92,101,勢理客
134,136,杉嶋
145,150,水馬
49,143,真玉橋
252,209,森見
78,89,植手
178,229,乗原
48,186,上舘
52,66,小田崎
218,249,小船井
161,1,小正
11,207,戸野塚
49,94,五輪
254,2,光増
21,103,左納
92,139,在本
55,26,坂柳
252,34,四村
250,13,志場
149,30,志渡
72,54,氏橋
206,104,時長
232,177,種石
224,232,渋野
221,44,重栖
221,163,出谷
192,181,小井川
147,107,築比地
236,60,淡田
136,81,達家
235,66,沢永
32,85,鷹嘴
1,232,大泊
157,58,待山
66,224,太崎
20,118,村脇
252,89,村浜
79,255,赤井沢
197,209,石踊
160,166,西吉
100,197,盛野
250,18,清国
138,108,政時
248,254,成末
173,172,勢
99,149,陣田
105,178,真次
110,253,新浪
145,42,新平
16,170,新迫
214,198,城殿
19,152,上ケ島
249,191,中洞
183,127,中浴
144,148,塚辺
25,90,釣船
239,3,田雑
208,111,土井原
244,50,土濃塚
41,204,土部
231,39,島仲
129,23,東京
33,168,東木
19,183,湯治
40,252,奈良間
226,233,楠崎
70,47,納戸
227,170,能丸
134,227,梅根
27,107,梅藤
3,29,梅里
183,172,白村
15,123,畠井
37,237,飯井
110,115,飯利
251,236,樋掛
71,125,美浦
156,7,筆谷
193,72,阿田
81,202,粟津原
205,6,安味
103,237,伊良原
163,2,稲又
71,99,瓜谷
181,95,雲林院
125,170,越部
115,119,榎村
168,103,塩口
226,217,塩脇
42,49,恩賀
112,226,下堂薗
237,30,嘉部
237,187,角坂
25,13,葛和
188,170,甘中
152,86,丸上
159,60,岩端
175,32,亀丸
173,159,吉種
3,218,宮保
98,72,橋都
160,255,玉地
88,191,金室
105,52,駒澤
242,143,見浦
229,202,後明
199,83,碁石
179,198,光定
168,100,綱井
159,241,行松
24,91,国奥
59,18,根矢
134,250,笹林
18,154,山敷
131,227,市居
184,218,市石
187,199,志谷
193,246,糸沢
206,193,漆野
111,194,芝沼
170,137,宗森
136,13,宗前
212,62,十代
186,134,初崎
198,26,諸根
111,191,小股
172,253,庄本
214,137,松門
98,198,照
191,36,鞆
221,187,蠣崎
239,123,臂
222,159,綛谷
131,244,簗
127,180,渕之上
118,150,櫟原
83,237,梛野
43,173,廣部
176,250,鎌崎
5,152,力竹
75,105,両国
100,29,里谷
122,28,与口
199,175,柳葉
77,175,薬真寺
63,88,野正
117,75,木橋
79,180,密岡
97,153,麻尾
24,161,弁野
221,135,平八重
175,181,兵田
252,109,兵
192,186,福倉
65,107,百石
190,89,塚沢
2,236,辻子
209,247,潰田
85,209,鶴森
247,211,庭木
45,63,田根
61,203,田瀬
243,192,田中島
6,191,渡士
136,63,東別府
97,88,藤関
143,131,堂面
193,120,徳納
152,195,奈良谷
85,180,那知
202,242,南利
125,211,猪腰
89,237,谷名
90,84,棚網
41,86,滝ケ平
216,51,大味
249,221,大冨
71,135,大井戸
149,168,多武
67,221,多気
194,192,村武
255,19,蔵品
75,107,相武
33,136,倉八
105,47,倉坪
224,4,蘇原
184,234,前元
46,65,節田
169,148,能海
243,222,簗取
214,160,廣松
128,139,廣重
87,248,有滝
121,104,勇元
64,77,柳武
80,65,矢巻
187,30,門平
39,132,門多
215,35,茂刈
115,28,綿本
7,246,本白水
162,84,保富
30,184,保土沢
73,161,保沢
236,58,片畑
87,136,壁下
171,253,平渡
30,222,平河内
145,58,福垣内
126,112,冨士谷
15,104,富平
46,4,富長
93,107,不藤
234,164,浜見
216,14,俵田
123,247,桧木
14,21,美沢
38,36,備
162,247,畔津
226,207,畑林
69,198,粕渕
93,28,梅月
141,193,江目
89,42,広庭
195,146,口脇
149,211,後長
201,145,古屋野
135,146,現王園
93,31,原藤
121,82,鍵井
112,99,見角
75,191,熊瀬
85,15,串
219,166,近持
126,234,玉内
64,231,吉形
164,65,亀永
31,227,亀ケ森
212,43,紀川
211,199,喜多島
192,247,滑田
128,85,梶崎
246,75,海端
228,142,菓子
108,216,河藤
123,1,下堀
102,130,乙成
195,185,押岡
143,119,延近
251,37,益谷
119,143,鵜戸
2,71,一藁
71,104,井之川
215,123,安房
137,179,安吉
71,215,高鷹
104,133,西川路
220,97,西成
79,230,西庄
6,153,杉垣
96,31,仁川
27,238,真原
120,120,深道
38,231,深沼
120,34,新改
59,129,信長
231,172,上敷領
190,116,上大迫
215,222,松留
100,247,小豆
148,31,小椎尾
65,26,小鍛冶
241,117,小蔵
160,245,小飼
206,179,周佐
196,100,実盛
112,140,室住
97,166,鹿野内
120,172,汐谷
130,34,指出
129,105,四季
218,207,山蔦
234,210,山光
77,8,三毛
195,21,三高
227,18,笹垣
93,196,座覇
127,132,佐嶋
165,27,高鶴
27,15,棚部
50,22,地頭
25,150,中兼
184,231,中谷内
114,187,中里見
252,240,仲町
56,231,忠岡
202,61,昼馬
210,108,鳥元
101,129,津越
91,143,椎本
217,190,鶴元
216,37,土渕
70,235,湯崎
1,45,栃窪
61,224,椴山
63,95,大極
190,178,大我
79,246,大榎
121,167,袋田
182,12,苔口
14,185,太島
230,242,孫崎
94,45,草次
48,40,倉ケ崎
221,186,川之上
219,19,川延
232,118,千年
251,238,千光士
100,85,雪松
248,162,赤丸
53,145,生木
193,217,神社
222,154,南元
146,168,與儀
102,210,六井
128,173,両瀬
112,201,龍口
59,193,竜川
77,106,立平
187,162,立中
84,24,与川
97,81,由村
126,212,涌沢
173,178,矢鳴
219,36,野母
131,41,面家
161,52,鳴嶋
136,147,名古谷
42,226,蓑部
13,168,麻谷
167,78,片多
136,12,米玉利
228,53,平綿
135,133,平仲
84,170,仏円
166,45,福万
29,162,服藤
152,211,武波
34,253,浜先
19,135,浜咲
151,66,品村
211,220,反中
6,4,柏浦
144,106,博多屋
22,101,楠林
55,171,南幅
25,124,月永
128,144,金上
64,109,金氏
24,43,蕎原
3,77,橋満
221,115,久々湊
188,167,関端
131,153,間根山
1,17,梶内
95,241,垣口
229,87,賀村
19,179,花巻
185,20,花ケ崎
191,121,河東田
179,100,家久
139,12,下神
67,150,岡成
200,113,押鐘
234,108,押手
216,48,遠目塚
58,179,延田
106,248,越場
186,63,羽澄
22,172,宇和田
33,134,右城
182,46,胤森
146,203,稲用
51,65,一藤
149,153,井津
198,134,井河
89,102,伊代田
104,143,伊妻
243,198,阿子島
179,210,兼藤
49,202,真本
57,219,森鼻
80,174,森新
80,250,織間
75,45,常包
235,239,松冨
69,53,松ケ迫
43,145,松ケ谷
139,93,小緑
217,6,小嵐
67,24,小谷津
121,12,小原田
243,117,春見
112,228,重実
72,136,宗吉
146,94,朱宮
184,48,手代森
161,164,湖城
103,26,菰原
33,29,御村
189,251,広納
87,196,鴻江
237,146,黒越
113,152,今利
103,63,佐渡谷
84,125,坂橋
141,246,市崎
17,3,志津野
135,191,糸村
246,153,寺瀬
189,79,七五三掛
179,179,尺田
140,232,若城
138,125,田部田
153,230,田之岡
123,162,店橋
7,194,天宮
5,95,辻出
82,133,槌井
166,218,椎貝
255,234,中明
183,12,竹盛
86,115,大硲
79,125,大智
97,95,大志万
19,195,束村
8,132,浅沢
137,80,川底
191,117,千倉
191,10,石代
147,138,斉喜
188,175,清水田
247,32,是安
84,176,瀬戸島
176,16,進野
8,27,神達
136,107,上向井
21,51,沼野井
100,47,小野江
157,168,小名川
228,148,小筆
135,28,都合
109,165,眞崎
234,104,嶌村
186,13,國澤
223,158,落水
142,150,有久
177,186,友坂
221,95,柳川瀬
159,113,矢野間
7,202,木藪
16,105,木戸岡
159,173,明尾
64,146,椋橋
150,20,本持
178,54,堀坂
210,132,北湯口
247,35,淵崎
98,2,福智
248,141,布井
169,216,富名腰
27,130,富上
236,246,浜守
9,40,半
90,98,八頭司
119,176,八家
94,199,猫塚
184,119,内納
223,203,嶋屋
201,158,土工
6,79,小田上
242,34,玄田
227,16,原富
50,90,月成
91,66,窪添
186,202,駒瀬
77,222,九沢
11,89,金馬
34,241,郷戸
111,46,弓倉
19,108,宮宅
235,216,宮久
209,115,岩柳
70,76,漢
201,229,貝山
142,192,皆倉
137,199,海渡
117,186,賀久
180,94,岡副
178,215,遠入
145,246,園辺
7,13,園城
65,149,悦喜
28,152,浦畑
234,92,姥貝
36,111,鵜崎
210,249,井面
88,31,井馬
207,194,粟原
209,41,古用
250,72,小谷川
62,217,小斉
218,103,春谷
3,200,戎本
19,238,戎崎
45,40,若桑
135,108,蛇石
102,18,蛇沼
134,58,式守
91,191,児林
154,233,資延
214,37,枝尾
130,115,子田
40,232,四橋
189,71,山枡
60,85,三冨
122,120,桜野
42,69,佐世
216,171,佐久真
217,151,今平
18,94,今部
100,68,黒水
102,140,国金
76,81,行森
142,129,甲斐野
69,243,公手
143,65,菰口
6,57,戸沼
209,178,谷敷
79,64,端場
2,243,知場
116,97,池成
123,242,築紫
103,220,竹高
93,237,中一
118,66,中畔
99,125,仲家
192,83,津秋
188,18,渡沢
37,13,島嵜
18,173,嶋森
18,239,藤芳
116,32,道元
119,242,道免
202,185,二関
42,223,二重
224,73,二之湯
126,46,日出山
144,80,谷内口
105,30,谷知
140,119,大中原
42,169,大谷地
239,166,大松沢
194,109,大字
217,155,大桐
184,184,大王
7,215,泰楽
228,13,太村
36,4,多留
188,20,多並
137,72,多ケ谷
147,146,足木
133,61,相谷
92,116,前塚
153,210,船屋
18,136,浅野間
30,86,泉澤
192,77,仙庭
108,129,年代
181,22,濱元
130,147,渕瀬
230,36,榧木
66,151,竜本
100,162,裏田
143,209,頼住
142,73,邑本
250,246,友廣
34,166,友宗
77,87,柳山
83,12,柳光
66,236,野嶽
44,242,満重
39,236,万羽
232,75,万井
167,109,埋金
42,22,北古賀
231,174,北潟
24,239,峰沢
17,83,鞭馬
46,243,平良木
102,30,福頼
163,212,幅崎
36,126,浮貝
215,133,浜比嘉
32,92,浜館
22,77,美野田
39,135,美尾
109,137,樋谷
86,142,比企野
79,98,飯本
78,137,繁森
155,85,反橋
197,13,八色
190,39,八十嶋
13,250,八汐
43,251,迫中
61,239,馬塚
119,149,馬場口
183,132,納屋
66,106,摂待
136,26,高広
247,83,講神
83,10,行元
112,168,綱渕
96,228,広間
211,107,向当
157,0,互井
82,233,古正
100,140,原槙
239,61,恵川
77,57,隈田原
93,227,金矢
253,18,金太
208,206,金星
201,129,玉ノ井
231,188,久泉
149,220,丘
2,18,義田
12,11,寄木
134,4,丸瀬
46,226,丸岩
109,124,舘脇
106,66,巻渕
6,222,釜賀
238,111,葛田
10,120,垣迫
195,242,外内
92,160,横水
165,40,奥友
191,165,永芳
137,228,永間
113,33,雨野
68,107,宇久
40,20,伊平
8,163,伊高
54,189,以西
194,193,鞍本
165,87,阿諏訪
247,186,阿式
55,64,阿久戸
123,168,高世
88,242,跡治
14,69,赤祖父
156,140,西納
38,253,西長
94,75,正藤
189,83,水書
128,16,水主
71,182,針間
55,91,辛
47,128,親里
247,126,森豊
24,95,森康
176,151,織川
249,110,植崎
82,96,上向
125,10,上岸
103,115,上丸
140,199,小野地
92,12,小蔦
89,2,小谷中
61,103,国正
207,107,此川
41,108,今住
254,253,差波
157,35,肴倉
164,107,崎下
49,98,崎口
67,86,鯖江
171,143,志倉
65,5,時国
5,8,時里
1,30,若井田
192,124,主田
125,32,蹴揚
220,117,十二
241,133,出居
162,29,出塚
178,43,除村
178,175,勝治
74,120,小荷田
129,40,中向
147,69,中新田
63,239,中鳥
65,217,町原
45,131,津屋
234,3,辻栄
170,36,貞政
31,100,定国
105,98,天河
109,60,伝刀
151,219,殿本
47,42,田居
147,77,田嶌
250,4,渡野
151,96,土館
55,175,東堤
88,226,鍋井
140,231,鍋岡
176,209,南林
229,153,波切
10,203,煤田
215,206,筑間
216,21,地道
254,187,炭
37,53,谷萩
94,189,谷垣内
238,147,辰村
101,190,沢野井
230,43,大辺
48,228,大背戸
8,241,大津賀
176,25,待場
177,14,太田和
226,44,多々野
103,130,則定
11,29,蔵地
130,148,早部
51,3,操
188,119,想田
114,249,倉俣
95,0,前屋
235,249,舛森
16,202,眞島
216,180,濱名
135,9,劒持
219,93,鷲足
78,122,脇崎
105,110,李沢
79,188,来本
62,22,柳舘
40,247,矢能
76,168,矢延
72,123,野脇
217,29,野木森
146,109,門元
6,95,杢野
101,212,木津川
102,203,毛井
128,84,茂出木
92,58,鳴井
46,207,密田
96,109,箕野
36,3,麻生川
177,57,本房
103,251,本迫
58,143,本津
140,147,牧坂
50,230,宝槻
95,232,穂園
70,16,片出
61,226,片居木
215,96,米吉
136,245,兵後
17,133,分藤
206,137,福若
51,15,福持
56,124,福垣
14,44,福下
62,238,風呂本
70,194,布浦
18,216,百万
220,232,尾亦
224,160,八津川
86,195,伯田
117,165,川堀
188,240,五百部
116,28,顧
163,190,菰池
35,49,戸敷
112,55,古上
249,183,古賀野
9,243,元平
129,41,元嶋
76,76,犬田
2,237,権頭
236,239,懸樋
139,139,兼氏
0,204,金次
68,68,金宮
21,25,玉屋
90,93,橋沢
216,208,牛玖
232,104,久保江
234,203,久保原
7,219,久国
244,89,吉脇
255,62,吉部
180,78,吉玉
237,204,義間
72,27,寄藤
198,146,岩織
25,233,緩詰
246,191,蒲倉
113,71,外松
158,82,海老田
70,203,下代
76,240,音瀬
32,146,王田
127,122,曳田
87,152,鵜狩
62,46,宇津山
157,69,茨
2,118,稲島
0,96,磯中
8,181,伊尾
218,116,伊勢島
139,124,渥見
150,250,石政
60,180,西渕
237,113,西盛
23,183,政二
144,17,是則
188,78,垂野
242,193,仁上
37,27,神沼
52,38,神子田
18,17,森枝
171,151,新長
146,165,信高
229,122,松西
183,184,小浦方
72,34,宗次
24,218,手計
9,16,篠根
153,78,実政
112,175,室矢
35,215,寺司
240,166,氏江
128,49,孔
219,103,荒矢
243,15,高日
32,112,国土
87,245,黒後
4,66,黒仁田
34,184,今重
193,232,佐次
230,182,左口
118,188,砂井
39,143,最上谷
68,198,細道
146,56,札野
164,132,三ツ川
53,105,三栗
100,236,三味
210,127,始沢
56,19,市尾
102,242,師
3,233,志築
169,72,志満
5,18,南嶋
162,113,鳶
218,247,道島
171,173,藤正
244,27,筒口
179,139,田茂
139,92,田勢
210,100,田安
42,175,釘村
238,244,鳥川
93,47,鳥家
232,63,長副
121,162,朝戸
194,150,猪苗代
136,182,仲保
49,15,中和
99,218,中山田
162,153,大呂
24,245,大豊
157,225,待木
99,28,太鼓
2,79,前堀
127,111,銭田
185,112,舛野
245,242,赤林
175,113,西槙
176,103,西滝
168,201,水頭
153,75,水久保
245,61,須納瀬
17,124,須河
114,181,須井
142,122,真謝
216,126,南良
103,44,葭川
122,244,澤畑
57,192,朏
34,15,廣渡
176,248,國廣
3,251,六平
231,189,料治
194,214,立蔵
67,153,藍川
203,21,柳井谷
241,37,野々内
89,188,問山
158,221,明利
102,69,明城
39,124,湊崎
127,205,本屋敷
253,175,堀毛
239,21,豊富
13,120,峰下
63,255,平木場
144,218,福澄
143,16,俵本
177,43,百留
136,93,稗貫
77,35,美浪
209,21,美代
239,52,鳩谷
112,19,鳩岡
64,74,白籏
156,133,配川
251,219,波津久
160,32,波佐間
18,11,入里
114,164,深野木
191,88,畦原
65,80,恵村
206,52,郡田
92,77,錦野
8,188,暁
203,26,橋津
250,158,去来川
168,18,弓崎
103,66,吉敷
155,80,紀村
82,187,稀代
133,51,岸信
49,144,間鍋
200,1,刈間
255,195,樫部
239,223,階戸
56,100,皆瀬
23,215,海村
40,65,賀島
55,57,王生
3,53,塩森
210,217,栄本
112,194,栄福
148,99,雨川
100,61,羽迫
21,215,宇畑
192,31,宇多川
212,78,井合
68,224,為重
251,151,安和
157,150,梓沢
142,46,葦原
110,71,阿島
170,245,計盛
117,33,深須
48,152,新毛
187,143,織
235,11,植戸
63,210,植井
157,89,上肥
46,100,上ノ園
200,21,松房
200,128,小用
22,216,小松谷
224,189,小妻
193,231,小井出
171,131,出家
153,228,十林
45,117,守沢
61,206,主代
24,23,実本
225,29,寺東
52,158,獅子内
249,245,指山
55,77,山佐
69,162,山根木
233,119,山ノ上
10,165,三柳
83,11,座古
237,120,根守
135,53,江洲
97,8,江向
119,199,江隈
251,164,後岡
60,17,五十公野
178,187,原薗
86,244,元重
116,179,大朝
221,156,大馬
188,24,谷生
63,248,谷米
254,77,樽石
205,104,鍛
148,246,段下
65,165,池貝
114,7,池迫
2,61,築沢
115,250,中央
47,123,中元寺
97,11,朝広
80,157,長曾我部
67,137,定成
67,54,提中
255,230,田原春
96,119,登口
41,73,土手内
210,202,大宗
13,217,蔵並
32,118,善光
99,173,前垣内
166,186,前屋敷
203,191,川那部
200,3,千尋
88,107,千竃
165,76,石搏
251,221,石城
228,8,青羽
176,251,西水
198,204,西垂水
151,218,正城
230,228,瀬ノ口
129,187,水地
89,236,水ノ上
229,233,推名
135,82,須田山
59,217,繞波
128,146,廣崎
252,179,鈴島
183,245,力田
124,16,立嶋
15,157,雷
97,211,頼永
127,150,淀縄
85,88,余宮
175,90,涌本
112,14,有波
122,55,友石
251,95,柳森
8,66,矢埜
4,196,餅井
209,174,餅
127,67,木月
190,74,桝見
7,109,槙谷
23,46,本常
119,179,北小路
254,229,望木
173,138,法量
105,222,尾篭
247,162,尾角
197,94,肥高
16,38,幡山
12,49,白島
169,2,波呂
111,3,二井谷
16,33,楠森
92,17,南孝
30,173,那谷
233,90,那倉
244,111,銅谷
105,160,藤白
43,97,藤兼
127,243,嶋元
23,229,仁張
230,130,月崎
127,106,駒板
166,232,桐木平
30,197,玉理
202,108,魚山
126,11,宮之脇
235,168,久保市
205,209,久部
117,27,鬼本
238,8,喜藤
175,79,岩住
173,129,萱
136,23,釜瀬
250,47,海下
183,254,花盛
16,27,花
42,23,河浦
239,187,家
4,194,佳
236,101,下向井
19,211,岡利
31,105,岡治
186,209,延与
235,12,雲雀
45,169,浦地
166,38,臼本
255,15,宇郷
183,36,印部
34,138,一本松
125,128,井苅
112,247,伊大知
109,161,伊世
66,89,伊尻
61,225,伊舎堂
44,190,安良田
37,52,旭岡
110,79,葵
204,147,阿辺山
252,214,神橋
128,229,真篠
245,109,真見
234,71,森多
240,171,植高
253,164,上馬場
172,2,松寺
250,120,松行
12,137,松ケ下
117,76,諸正
61,232,諸我
166,103,秋尾
74,57,七枝
34,50,式見
151,226,施
92,44,志保沢
187,102,山信田
47,151,山場
233,224,山香
114,93,懸川
190,77,見形
253,241,後原
78,30,光家
152,240,厚
8,25,幸治
163,39,江嵜
149,187,溝延
170,131,香下
178,186,高花
141,181,国江
69,158,黒羽根
213,150,黒嶋
97,67,此本
23,165,今後
248,122,今澤
149,16,根笹
222,136,艮
151,109,佐津川
153,124,中善寺
168,169,中之薗
164,231,仲門
112,188,忠平
162,208,張江
26,49,長沖
189,164,長通
82,32,鳥渕
138,250,塚部
113,161,栂尾
134,216,田海
241,157,田外
0,101,田水
2,102,塗
0,138,唐笠
219,214,東真
3,207,東瀬戸
176,50,東盛
236,192,東峯
189,76,中小原
0,254,中宿
255,16,竹多
247,200,馳川
162,155,地家
81,251,谷広
144,253,棚山
79,59,大港
110,82,大兼久
186,175,大科
226,139,大益
175,226,多々
112,208,早狩
147,72,銭場
193,58,舛添
96,23,千保
235,155,青坂
11,32,西鶴
186,143,生谷
16,238,生盛
10,99,簀戸
22,27,炬口
18,76,澤部
248,155,櫃口
113,200,檜木
240,115,垰
9,135,哘
149,181,和歌山
86,93,和井
23,219,蓮野
45,154,旅
54,85,理崎
154,227,落部
148,122,矢冨
191,193,木材
150,108,網岡
69,10,堀島
228,198,堀光
45,228,蓬来
178,234,宝金
45,235,米加田
254,25,平薮
94,51,平丸
145,43,福政
63,194,富士野
161,228,浜嶋
228,44,苗田
171,186,飯富
15,248,櫨本
74,18,播磨谷
207,169,能智
187,122,年森
170,233,二色
141,115,南迫
17,134,楢岡
60,175,内牧
15,50,奈良木
165,133,徳網
78,227,藤若
100,149,正崎
150,122,五郡
60,64,胡田
46,232,胡谷
9,51,源間
216,120,元藤
69,91,月沢
233,148,金友
35,246,琴
182,15,錦古里
190,220,魚屋
29,176,宮住
99,139,久保野谷
123,124,吉方
30,219,吉栖
30,185,喜久里
59,5,岸森
205,230,丸市
229,92,関亦
173,221,茅本
42,213,兜
48,227,掛上
254,9,掛下
79,8,外西
66,50,下国
92,169,延永
12,50,越島
220,213,永添
219,45,永口
204,20,栄川
220,125,栄森
122,9,浦滝
124,247,浦城
164,31,浦江
182,79,蔭西
15,228,一
38,85,井開
83,81,為則
26,3,伊内
247,72,阿部倉
116,118,瀬戸崎
15,53,菅宮
90,180,水平
100,177,神西
195,25,深萱
119,40,森家
158,146,信賀
25,62,織野
52,209,松葉瀬
114,113,松河
220,217,松ケ崎
1,169,小梛
10,94,小那覇
233,53,小鳥居
106,252,諸本
5,116,潤間
126,120,十日市
163,121,宗原
109,63,若葉
126,70,若瀬
207,83,御守
4,205,厚芝
28,43,口村
217,43,向高
74,133,更屋
129,223,糠沢
190,126,荒波
111,56,高以良
80,152,高御堂
151,152,合瀬
177,69,国則
32,238,黒永
156,8,黒内
142,159,左山
44,41,崎向
251,243,山長
204,118,山納
251,75,寺北
21,255,実広
11,64,泉元
119,227,霜垣
205,229,村串
23,163,太箸
50,216,大衡
243,224,大波多
117,163,池和田
62,107,長能
203,188,鍔田
159,243,天道
176,192,田中舘
208,212,堵本
48,22,塔筋
217,58,藤社
42,252,堂領
46,64,道券
66,140,徳石
235,13,南明
65,199,背尾
179,199,川末
237,140,川原林
224,66,千里
196,201,千蔵
48,120,先間
181,8,石射
17,151,西仲
252,210,盛口
57,86,清嶋
5,108,清竹
38,13,清弘
33,183,正津
1,178,正池
50,188,政近
10,30,菅木
147,156,水中
144,213,水成
211,230,仁田尾
182,52,神脇
54,36,神生
69,182,梅香
199,224,與那覇
41,128,欅田
143,114,槐島
115,241,廣石
82,150,露無
239,208,廉沢
27,98,鈴石
221,192,落井
102,247,頼金
147,188,陽川
190,58,野角
183,218,杢
44,64,木目沢
173,102,木高
25,37,面来
63,165,明上
122,98,名賀
121,0,末井
143,255,桝崎
195,130,本巣
80,101,堀渕
214,7,牧川
89,218,北海
53,22,蓬原
100,217,米多
99,63,平義
247,109,武弓
49,39,浜北
184,168,浜千代
148,117,浜橋
8,126,美濃谷
230,236,番屋
40,23,飯見
91,54,伴内
75,119,八重柏
253,75,箱木
242,115,白栄
184,248,柏川
245,33,柏戸
72,38,元栄
145,156,軒原
79,224,犬養
229,119,兼弘
186,174,熊村
48,6,金桝
5,169,桐部
196,72,玉乃井
159,10,京角
132,191,居島
159,123,久良
81,120,久住呂
14,237,吉鷹
180,72,吉上
119,70,吉
67,75,岩角
118,162,貫野
183,115,笠江
108,207,街
164,14,皆良田
26,83,花内
168,63,花石
41,125,嘉島
94,197,塩木
211,118,遠松
46,38,榎下
15,242,曳野
225,173,影平
193,90,鵜之沢
212,9,羽持
50,94,稲澤
158,227,稲瀬
0,227,一郷
21,185,一浦
116,230,井寄
112,64,井丸
142,201,伊勢木
54,134,安松谷
156,90,粟ケ窪
246,14,原竹
80,27,埴渕
157,27,上蔀
198,126,笑喜
169,125,松裏
139,160,小谷部
162,27,小水流
26,225,小鹿野
17,112,升沢
244,42,宿田
205,79,寿松木
111,239,社領
103,185,持井
156,49,枝久保
12,91,四野宮
30,165,四ツ橋
75,42,三中
229,134,三階
226,39,三王
185,103,細口
2,97,才村
17,16,古浦
29,102,古岩井
150,237,古吉
178,156,古玉
35,84,古堀
120,112,五郎
93,209,御影
31,7,向口
14,1,弘島
6,234,恒木
90,230,江指
10,67,江辺
3,221,荒江
85,228,高鍬
10,37,高智
92,219,高和
10,215,黒古
36,58,頃末
76,200,今奈良
155,216,蔵富
156,6,太野垣
29,233,大桶
212,44,大薄
141,130,鷹橋
241,93,鍛治川
4,166,中木屋
48,237,仲手川
145,153,仲瀬
215,143,朝霧
120,2,調所
242,236,鳥崎
149,78,鳥部
176,238,鳥野
9,82,槻館
190,209,田後
158,147,土森
39,83,島末
199,164,東司
7,222,荘加
185,3,糟屋
206,156,善利
186,222,前馬
96,81,川連
7,135,川尾
116,147,川述
249,80,千本松
99,103,跡辺
105,189,石堀
85,32,西竹
59,213,西古
2,136,秦田
20,84,真志喜
250,110,深滝
58,61,森澄
65,246,森腰
57,153,森外
217,226,新澤
193,222,新阜
18,166,礒脇
103,160,濱松
227,222,忰山
188,22,廣橋
65,6,来須
151,210,葉石
253,242,与賀田
101,73,有宗
152,147,友繁
229,252,油
141,73,薮上
29,156,矢野口
152,103,矢寺
25,88,弥園
123,233,野久尾
6,27,門本
11,105,門之園
152,91,綿木
67,228,万歳
108,14,本平
167,116,本浦
144,141,牧子
19,162,豊竹
70,59,法島
185,101,平識
133,44,平垣内
94,190,彦
10,35,尾宮
124,39,尾潟
36,121,樋尾
154,169,飯崎
195,111,畔見
161,0,箱谷
34,163,迫井
120,130,馬飼野
150,159,波方
246,129,日朝
163,55,徳良
226,181,東馬
57,207,古張
185,132,兼谷
181,105,形岡
57,31,隅岡
25,223,九
47,43,金吉
125,116,橋塚
201,9,京島
214,135,居藤
85,57,弓取
181,13,宮子
177,82,久長
24,166,杵山
113,194,蟻塚
119,255,紀之定
118,121,苅和
108,34,開本
30,40,海平
23,140,家口
98,28,岡埜
239,240,王子田
102,10,堰
254,255,永柄
222,211,永翁
32,74,瓜本
69,92,浦賀
253,201,浦下
4,127,右原
51,203,引本
21,241,稲丸
244,128,磯岡
115,103,井渕
0,237,井隼
212,13,井手之上
220,99,井戸上
27,89,伊尾木
85,87,庵谷
205,21,安戸
197,202,粟木原
107,135,浄法寺
137,125,常世
133,53,上小路
119,243,上所
120,113,小足
28,206,小酒部
107,155,小夏
147,251,勝藤
203,233,女部田
252,112,舟窪
19,250,秋松
80,236,室沢
151,82,宍田
222,26,時森
123,222,市戸
24,191,市浦
122,178,四枝
36,210,三徳
80,22,三道
144,255,三守
156,166,股野
234,107,吾孫子
177,112,御子貝
16,200,護摩堂
114,85,向瀬
232,243,好光
206,253,高富
134,20,高落
127,153,国持
106,189,国東
214,73,黒上
10,14,腰本
251,108,根布谷
229,144,佐羽内
168,134,佐々倉
251,168,砂生
4,181,宰川
32,123,作永
25,72,札本
25,94,前鶴
238,35,曾谷
230,39,組坂
199,157,倉中
148,36,早島
154,218,相井
15,190,則末
185,183,代谷
129,144,大萩
252,201,鷹
252,114,沢栗
14,71,辰元
38,92,端村
246,117,端谷
64,166,地井
205,60,竹房
39,30,中黒
97,236,塚井
187,5,塚中
200,26,扇子
13,135,千木
160,167,仙北屋
79,146,石徹白
63,177,静岡
163,53,西北
189,239,西武
172,147,西博
179,157,西土
194,96,成元
36,83,杉野原
253,98,水堀
167,194,水波
198,143,須網
201,128,須河内
177,222,針本
96,14,森由
178,184,新吉
194,140,植前
120,167,和住
203,141,嶺川
5,36,裏山
2,37,余島
56,86,余越
130,2,矢立
237,78,矢津
249,35,矢浦
217,168,野底
236,51,民野
63,198,末高
15,234,北戸
11,108,蓬沢
219,52,宝地
27,121,壁田
96,21,平吉
155,75,文珠
190,63,武曽
73,246,浜子
27,173,百成
176,79,美野輪
144,194,美根
22,72,尾森
81,102,半下石
151,65,八百谷
29,43,八沢
136,190,箸尾
65,14,韮山
124,156,入木田
190,165,日野岡
94,230,二島
100,59,二川目
74,84,二ノ方
52,25,那珂
53,156,道園
189,255,東埜
216,95,伝農
174,85,辻合
251,56,桐石
87,191,居附
97,155,居場
127,73,宮出
90,213,久津見
127,28,橘和
113,96,岩神
110,188,丸畑
194,89,関茂
125,243,間弓
160,21,漢人
138,129,勘
54,15,茅森
36,50,梶丸
22,229,笠山
81,246,角永
179,185,外石
79,231,賀門
158,107,花野井
162,0,家野
161,112,加守田
165,117,下坪
242,89,乙倉
22,178,奥上
173,66,於本
196,228,園本
131,129,円崎
183,224,丑田
206,48,引原
14,137,一箭
44,79,井立
195,13,井勝
125,89,井ノ下
230,11,為藤
157,166,伊加
55,18,庵地
181,1,安方
99,38,綾香
87,127,状守
153,224,常陰
138,203,城平
56,78,上西園
58,220,小桐
164,79,春沢
34,145,春宮
229,1,宿利原
137,5,重泉
53,126,重弘
11,66,住石
119,188,種川
109,248,時盛
36,108,時見
185,76,糸崎
160,252,四竃
118,195,山木戸
196,50,山時
135,96,参鍋
44,251,金庭
193,159,犬木
252,144,戸賀崎
163,27,戸渡
140,165,湖
206,175,後潟
48,138,好
73,169,行定
203,177,高杢
191,115,黒地
193,34,今出川
42,166,今竹
216,247,根内
135,59,佐草
22,196,佐道
238,255,作左部
157,207,笹下
237,131,皐月
22,232,三田井
107,45,岩貞
169,171,岸菜
12,228,丸居
33,243,舘花
31,69,巻淵
222,221,貝出
72,174,花瀬
110,114,夏迫
96,26,沖林
149,149,横田川
191,101,塩幡
145,82,堰口
228,153,益森
180,149,永延
122,123,栄留
201,232,雲川
97,70,稲井田
242,141,一水
155,227,一守
22,123,芦口
2,216,阿利
85,239,阿草
85,146,阿児
64,23,洞井
42,106,藤冨
19,136,湯目
85,42,嶋脇
43,138,土上
196,196,土海
142,15,土井内
9,180,田又
83,29,田坪
170,220,田出
121,194,田治
84,108,坪水
225,107,坪郷
41,193,津倉
205,211,珍
156,100,鳥屋部
207,46,鳥羽瀬
99,213,長冨
221,172,長辻
168,206,長勢
198,183,町本
165,16,町元
165,149,朝吹
32,48,虫鹿
141,168,仲畑
126,44,中井戸
131,128,池増
219,33,地代所
119,72,地紙
224,235,団塚
50,166,樽岡
133,78,大槙
123,254,大財
191,60,泰江
68,229,対中
130,138,藪原
225,245,籔本
250,9,瘧師
56,221,國友
240,189,脇屋敷
186,198,落谷
59,27,友草
249,98,友延
243,221,柳園
197,175,矢田目
170,34,矢賀
181,90,野越
161,78,明崎
190,248,堀之口
113,163,房崎
94,218,豊浜
204,156,芳澤
227,148,米中
230,143,風本
108,84,俵屋
111,35,美口
61,0,挽野
245,94,八里
140,28,八鳥
248,249,八若
62,163,畑森
142,230,畑尻
4,169,幡地
160,254,梅若
251,223,馬内
247,56,年永
110,102,尼田
136,189,内生蔵
221,65,苫谷
74,62,峠岡
40,203,多原
120,227,釈迦郡
154,250,時末
210,154,児王
73,34,師橋
92,50,市根井
20,32,四関
119,26,山渕
103,101,細海
47,31,高幣
134,246,高東
157,251,貢
73,209,弘井
161,100,広西
24,40,光平
90,38,光益
59,37,戸津川
253,61,戸草内
130,78,古別府
241,164,古川原
191,194,古座
208,86,見方
89,235,兼浜
105,104,兼定
9,67,桑添
99,71,栗丸
101,31,空山
31,196,駒坂
111,253,金剛寺
170,53,居垣
179,39,牛川
62,147,宮辻
94,73,亀浜
131,105,貴嶋
255,42,幾度
1,208,岩林
121,99,則次
143,21,草道
44,133,岨
56,141,舛元
30,210,浅
61,20,泉宮
18,123,節原
108,37,西飯
139,164,西ノ園
137,163,清須
144,134,成安
220,10,諏訪下
202,249,陣之内
128,42,仁田野
123,228,神中
241,212,真鶴
240,170,織内
79,86,常友
111,184,城生
223,144,上堂薗
109,118,上殿
34,193,上笹貫
9,47,上笹
182,129,上荒磯
167,187,上ノ町
92,43,松舟
113,229,小野本
215,179,小野谷
83,192,小田内
235,2,小田長
40,166,小鷹狩
184,82,小走
54,205,重長
205,49,住安
15,113,手老
42,7,只熊
206,92,只友
3,217,中空
227,32,中座
1,190,鳥尾
181,188,津城
243,3,津脇
241,180,鶴藤
55,126,鶴迫
128,104,田桑
79,182,田枝
101,227,田野崎
43,91,田力
149,150,都藤
36,216,嶋井
134,16,湯朝
139,178,道祖尾
201,107,道塚
92,63,徳道
177,155,那覇
244,69,日数谷
11,92,沢館
205,143,滝見
167,74,大竹野
0,129,大宜味
138,169,帯屋
187,155,打保
110,163,多部
82,15,村江
115,65,走出
4,219,草階
159,149,早雲
79,194,礎
46,79,船津丸
247,14,仙野
94,118,西蔭
168,150,盛林
127,202,盛一
247,234,正月
55,209,晴披
224,127,勢司
202,1,瀬頭
174,197,世取山
75,209,諫山
235,241,藪上
17,240,萬屋
98,103,濱砂
173,156,壹岐
89,254,浪内
179,65,龍山
161,219,葉玉
122,33,唯根
48,142,矢岡
54,56,免出
4,24,蓑手
41,26,箕作
75,140,巳波
42,32,槙岡
21,127,麻柄
115,55,本宿
203,100,牧草
61,152,北邑
243,62,北丸
188,242,棒田
108,255,豊城
15,148,法山
213,123,母良田
162,63,片町
6,67,米戸
31,247,分島
54,238,淵江
131,191,武冨
48,26,布施田
241,106,冨部
28,69,冨坂
47,99,富部
207,115,俵口
187,132,美保
229,142,枇杷木
49,41,尾平
213,251,肥後橋
240,66,飯豊
252,39,板見
8,11,白草
47,154,杷野
149,240,猫田
111,197,恵利
89,124,恵中
6,146,君波
117,203,栗賀
166,65,櫛桁
194,233,玖島
97,28,金竹
134,132,金今
176,152,金気
153,101,金一
121,56,弓井
195,116,宮居
32,168,久保倉
68,223,吉多
227,174,菊嶋
204,114,記田
103,198,幾世橋
3,175,岩鶴
144,65,岩沙
230,165,岩金
120,74,関吉
139,251,間沢
146,220,鴨頭
74,141,釜台
219,90,樺田
98,69,笠鳥
203,155,皆口
112,98,我田
164,158,科野
176,211,家近
134,50,加生
234,8,桶作
54,240,荻野目
93,232,荻迫
166,31,奥成
238,73,奥城
95,96,永合
173,80,永金
169,128,栄谷
223,135,栄喜
215,171,伊野瀬
22,244,綾織
170,158,芦
88,8,水信
95,103,水ノ江
25,76,須野原
76,142,真利
61,27,森倉
160,56,新増
172,74,上矢
166,151,上之郷
211,9,上塘
28,65,上沖
52,239,沼生
81,211,小新
39,148,小松代
170,147,諸節
56,71,祝嶺
182,249,十万
233,22,舟渡
28,111,秋房
10,76,洲本
218,193,周郷
195,239,手戸
84,61,芝川
220,247,軽込
168,198,原元
123,123,原塚
106,142,五百井
110,121,向村
165,47,幸長
26,179,高縁
241,34,告野
161,232,黒髪
189,213,腰
249,254,込田
74,135,佐林
124,114,左京
149,37,砂月
133,156,才所
166,16,細倉
210,121,細堀
40,241,三ツ森
87,252,三久保
3,215,三尋木
113,45,糸田川
226,161,善村
196,165,善木
7,99,草下
25,56,多辺田
52,146,帯田
66,59,沢海
128,154,谷舗
28,234,丹菊
132,77,地神
37,130,池園
194,36,竹折
241,229,中ノ森
86,69,仲下
160,157,長坪
115,137,長埜
161,85,柘野
8,185,天藤
127,20,登島
95,243,都出
4,160,染木
105,199,赤埴
157,238,石窪
105,108,青津
89,228,西連寺
228,243,西添
122,35,西生
123,146,勢登
41,79,瀬和
231,187,杉野森
2,170,仁位
49,59,新後
194,162,常次
75,173,照岡
255,12,松木平
204,228,小矢
176,129,小松平
199,4,小更
3,71,諸麦
205,88,祝井
65,195,都島
250,68,榮
216,84,和間
233,206,龍川
75,165,隆
244,200,留岡
243,51,柚本
81,64,有迫
251,29,木綱
90,145,茂古沼
199,245,味谷
253,29,麻岡
177,127,北前
242,54,宝川
53,240,平浜
139,211,兵野
198,199,淵川
185,97,福来
38,30,福辺
21,95,福滝
215,155,部屋
194,176,府馬
255,120,不老
153,55,疋野
12,112,樋
139,149,飯銅
157,101,板林
191,52,伴瀬
10,238,麦沢
117,125,泊野
162,176,南垣内
207,92,縄本
224,17,内浜
157,60,那花
18,111,得本
128,110,鴇巣
35,48,湯越
178,110,棟安
180,26,土器屋
39,244,土井口
29,63,金色
132,39,近都
109,74,曲木
219,153,興村
100,225,興松
186,25,弓達
20,58,起塚
73,232,幾井
188,235,喜山
49,75,岩井川
203,158,岸里
89,69,丸池
138,131,関芳
189,157,鎌尾
43,15,樺
2,161,葛馬
14,163,賀内
238,18,茄子川
222,218,苛原
141,249,加瀬部
158,124,下柳田
65,208,下北
192,207,下広
221,223,乙野
122,253,横洲
182,227,奥墨
5,19,奥坂
47,15,塩賀
187,77,永目
147,24,永関
139,145,鵜篭
36,218,隠地
63,93,隠居
43,14,井頭
175,130,伊阪
40,9,伊垣
150,144,粟崎
114,66,綾城
80,20,愛原
74,60,九万田
99,237,洲上
39,16,宗雪
148,228,手呂内
92,96,実沢
33,35,鹿渡
42,208,獅子原
120,225,指吸
193,76,師玉
19,57,市野川
57,99,四木
69,145,四至本
126,5,仕田原
136,224,三宝
233,14,三波
153,188,咲本
73,46,阪内
22,152,宰務
157,50,妻沼
206,28,座馬
224,168,佐向
237,110,沓野
246,96,窪倉
180,207,隈江
119,126,桑尾
94,128,君
116,120,迎山
73,90,建
205,128,戸賀
37,226,戸木
116,126,後出
107,107,江蔵
113,12,甲良
151,224,荒木関
30,217,高治
62,193,高住
159,209,国賀
185,75,国山
226,43,今駒
103,110,今多
228,214,長窪
190,137,辻橋
126,244,辻道
174,17,鍔持
0,39,堤崎
47,145,渡引
74,43,都原
110,67,都所
103,184,土赤
148,126,島巻
97,12,東迫
0,248,藤懸
145,185,藤成
222,55,藤嵜
106,191,堂村
138,238,徳澄
201,63,鍋本
209,254,南新
100,128,楠永
89,153,日座
164,129,入海
216,134,入福
232,143,朝子
109,217,中渕
107,92,中塔
190,15,筑前
51,194,築根
120,105,築
25,121,置鮎
86,65,男鹿
59,190,谷政
183,50,滝森
150,24,大仏
53,195,大足
156,215,大小原
250,67,大歯
22,115,大坂間
127,139,大恵
81,110,泰永
101,10,増保
209,126,草井
78,117,曾篠
147,195,前道
32,244,船富
240,2,埜崎
149,105,龝山
100,100,齋
60,60,櫟
162,203,榑沼
30,71,楮原
223,189,楜沢
130,210,廣末
1,124,峪
84,72,和南城
126,157,輪違
0,249,竜山
55,6,粒良
55,73,立壁
237,162,揚田
153,202,雄鹿
217,165,薮根
248,227,矢ノ倉
130,15,木田橋
59,28,満武
85,128,末浪
194,144,麻川
76,237,堀良
228,149,芳賀沼
1,38,縫
184,5,方志
97,160,宝本
183,19,宝山
160,226,片塩
76,107,文本
33,73,分田
65,91,蕗
205,222,附柴
190,245,富嶋
85,93,樋廻
72,143,番匠谷
250,136,飯淵
210,220,鉢村
26,9,白府
154,231,白阪
207,39,博
237,199,梅影
38,116,馬場田
32,178,波止
64,51,能藤
93,0,琴浦
6,189,桐川
12,230,狭山
137,220,橋端
114,80,強力
47,170,巨瀬
58,131,牛江
132,170,宮野入
194,207,宮形
144,183,菊口
21,147,菊浦
188,141,鬼倉
137,74,起
111,248,喜連川
74,165,閑
138,181,間篠
244,224,萱津
57,200,梶栗
198,228,梶家
11,109,角園
48,107,海老谷
119,224,花登
195,23,河淵
135,5,河内谷
26,188,加森
149,25,加口
25,15,下ノ村
3,164,乙戸
85,7,沖坂
118,161,岡堀
140,224,岡政
206,30,横岩
48,32,永代
146,172,鵜口
58,203,鵜原
111,172,羽土
111,108,宇尾野
20,106,引馬
83,100,一言
156,182,井置
140,73,井手迫
75,186,伊井野
58,137,安代
143,169,飴本
23,138,近添
201,132,石積
207,54,盛下
30,147,清政
74,78,瀬来
67,160,神能
248,29,神瀬
215,25,森恒
253,69,沼川
171,175,松野尾
220,75,昭和
23,14,小槙
26,140,小武内
59,141,小丹枝
69,167,小岱
61,97,小瀬古
178,243,祝部
122,170,宿久
112,173,酒蔵
227,87,狩屋
199,90,守護
61,248,篠澤
48,143,室内
251,146,熊渕
114,89,元西
12,115,原地
48,14,五林
236,132,御厩
192,87,厚ケ瀬
55,5,幸森
100,142,甲崎
248,51,耕
131,109,荒薦
171,167,高実子
49,102,高路
97,251,今辻
59,151,佐尾山
67,233,坂ノ下
216,167,笹辺
80,129,三秋
133,155,三野輪
140,38,山咲
114,21,山澄
233,222,鹿江
62,199,執印
35,201,仲筋
104,63,仲正
245,45,仲塚
237,50,猪八重
150,199,潮来
209,222,長谷尾
83,202,津路
226,242,塚瀬
238,93,坪子
53,133,程
168,35,釘貫
112,91,田間
195,115,田前
147,227,都賀
100,188,都崎
226,236,都志見
167,230,島屋
125,53,東垣
209,36,頭島
79,171,道合
164,191,仲安
116,183,茶屋道
98,214,池住
23,32,達野
53,245,大機
204,96,太古
80,63,則政
225,225,相徳
11,90,槍田
155,255,倉渕
39,139,倉畑
209,64,前上
72,6,扇本
11,255,川熊
43,225,折登
189,5,赤神
110,220,石濱
21,11,石持
97,253,静川
177,133,西隈
181,148,生平
110,45,徳盛
21,141,蘆田
149,62,澤柳
61,12,澤入
62,30,六谷
219,193,由地
6,252,有塚
158,166,矢満田
243,148,矢舗
77,14,木戸浦
84,228,木間塚
70,183,木稲
105,212,茂籠
236,137,茂呂田
230,8,茂岡
108,22,民田
125,14,満江
136,109,満丸
142,181,万寿
25,74,桝沢
217,21,鱒沢
131,232,北室
5,174,法田
230,7,暮林
0,85,甫木
65,3,文倉
138,205,分須
194,126,譜久里
127,124,布施木
185,252,浜住
43,5,尾矢
27,126,樋元
46,225,飯草
30,189,板庇
254,75,畠岡
112,113,筈谷
184,7,白丸
1,220,柏樹
212,233,馬川
221,15,播戸
51,120,日内地
214,158,日隠
190,32,生尾
159,28,向所
229,131,向佐
225,200,口元
164,87,古家野
87,250,見学
239,158,月木
165,124,君成田
88,254,鍬
183,230,熊尾
91,138,熊井戸
104,216,金渕
196,124,金良
124,83,錦田
76,47,桐戸
197,198,玉林
180,216,蕎麦田
178,171,魚岸
144,45,居関
16,148,久澄
38,207,桔川
174,70,吉地
128,175,宜寿次
129,89,岩畔
9,38,間谷
73,2,花方
92,53,加世堂
72,59,加減
90,55,下荒磯
25,169,乙須
27,199,円福
213,103,益富
77,138,羽嶋
135,137,宇那木
48,82,一文字
75,13,一ノ倉
59,22,井須
223,78,井戸坂
70,223,井戸垣
114,221,為実
146,40,為岡
59,237,鮎瀬
69,218,幸正
209,10,清時
159,122,是津
0,89,瀬戸内
171,7,人羅
130,79,神名
147,96,神賀
70,151,神井
31,253,真籠
76,56,榛原
141,72,信時
239,238,織田沢
149,232,上入佐
240,204,上長
116,17,上四元
88,239,上吉
176,147,上下
15,119,小長光
201,163,小町谷
210,140,小原木
72,124,勝手
103,187,諸越
136,200,行弘
172,167,国津
133,1,黒肥地
233,214,今熊
124,205,根占
142,36,佐守
46,244,佐敷
27,109,細馬
247,150,財木
182,3,雑喉
94,247,珊瑚
70,233,市薗
183,8,志鳥
132,43,篠ケ瀬
193,130,芝間
69,203,宗盛
198,168,秀嶋
45,79,舟倉
159,18,重兼
24,246,潤
151,192,中世
91,205,中末
62,112,直山
192,49,津内口
153,87,的山
232,212,田吉
36,120,田伐
66,100,渡津
111,50,土器
209,212,唐谷
56,21,桃北
166,140,藤峰
127,75,道向
189,176,徳部
39,212,奈雲
191,212,内久保
55,114,南渕
4,115,日賀野
155,29,馬場先
7,193,畑仲
69,210,伴藤
94,105,中斎
54,42,竹畑
138,164,竹仲
41,222,池林
100,117,谷次
26,150,谷角
0,243,大浴
208,195,大田尾
146,23,大欠
228,207,大弓
250,179,大加
133,24,太和田
249,142,袖川
78,190,増金
98,71,増間
69,192,相松
179,53,巣立
75,102,掃部関
144,230,倉屋
190,197,善平
142,52,川迫
216,149,節安
34,243,飯箸
128,152,當眞
120,15,濱上
189,178,濱井
57,91,澤登
130,208,廣山
65,97,岑
235,254,浪辺
239,33,梁木
194,180,立住
112,67,里口
161,214,余野
181,29,余
45,213,遊津
236,252,柚留木
202,191,柚口
183,241,柳尾
193,145,矢沼
50,115,矢ノ目
84,18,杢代
216,165,木実
202,138,網永
130,173,綿村
244,135,本美
216,110,本丸
142,165,本位田
156,223,堀村
200,239,牧崎
234,0,牧角
173,73,北尻
199,53,豊澤
11,194,方田
149,198,穂崎
199,217,片海
191,17,米里
186,189,平屋
210,159,文室
39,27,福神
163,93,伏井
170,221,浜多
93,34,百島
224,149,彦久保
198,45,尾塩
25,157,飛坂
74,67,赤部
18,174,五野上
93,226,厳
91,3,見須
5,119,駒山
228,227,玉中
17,235,笈沼
253,21,宮向
10,206,宮ケ原
238,52,久多良木
222,118,吉畑
93,45,菊澤
177,165,亀里
205,31,岩地
7,54,岩阪
163,223,諌早
37,56,甘糟
148,113,樫出
178,216,垣屋
143,56,外久保
18,105,貝増
23,143,河股
182,171,河窪
97,156,家谷
163,162,家倉
78,25,家合
155,147,岡ノ谷
182,27,横市
69,249,奥橋
112,103,塩ノ谷
112,176,英保
182,38,永窪
90,217,浦丸
36,5,鵜鷹
164,217,宇和野
83,6,隠田
127,105,印丸
184,77,稲満
56,162,一町田
108,125,井貫
123,70,伊貝
125,219,安藝
215,128,阿木
112,182,阿辻
20,19,向久保
120,127,青村
125,144,是友
70,116,是洞
105,74,畝木
156,240,須古
67,0,神塚
58,28,新羅
212,131,畳谷
184,58,常吉
225,53,城定
149,223,城岸
182,207,上川床
75,27,上神谷
43,59,沼能
177,108,小鍋
23,81,小須賀
221,107,出葉
204,194,出河
179,26,種崎
44,150,狩川
167,33,若代
46,184,車井
39,125,幸池
77,232,広浦
122,13,綱分
39,78,高溝
150,49,国府方
140,36,此下
124,228,今清水
228,41,今荘
51,247,根目沢
108,182,佐佐木
13,185,坂居
48,238,咲山
217,180,薩美
218,72,三ツ口
51,232,三ツ野
230,214,山埜
112,107,山名田
181,12,四ツ井
220,164,似田貝
9,32,時谷
141,255,篠瀬
208,255,側
63,78,則友
88,37,太細
65,106,太田口
84,82,大引
108,201,大番
41,106,達富
174,94,辰岡
235,219,棚池
172,131,谷信
91,71,谷前
207,4,淡谷
214,49,地口
120,37,遅塚
71,247,中堂園
6,106,中力
90,8,朝居
60,203,鳥見
192,158,鳥嶋
198,200,津和
226,224,辻広
194,157,坪原
247,28,鶴ケ谷
185,223,鶴嶋
90,226,蔵ケ崎
109,179,霜尾
54,164,善生
252,29,前鼻
143,134,川埜
206,23,赤水
48,103,石峰
35,245,石西
111,12,生馬
171,55,生賀
212,150,正畑
231,203,正清
33,193,成広
156,227,是久
132,94,瀬合
63,28,瀬見
103,116,真竹
183,212,深
188,179,新籾
51,114,新冨
155,14,乗上
62,209,松鵜
101,204,小縣
146,38,小白
87,149,的崎
125,240,蟇目
165,166,莅戸
203,117,礒道
168,207,柬理
212,165,頼政
75,23,与島
201,202,猶木
87,29,柳ケ瀬
159,126,矢船
98,220,矢尻
9,97,弥久保
110,176,野老
144,199,木保
180,182,木之瀬
220,146,名部
231,133,摩庭
203,143,本久
199,243,堀喜
244,163,牧下
93,255,蓬
227,19,宝栄
194,166,保良
38,195,保地
49,116,米虫
136,163,平久井
125,200,文箭
137,120,福盛田
76,90,風呂谷
185,247,冨崎
11,173,冨ケ原
60,65,樋代
60,11,飛野
157,17,半貫
127,31,畠腹
84,206,波場
83,190,能條
81,222,能間
169,70,入岡
225,63,日角
230,158,徳住
81,192,筒
87,90,湯野川
77,27,湯屋
90,10,東窪
62,9,島宮
75,253,渡田
189,44,渡司
95,166,田場川
219,172,小長野
135,76,強口
148,111,享保
107,93,牛窓
143,59,牛上
52,114,宮端
203,149,久保杉
120,117,吉滝
4,230,義川
237,27,鬼追
139,27,鬼窪
32,166,記虎
251,194,紀室
5,2,雁金
46,30,岩方
201,169,岩並
7,9,岩寺
31,157,岩郷
30,27,間明田
117,74,釜中
14,244,葛木
36,197,楽山
252,229,岳藤
108,145,角畑
255,119,角津
81,15,海沢
37,160,会場
229,188,河浪
31,159,河毛
119,69,家長
171,25,家氏
79,51,加幡
227,26,何川
39,61,乙村
92,47,岡畠
133,19,黄倉
168,203,横戸
16,70,押野見
190,237,奥矢
231,223,栄徳
90,209,宇尾
157,132,宇津江
166,90,稲浦
71,248,井無田
90,184,井手内
136,79,伊納
33,224,芦内
132,150,芦浦
152,20,阿倍
14,40,橋根
171,183,小瀬戸
152,122,小松野
18,85,小司
228,188,升永
31,210,所崎
125,36,舟引
18,237,宗島
11,48,寿田
76,188,寿恵
46,18,若柳吉
8,85,室野井
224,10,七山
179,85,治
76,45,滋賀
61,65,時信
35,117,持増
70,155,紫芝
121,251,四郎園
125,61,山白
244,81,山階
208,116,三津木
225,42,三代沢
247,5,左官
235,21,紺
178,29,郷上
10,21,金定
171,251,九十九
14,85,九重
101,162,粂内
206,134,軽米
163,50,玄番
154,252,古曳
43,110,古知
223,96,古茶
124,163,古藤田
146,115,呼子
116,173,戸蒔
139,250,胡井
62,39,後安
4,214,厚美
118,5,口町
247,54,向窪
53,140,広口
56,81,甲斐谷
46,127,高殿
202,115,高辺
90,178,込宮
136,126,今冨
216,62,船城
146,229,曽
19,244,倉満
43,208,相知
227,249,多屋
202,116,大尻
217,172,谷相
233,45,中宗
201,105,中鋪
224,103,仲戸川
79,249,猪巻
255,166,長居
26,91,鳥羽山
58,214,鳥谷尾
163,117,津多
91,230,椿田
20,98,田子内
212,224,土場
243,200,奴田原
213,100,東影
124,87,東美
86,120,東部
67,37,藤極
93,222,千早
168,93,千神
197,172,折見
60,82,跡見
127,238,赤鹿
248,164,石嵜
78,61,石田尾
69,14,青竹
222,80,西町
148,77,西秋
79,229,西久
171,130,生澤
3,145,晴
5,125,星河
213,38,菅内
33,238,水足
84,144,垂門
136,85,吹春
72,209,須佐見
62,119,須金
71,53,須賀井
69,172,諏沢
102,58,真玉
218,130,森出
34,165,豆谷
30,123,乕田
184,158,綛田
55,133,渕沢
36,220,脇浜
133,199,老月
63,186,来代
91,246,浴本
107,16,揚張
194,29,遊田
143,92,遊座
229,157,矢渡
67,1,野老山
232,34,木子
164,130,木佐森
127,55,木井
81,234,鳴山
109,35,箕谷
234,77,満名
38,75,北殿
202,44,望戸
211,105,坊垣
151,93,宝沢
133,167,宝諸
233,116,穂垣
137,181,片橋
36,158,米尾
75,9,米家
110,204,平目
141,39,平高
210,22,仏坂
217,103,福土
101,207,福市
226,124,譜久島
40,73,譜久原
162,9,冨中
190,99,筆保
194,220,鳩間
219,24,筏津
76,123,八隅
74,219,萩倉
221,8,波賀
55,72,能仁
5,102,能松
183,185,二位
205,107,呑田
150,244,道源
190,62,堂岡
100,176,熊元
9,80,空久保
59,228,苦瓜
81,72,九門
32,212,汲川
99,66,宮房
28,82,宮定
14,165,久米原
51,9,吉貝
143,111,義積
231,199,鬼嶋
42,151,鬼川
39,113,貴俵
44,146,岸添
113,50,関目
204,65,観音寺
198,227,椛澤
15,184,橿村
210,145,外井
211,115,蟹田
165,161,芥子
196,142,海北
50,142,過能
45,35,花家
230,25,家常
166,86,下阪
69,98,下根
233,66,牡丹
107,181,沖浜
92,155,岡竹
88,2,岡宗
81,174,横打
196,55,横光
89,18,塩倉
228,220,演
97,214,永須
7,132,栄枝
118,244,臼坂
116,110,鵜塚
82,170,羽牟
149,86,蔭地
23,90,稲内
189,205,逸崎
74,201,磯矢
237,61,芦本
112,219,茜谷
197,236,阿部川
36,254,鍬先
120,12,新満
204,55,新多
167,106,城一
196,207,上明戸
181,170,松柳
123,73,小濃
56,24,小代田
158,43,諸口
89,98,出上
159,73,重中
37,140,住中
104,251,秋根
207,200,若鍋
240,29,車戸
51,149,治武
46,197,志小田
103,58,志貴
41,246,四津
66,124,山野下
114,91,山福
239,137,山久保
29,152,山丸
51,200,三ツ股
24,211,細谷地
130,244,慶伊
96,161,軽尾
175,254,剣
197,59,検見崎
117,71,絹見
85,148,玄葉
45,227,古源
128,227,古志野
150,92,庫本
190,75,五百崎
30,77,御田村
90,111,向日
216,218,幸重
60,187,江ケ崎
54,186,荒見
133,25,荒松
86,116,香内
157,22,国延
31,110,国峰
157,73,根之木
53,199,佐貝
22,223,佐復
230,216,左野
57,118,蔵増
81,45,則行
40,143,村住
56,225,大軒
216,155,大能
67,112,滝平
70,175,滝林
7,124,沢越
134,91,谷下田
153,127,谷富
25,197,段塚
202,140,池神
10,139,中久
157,82,中治
20,251,仲藤
238,181,津戸
162,229,津根
38,229,栂瀬
200,37,辻倉
180,218,鶴居
29,79,天花寺
8,14,蔵永
150,139,増中
63,9,相地
111,230,泉館
203,154,川邑
176,225,川妻
33,79,占野
226,226,千家
153,217,切敷
104,240,石徳
27,207,石滝
188,104,西代
27,74,成平
134,25,瀬治山
104,108,水取
197,200,仁王
61,154,深木
74,25,新渡戸
195,57,新渡
218,215,上野平
57,83,上符
8,75,萬木
26,48,粳田
74,56,當麻
69,255,垪和
150,177,和井内
33,70,蓮香
131,162,凌
105,194,立畑
68,183,湧口
237,60,柚野
159,245,有上
44,112,野長瀬
199,0,杢尾
32,124,木榑
159,24,木ノ上
226,213,茂上
43,179,明吉
250,15,明翫
143,75,椋代
108,173,北松
190,153,坊農
145,236,保々
47,204,片浜
17,206,米陀
75,117,福味
236,141,伏江
100,143,富来
158,38,肥土
85,47,板田
51,53,馬頭
170,41,波野
200,72,波戸崎
215,230,南須原
186,85,南上
193,47,灘谷
242,128,徳茂
2,98,徳成
175,160,湯座
163,65,東屋敷
22,253,嶋矢
206,5,唐見
202,149,田先
86,248,金房
198,88,橋屋
191,140,京山
57,209,宮谷内
53,48,宮階
201,23,久保出
72,153,久斗
95,38,久池井
134,191,久綱
237,218,吉道
141,207,規矩
169,214,旗谷
38,106,館川
218,240,観野
103,208,萱村
4,0,鎌村
117,88,釜我
41,236,梶西
225,209,樫崎
45,145,角前
148,136,垣上
21,202,賀本
241,225,可野
66,185,下遠野
90,3,恩蔵
54,88,乙咋
35,166,屋野
124,61,屋根
198,140,岡明
221,148,応武
61,247,奥仲
30,156,塩野崎
128,161,悦
248,225,浦住
113,98,羽豆
31,66,芋野
193,129,井能
30,61,井手田
178,57,萎
234,27,伊富貴
125,178,伊覇
157,1,逢阪
156,27,松政
148,13,小竹森
113,69,小蕎
64,172,小屋原
54,146,純浦
171,106,春園
123,135,出月
83,227,酒木
160,38,篠丸
150,218,次山
21,129,市角
165,159,四月朔日
249,118,山幡
203,197,三栗野
131,19,笹久保
197,222,佐甲
180,196,今場
51,94,国里
206,207,合野
224,100,高田橋
22,155,高守
225,175,空谷
45,123,桑形
152,123,桑原田
164,67,月旧
163,216,見富
207,73,見米
35,94,見浪
81,119,原渕
18,167,玄地
241,64,戸軽
85,254,戸伏
162,74,戸木田
137,210,菰方
137,186,呉竹
25,207,後平
54,12,御所野
217,236,工野
126,40,広保
57,34,広里
80,56,行待
19,171,高桜
28,182,真能
136,161,真宮
120,228,森子
0,245,新帯
3,97,慎
110,164,植芝
70,187,錠
135,122,畳
155,33,常定
65,212,城坂
176,71,上坊寺
229,130,松間
198,235,小納谷
81,48,小田喜
3,134,小森園
108,141,小梢
47,228,小手森
189,104,勝瑞
244,236,出見
33,88,十八
34,211,若間
188,184,次原
212,57,糸柳
242,32,志戸岡
159,25,姉歯
134,77,四日
105,66,三渡
76,186,三添
153,36,三津間
94,158,晒谷
108,97,笹渡
213,58,鷺池
11,91,神之門
156,0,壇上
242,222,丹川
234,54,丹上
194,16,沢水
4,163,滝塚
17,26,鷹松
74,94,大登
47,29,大懸
235,105,大萱
155,83,大樫
153,232,村城
8,21,村高
43,210,足代
41,177,則安
71,174,造酒
106,228,蔵薗
164,228,惣島
32,40,曽良
254,230,曽部
248,125,前仏
58,112,染
118,207,千代間
122,195,青瀬
68,25,西念
125,23,西大條
163,120,政平
205,212,政谷
142,171,菅野谷
134,213,菅長
252,248,菅瀬
97,113,杉松
18,213,数山
216,151,坂辺
171,8,巻山
175,7,鎌江
245,127,鎌戸
56,3,恰土
71,172,割貝
129,194,梶房
149,47,笠水上
23,147,笠森
119,130,角一
67,70,外戸口
110,133,海発
226,231,賀田
198,251,我有
125,97,花積
30,216,加堂
23,33,加芝
164,60,塩治
228,232,越渡
202,43,越岡
239,194,永喜
134,24,栄野比
4,168,卯都木
229,69,稲餅
233,183,井野上
36,245,為石
148,167,位下
249,218,伊勢戸
0,151,伊賀並
119,53,鞍馬
221,134,安水
184,64,粟山
91,109,綾目
164,128,観音
173,139,砂盃
46,164,砂古
194,188,佐野川
181,81,黒葛
127,192,甲斐原
159,39,江篭
169,177,恒光
149,126,光地
213,229,御所
14,238,御供田
29,253,五十野
23,200,五十井
81,38,五江淵
133,54,五井野
221,43,虎見
120,32,袴谷
152,14,古渕
129,71,古立
175,31,元良
103,65,元起
182,88,元浦
216,176,恵島
2,214,櫛本
53,254,櫛下町
172,16,近西
212,250,筋田
2,165,弓戸
140,136,宮杉
81,73,休石
222,10,久留主
214,205,菊一
217,130,儀部
58,180,百谷
166,223,富加見
174,238,舞野
156,234,保居
8,250,北清
72,44,本徳
236,33,槙塚
117,70,槙納
72,88,柾本
255,70,万本
209,162,味野
60,173,名合
211,150,明河
58,34,門家
196,86,弥重
41,76,弥生
165,31,柳井田
233,232,柳幸
73,245,有高
28,128,祐谷
188,169,揚妻
254,134,用貝
166,25,葉室
188,151,頼藤
55,62,龍見
103,102,両沢
57,14,隣
122,126,類瀬
111,250,蓮川
18,115,浪本
210,174,六倉
135,184,鷲本
195,240,圓谷
73,18,眞下
164,39,眞壁
122,142,籠
224,147,藏田
72,102,邊見
110,165,魏
255,92,疋島
129,72,男庭
233,57,茶房
98,27,中蔵
29,119,中美
183,128,長神
84,160,長多
98,41,長嶌
160,182,鳥倉
77,23,通事
145,184,貞富
100,211,殿垣内
202,134,殿田
100,221,田那部
159,51,田邉
163,244,田邨
31,153,島塚
61,1,島雄
252,149,嶋瀬
112,240,東重
231,152,東末
127,14,美土路
25,64,美安
105,75,備海
33,216,飛田和
251,133,八道
166,247,八重倉
8,215,楳村
67,224,播間
96,70,能町
58,32,入手
140,204,二唐
227,74,南藤
84,212,内波
109,239,内匠屋
191,173,内屋
9,89,銅
30,82,道喜
231,49,道願
172,230,筒丸
199,104,天根
6,204,田垣内
9,210,田生
92,61,土井良
104,168,土居原
24,89,島子
250,17,東仲
191,154,当野
248,30,藤郷
169,34,藤室
26,53,藤信
89,51,篤
28,222,栃岡
127,142,内嶺
7,33,鍋屋
113,112,日水
129,81,禰覇
180,15,埜下
188,91,播田実
250,5,白竹
252,100,畑部
126,106,八窪
75,239,鳩川
171,172,飯場
62,32,天岡
155,78,碇本
128,122,蔦田
140,76,辻生
230,54,辻喜
2,205,槻木沢
116,74,塚目
196,28,長谷目
9,240,長治
139,228,竹次
128,65,段村
243,55,鍛治本
125,186,琢磨
8,83,鷹架
143,171,大矢野
202,120,大割
120,104,大奥
133,209,大羽賀
10,31,苔縄
170,10,多嘉良
233,162,続石
149,165,相園
71,28,倉家
18,53,前神
154,59,藪根
231,81,壺屋
65,169,和唐
155,95,老久保
156,198,冷泉
120,182,林金
92,154,龍門
19,178,立光
209,161,里園
183,61,藍場
115,216,与坂
144,66,与久田
85,120,猶崎
209,93,柚谷
241,40,有居
17,34,勇田
42,149,矢鋪
174,100,矢動丸
166,105,目々沢
213,228,木檜
156,93,網川
251,116,網城
238,220,茂崎
227,91,茂永
41,188,無田
231,57,満村
57,88,本末
53,13,本尾
129,216,北俣
135,225,北仲
235,95,北芝
154,92,北根
166,19,房川
156,9,坊山
178,150,芳仲
107,128,法華津
132,3,峰平
19,247,包国
209,144,片之坂
235,236,柄田
89,108,平能
179,5,文原
98,186,福宮
40,239,浜場
44,250,尾茂田
95,108,尾塚
175,66,尾郷
181,225,尾
87,173,向川原
24,3,護得久
239,235,五味沢
149,154,五十崎
177,172,戸神
120,85,古菅
162,69,見島
83,96,見代
230,222,兼折
89,23,栗嶋
95,250,隅井
244,16,金蔵
12,138,琴岡
50,1,鏡堂
40,149,牛若
217,133,宮方
53,98,久宝
91,233,久保見
246,36,鬼
21,61,忌部
88,152,喜内
74,63,岸脇
79,247,関寺
100,27,間橋
216,235,干潟
161,131,釜土
209,165,笠貫
59,185,霞末
8,76,花吉
123,71,嘉地
171,70,加賀野
210,50,岡持
151,112,岡浦
85,213,黄前
118,215,奥邨
184,219,奥道
48,1,塩道
37,206,丑久保
190,157,井並
2,7,井美
113,188,井戸木
2,13,井岸
109,84,衣田
66,28,伊作
215,126,伊左次
40,245,伊花
194,173,阿波加
116,127,阿納
201,4,前住
126,222,浅部
107,169,千野根
195,145,石間伏
164,202,青川
199,218,西中間
119,162,西弘
245,132,清水頭
52,54,清古
197,106,正者
134,255,星信
17,8,政光
121,214,成実
84,196,瀬渡
105,240,瀬ノ上
68,173,菅和
156,111,菅島
252,217,水俣
74,144,水牧
66,41,榛地
158,79,森廣
143,28,新巻
161,233,信山
220,101,上金
148,23,恒見
196,113,恒任
95,183,江竜
196,32,高稲
56,249,高成
166,190,高達
35,58,高築
38,40,崎枝
89,250,笹江
253,176,札木
253,19,三ノ宮
98,161,三滝
3,41,三東
221,144,四役
217,35,志萱
161,83,志多
239,35,時尾
249,235,渋澤
80,35,重金
11,81,重満
197,125,春尾
102,68,小相沢
169,25,庄嶋
239,87,床尾
240,82,丹家
17,146,炭野
153,32,地挽
163,18,池奥
56,38,竹野下
192,163,中斉
7,66,仲井真
36,98,柱
183,182,長谷坂
17,230,長谷野
47,236,鳥津
37,95,鳥澤
28,192,陳内
81,2,塚岡
128,11,定家
95,127,釘丸
67,172,的羽
123,142,天地
169,107,天堀
32,233,田主
36,226,田野中
38,135,田野島
50,227,都祭
235,119,島廻
116,208,島峰
143,195,東久
182,94,東林
169,126,藤満
82,180,谷地中
219,79,西邨
121,202,静井
100,63,昔農
191,146,石向
156,83,石司
57,247,赤畠
139,15,切中
50,40,雪村
28,101,川谷内
144,180,浅埜
223,34,善塔
120,243,倉鋪
80,173,早弓
119,52,増留
247,140,則信
131,196,村富
241,194,多米
26,253,太中
66,128,打谷
224,101,泰井
152,167,大旗
251,200,大黒谷
221,246,大窄
140,159,大壁
47,202,滝頭
99,234,瀧谷
80,249,宅
124,229,沢端
169,52,童
76,244,富板
203,98,浮海
175,143,福生
8,230,別城
245,123,宝徳
112,73,牧江
84,93,本勝
86,130,又
199,26,万行
15,179,満野
9,58,鳴本
197,112,木地谷
64,18,木道
150,126,目瀬
48,129,柚上
9,176,祐野
181,54,用正
108,142,立上
245,254,立村
179,60,六島
239,176,脇岡
11,228,嵜山
134,10,楞野
193,179,欅
140,223,渕川
247,238,渭原
130,13,礒島
207,77,糀屋
139,224,富士谷
135,226,道音
129,229,独古
121,84,栃川
108,199,奈良野
132,183,内柴
20,38,内畑
251,255,南浜
40,109,南堀
245,186,楠谷
224,190,二井矢
186,129,二間瀬
50,35,日下野
91,200,波佐
228,67,波左間
29,65,馬見新
72,75,馬酔
49,3,煤孫
157,141,麦生田
131,235,箱嶋
169,112,畑澤
147,201,班目
61,210,畔木
220,11,磐井
174,185,肥前
54,170,尾ケ井
6,138,浜正
176,26,浜之上
62,185,富園
84,30,義岡
65,73,久鍋
137,234,去石
159,213,橋富
135,220,近平
197,109,桑下
63,49,恵比
111,68,兼吉
11,125,見本
185,200,元長
76,190,古家後
28,56,戸佐
248,123,枯木
190,10,光久
194,37,光林
230,30,向坊
11,107,広元
243,214,広辻
210,36,弘松
128,7,弘本
34,125,江利山
246,63,甲川
238,102,糠森
209,19,高旗
122,218,高野沢
150,123,高来
100,25,国守
32,237,佐平
14,12,亀嶋
228,43,阿古
54,31,阿志賀
16,227,阿瀬川
51,192,阿津
96,43,芦垣
198,124,芦苅
127,159,粟森
250,128,伊江
6,114,一ノ
177,88,一口
114,88,宇賀村
231,46,永林
18,201,奥冨
226,51,沖松
241,226,荻内
153,249,億田
69,136,恩河
176,123,下坊
6,18,仮家
119,32,夏伐
108,124,河竹
252,194,花生
167,121,皆森
241,249,外屋敷
176,101,梶永
60,136,簡野
114,165,関部
171,52,寄高
23,85,歳桃
105,226,小金谷
212,68,小金澤
221,154,小森山
33,127,小梁川
193,29,小和
230,186,松寿
113,38,上安
4,117,上光
207,239,上酔尾
39,182,乗金
240,225,新枝
143,226,森徳
197,149,真沢
164,201,神楽
243,195,神通
225,28,神南
5,190,神白
62,137,仁義
102,157,諏訪内
124,85,吹井
51,62,勢子
111,209,政安
2,100,正橋
162,199,正入木
61,150,正法地
103,174,清水野
230,183,生月
17,44,生和
162,138,小柿
118,15,阪村
37,159,崎坂
159,8,笹治
51,217,三井所
213,33,三喜
118,50,三軒
108,75,三原田
163,167,三十尾
16,1,三露
96,158,山一
209,117,山王丸
109,31,氏井
85,72,時友
172,98,七川
191,143,室館
22,208,室之園
86,134,実山
11,77,芝元
134,182,手操
217,0,珠玖
190,231,種沢
165,49,酒屋
114,127,宗兼
138,27,宗利
0,217,出畑
45,31,緒賀
195,0,諸頭
141,41,小曳
76,4,中作
81,186,中積
225,89,中木村
195,106,中葉
209,58,中和田
237,217,町居
220,133,長重
199,202,長水
132,114,珍竹
18,124,辻久
250,230,貞宗
138,100,程山
162,218,天日
31,33,田合
47,172,渡場
34,224,登里
62,142,島橋
239,182,東岸
38,178,東邦
99,180,徳世
179,132,奈田
80,96,南尾
107,84,楠間
211,120,入屋
125,101,納本
85,65,波留
9,127,中願寺
56,156,筑地
76,220,竹城
245,112,築茂
227,108,築出
205,183,池之野
2,217,地頭薗
164,213,谷瀬
154,117,達田
152,183,沢和
248,202,大録
87,199,大留
160,7,大導寺
106,160,大床
187,91,大汐
178,67,蔵敷
132,193,増形
13,136,走川
16,114,早志
125,122,倉瀬
19,253,倉坂
64,6,曽根川
115,226,曾我辺
7,177,浅浦
107,199,川奈部
167,190,千沢
146,88,雪吹
50,36,梅花
21,153,霍田
174,208,籔下
57,178,籠原
161,249,澤畠
166,56,澤紙
125,86,嶽石
91,42,和西
252,160,老
14,211,浪間
172,183,露原
188,253,例鎌
114,90,林屋
130,35,旅田
175,156,陸井
130,204,薬師川
218,77,野々目
146,167,杢谷
147,208,茂松
27,231,明和
62,174,明内
107,252,椋尾
30,15,霧島
234,229,民本
177,28,箕岡
51,50,満沢
235,101,万戸
226,101,末利
243,35,麻里
168,144,本窪田
132,109,堀切川
9,171,堀西
240,240,牧薗
2,94,北波
176,51,並田
213,166,文岡
98,22,物
27,165,仏願
91,197,淵沢
65,189,幅下
65,173,武鑓
197,126,浜詰
39,106,美登
221,46,尾場瀬
171,158,飛嶋
68,0,肥野
112,129,畔野
165,144,鳩宿
69,51,八代醍
253,134,畠平
122,166,白木沢
155,71,白鷺
75,224,萩永
4,22,梅坪
42,195,跡田
114,115,幸丸
118,57,光貞
35,72,後小路
39,231,呉島
216,118,伍井
39,67,古保
227,81,古怒田
61,31,古梶
201,81,源嶋
53,189,見神
35,10,兼若
63,84,月花
123,58,桂野
235,235,窪塚
252,27,金牧
117,101,玉邑
29,18,朽方
10,102,宮正
115,56,宮庄
12,9,久連山
114,5,吉雄
48,172,吉町
156,151,幾留
241,31,岩江
176,40,寒沢
18,238,蒲牟田
47,86,笠波
7,48,角上
215,103,絵幡
12,143,荷方
14,34,花泉
156,62,花浦
4,199,火山
73,102,加子
253,188,下小牧
42,254,下柿元
25,190,屋地
51,181,沖上
235,251,岡積
29,81,奥垣
204,162,遠宮
228,0,永治
3,122,浦屋
120,208,宇納
242,136,宇埜
253,192,宇津見
36,219,蔭田
242,114,稲口
205,193,井奈波
254,201,井月
35,91,安宗
116,4,粟戸
228,85,阿隅
216,12,幸良
42,176,赤時
85,193,西水流
214,244,生信
153,169,牲川
178,26,瀬戸井
219,32,菅嶋
123,112,進木
186,34,神埜
218,54,新舎
150,242,新階
5,184,振原
177,135,上端
11,52,松城
82,61,小榑
74,163,小木戸
216,81,小田橋
205,23,小砂
148,142,小割
52,225,升元
14,228,潤井
247,52,渋屋
157,213,舟元
29,210,秋宗
27,219,樹神
121,152,酒勾
142,26,若穂囲
28,15,若元
193,73,江湖
171,242,甲把
46,229,高乗
187,12,合場
126,27,合力
29,52,腰前
237,42,今間
255,58,今針山
114,199,今峰
35,135,佐野峯
165,246,砂森
134,172,咲花
78,159,三巻
200,231,三反崎
38,138,三壁
13,226,山関
79,33,山郷
204,93,山初
119,197,産屋敷
75,91,四津谷
232,192,志佐
125,47,寺江
118,238,持舘
101,50,実村
141,21,柴井
162,168,柴辻
183,149,猪ノ口
151,236,朝来
204,229,長谷地
67,127,長谷中
151,206,長徳
208,82,津堅
123,109,津乗
202,182,辻塚
57,141,鶴戸
35,165,堤原
2,159,定常
165,37,定木
13,202,天賀谷
206,162,伝川
138,51,田米
244,160,登嶋
232,23,土沼
79,81,道政
207,139,馴松
42,132,南清
2,151,二家本
90,104,二子
210,160,二条
236,230,二森
252,120,入鹿
109,55,濃沼
210,98,中通
193,38,置塩
78,215,知覧
116,249,谷石
181,85,沢岻
182,104,滝宮
27,218,大籏
239,25,大開
180,208,太子
244,144,増住
154,37,草信
236,223,相吉沢
77,148,惣慶
105,71,惣角
175,216,倉森
113,197,倉狩
126,192,浅瀬石
133,20,浅江
54,223,川那子
88,32,赤繁
212,84,生西
5,181,正力
241,85,姓川
32,136,瀬見井
235,156,須澤
32,208,須増
137,50,鈩
75,56,磧本
87,222,榧場
249,199,椨
157,227,會澤
46,124,藁品
245,128,脇口
84,200,和高
240,60,養老
32,203,陽山
239,10,用皆
153,198,与羽
137,223,夕田
44,28,友尻
197,255,矢入
132,73,矢熊
100,249,野木村
200,123,杢保
230,51,木鋪
111,55,明慶
48,154,椋梨
240,31,末留
164,223,本樫
193,178,牧添
101,78,北窪
47,89,房村
229,56,豊中
175,232,峯浦
207,85,穂谷野
15,143,保元
62,33,柄目
171,111,平福
43,247,平佐田
140,247,福竹
51,190,部家
146,142,武淵
253,20,武佐
103,20,富内
230,237,富士川
60,48,浜江
119,76,苗代沢
113,169,菱野
144,61,尾屋
90,240,飯迫
22,224,飯土井
241,114,飯柴
121,87,繁泉
105,236,板屋越
73,108,櫨川
15,19,粕井
169,168,白玉
20,31,梅中
86,158,陣場
213,217,金兵
203,170,金富
116,123,近正
74,137,玉作
34,144,京崎
164,5,弓木
163,1,宮渕
57,222,久力
120,139,久保本
72,49,久津
95,180,義経
62,245,岸崎
250,175,丸矢
244,234,間仲
225,247,間正
90,30,勘米良
170,218,瓦吹
113,202,角辻
159,85,柿倉
47,92,垣中
68,95,垣村
69,32,垣貫
41,165,貝淵
190,1,賀藤
189,209,賀好
148,197,河方
5,170,河杉
24,55,下青木
52,10,下寺
198,203,温
201,233,岡永
183,134,押条
195,246,塩内
158,63,猿倉
26,68,円入
209,99,永由
149,231,影林
144,72,雲岡
205,159,浦宗
220,105,雨木
150,221,雨倉
162,169,雨笠
127,228,羽座
254,23,宇恵野
214,1,引頭
119,9,井道
41,195,井伊谷
26,93,為川
169,208,伊代野
188,161,安陵
90,251,安政
222,130,安上
98,182,仁昌寺
177,246,真仲
182,147,森主
63,246,新後閑
196,36,新戸部
186,81,城和
138,175,乗川
253,214,上兼
61,35,松兼
68,87,松賀
217,51,床嶋
252,11,小諸
92,248,女池
2,111,重道
62,246,重丸
244,233,宗久
125,9,若曽根
150,192,漆舘
87,74,児平
225,218,四十住
61,171,山野目
144,42,山貝
45,120,三本菅
39,210,三畑
121,233,坂槙
152,178,斎竹
114,116,具
229,154,窪地
11,112,熊久保
20,220,熊橋
155,241,軍地
191,209,景浦
30,51,建入
34,100,鍵岡
74,32,源本
29,124,玄馬
219,84,古岩
100,28,五町
126,147,厚味
0,215,幸元
136,10,幸尾
240,132,綱野
44,67,荒引
205,148,行部
115,192,高鴨
239,68,高嵜
222,219,黒萩
41,43,黒淵
255,205,今飯田
28,131,今浜
166,2,佐渡島
1,189,砂留
38,151,鳥井原
20,163,長福
16,73,長正
86,123,朝久野
204,195,朝烏
129,215,猪頭
104,54,中並
70,84,中古
129,113,中畦
0,202,茶圓
250,254,竹瀬
208,170,竹氏
225,104,檀崎
68,94,谷日
103,128,谷代
211,137,直海
68,209,津滝
94,137,釣川
135,202,貞廣
60,3,定池
139,130,天下
159,2,殿木
68,31,田隅
173,251,田津原
225,194,田之倉
89,71,兎本
114,22,都川
61,51,土井川
97,5,湯汲
217,143,湯場
147,187,大梅
117,55,仁見
19,138,数
251,14,数間
150,109,椙尾
81,184,澄
186,246,瀬古沢
81,22,成家
51,164,正部家
176,93,正留
107,176,生森
140,105,盛崎
229,209,西間
46,29,西関
232,69,西子
79,42,西寺
191,70,請園
97,48,請地
253,220,石原田
49,217,石盛
149,90,石墨
25,179,切東
226,112,雪江
105,143,雪入
208,119,素野
63,3,操上
196,66,早沢
254,16,蔵川
111,67,太居
79,186,代市
214,15,大喜田
37,134,湯通堂
69,80,北峯
26,80,墨岡
176,117,本寺
73,137,麻畠
198,154,満吉
249,209,木野瀬
157,234,野竿
255,31,野住
76,159,矢羽
5,79,矢住
93,173,矢浪
204,174,友行
213,194,揚原
82,206,浴田
227,205,来夢
107,177,裏谷
10,217,立森
196,187,連川
68,210,露本
64,3,老平
104,47,蝋山
193,183,和根崎
157,245,和田森
10,70,和田谷
90,222,侘美
251,228,國方
20,24,澤辺
43,24,筥崎
142,244,罍
20,217,譚
201,122,峰元
155,165,藤政
103,172,徳家
226,228,徳崎
116,223,徳舛
130,231,徳保
125,212,寅丸
132,201,内八重
227,96,二野
77,204,日俣
193,195,能本
8,134,農本
14,147,波瀬
13,152,芭蕉
29,146,萩崎
97,135,白賀
66,126,白峰
158,245,幡多
13,122,八千
233,193,美作
201,76,俵原
3,179,瓢
33,192,冨着
57,243,扶川
44,142,斧原
180,66,武崎
130,18,武用
202,65,伏間
204,225,福別府
114,51,分
26,115,平墳
142,215,河重
217,158,河平
170,185,荷田
143,199,菓子野
1,27,海出
19,36,樫井
214,24,葛見
252,155,椛嶋
52,7,茅嶋
170,28,勘解由
33,231,舘崎
125,59,舘谷
71,86,寄元
179,236,岐津
197,10,紀太
51,13,亀貝
153,186,義家
165,182,義元
60,13,吉筋
133,151,求
139,38,橋沼
143,62,橋部
28,91,襟立
150,142,近馬
135,153,金家
77,226,金辺
255,102,串本
234,4,栗永
39,194,栗坪
77,213,結田
53,219,河向
56,46,愛宕
159,109,以頭
110,49,易
203,162,衣本
152,136,井古田
25,71,井佐
10,63,井手下
34,147,井滝
154,67,稲数
32,13,宇夫方
68,213,烏
11,203,羽住
91,104,羽納
9,45,姥谷
29,15,浦底
236,217,永椎
95,82,益尾
47,35,榎木田
64,92,園中
208,108,奥代
223,207,岡弘
233,172,岡木
239,169,沖森
199,211,恩納
30,155,下泉
174,195,下長根
228,35,下埜
188,73,加瀬田
33,201,加瀬野
249,189,家里
223,243,月尾
1,81,汐満
249,112,鹿森
231,29,鴫
128,131,鴫田
162,190,実島
3,234,篠江
160,176,芝波田
166,6,主計
131,93,種瀬
201,51,宗定
130,223,出馬
125,117,升崎
233,130,小羽
24,192,小勝負
153,234,小達
158,193,小槌
30,130,小田林
197,224,小嵜
176,102,小搏
156,71,松名
180,43,沼舘
143,172,上田井
242,57,上野谷
17,50,城月
63,100,常安
128,72,常楽
20,223,新嘉喜
252,28,森常
231,125,深渡
186,212,真渕
239,135,汐川
39,95,元上
70,133,原井川
136,220,玄蕃
238,222,古座野
28,176,古柴
53,55,御調
108,36,向仲
96,146,江俣
183,53,港川
163,19,高薄
41,30,高比
64,168,高野倉
133,32,狛
158,85,今高
13,182,今畑
65,66,紫葉
96,249,糸乗
163,134,指
126,162,志馬
40,50,志慶真
0,177,四茂野
58,55,山徳
243,248,三水
136,204,鮫嶋
26,185,作内
139,10,左子
253,26,佐賀井
182,230,紺藤
39,73,根保
180,231,今渕
71,234,仲石
166,137,猪鹿倉
105,238,猪平
249,163,朝日向
203,228,津司
116,96,津地
120,21,津尾
214,237,津木
218,43,栂井
181,178,辻屋
123,67,辻江
25,75,辻石
186,188,釣崎
131,177,鶴瀬
71,20,鶴浜
52,161,貞木
117,168,定宗
99,211,釘谷
239,226,鉄村
57,74,田見
110,138,田塚
9,200,渡守
148,71,登喜
145,26,登野城
20,20,唐須
143,104,嶋末
218,205,東栄
187,175,東向
222,167,東道
142,224,中土居
253,181,川原木
179,174,浅松
41,175,染原
142,249,舛川
62,181,船蔵
64,55,前潟
12,141,早石
128,213,巣瀬
251,161,草浦
218,78,多山
214,23,太田川
89,159,太陽
103,112,柁原
216,133,堆
37,43,台信
51,209,大岐
193,21,大継
73,180,大正
207,9,滝音
69,52,宅美
253,101,棚川
64,234,谷橋
39,163,谷杉
42,8,男澤
246,69,地場
177,175,池滝
26,198,竹矢
144,102,中迎
250,74,中陣
30,251,湯之前
140,245,万沢
189,13,明永
185,216,明嵐
147,209,鳴
57,169,茂串
2,155,木永
197,127,木町
80,10,木矢
247,38,門下
124,99,野作
16,220,野草
83,181,柳池
126,109,唯
206,103,余合
181,4,陸浦
167,203,竜谷
28,199,良本
53,149,練尾
165,38,和辻
199,236,和田守
18,2,和内
200,83,濤川
32,54,濱屋
160,190,癸生川
0,28,筌口
164,216,糺
231,120,贄川
45,211,餘目
97,163,鶉橋
113,24,本堀
49,43,藤ケ森
44,149,藤渡
245,8,洞庭
21,160,椴木
41,174,奈良沢
186,130,那木
251,17,楠浦
13,198,日橋
237,129,買手
57,220,白鷹
69,111,麦
63,133,半浦
123,232,半山
184,33,繁在家
104,113,飯降
99,88,樋崎
15,89,尾幡
201,70,美才治
107,149,氷熊
147,145,浜倉
88,213,冨宿
98,239,冨宅
32,182,福隅
211,235,平社
165,237,法元
225,133,北所
39,114,堀向
3,114,堀留
227,232,幌村
58,221,川永
72,240,橿原
63,243,葛篭
10,131,鴨林
93,143,栢下
254,189,貫戸
101,223,丸元
10,163,喜久村
177,37,亀梨
204,77,吉光寺
226,80,宮葉
236,240,牛飼
182,174,居戸
6,16,巨田
25,178,橋木
99,254,近江屋
57,218,金目
1,214,駒川
153,20,沓脱
244,139,兼川
127,127,元生
46,112,源波
35,90,古尾
20,72,公森
179,81,功
22,54,構口
110,246,甲能
183,107,高斎
136,234,高美
114,152,国玉
8,20,岳田
106,94,"〆""野"""
147,184,飴野
160,249,綾垣
238,167,鞍谷
21,203,杏
21,75,伊久間
137,144,伊豆元
247,158,伊豆本
8,24,為定
91,202,井ノ山
144,32,井角
22,255,井埜
164,46,羽根井
118,191,影
178,180,栄楽
218,31,永春
26,30,園崎
33,182,遠崎
66,166,遠渡
92,228,横峰
124,164,黄檗
219,235,岡重
27,227,岡迫
87,83,桶矢
219,189,乙女
233,15,下川路
7,18,嘉見
223,16,河久保
25,52,開沢
21,245,黒杭
197,187,小國
124,35,庄屋
140,203,菖蒲田
7,34,上熊須
227,7,上福元
213,7,上栫
236,190,上籠
243,180,城向
127,130,信井
25,174,森影
152,250,真霜
208,186,神渡
182,29,神余
134,90,親谷
149,110,須野
127,175,水鳥川
189,50,世一
106,159,瀬沢
29,34,瀬浪
138,179,政金
209,171,星住
178,151,西政
170,250,斉宮
209,233,石室
57,142,赤窄
181,19,切金
248,86,雪井
213,2,千勝
91,46,千川原
213,121,小竹原
177,45,黒浜
181,158,今朝丸
237,93,佐久美
15,203,佐幸
75,33,才門
20,135,細屋
219,198,細居
254,241,細溝
96,192,財賀
3,162,鷺野谷
208,213,作並
224,234,察
135,35,三ケ月
129,246,三津川
31,140,三内
134,215,三里
110,33,山碕
23,246,山磨
147,186,志釜
110,23,鹿子生
168,186,鴫谷
25,57,軸原
46,172,主原
162,221,宗貞
176,49,十代田
165,30,戎田
180,152,升方
236,154,小善
152,251,小只
26,230,中駄
142,24,竹木
64,187,竹洞
34,159,竹形
22,160,地徳
235,48,知田
252,46,谷津倉
34,79,谷清
43,86,達山
170,247,大眉
228,47,大堤
151,11,大久津
184,95,帯包
233,33,太刀岡
44,192,蔵藤
89,61,草賀
198,255,中津原
100,130,中添
231,17,中飯
90,128,中弥
187,226,朝部
70,78,町浦
76,60,町出
79,166,津久
195,183,通
146,151,蔦沢
160,20,貞兼
159,134,庭本
170,125,田地川
230,189,田道
88,58,田麦
51,121,登美
29,19,砥板
209,43,森實
254,183,仁子
78,128,靭
162,213,諏方
84,54,椙下
17,90,世森
151,202,瀬戸田
187,153,勢村
77,127,成光
250,248,政川
225,222,正戸
103,179,正光
28,6,生明
222,210,西国原
136,237,西周
7,131,西世古
129,200,斉間
122,43,赤桐
30,149,赤掘
22,248,赤道
249,250,折手
73,105,泉崎
12,225,洗
185,106,船沢
184,176,船登
95,186,前重
156,167,前仲
112,225,前藤
224,210,禅野
198,221,曽賀
248,210,曽束
96,82,惣門
139,42,相波
54,74,飯阪
209,200,番園
204,198,番家
142,146,美濃田
68,46,美納
2,148,百原
102,66,表西
206,87,浜安
90,215,浜手
229,166,冨賀見
215,184,冨長
242,250,風沢
77,32,風谷
131,252,仏淵
217,20,柄川
72,150,米次
230,38,米畑
234,125,米桝
119,174,宝野
102,114,豊瀬
166,254,北正
139,183,堀次
49,130,本浄
128,158,毎川
58,209,末若
116,92,味原
252,221,明官
54,141,門叶
36,37,矢引
118,179,油上
169,176,友江
190,140,邑楽
65,201,留野
156,106,東儀
45,209,湯浦
154,71,藤保
46,115,堂垣
206,67,堂道
142,200,峠谷
240,184,徳政
167,164,徳堂
138,185,楢田
163,182,南後
30,220,二井田
109,30,二田水
219,18,二條
16,74,日口
99,196,日美
113,219,入場
196,232,年神
149,249,乃木
206,61,埜本
154,57,納口
63,179,拝藤
185,21,柏屋
2,123,柏柳
87,54,泊口
153,250,迫山
179,203,迫谷
9,70,幡田
78,42,八塩
7,236,八丸
201,43,八長
39,96,八百井
176,243,八浪
196,160,半仁田
20,46,森知
87,204,下柳
243,95,下夕村
89,214,加行
128,97,加渡
35,86,加峯
166,215,家後
110,235,我彦
88,57,雅楽川
208,158,界
81,160,垣端
237,184,垣副
55,52,角平
65,28,笠上
119,21,笠畑
146,180,鴨木
114,1,寛野
88,194,館花
45,217,館上
170,252,丸山野
171,216,丸西
80,191,亀水
181,202,宜志富
97,217,吉久保
43,135,久間木
253,247,久万田
254,165,京泉
187,38,橋北
6,236,郷路
34,114,近木
26,47,金折
177,178,具志川
118,73,喰田
251,216,熊城
237,228,安下
208,100,安河
150,53,安治
82,196,安良城
89,157,伊狩
240,245,伊豆味
173,242,井植
148,90,井之脇
81,7,井納
143,160,一角
40,39,一刀
126,201,稲江
80,90,宇仁菅
139,109,羽口
253,219,羽畑
226,116,卯城
43,29,卯川
39,36,卯尾
251,118,鵜藤
198,90,鵜尾
158,165,永塩
170,96,越猪
125,143,延吉
85,240,押金
165,210,横目
100,222,乙竹
21,132,音山
219,231,音道
130,142,下羽
223,209,下形
52,212,下瀬川
243,144,下土居
8,156,下徳
30,29,作石
223,184,三ツ本
0,21,三厨
102,80,三菅
1,40,山台
17,213,山野寺
125,185,四塚
57,176,糸矢
69,78,持主
148,146,時重
52,193,悉知
145,79,篠野
106,107,射手園
82,249,酒沢
255,9,秀川
104,208,秋中
126,104,舟谷
24,35,十二村
21,149,十和
128,245,重歳
236,212,春江
173,105,諸町
9,122,小梅
221,141,小野岡
167,186,少路
78,75,松畑
61,109,松峯
229,217,上久木田
134,12,上堂園
137,14,上硲
160,241,新正
92,132,森英
68,249,森継
71,110,栗和田
18,229,桑宮
200,106,形川
41,118,恵田
50,29,慶留間
48,135,兼口
60,153,建守
203,58,研
76,68,古竹
57,24,古布
140,134,古満
124,12,五上
173,106,五百旗頭
167,11,後尾
49,101,御領
144,192,光末
9,140,光友
31,243,厚母
10,142,孝田
130,249,幸塚
212,195,綱取
20,174,荒上
144,34,高延
208,58,高羅
56,119,此上
249,113,根釜
93,141,根無
246,220,佐須
97,195,佐知
138,39,嵯峨崎
183,229,左向
79,217,沙魚川
46,134,阪崎
243,247,浪上
130,58,柞磨
80,198,與田
135,78,池根
41,33,池之谷
156,50,中恵
92,93,中盛
237,109,中逵
30,198,仲見
167,96,忠海
91,250,長潟
96,186,長道
218,229,鳥木
206,205,津雲
78,29,掴原
215,142,佃井
173,192,釣賀
84,16,鶴目
34,249,定田
95,5,廷々
71,107,釘尾
246,178,田仁
249,88,田浪
170,213,登倉
154,242,登本
6,123,土光
68,252,唐住
22,148,東後
96,105,藤解
17,156,藤肥
239,69,峠坂
5,103,鴇沢
35,74,青名畑
180,56,斉須
204,3,石川原
72,133,石牟礼
199,226,赤嶋
183,196,千古
47,212,千波
61,146,川七
231,200,川林
111,78,泉妻
211,116,浅和
246,254,前渕
118,58,曽宮
120,94,楚山
25,231,倉辻
93,110,多月
15,101,多嶋
94,194,太田良
128,160,打浪
17,248,対崎
173,146,大川井
67,51,大川口
182,58,大曾
119,193,大端
172,252,大日野
179,195,大和地
168,128,沢武
14,104,只埜
227,151,丹正
95,133,栃堀
93,26,保足
77,151,豊谷
102,53,鳳山
66,202,北野谷
61,217,堀子
6,167,堀住
118,3,本高
104,224,毎原
169,116,槙坂
108,196,末瀬
207,60,末定
17,175,名嘉原
35,113,茂本
36,252,毛下
145,65,野高
125,215,野杁
172,235,矢板橋
112,248,葉沢
24,93,頼成
44,129,立迫
114,104,流川
55,254,溜淵
25,155,溜渕
239,63,輪竹
178,126,六条
245,216,嶌津
111,177,枳穀
199,193,澤内
155,49,簗島
192,15,内之宮
172,228,内埜
200,103,二輪
69,44,日野杉
251,101,納冨
56,88,波田地
64,69,馬地
104,238,拝原
192,23,背黒
153,131,萩生
138,216,伯耆田
217,86,白柿
132,65,白須賀
13,219,白矢
221,123,八十岡
112,48,判沢
136,9,披田野
117,38,樋坂
243,145,樋木
95,178,筆本
159,144,浜窪
213,57,富宇加
180,96,富取
169,10,武見
0,224,武士田
37,143,福瀬
23,184,柄
20,48,米浜
254,188,辺春
208,109,貝渕
210,155,垣根
45,10,柿畑
5,176,角海
120,24,笠毛
200,233,管藤
221,159,間瀬田
116,228,岸間
151,22,岸裏
107,233,岩知道
175,131,岩浜
164,84,喜志
240,37,喜多田
140,85,旗持
220,158,菊楽
44,163,久間田
127,52,久保岡
251,209,久保居
151,3,宮堂
66,57,牛居
69,163,居田
208,16,桐澤
48,190,金作
247,88,駒嶺
74,87,郡司掛
61,57,桂本
204,30,畦
17,114,畦浦
166,112,月輪
38,117,"〆""木"""
111,237,安威
68,73,安賀
82,31,安栗
46,51,庵野
107,164,夷
67,71,為
107,74,井龍
194,241,一兜
105,42,宇都口
211,142,永来
28,87,奥主
241,2,横河
8,136,岡茂
223,9,屋山
41,216,屋城
246,5,屋成
131,173,下佐
237,215,下土井
37,89,下堂園
116,63,下栃棚
220,41,加々
136,219,加隈
250,244,可徳
211,231,嘉義
155,73,花桐
70,168,華岡
157,253,海老島
200,29,皆戸
48,139,研谷
106,74,秋生
151,140,秋貞
98,151,住屋
116,95,重延
247,178,重定
151,177,小ケ倉
200,43,小仁所
98,159,小多
129,127,小田和
18,0,小役丸
74,159,上ノ坊
75,201,上霜
253,7,上続
234,82,上林山
59,227,植屋
253,5,植畑
23,191,信澤
102,119,新良貴
103,238,深栖
100,199,仁谷
227,27,水無
95,97,椙江
8,147,菅信
40,133,瀬辺
75,88,成願
26,43,政池
216,143,清中
83,78,西岳
115,245,西能
48,21,見供
91,55,見瀬
68,82,見澤
132,127,鍵原
171,95,原辺
33,80,古波
107,51,戸花
246,1,湖東
239,127,呉地
204,205,後庵
228,226,御嶽
10,51,鯉登
60,41,向居
222,171,向林
112,20,荒池
51,37,四丸
174,166,志内
179,255,氏福
27,108,寺分
233,112,時乗
31,156,次井
165,204,鹿瀬島
39,228,実崎
236,116,柴生田
244,203,柴北
144,201,芝下
166,153,若浦
47,167,手水
196,242,狩場
226,95,中達
79,114,中高下
76,143,知本
186,80,端崎
9,0,炭釜
161,35,丹崎
203,200,谷野宮
70,57,谷中田
156,146,谷丸
122,236,谷ツ田
104,24,棚本
86,221,只井
210,222,滝嶋
37,39,滝根
93,18,大篭
132,61,大平原
79,197,中繁
62,169,中摩
143,153,仲津
51,87,朝飛
176,100,長平
160,13,鳥辺
195,136,蔦林
19,2,程内
120,137,田ケ谷
150,47,田極
129,143,田藤
136,223,都知木
15,110,土浦
142,175,土佐岡
130,37,唐岩
180,178,東吉
82,110,東小野
71,190,大通
121,196,須和田
174,125,水場
152,54,杉丸
205,96,瀬里
145,201,畝山
107,70,清水端
195,155,生瀬
139,30,生武
102,88,盛井
70,96,西願
200,252,西亀
64,26,青盛
177,101,石羽沢
143,208,石須
89,220,石竹
187,250,石津谷
206,177,折舘
122,237,千屋
79,25,浅図
83,77,銭
239,177,前浦
23,88,曾宮
227,83,相座
222,29,相藤
231,150,草塩
55,229,則久
112,108,村屋
252,51,村仲
129,115,多加
84,138,多地
22,169,大河戸
128,41,大好
196,169,大谷部
207,45,東新
47,14,別枝
40,125,保城
11,198,穂森
249,153,豊東
244,67,北斗
173,171,本竹
19,98,本幡
8,112,末上
106,45,満原
181,117,満本
201,190,名雲
29,107,明円
201,177,毛涯
70,20,木植
93,212,木之本
153,156,野玉
241,83,野国
124,80,矢場
127,98,矢森
107,222,矢野倉
32,190,友水
190,92,遊木
89,106,来村
112,184,裏地
127,23,良
169,46,鈴掛
146,70,六崎
18,255,鰐田
101,44,枦本
109,0,枷場
195,208,渕辺
35,244,澤藤
185,181,簑和田
35,235,平迫
45,216,東南
196,163,湯橋
186,239,頭山
84,75,堂西
149,7,洞谷
240,149,道順
201,50,道念
8,49,奈村
117,198,那
49,251,内形
66,183,南湖
115,235,二ツ木
23,30,二ノ丸
116,238,二日市
133,228,日西
134,243,日中
244,45,入学
222,41,播岡
141,7,背古
152,8,梅松
181,106,白駒
30,31,白国
31,42,伴在
170,181,板元
182,148,番井
253,229,尾間
79,155,尾近
154,19,美間
188,96,美好
211,62,附柳
95,87,伏黒
78,98,福広
156,28,平信
202,206,河木
131,40,花部
20,229,荷福
11,17,蚊野
52,217,我部山
158,180,開道
32,57,椛
202,76,寒水
161,19,関永
72,144,関富
214,178,岩黒
175,96,吉ケ崎
95,157,吉谷地
132,4,宮ノ下
43,232,宮高
111,76,宮先
28,116,京川
217,113,近喰
210,73,駒塚
0,142,窪沢
120,187,景
251,97,継枝
31,246,犬尾
240,124,元久
63,218,原品
12,117,源代
98,67,古小高
25,219,古沼
92,7,古武家
197,235,五賀
39,153,五本木
80,167,後木
241,30,江尾
60,198,河塚
52,92,阿崎
135,85,阿地
46,187,芦萱
150,169,芦間
131,213,粟辻
188,49,安司
177,116,伊中
98,114,伊都
114,190,伊嶋
253,255,伊豆蔵
252,196,一心
239,112,一幡
137,177,一林
11,164,壱崎
229,247,右谷
100,77,臼渕
232,119,永武
1,8,益池
72,179,円福寺
249,158,猿館
206,93,塩竃
48,205,塩寺
64,152,奥倉
55,94,横貫
27,201,横場
78,132,岡吉
71,112,岡泉
178,190,岡南
61,48,下唐湊
114,204,加賀江
135,97,加津
158,49,加波
189,92,歌原
215,252,甲斐崎
79,78,守島
31,230,舟
59,214,十字
211,204,重近
109,2,書川
92,100,小ノ沢
230,3,小岩屋
82,224,小見野
90,155,小山石
118,201,小切間
116,8,小浅
204,89,小谷口
151,117,小田辺
245,202,小縄
151,69,小俵
0,242,床田
24,119,松ノ木
31,176,松丘
78,216,樟
98,100,沼内
139,56,上形
98,157,上川内
92,202,上川畑
213,233,上大田
66,110,丈達
186,98,常磐
173,4,信吉
127,93,新土居
32,2,森東
52,80,森辺
203,108,深渡瀬
255,17,神長倉
158,216,須東
19,234,守上
84,134,綱崎
240,65,行光
213,46,行時
55,166,行縄
242,217,高細
92,239,鴻
79,102,合澤
178,83,黒瀧
45,57,今古賀
46,53,今内
25,65,根山
249,55,佐喜
195,138,佐田尾
36,152,坂野上
110,46,桜原
147,160,三ノ輪
63,101,三越
107,41,射延
249,86,室中
157,40,室家
169,94,七五三
86,113,雫田
207,117,鹿野谷
4,119,鹿末
145,137,時広
18,232,時井
218,97,持立
62,23,枝重
123,48,志風
100,204,志間
16,16,市林
38,70,山之井
129,15,山ノ口
153,193,谷松
165,183,谷之口
168,221,淡河
102,83,池富
53,14,竹株
64,198,竹之上
29,169,茶村
187,179,中手
150,243,中常
129,112,中幡
167,207,仲江川
26,171,天良
151,161,田志
101,230,田処
14,9,渡上
142,208,土手下
164,64,土木
38,1,島多
182,114,湯面
118,116,董
217,126,藤守
202,213,道北
69,146,那良
114,229,内永
178,237,内多
102,158,内澤
125,220,二井内
220,12,二角
69,126,日蔭
247,76,日合
189,39,祢宜
160,116,谷宮
104,32,諏合
137,224,須賀野
54,92,垂沢
139,162,数森
61,193,椙浦
195,2,世継
217,77,瀬戸本
145,100,瀬波
49,125,正影
40,188,清正
212,157,石下谷
140,187,石牧
124,234,雪島
52,171,川分
115,149,箭田
53,225,船串
174,174,船守
105,38,船塚
198,112,曽羽
98,226,惣明
26,121,太郎田
241,149,待永
154,152,代々城
202,231,大渓
215,241,大取
193,36,大川畑
204,56,大比良
212,125,滝中
172,73,沢戸
32,44,沢路
33,233,谷久
113,186,納家
194,168,万城
96,199,万浪
203,76,満薗
81,12,箕口
124,72,蓑方
172,137,民輪
53,214,鳴石
21,94,木ノ瀬
12,128,木舟
141,126,門矢
222,213,野極
248,58,野吾
111,189,野曽原
109,28,野茂
238,211,葉柴
187,41,頼経
142,112,頼光
178,222,里舘
241,96,鈴政
242,132,恋田
57,129,六渡
216,224,吽野
182,170,壺阪
189,63,嶌本
254,194,廣津
205,77,楡
199,64,澤江
199,212,籔
126,32,籔田
168,166,蜷木
14,60,贄田
64,222,末繁
26,84,梅橋
214,240,柏俣
73,144,八重島
241,88,八松
111,135,番田
244,17,尾田川
239,100,尾友
146,150,鼻戸
174,148,菱垣
159,140,姫宮
180,89,百塚
235,75,蛭町
170,95,浜小路
165,191,富窪
212,155,浮橋
44,119,浮中
134,195,武光
50,14,蕪
133,138,副
81,170,鮒子田
29,104,米城
234,95,返町
179,52,保竹
30,171,甫坂
9,159,宝島
130,179,峰脇
19,208,朴井
219,126,牧野田
44,196,本土
26,52,麻山
27,249,桝矢
219,110,神喰
143,162,加倉田
247,139,加藤田
20,194,加峰
98,25,嘉賀
31,220,家次
124,5,河和
144,44,垣木
101,39,格和
27,228,角瀬
104,11,笠作
110,4,樫森
100,160,栢菅
232,29,岩窪
18,62,輝
208,180,亀渕
10,140,吉際
33,15,久留生
221,0,宮舘
107,30,朽網
201,217,巨海
161,107,魚島
34,95,橋ノ口
51,92,玉渕
244,48,巾下
235,30,金勝
113,184,金福
1,152,恵崎
138,68,慶山
14,216,兼国
62,210,兼尾
14,217,原下
92,232,加柴
148,105,阿立
21,221,安士
141,18,安地
219,67,夷藤
95,98,井利
58,58,磯元
124,248,一門
129,58,一由
51,202,因泥
152,243,宇久田
100,218,宇留嶋
240,94,羽多
56,169,瓜阪
63,4,栄野
147,117,英賀
193,121,悦田
89,114,越光
212,48,越道
44,131,円地
55,238,遠国
237,95,押坂
28,183,沖館
8,61,下室
98,176,下新原
36,135,下清水
206,21,下大園
57,92,下谷内
188,202,下津佐
220,63,下堂
20,97,加久
70,119,加固
160,103,原畑
119,68,三河内
175,34,三宗
20,74,三笘
129,151,山肩
231,124,山桝
73,71,四十八
134,189,四野見
154,120,市ケ谷
14,66,枝崎
172,27,滋田
65,115,柴引
55,66,柴立
195,225,芝吹
168,41,釈迦堂
49,96,女ケ沢
131,59,小鯖
190,255,小曾納
252,222,小袖
16,119,小洞
79,253,小畔
227,115,松鳥
112,183,松鶴
121,171,松邑
171,211,松立
128,68,上垣外
149,9,上中野
39,23,常喜
222,245,植尾
243,252,新条
129,124,深森
89,211,真垣
212,199,三ツ田
198,233,玄海
185,123,玄場
64,195,古達
181,180,古土井
42,93,古峰
162,1,戸国
207,251,戸野本
152,155,五十右
145,70,五艘
243,202,後東
216,101,孝岡
91,50,孝子
130,121,江岡
128,57,江岸
171,38,甲部
226,30,行藤
21,167,高磯
82,203,高榎
245,211,高奥
84,96,高先
229,222,高千穂
156,185,高都
211,2,国下
233,251,今度
71,111,佐間田
224,185,佐名川
209,150,左村
234,55,細畠
13,107,坂浦
85,24,堺本
11,225,札
88,248,田材
135,231,田吾
43,217,天正
150,25,鼎
179,194,碇屋
27,158,鶴喰
84,65,塚形
146,59,椎村
253,83,津代
122,100,長瀧
204,48,長越
52,159,朝夷
247,103,猪ケ倉
184,66,中関
1,106,竹富
171,37,竹一
192,167,池宗
137,92,渡慶
33,14,登地
170,159,土釜
147,167,土切
10,117,土池
34,16,嶋名
24,46,投野
195,95,東舘
20,1,東山崎
236,241,東小薗
34,41,棟形
70,66,藤又
113,28,堂福
206,133,堂林
223,224,道藤
198,68,徳生
21,9,徳廣
167,24,那智
13,3,菅浪
20,162,世登
79,212,瀬理
37,14,生塩
230,208,盛藤
188,243,西台
212,253,石船
101,167,跡上
110,122,千福
193,144,川福
151,29,川野輪
235,164,前池
3,165,善甫
184,130,総
1,37,蔵森
147,220,蔵部
13,242,側島
136,42,村塚
202,39,太田喜
131,207,太良
173,18,替地
54,58,泰道
192,131,大河平
54,49,大梶
56,238,大迎
3,90,大見川
84,133,大黒屋
229,84,大出水
228,231,大石田
117,247,大鰐
175,52,鷹屋
146,217,谷古
210,28,谷城
244,76,谷定
131,64,谷風
185,148,二茅
131,246,法野
10,124,北宮
179,182,北之防
189,24,本領
200,221,俣江
228,223,箕山
181,236,箕嶋
208,178,名智
237,69,明正
214,222,面屋
94,147,網矢
124,78,木枝
223,92,門ノ沢
131,47,野ケ山
88,237,野賀
107,234,野邊
131,84,矢柳
181,233,柳父
210,96,柚井
76,35,遊橋
24,232,葉原
198,211,浴野
76,148,立堀
65,150,留河
38,86,梁池
219,104,麗
47,140,蓮仏
192,47,露峰
29,121,和倉
136,155,國安
121,112,澳本
241,176,籠本
198,212,舩木
145,46,鰕沢
120,155,鱸
85,134,廿日出
226,253,日岐
58,236,日恵野
180,92,祢占
212,204,波崎
93,40,幡上
68,90,八ツ繁
68,116,伴仲
35,12,帆谷
8,176,板金
204,248,板矢
77,132,繁光
138,86,釆女
62,247,飯束
13,241,番条
35,191,飛澤
115,106,備藤
170,101,尾ノ井
94,186,尾地
248,137,尾部
152,71,鼻和
119,108,彦山
69,61,浜治
193,85,浜門
179,171,布下
126,113,布元
211,12,布広
71,100,斧山
211,172,浮気
91,75,風林
186,124,福守
208,163,福呂
100,169,平重
198,117,保志場
116,165,法土
78,71,灰本
181,165,茅切
66,127,巻本
187,39,間室
29,141,間柄
232,100,関久
135,71,丸形
250,159,丸小
27,180,喜楽
181,235,亀津
239,105,吉若
46,105,久乗
191,55,弓庭
21,228,牛水
205,242,居神
118,163,橋見
13,146,玉串
214,147,近常
24,238,金和
152,186,熊瀬川
104,190,桑園
13,147,君川
168,102,計
53,222,結縄
246,71,兼西
116,199,兼房
188,15,犬嶋
180,159,絹山
145,186,庫田
118,147,戸床
14,75,戸毛
237,127,五十嶺
153,86,五内川
225,79,口分田
86,51,幸川
38,59,阿部野
190,37,芦尾
29,66,鮎澤
177,134,安宮
125,1,安黒
212,239,安次
114,191,安随
42,56,伊黒
49,11,伊石
5,55,稲松
78,250,因藤
150,135,宇草
222,45,鵜生川
206,229,丑沢
41,162,影田
231,22,園畑
244,103,奥土
145,151,王井
222,21,岡広
224,6,岡登
147,89,岡富
89,196,岡北
102,182,岡脇
51,8,音丸
179,16,下越
189,148,下仮屋
24,248,下風
133,85,仮屋薗
2,20,加舎
102,202,加世
188,9,家喜
40,68,家形
225,9,賀佐
164,63,賀上
51,170,海蔵
171,34,幸林
218,222,集貝
13,53,重沢
17,191,重末
106,100,出端
173,68,春島
58,114,助友
146,238,鋤本
31,141,小橋口
98,122,小軽米
166,138,小指
134,2,小西池
198,91,小川名
240,26,小納
223,64,上ノ薗
29,57,上吉川
174,107,上念
237,15,城福
226,87,常永
79,58,埴谷
97,68,植園
188,244,植苗
103,155,信重
8,69,新舟
208,121,森生
173,229,真上
9,238,真倉
37,4,真利子
116,87,須波
92,69,吹本
178,109,水洗
128,205,杉吉
137,79,杉枝
222,56,杉之尾
108,49,菅岡
21,143,菅居
72,9,恒遠
213,136,荒籾
101,233,高亀
29,238,穀野
104,187,黒氏
167,220,黒杉
51,128,黒太
178,27,紺頼
23,63,佐々山
206,145,佐滝
140,140,砂見
203,63,在川
38,168,薩
123,106,三賀
255,61,三鈷
95,92,三津原
235,154,三淵
213,35,山居
18,108,山懸
208,171,山黒
39,207,山田谷
47,173,山同
229,38,志道
75,226,糸見
70,154,紫関
79,65,寺光
70,121,寺方
232,146,篠畑
106,254,芝塚
95,32,射手
247,106,車崎
1,57,朱田
201,133,珠久
180,46,秀浦
183,124,秋長
177,120,長生
180,132,長ケ部
57,80,張戸
92,188,仲盛
190,11,中社
173,175,中国
12,251,筑比地
176,27,竹根
72,161,竹股
183,27,竹ノ上
88,217,池乗
177,160,池庄司
13,58,池井戸
149,200,端田
1,199,丹澤
71,242,谷内山
203,56,谷黒
228,18,津井
138,25,栂村
173,166,蔦森
159,14,鶴亀
245,236,邸
240,106,鉄穴
219,209,天王寺谷
27,175,伝谷
45,45,田井野
37,16,田越
88,127,田金
40,42,田戸岡
245,237,田鶴
235,14,田野実
83,138,渡野辺
113,108,怒和
144,81,唐金
185,7,唐原
194,251,棚岡
139,179,瀬出井
47,142,勢戸
50,237,成林
224,9,政森
238,64,星倉
197,114,星野谷
158,161,正地
36,181,西増
233,195,西亦
220,7,西野宮
80,184,西野目
116,185,西柳
255,23,西裏
192,112,斉脇
229,116,石灘
36,63,石峯
172,101,石名坂
44,60,赤佐
212,154,赤宗
19,160,赤楚
96,191,前根
40,120,膳亀
129,174,双田
93,33,槍崎
81,221,草西
31,111,則兼
17,15,孫野
198,229,多田井
49,118,大上戸
227,55,大入
159,211,大廣
139,118,鷹家
63,228,鷹崎
168,159,瀧村
133,92,只津
80,159,北場
234,208,北富
26,71,北目
106,225,牧沢
151,197,磨井
90,44,満富
193,79,味志
97,47,箕村
6,195,明川
120,63,茂又
5,56,木戸間
19,85,木太
69,25,杢屋
206,168,門園
86,111,野妻
196,131,野日
62,85,矢儀
197,63,矢嶌
253,152,柳清
133,196,柳辺
75,71,柳木
229,152,鑓野目
234,33,柚村
251,143,雄山
206,152,頼広
131,237,里脇
247,97,立古
111,208,留守
134,156,林出
147,248,老山
129,29,國松
166,109,壺坂
209,163,柞山
87,65,檜和田
17,220,條
165,68,北一
1,167,堂阪
107,100,道関
146,15,峠下
113,43,徳善
149,115,奈加
130,70,二河
228,168,日ケ久保
66,218,播谷
240,141,波越
114,58,波入
121,183,白椛
116,158,迫水
182,45,半渡
66,14,板谷越
206,109,比山
239,152,飛奈
103,129,樋尻
102,17,尾岸
161,70,尾造
92,241,美濃川
52,53,彦阪
252,180,表口
99,84,品原
182,23,浜森
177,232,富屋
9,114,福正
137,108,福有
161,108,扮
2,9,壁村
159,142,片ノ坂
166,125,片芝
43,25,片矢
174,89,菩提寺
50,137,法兼
35,247,蓬台
77,15,角光
6,33,樫下
103,100,橿尾
115,147,鴨池
122,174,茅沼
183,157,干
248,186,諌本
160,236,関町
37,217,亀浦
241,72,亀若
26,37,吉野谷
169,140,吉廣
183,33,宮滝
229,162,弓掛
144,112,給田
184,76,牛口
156,131,巨勢
74,162,京須
12,244,橋羽
214,8,橋森
37,195,鏡田
83,14,琴野
104,246,金ケ崎
107,26,金栄
84,219,金柿
238,81,金満
182,2,櫛木
69,175,隈原
213,243,形田
127,222,月坂
101,225,建井
173,90,元屋敷
114,211,元氏
245,38,元塚
62,27,原水
18,66,角花
116,170,安守
11,110,伊古田
117,1,伊多
58,197,伊與田
246,243,井殿
245,78,磯角
167,132,磯原
184,215,一ツ松
200,108,一筆
195,206,一富
238,119,印
133,110,蔭浦
219,248,鵜野沢
214,83,浦方
184,78,榎津
80,114,園畠
16,184,延江
97,21,遠塚谷
140,32,鴛淵
175,117,奥垣内
209,119,奥野木
48,223,恩智
68,114,音村
233,121,下関
72,77,下成
69,65,加
44,91,加代
51,139,河目
104,19,火口
83,25,花北
82,118,雅
127,56,海戸
167,87,貝守
234,184,外門
243,240,垣生
171,152,時武
182,89,爾見
118,42,篠辺
106,110,車地
86,168,若吉
128,98,守橋
115,220,手嶌
99,126,宗元
107,120,宗万
113,117,秋戸
143,54,舟場
180,147,舟尾
233,194,十津川
115,255,十和田
120,67,戎屋
38,254,出淵
97,22,春海
244,244,勝良
59,220,小知和
6,94,小野上
249,205,松海
99,113,松嶺
87,98,梢
201,185,沼村
76,29,上鵜瀬
165,247,上温湯
159,202,上神田
108,242,常原
53,42,織裳
12,127,新井川
204,203,森棟
132,154,深港
239,144,真喜
119,157,進村
58,213,水道
154,126,士井
160,28,古月
56,84,戸北
22,60,虎口
203,35,護守
83,93,光信
86,121,光長
30,159,光冨
163,163,向阪
164,24,向坪
165,172,幸岡
170,97,康原
49,49,香河
11,242,高津佐
182,246,合掌
154,74,国尾
113,213,黒屋
106,185,黒枝
136,174,黒長
96,44,佐下橋
190,204,佐古井
175,128,佐々尾
78,141,佐沼
242,107,佐舗
252,228,砂越
159,78,妻野
132,63,阪井田
31,25,崎濱
32,117,笹竹
14,116,三大寺
115,232,山下部
128,200,山国
170,163,山取
75,141,山砥
185,33,山鼻
216,204,四郎丸
232,206,斗内
60,132,塗谷
237,99,田並
42,216,天保
193,13,天ケ瀬
75,80,鉄羅
167,72,坪野谷
72,5,辻堂
21,46,辻真
139,205,椎林
33,131,朝村
228,127,中払
188,100,竹知
185,78,池地
91,150,池杉
249,37,池主
183,216,地藤
108,96,谷家
202,32,島先
167,191,嶋木
160,35,東照
179,222,東馬場
196,186,藤王
231,220,藤東
70,246,藤来
167,238,堂河内
122,175,堂谷内
212,83,道信
17,43,銅山
4,28,銅直
193,86,栃折
126,97,苫野
21,122,内屋敷
129,252,南宮
35,250,南向
170,104,楠下
43,216,菅能
158,14,是井
136,55,成房
72,225,政宗
146,159,星長
97,32,正源
164,145,生源寺
161,79,盛根
67,173,西屋敷
11,153,西清
50,89,西立野
191,5,青梅
29,154,石住
61,249,雪上
98,155,千貫
47,90,千装
208,239,千歩
232,174,川田原
251,237,川奈野
41,229,川門
144,147,組谷
202,53,倉町
112,94,蔵城
206,141,村佐
252,88,村並
89,194,多田出
30,249,太期
111,26,太山
163,180,太尾
245,137,太布
38,170,泰間
114,145,大篠
235,124,大杖
244,159,大津谷
229,65,大囿
97,72,竪野
19,4,楠神
36,76,蜂
26,77,望岡
195,131,北阪
166,166,北泉
14,42,堀栄
230,231,本中
42,109,名郷根
160,63,名口
67,154,名子
43,19,木ノ元
104,213,木吉
76,9,木佐一
233,190,木阪
93,146,野涯
57,39,野岳
123,39,野馬
175,133,野萩
149,76,矢田谷
49,249,矢留
107,217,由衛
181,78,由岐
126,65,遊免
156,70,淀瀬
41,243,来生
34,136,里島
109,224,立垣
114,57,立身
145,115,留奥
148,173,良峰
166,35,林郷
40,163,林辺
35,226,六原
151,55,峪口
102,105,杣
4,33,澤邊
254,92,饒村
190,21,日上
87,66,日野田
100,219,能木
121,149,楳本
241,19,買場
120,123,白馬
103,133,箱井
23,129,幡川
54,10,畠添
46,222,八亀
215,193,鳩崎
158,164,繁富
167,14,樋沼
206,210,美園
231,249,桧和田
200,159,百合本
80,193,品地
95,57,富元
237,41,武雄
175,48,伏山
255,55,副枝
90,117,福喜多
253,153,分野
52,73,文字山
1,127,平康
187,127,平脇
84,128,米蔵
152,29,碧山
203,124,片岩
37,26,返田
200,240,保山
77,169,補永
57,208,宝子山
244,172,宝示戸
150,110,抱井
139,64,芳倉
30,50,杉瀬
210,207,外越
218,81,垣井
135,107,柿坪
35,185,関河
239,113,館坂
238,80,岸浦
124,133,岩生
26,137,岩富
124,75,喜多尾
208,149,幾見
50,93,旗生
172,88,祈
207,103,亀森
0,162,義原
243,251,吉清水
120,122,吉和
141,212,久恵
181,49,久保坂
16,87,久保塚
52,229,久木留
118,49,魚
60,216,橋階
21,50,橋辺
88,40,興山
49,174,郷之丸
239,107,玉貫
218,178,熊取
99,4,熊中
232,141,隈川
179,239,鍬野
149,145,恵南
185,156,慶
63,206,繋
146,213,月脚
137,36,建元
192,174,権上
204,59,愛葉
83,53,葦田
116,240,伊五沢
40,233,伊佐見
243,136,伊柳
58,253,異儀田
59,69,井手原
63,240,井星
149,158,一鍬田
37,214,印出井
169,166,蔭谷
42,4,宇沼
152,55,宇吹
23,187,宇坪
200,114,永井野
72,199,益塚
115,229,延寿
210,235,遠海
197,191,塩水
24,150,奥州
81,201,奥信
89,232,岡道
58,12,荻根沢
74,240,下賀
159,83,下津曲
217,237,加羽沢
119,100,加々谷
165,244,加庭
148,57,加茂下
19,248,夏海
238,56,家吉
16,42,河喜多
215,109,稼勢
198,127,華井
97,159,海福
63,176,外浦
101,193,源口
70,85,寺社下
103,239,寺輪
177,109,時藤
251,111,治部田
143,82,室坂
161,115,若浜
220,14,手鹿
3,224,秋藤
91,203,重坂
157,62,重西
157,102,重茂
187,51,小旗
143,158,小春
16,97,小早瀬
150,227,小田根
52,230,小葉松
236,73,小篭
133,125,昌谷
170,235,松葉口
126,207,松嶌
233,28,沼賀
94,101,沼袋
204,94,鐘撞
159,92,鞘野
114,240,上郡
235,153,上之山
225,185,城木
1,168,常行
17,128,常徳
245,52,浄徳
39,205,植浦
65,101,植沢
211,46,信坂
152,176,真村
121,153,真野目
62,19,数本
162,212,古城戸
204,185,古暮
190,115,戸野部
49,253,狐崎
156,75,呉原
248,27,呉林
74,40,御囲
187,124,交野
239,28,公庄
241,59,向井地
181,133,康村
148,130,江内谷
219,10,行俊
189,230,高栄
238,151,高間木
0,44,高金
2,167,高植
166,5,高楠
4,235,氏林
133,242,氏永
81,154,四ツ田
173,158,三佐川
244,94,三永
254,44,三ツ屋
131,15,皿良
234,136,札内
99,6,笹峯
52,141,鷺原
54,102,細波
157,65,済川
119,86,左居
25,186,左右木
104,235,佐々布
225,4,根比
227,69,昆布
161,243,高茂
107,18,花俣
149,40,海方
221,194,海老子
247,123,垣東
192,70,角内
133,66,梶上
209,142,梶藤
186,176,割鞘
180,60,釜島
76,160,苅安
171,5,巻下
27,38,貫和
5,32,喜嶋
252,190,基村
210,204,希
180,230,亀園
132,177,亀坂
137,157,義則
69,143,吉海江
125,201,吉目木
73,188,久蔵
198,232,久保浦
84,223,久保西
208,130,久湊
12,145,宮首
205,201,宮嶌
92,45,魚躬
118,182,花淵
174,136,河知
135,62,嘉津
182,194,可世木
228,93,加葉田
93,132,加見
225,51,下田中
163,101,下込
150,51,乙供
178,34,桶口
71,105,岡花
39,255,遠谷
4,7,永多
231,55,永杉
36,60,羽良
10,196,羽場崎
24,115,蔭木
187,29,印口
162,172,一本鎗
91,198,一星
200,110,井ノ元
117,122,為成
246,118,伊折
36,214,伊盛
81,245,安部井
9,20,芦埜
233,198,阿津沢
150,182,土喰
4,223,東滝
221,253,東頭
89,146,当銀
126,231,藤口
102,57,豆生田
133,190,堂尾
170,184,道盛
249,212,橡尾
131,82,奈良迫
49,170,内見
133,252,楢舘
77,42,楠亀
248,25,二ツ橋
106,197,二枝
127,183,二又川
151,77,入間田
82,106,能勢山
87,242,波川
225,72,波頭
156,181,拝田
44,181,白久
253,179,迫平
248,146,箸本
227,216,八月朔日
71,230,隼瀬
126,96,帆士
124,231,飯口
5,78,磐田
44,0,樋之津
228,238,多田納
38,62,対尾
220,62,大椙
50,211,大曽
82,209,大明
162,202,大木島
49,24,瀧石
231,186,宅石
218,239,宅田
178,179,達脇
69,228,竪道
184,117,谷岸
85,127,谷孝
42,81,鍛示
93,186,地頭園
44,109,竹清
214,85,竹生田
172,117,仲戸
87,41,猪下
178,245,勅使
166,3,津間
24,68,津梅
126,100,槻山
72,238,辻ノ内
88,158,坪屋
157,142,定形
214,107,田知行
19,77,田之口
229,18,菟原
46,156,土開
99,157,毛笠
229,99,網蔵
113,88,木勢
235,224,目賀
42,199,目戸
167,29,門阪
242,240,野津山
234,175,矢須
171,11,柳坂
238,46,友実
17,147,有熊
254,1,利見
217,182,里木
46,90,龍神
102,116,嶺本
66,84,老谷
57,170,和泉谷
97,143,和村
5,131,脇迫
159,23,蕨岡
137,188,國見
118,200,國島
24,237,垰田
247,209,嶽下
98,232,槐
141,210,渕原
109,206,澤出
66,42,濱畑
3,244,袰主
77,53,陌間
144,130,尾込
78,191,美頭
54,213,髭野
71,58,桧本
92,24,蛭牟田
173,163,夫
142,56,風神
186,28,幅岸
75,207,仏崎
200,255,文平
14,24,平末
213,182,米積
102,32,峯森
200,190,法本
228,5,豊森
226,156,坊坂
38,44,坊上
129,117,北下
32,241,北峰
211,23,北明
77,113,本越
85,29,本瓦
41,116,本出
128,83,槙井
191,13,万里
242,238,蓑浦
31,127,牟禮
140,97,名地
104,1,名迫
95,136,明谷
230,102,村場
88,231,黒明
63,40,今寺
24,241,今脇
67,16,根倉
140,88,佐越
25,154,佐賀山
87,189,佐藤根
211,170,左部
48,180,座親
200,153,才口
22,91,在木
176,70,坂谷内
206,228,鷺島
183,25,三潟
238,4,三栗谷
145,33,三舟
17,249,山合
1,225,山植
246,216,山裾
153,35,山荘
103,157,仕黒
124,208,市下
184,37,志気
146,170,志堅原
20,141,志渡沢
114,9,紙崎
108,20,寺辻
149,39,鹿嶽
201,44,釈永
112,104,手間本
179,137,京嶋
6,180,近道
130,125,九田
158,194,駒原
234,199,沓内
65,200,渓
168,85,畦上
15,1,結
75,156,月見里
60,225,見木
16,166,元脇
144,159,古姓
1,205,古代
137,28,古宅
58,126,戸澗
59,38,五野
205,116,幸嶋
207,66,構井
49,89,耕野
36,178,荒澤
61,61,行貝
142,68,行場
245,24,行野
130,157,高三
223,11,高棹
245,183,轟原
140,132,国好
98,29,国仙
151,220,国峯
131,124,黒阪
89,118,瑞
54,35,杉ノ原
46,251,星村
61,159,星野尾
202,226,栖川
36,112,正瑞
186,206,正徳
43,199,正部
48,43,清水石
104,241,清杉
211,102,西垣戸
188,182,西紋
140,18,西濱
198,12,青藤
39,82,斉部
139,192,石根
32,242,赤代
137,173,仙福
21,126,千速
200,191,川羽田
188,95,川浜
188,60,泉二
130,43,箭本
254,219,前倉
146,0,前木場
123,46,倉脇
230,84,惣川
231,64,相須
195,7,袖本
68,216,村若
97,73,戎子
238,216,重平
142,172,初井
1,110,初島
67,97,初又
31,129,小竿
50,154,小水内
89,142,小土橋
253,64,小奈
9,195,小保
79,103,松茂
148,121,樟山
247,4,上溝
15,45,上長根
7,224,上東野
164,251,常重
156,18,織金
252,220,織山
139,217,織田島
195,35,織辺
90,154,新井野
175,241,新河
72,243,新東
188,16,新敷
197,92,真手
153,163,神笠
99,227,神鷹
133,119,仁禮
222,59,須志田
246,251,水脇
177,123,谷延
52,218,辰沢
163,79,沢間
73,172,宅原
197,160,瀧内
90,158,滝野沢
144,189,滝日
159,120,大平落
19,50,大景
174,130,大鎌
117,177,対田
172,104,打本
243,175,太尾田
121,248,他谷
141,235,続山
3,178,草崎
77,208,草岡
35,5,倉留
5,183,倉場
195,41,素川
244,38,曾和
180,129,谷東
157,170,谷淵
86,66,丹木
184,108,中郁
118,253,中才
3,142,中小田
194,211,虫本
28,142,潮木
148,26,長雄
224,176,陳場
138,22,津中
99,33,天神林
191,7,殿崎
181,46,田古
217,171,田底
125,35,田那辺
118,240,登崎
131,150,登日
16,53,冬室
163,158,塔野
144,91,湯田平
30,7,薦野
1,11,松岩
58,226,松木園
196,29,鐘尾
188,136,上夷
109,75,上宇都
129,129,植上
220,40,新井谷
227,130,新楽
192,104,新久
77,143,新豊
61,63,新實
195,75,森冨
80,0,真狩
60,201,神領
139,101,仁坂
182,90,須鎌
200,250,雛田
166,78,杉水
102,151,杉前
22,228,瀬楽
153,125,畝岡
254,197,正根寺
99,170,正川
158,181,正島
3,158,正満
39,183,生魚
35,79,生玉
32,248,西ケ野
248,111,西芝
124,130,西雄
242,51,西連地
98,14,青枝
17,31,青西
70,63,斉場
22,102,石前
254,14,石鳥
106,168,赤羽目
215,181,折
44,206,千知岩
74,69,川石
52,56,川端下
170,196,浅瀬
114,250,藤乗
65,222,北部
251,68,北邨
120,176,堀澤
20,79,本浪
178,193,槙口
74,101,末下
4,155,万江
93,104,味呑
155,5,蓑谷
119,156,名桐
188,41,綿内
114,55,茂津目
218,143,木闇
221,17,餅川
68,64,門名
179,231,野市
147,71,野田口
157,63,弥政
152,139,矢賀部
215,106,役田
129,212,柳津
91,223,友好
105,76,遊部
144,208,余根田
185,230,余西
182,248,嵐谷
216,187,裏辻
194,65,立切
51,113,力安
11,189,輪千
57,194,嶺野
73,200,六鎗
42,222,六辻
174,199,脇黒丸
200,194,鷲岡
49,68,實川
156,10,枡沢
11,8,檜佐
66,245,櫃野
161,178,潘
197,190,祓川
234,39,臺
230,73,棒谷
137,218,藤滝
11,240,藤和
99,155,堂城
76,153,徳持
242,69,徳和
3,43,奈須田
140,80,那和
14,166,灘吉
80,168,二坂
228,173,猫本
180,100,農中
250,0,波賀野
116,206,派谷
98,31,背戸田
121,91,梅堀
215,180,白枝
207,148,粕加屋
39,107,八柄
175,35,番所
22,122,比留田
203,99,樋ノ口
5,245,尾古
165,193,尾子
48,98,美船
119,128,蛭子谷
57,167,富士井
92,64,冨倉
126,68,冨来
73,122,布木
200,50,伏貫
66,62,平緒
71,184,平得
50,153,保家
221,104,甫仮
72,250,補伽
62,97,穂戸田
140,146,穂田
112,124,宝里
153,201,峰久
248,53,峯重
204,192,峯木
176,244,豊間
182,14,松陰
45,183,撹上
124,3,角頼
171,114,岳原
89,222,岳川
206,189,梶沢
255,208,梶芳
214,133,潟永
171,146,釜渕
105,85,茅山
54,112,刈茅
136,32,刈米
71,120,幹田
237,96,竿田
9,146,竿本
80,16,岸見
16,155,岩穴口
89,173,岩持
70,130,岩宗
197,14,喜早
184,18,喜沢
146,25,義若
203,175,蟻田
113,227,吉秋
138,34,久継
21,204,久保敷
240,220,宮浜
32,195,牛迫
14,190,魚路
175,72,興田
180,142,尭
58,194,錦木
246,84,金河
244,152,金只
33,22,金砺
107,112,金万
251,196,隅屋
118,218,沓川
163,250,熊高
199,207,桑森
18,23,郡家
32,102,恵畑
185,143,畦内
158,162,柿林
141,228,茜
204,63,悪原
107,34,飴井
247,161,安栄
112,5,伊保内
116,23,為沢
84,210,井腰
101,33,井実
178,211,井登
220,154,井堂
12,158,井箆
190,221,井俣
201,66,磯木
12,200,一之谷
224,132,稲荷田
164,94,右藤
79,213,宇賀持
54,222,宇津巻
118,45,宇津原
133,145,宇渡
126,181,雨甲
55,34,雲出
185,30,雲類鷲
182,179,栄原
85,244,永泉
102,111,詠
26,38,益城
53,228,越浦
8,171,越坂部
148,114,堰沢
125,154,塩江
98,39,塩梅
86,62,横藤田
185,241,沖屋
96,223,沖平
206,212,乙崎
84,175,下境田
148,85,下嶽
16,79,嘉生
82,86,河畠
76,92,会原
100,64,垣渕
186,2,計屋
56,148,桜下
243,139,笹館
129,209,三光
29,76,三澄
155,234,三本杉
120,233,山久
247,92,山次
169,157,市脇
233,185,志津田
205,171,志民
149,246,指村
219,236,枝常
184,150,獅子倉
54,50,紙村
96,216,寺次
102,125,七久保
99,86,実兼
9,129,篠尾
178,18,射庭
35,93,謝名堂
68,48,若嶋
220,255,守木
250,171,手取
104,158,朱山
83,33,酒林
172,37,宗永
21,229,重白
26,220,宿屋
230,203,縮
148,128,出丸
196,2,出良
72,65,春日谷
41,145,助広
35,214,勝城
58,47,勝冶
141,183,小儀
85,86,小宗
203,17,小松山
247,47,小中野
140,150,小豆島
176,96,小武方
24,157,尚和
24,154,坂輪
156,128,桁山
56,160,兼杉
115,244,兼瀬
42,96,犬亦
90,201,見吉
157,56,見元
115,7,元矢
253,184,原西
177,183,原林
139,153,源元
68,250,源氏
217,169,源藤
229,168,古井丸
73,113,古迫
200,232,戸賀瀬
87,181,戸間
55,121,戸口田
75,26,戸恒
118,1,戸部田
53,162,湖口
247,241,胡口
63,236,坂辻
115,167,坂松
28,61,菜畑
232,194,砂土居
83,156,左近允
52,11,佐部利
132,213,今正
51,132,今垣
192,102,合庭
122,53,高天
138,198,高手
142,100,高畦
229,33,行宗
164,89,荒倉
224,1,広芝
112,231,幸泉
238,132,幸光
158,230,公原
64,253,御座
117,58,五木
178,114,五幣
231,3,禎
88,87,貞谷
223,151,鶴石
59,241,坪見
58,134,辻角
95,9,辻垣内
56,232,直村
196,70,長太
109,93,長根山
138,134,仲達
235,96,中堤
125,63,中澄
168,25,中砂
96,227,竹牟礼
40,63,竹枝
59,73,地頭江
243,141,地代
53,235,段本
12,210,釘嶋
134,165,天ケ谷
122,68,田片
96,1,土斐崎
32,66,怒賀
165,58,島辺
11,234,嶋吉
232,226,嶋添
123,16,東日
41,184,東泊
19,203,桃尾
6,216,道仙
69,150,徳正
178,85,徳木
94,40,奈切
122,20,鍋川
46,71,南石
114,136,南武
76,26,日改
146,175,端無
165,106,瀬元
60,102,瀬分
193,51,成影
53,18,星元
132,211,正見
176,110,清水上
19,105,生村
243,99,西廼
30,175,西美
125,139,青代
100,244,斉内
223,200,石家
117,153,石長
163,66,石邑
165,4,赤泊
101,189,仙敷
43,242,千釜
84,27,船口
176,73,船積
207,164,前後
70,236,倉館
230,56,相村
108,219,蒼
211,213,鎗野
148,87,村河
143,77,村土
112,169,多幡
179,223,打道
147,216,大佐
44,117,大鍋
18,50,沢松
162,107,竪谷
0,141,谷守
34,181,樽口
95,69,樽美
122,204,淡井
40,87,淡川
210,19,保正
199,3,保津
230,147,芳司
77,108,萌出
32,165,本武
115,75,桝元
3,157,麿
74,54,万膳
49,199,満川
144,231,満谷
69,248,味噌
58,168,名
67,128,綿島
169,93,野垣内
180,58,野付
33,147,野別
55,28,野々原
94,69,弥勒
189,225,矢ノ口
248,176,友政
209,194,有津
122,197,祐森
105,167,与世田
134,5,与猶
88,210,藍葉
32,252,利谷
168,227,李家
12,159,練生川
24,110,和貝
222,128,和志武
114,237,傳
219,2,國谷
227,30,圓藤
58,230,櫻澤
253,165,礒井
255,57,肆矢
80,207,萬野
134,53,保見
3,146,日東
104,89,日迫
70,101,日野山
152,76,如沢
11,94,埜沢
32,142,納藤
76,75,波柴
29,123,梅辻
68,112,梅邑
133,133,白窪
179,7,白迫
238,214,迫城
221,3,櫨木
161,191,八ツ井
249,175,八条
94,114,八武崎
92,194,鉢木
174,158,板楠
223,57,板部
103,250,畔原
66,162,範国
183,170,飯住
208,193,飯名
182,188,美奈
33,27,百富
106,137,百冨
168,242,俵迫
10,254,品沢
135,45,浜重
250,111,冨賀
6,14,布垣
75,161,武蔵野
4,16,風呂迫
132,227,分林
247,254,平埜
156,162,別司
64,153,辺
109,136,水篠
27,12,家根谷
92,62,河嶌
189,81,花口
228,46,蝦原
141,85,海見
20,128,海治
157,117,海陸
12,165,貝畑
150,124,外浜
96,205,垣地
229,170,柿園
39,241,角保
172,249,掛樋
14,188,橿本
235,47,鴨打
236,42,管井
101,210,間塚
103,111,間明
38,57,閑田
209,49,岩長
247,6,旗本
87,166,旗野
7,211,吉馴
221,234,吉國
42,28,久我谷
238,121,久元
130,175,久水
38,190,久田見
117,235,久保嶋
165,218,宮尻
174,83,宮毛
227,44,曲谷
49,171,錦部
111,211,金湖
49,99,熊須
96,214,慶田盛
98,92,健
129,8,夏賀
173,86,阿野田
169,121,旭野
120,229,梓
189,169,綾川
148,92,鮎ケ瀬
131,172,粟田口
223,48,安則
28,17,安辺
83,187,伊形
145,17,伊戸
142,238,伊良
153,253,伊豫
27,131,為平
114,25,井賀
252,48,井桜
77,166,磯端
86,78,稲実
28,201,稲里
198,248,羽江
115,110,雲津
40,189,永地
191,250,越名
76,94,榎薗
226,174,円光
249,231,猿舘
83,245,猿丸
248,198,遠畑
146,137,塩家
158,35,於曾能
250,54,往田
62,136,横上
45,190,横銭
192,109,岡名
20,250,荻荘
194,19,下敷領
251,204,下簗
45,43,可香
198,252,鴫山
58,240,鴫野
244,141,芝高
116,219,若王子
97,140,若名
49,60,秋井
21,76,十野
238,101,重河
152,209,重竹
28,3,楯川
160,173,助光
11,49,小阿瀬
153,112,小永
97,172,小机
93,77,小笹山
171,119,小瀬沢
89,131,小田沢
82,215,小柄
155,244,小野松
60,38,小矢野
35,160,小籏
158,12,上海
105,124,上宮田
196,119,上砂
81,168,上松瀬
245,130,乗鞍
89,29,城座
80,2,城迫
37,22,杖村
141,245,植津
76,101,信部
18,219,新酒
233,245,人山
248,101,須加崎
168,234,須栗
165,109,水安
21,193,水河
205,202,鹿井
211,202,建野
138,101,硯川
41,29,見戸
130,151,見取
214,13,見鳥
197,219,古田部
9,255,戸柱
182,53,戸町
119,124,五味渕
103,143,御厩敷
81,143,御宮知
245,235,広方
207,21,恒屋
11,249,荒古
82,144,国長
178,253,込谷
134,186,佐鹿
5,39,佐谷戸
255,46,砂尾
11,200,治村
18,71,時野
172,160,時庭
52,183,寺奥
222,87,児谷
244,78,児浦
141,14,四国
154,25,四栗
54,119,山矢
244,40,三郎丸
199,17,三簾
224,91,三木原
119,57,三摩
43,156,三沼
106,126,笹方
204,8,坂水
168,62,細澤
236,117,細水
110,159,唐木沢
208,22,唐司
48,28,刀谷
132,23,土口
118,169,土見
43,168,渡戸
91,154,塗矢
245,16,田能
191,241,田埜
30,179,田津
106,28,田組
74,209,田篠
253,50,笛
72,214,鶴蒔
85,152,辻之内
45,187,勅使瓦
136,127,鳥瀬
96,144,鳥集
28,156,頂
120,35,長土居
223,165,長谷波
69,168,町上
253,76,朝久
46,46,東永
132,119,東川内
34,204,東度
154,66,東富
245,169,東風
125,210,東房
11,209,棟朝
80,14,当金
143,147,筒川
205,75,藤宗
229,32,藤明
108,1,鐙谷
107,160,堂腰
48,36,堂川
36,61,道庭
207,173,徳和目
67,234,内窪
115,225,内津
186,75,南屋
117,106,南江
190,252,楠畑
186,253,楠八重
155,220,二挺木
48,93,仲重
14,67,水光
167,184,水向
48,68,水師
165,131,水端
209,132,杉阪
131,80,世並
2,6,瀬戸谷
58,24,是恒
243,125,勢能
163,32,星賀
207,86,正角
9,57,生間
117,81,声高
111,164,西花
216,15,西喜
119,198,西中村
154,195,青波
159,156,石指
62,208,切詰
219,237,節政
33,120,千代原
222,103,浅畑
250,150,薦岡
87,80,前窪
35,141,前内
204,246,祖開
166,14,霜下
197,156,蔵迫
253,130,村家
146,24,多加谷
129,222,多野
179,40,太谷
34,158,太郎浦
230,202,駄原
42,42,泰松
184,222,大天
160,107,大呑
27,83,大木田
4,48,鷹西
148,124,谷繁
147,237,樽屋
61,74,地蔵堂
76,121,池高
184,72,築舘
40,82,中曾
214,214,中萩
65,229,本森
0,246,本東
20,146,麻和
156,79,末守
169,202,末神
39,101,満倉
208,145,名富
201,206,命苫
53,62,明光
154,55,明知
198,94,綿岡
231,204,木通
241,247,木野戸
182,236,木嵜
173,133,紋川
236,201,門部
232,125,野儀
177,6,野瀬田
20,47,野土谷
133,101,柳戸
138,170,勇川
236,24,有道
228,158,柚沢
36,62,由比藤
1,166,余座
161,137,与野
50,103,要藤
100,83,嵐山
201,205,梨沢
75,6,粒崎
187,95,林見
59,224,林竹
221,67,輪玉
17,177,嶺岡
212,8,浪野
180,42,和久野
222,143,屏
158,179,杠
125,111,枡
61,82,檜作
99,202,桾沢
136,216,榑井
29,244,當房
190,190,篝
230,31,葭矢
88,70,饒辺
136,61,本光
142,106,廿日岩
152,169,入子
191,25,入内嶋
112,9,入来院
153,149,能正
146,37,波紫
74,161,波村
35,181,波能
217,201,馬見
30,180,馬場添
2,195,梅ケ谷
14,56,迫園
221,6,畑岸
169,104,畑福
208,31,飯ケ浜
118,93,飯守
143,68,飯畑
139,63,飯嶌
155,223,盤若
193,228,磐城
196,158,比留木
33,105,枇杷田
115,184,美座
92,243,菱村
105,49,菱池
248,5,筆
207,71,百岳
100,154,百束
230,149,浜近
141,4,浜埜
16,10,布瀬川
98,218,敷村
114,114,武花
144,175,風口
225,204,幅上
118,236,福真
125,55,福波
1,2,兵井
214,80,米丘
179,69,片小田
198,190,弁
235,178,穂阪
187,128,宝楽
107,54,峯垣
60,190,芳林
7,238,豊武
117,253,水引
188,79,歌崎
150,207,河尾
113,97,花下
11,243,会
107,22,外枦保
64,43,角勝
76,12,角西
104,22,笠継
18,151,樺木野
74,119,巻嶋
45,9,官沢
14,170,官能
204,146,干山
197,87,間田
88,143,丸杉
117,89,丸鶴
59,182,岸塚
235,242,喜連
127,44,幾世
195,92,旗
100,246,貴伝名
167,21,菊月
245,95,吉薗
86,129,吉母
40,1,吉良山
150,200,久賀谷
101,107,宮ノ前
117,44,宮所
129,208,宮袋
186,106,宮町
193,50,宮野尾
110,38,居初
218,236,居谷
134,226,魚瀬
207,203,胸元
200,82,郷六
229,96,玉樹
68,156,金水
34,149,九貫
81,100,駒屋
95,225,沓水
38,100,熊島
84,50,熊脇
122,122,栗花
222,15,栗垣
177,80,栗畑
120,0,家迫
203,127,阿良
250,36,愛智
106,212,愛田
98,93,穐葉
111,146,安盛
160,65,安堵
62,87,伊海田
213,237,為久
154,110,井海
157,109,井若
61,184,井立田
181,28,磯嶋
178,202,一宅
174,61,一丁田
117,61,一坊寺
226,117,稲飯
117,140,蔭
195,220,宇喜多
42,181,羽飼
174,155,羽澤
130,248,雨山
104,30,鵜城
20,53,臼崎
132,241,浦波
222,233,雲越
186,255,永高
168,114,越宗
20,80,越替
252,64,榎内
64,70,円仏
164,28,園元
225,23,猿賀
142,234,奥窪
219,80,往古
127,116,横引
254,98,横浦
128,75,横飛
168,220,黄原
82,238,岡阪
141,51,岡咲
94,42,岡峯
114,68,音揃
249,243,加志崎
204,37,加唐
198,102,嘉瀬井
22,22,家垣
83,196,寺嶌
156,129,時原
107,170,次郎
21,4,室林
120,192,柴下
196,188,射越
35,210,手代
103,57,手沢
70,26,酒入
164,22,酒野
11,163,宗佐
144,223,秋道
200,196,舟波
27,233,渋市
36,67,重綱
205,190,重親
208,104,楯石
158,195,初道
155,136,初本
47,116,升屋
52,254,小阪田
176,135,小上馬
115,212,小白井
235,211,小野林
215,59,松儀
43,70,松古
147,157,松樹
106,232,松多
210,169,沼間
206,244,渉
52,3,蒋
76,118,鞘脇
12,240,上河原
142,94,城戸内
227,172,城畑
89,179,織方
185,51,食野
252,199,新畠
130,224,新槙
2,34,晋山
169,81,神舎
26,193,身吉
10,191,進来
166,12,甚内
82,155,諏訪辺
139,245,吹沢
148,251,寺浜
100,80,迎里
202,118,月安
173,143,見手倉
9,216,元満
154,15,古園井
164,121,戸井口
54,139,戸林
97,17,虎本
67,50,五郎川
197,91,呉松
119,102,後井
205,236,幸道
117,227,広友
10,54,江水
148,86,江野村
65,71,江野本
169,165,溝杭
171,241,荒戸
59,251,荒光
238,189,降田
175,74,香水
202,55,高久田
48,65,高北
125,34,寺垣内
201,159,紙透
136,114,志鶴
187,108,山加
156,96,山ケ城
21,36,三盃
154,118,三土
89,19,三上山
195,9,三居
206,165,柵
93,80,作美
246,104,作見
44,227,坂野井
43,45,坂屋
236,100,細本
207,31,細入
88,253,済陽
182,48,佐田野
200,192,根口
84,172,根〆
189,120,今春
1,255,此木
59,165,黒肱
