174,216,佐藤
167,110,鈴木
211,12,高橋
233,19,田中
186,247,渡辺
180,249,伊藤
35,197,山本
214,163,中村
229,149,小林
129,50,加藤
224,239,吉田
28,87,山田
242,186,佐々木
115,226,斎藤
42,234,山口
223,181,松本
120,249,井上
20,32,木村
40,21,林
36,208,清水
115,164,山崎
131,76,池田
64,1,阿部
107,126,橋本
114,230,山下
41,16,森
39,88,石川
76,136,中島
252,138,前田
192,143,小川
203,90,藤田
90,32,岡田
113,76,後藤
216,30,長谷川
123,4,石井
177,88,村上
173,230,近藤
190,213,坂本
57,182,遠藤
186,19,青木
137,254,藤井
207,127,西村
201,170,福田
221,194,太田
149,133,三浦
99,19,藤原
181,219,岡本
141,99,松田
37,66,中川
32,169,中野
17,194,原田
125,199,小野
11,189,田村
176,151,竹内
198,236,金子
143,111,斉藤
194,1,和田
218,164,中山
179,106,石田
216,29,上田
20,249,森田
24,83,柴田
251,18,原
160,244,酒井
94,236,工藤
241,148,宮崎
217,189,横山
217,197,宮本
133,153,内田
72,116,高木
180,8,安藤
192,37,谷口
52,21,大野
211,143,高田
195,164,丸山
254,106,今井
189,160,河野
4,129,小島
77,30,藤本
56,253,村田
151,75,武田
117,145,上野
156,242,杉山
244,143,増田
42,240,小山
32,97,大塚
148,223,平野
224,248,菅原
82,189,久保
124,240,千葉
42,198,松井
1,77,岩崎
231,111,木下
64,70,野口
132,188,松尾
227,239,菊地
27,126,野村
196,70,新井
59,86,渡部
180,56,佐野
236,52,杉本
16,212,大西
227,167,桜井
45,124,古川
73,175,島田
213,129,市川
28,176,小松
239,253,高野
137,78,水野
132,59,吉川
20,150,山内
39,18,西田
38,68,浜田
159,64,西川
224,114,菊池
124,191,北村
78,190,五十嵐
153,82,安田
162,12,中田
237,117,平田
111,196,川口
48,134,川崎
126,183,飯田
104,32,東
230,242,本田
132,94,久保田
244,217,吉村
253,33,福島
28,109,中西
219,194,岩田
35,245,服部
119,100,辻
77,236,川上
63,17,関
110,1,樋口
46,186,永井
178,117,松岡
233,154,山中
215,213,田口
40,61,森本
28,99,矢野
24,27,秋山
27,23,土屋
153,30,石原
79,123,松下
208,192,馬場
164,175,大橋
143,188,松浦
189,19,吉岡
54,64,荒木
144,161,小池
102,102,大久保
111,212,熊谷
34,104,浅野
98,238,野田
195,43,広瀬
235,170,川村
101,136,星野
147,201,大谷
109,141,黒田
185,153,沢田
53,156,尾崎
181,93,田辺
91,4,小沢
84,209,永田
169,219,松村
151,104,望月
185,250,内藤
191,176,菅野
171,156,西山
250,112,堀
216,47,大島
58,185,岩本
95,232,平井
39,19,片山
198,240,本間
236,54,横田
254,156,早川
142,0,荒井
164,205,岡崎
160,229,鎌田
21,109,小田
196,51,成田
1,126,宮田
129,100,大石
131,167,石橋
59,85,篠原
93,135,高山
191,147,須藤
23,24,萩原
147,25,小西
40,188,栗原
151,139,松原
100,202,伊東
132,201,三宅
202,187,大森
97,116,福井
226,35,南
46,103,奥村
55,94,富田
170,141,松永
57,159,片岡
26,226,桑原
127,115,内山
63,121,関口
13,128,古賀
177,245,奥田
90,52,岡
152,255,北川
59,30,八木
249,107,上原
35,242,吉野
72,170,白石
101,34,今村
206,35,川島
62,188,小泉
133,108,上村
210,74,中尾
181,189,大沢
251,192,平山
215,134,青山
149,23,牧野
59,169,岡村
68,3,渋谷
45,206,寺田
66,246,坂口
109,253,児玉
169,18,大山
139,207,河合
123,255,多田
133,46,竹田
131,125,宮下
75,57,小倉
214,72,小野寺
87,159,小笠原
88,232,足立
44,88,村山
113,250,中沢
4,191,天野
68,103,坂井
244,91,杉浦
132,72,西
21,42,坂田
4,221,小原
27,94,豊田
245,190,角田
61,156,武藤
110,183,河村
62,27,根本
167,46,関根
123,100,水谷
173,77,田島
129,239,中井
199,20,森下
112,34,神田
89,110,塚本
186,16,佐久間
17,89,植田
15,10,飯塚
155,233,安部
81,48,前川
60,114,山根
115,15,浅井
76,212,白井
118,141,宮川
35,63,岡部
155,201,大川
162,117,長田
40,95,堀内
64,132,榎本
126,139,松崎
167,96,稲垣
18,15,若林
58,195,森山
84,215,江口
48,66,神谷
190,160,中谷
192,245,畠山
230,113,谷
143,137,細川
31,16,及川
249,181,安達
233,253,今野
11,34,三上
171,243,飯島
156,157,西尾
51,248,田代
59,78,石塚
199,130,岸本
86,6,津田
49,161,荒川
204,73,中原
82,87,長尾
20,209,戸田
8,5,本多
61,179,森川
4,97,土井
7,160,三好
66,210,金井
77,49,松山
21,161,米田
187,5,岡野
66,185,金沢
55,224,稲葉
71,167,村松
21,30,甲斐
243,59,西岡
85,147,佐伯
28,249,岩井
210,128,星
100,93,金田
248,103,黒木
47,137,堤
109,116,滝沢
10,151,落合
236,155,野崎
200,254,泉
139,55,堀田
134,105,中嶋
69,207,西野
130,230,町田
72,12,古田
121,251,徳永
92,247,新田
91,24,山岸
49,195,黒川
18,193,山川
73,88,川田
213,232,藤沢
63,151,杉田
19,254,奥山
63,241,土田
213,139,三木
204,124,村井
123,149,笠原
128,143,須田
118,198,梅田
37,188,大竹
24,169,野中
103,173,吉沢
64,243,広田
42,154,宮沢
176,121,柳沢
179,126,堀江
67,108,川端
94,36,大村
106,36,日高
194,111,梶原
178,152,岸
8,72,西本
32,54,黒沢
94,100,井口
14,108,大木
248,218,向井
190,181,松島
254,197,大場
63,244,竹中
46,178,藤川
122,116,安井
7,171,榊原
125,22,川原
215,255,吉本
61,194,大内
200,129,竹下
220,198,吉原
13,217,藤岡
195,52,庄司
199,153,福本
51,168,塚田
244,146,高島
246,200,宮内
234,147,小谷
64,145,緒方
177,172,谷川
81,86,下田
98,124,竹本
130,75,藤村
219,186,奥野
75,103,宇野
151,45,窪田
199,120,北野
248,59,栗田
42,141,石黒
148,155,長島
66,203,亀井
192,226,長沢
209,159,平川
222,233,長野
215,117,宮原
138,36,山村
198,214,藤野
66,180,茂木
220,148,川本
194,64,深沢
133,22,下村
113,169,丹羽
163,208,西沢
3,230,青柳
179,213,竹村
75,109,古谷
232,232,三輪
119,154,出口
128,58,高井
43,51,荻野
69,29,嶋田
237,170,大城
157,115,田原
86,216,野沢
96,91,相沢
193,137,高瀬
80,116,小森
2,176,稲田
119,231,宮城
45,43,筒井
3,254,富永
27,185,福岡
111,110,大原
209,189,福永
210,162,林田
214,249,横井
208,113,大平
129,229,金城
235,125,篠崎
91,225,溝口
113,25,長岡
112,190,平松
186,114,山岡
167,218,浅田
94,84,越智
163,222,北原
74,140,永野
178,147,武井
90,16,鶴田
240,200,柳田
43,205,大田
14,216,入江
237,103,湯浅
136,103,相馬
134,83,園田
47,86,高松
60,64,二宮
181,188,石山
214,156,堀川
153,216,手塚
118,99,川野
119,37,沼田
224,36,比嘉
49,59,臼井
39,152,石崎
25,57,平岡
188,111,池上
155,231,花田
133,104,瀬戸
56,71,谷本
59,84,西原
66,93,小出
148,157,篠田
253,27,浜口
20,218,杉原
42,172,志村
232,28,根岸
162,78,田畑
236,226,笠井
60,204,大槻
105,14,矢島
120,218,倉田
120,161,福原
216,241,片桐
81,147,日野
76,162,小坂
73,24,菅
225,199,加納
189,98,堀口
184,42,河原
228,54,新谷
181,201,千田
149,8,徳田
153,240,松野
141,16,田上
219,99,吉井
93,6,浜崎
120,136,森岡
188,20,柏木
201,83,浜野
51,80,村瀬
211,181,島崎
15,199,内海
240,53,北島
255,50,白川
3,174,畑中
10,89,秋元
16,120,中本
124,153,冨田
19,35,小柳
44,40,大崎
138,102,岩瀬
156,123,原口
107,195,秋田
141,115,三谷
40,13,松沢
203,235,木原
119,32,大井
106,114,川畑
126,219,福山
13,56,米山
48,83,植木
70,129,岩下
220,218,難波
44,114,今泉
242,93,三井
240,195,辻本
48,242,芳賀
149,31,坪井
123,89,井手
116,17,吉永
4,252,河内
27,21,畑
46,211,磯部
142,1,長井
169,247,荻原
43,187,大坪
198,88,塩田
40,139,岸田
195,174,皆川
33,59,細田
69,249,大友
13,82,細谷
127,19,植村
229,142,佐竹
55,208,河田
10,7,古屋
136,244,相原
85,29,若松
61,224,三村
34,42,遠山
3,152,村岡
72,63,真鍋
77,70,橋口
77,199,松川
105,66,平林
222,11,草野
84,204,川瀬
175,253,栗山
205,95,三島
26,196,橘
41,143,有馬
156,50,井出
62,146,保坂
88,85,早坂
33,125,瀬川
169,1,志賀
154,49,高岡
79,118,奈良
18,22,半田
29,186,亀山
174,187,高村
90,214,堀井
105,175,清野
145,137,玉井
68,21,神山
195,3,朝倉
71,233,米沢
95,29,寺島
68,76,水口
114,198,河本
114,91,進藤
35,80,中里
8,30,立石
177,206,葛西
81,190,水上
70,139,藤森
74,78,柳
13,134,川合
36,28,島村
23,28,古沢
99,116,亀田
75,16,織田
60,139,武内
114,254,宮島
65,181,有田
40,183,三原
254,3,尾形
202,82,高見
244,188,狩野
226,62,宮地
226,120,大津
15,175,寺本
9,12,植松
81,193,市村
45,83,坂下
201,175,平
45,171,大江
118,60,板垣
214,115,毛利
0,168,江藤
214,39,那須
144,252,藤崎
238,26,北山
195,206,小嶋
23,112,高柳
250,125,下山
196,222,滝本
70,121,高原
217,251,大沼
62,39,三橋
123,230,立花
167,150,浅見
78,60,久野
234,33,松木
160,126,木内
3,102,野上
154,1,門脇
235,192,坂上
101,81,土居
189,71,平沢
34,73,中根
241,160,平尾
228,120,北沢
228,0,齋藤
37,118,牧
113,64,岩佐
241,99,深谷
26,193,石丸
161,226,阪本
160,129,田崎
101,129,市原
12,79,小宮
233,141,長谷
132,184,今田
15,241,守屋
7,255,富樫
159,182,前原
208,220,高尾
254,247,内野
177,16,柴崎
154,240,岩永
125,129,大倉
253,80,川井
49,30,滝口
80,133,金山
148,124,関谷
36,93,長瀬
16,221,高崎
205,175,浜本
64,169,正木
80,245,飯野
129,127,矢部
237,228,外山
198,154,和泉
169,57,山野
66,124,金谷
213,57,秦
186,149,島
212,38,塚原
2,175,海野
231,68,鳥居
91,3,西谷
255,73,田川
220,252,成瀬
88,230,木田
182,172,石垣
238,134,石本
50,230,小寺
236,129,坂元
185,48,門田
4,40,豊島
64,136,末永
241,225,長谷部
165,155,井田
67,236,上山
102,69,金森
87,120,小畑
27,160,菅谷
87,253,奥
29,68,乾
187,215,宮脇
247,112,赤松
225,217,相川
121,233,江川
254,58,板倉
53,200,野本
42,56,三沢
158,136,江崎
158,75,永山
61,6,三田
173,41,山上
84,132,藤木
251,158,杉村
173,241,小杉
78,200,小室
75,175,渡邊
42,42,宍戸
80,168,香川
64,106,黒岩
124,102,梅原
70,214,大滝
3,76,小関
64,177,松元
221,105,平塚
188,249,諏訪
154,203,喜多
184,45,今西
180,237,井川
7,92,生田
246,72,森谷
212,140,並木
89,95,宇佐美
156,69,秋葉
83,216,塩谷
91,217,水田
128,68,佐川
187,247,下川
215,206,富岡
47,175,細井
69,26,石渡
117,206,浦田
63,138,布施
179,29,金丸
191,85,森脇
168,228,染谷
14,230,宮野
121,48,風間
73,154,北田
192,101,川辺
66,192,新垣
103,20,梅本
218,182,山城
14,202,梅沢
137,19,中林
116,217,小椋
214,233,大矢
91,72,西口
222,89,玉城
255,163,土橋
21,143,高梨
96,79,細野
192,252,大庭
111,87,山元
162,92,都築
242,238,木本
11,133,長崎
171,43,仲田
98,51,阿久津
241,185,小幡
44,168,杉野
134,57,麻生
154,81,山形
233,81,真田
66,112,堀越
124,19,依田
220,14,小野田
171,239,梅津
144,118,羽田
252,90,木戸
81,194,野原
184,128,赤木
150,183,浅川
219,159,椎名
10,170,岩間
63,105,日下
34,76,寺尾
30,134,仲村
94,237,宇都宮
214,130,矢田
68,4,矢口
30,139,大畑
140,145,大和田
233,221,波多野
164,220,大熊
151,111,目黒
145,227,立川
136,113,菅沼
154,59,大貫
75,82,高倉
43,224,深田
111,2,池内
214,231,柳原
44,89,岩城
2,52,海老原
236,12,沢井
95,79,倉持
59,54,雨宮
103,76,影山
249,18,神野
249,101,浜
187,9,栗林
129,213,神崎
54,182,橋爪
10,234,石坂
96,153,上杉
73,27,結城
63,167,青野
38,2,川西
92,47,小沼
89,178,白鳥
32,227,西島
138,200,瀬尾
46,78,赤坂
102,199,板橋
5,160,小玉
207,37,永島
55,81,首藤
134,185,清田
249,174,合田
61,13,富沢
3,117,玉置
50,34,寺沢
190,239,丹野
55,174,尾上
49,189,角
156,124,須賀
247,159,竹原
209,87,横尾
159,246,井原
71,236,坂野
150,125,久米
212,171,森口
225,130,宮坂
193,107,柏原
65,109,滝川
203,196,三枝
66,76,楠本
25,39,芦田
62,238,妹尾
161,233,脇田
226,61,水島
153,14,手島
90,64,池本
167,171,明石
146,76,西脇
57,32,大下
196,29,北
242,241,大和
159,32,勝又
203,224,大林
163,98,国分
197,203,川越
17,8,本村
124,109,曽根
245,36,小久保
38,42,島津
166,107,小堀
243,50,本橋
220,95,石沢
52,96,有賀
228,77,田端
75,102,志田
205,92,横川
112,32,浦野
220,244,柳川
60,141,谷村
118,232,春日
20,70,富山
94,254,今
14,174,坂東
178,81,飛田
192,216,江原
174,14,児島
98,120,梅村
58,14,内村
240,22,岡山
203,149,桑田
25,229,楠
36,216,角谷
8,157,日比野
108,148,砂川
59,134,前島
59,184,益田
135,39,桜田
142,171,花岡
53,152,笹川
18,115,中塚
101,147,滝
177,56,勝田
143,195,吉崎
140,255,森永
92,6,澤田
233,140,島袋
207,135,会田
228,177,岩渕
62,80,白木
54,136,浅沼
251,23,平良
69,41,小栗
169,174,石倉
71,58,前野
8,80,小菅
124,218,高畑
65,159,井本
158,129,玉木
55,226,高谷
18,219,沖田
236,188,倉本
245,133,沖
239,209,鶴岡
219,28,大浦
144,149,宇田川
60,79,本山
188,52,柴山
156,83,城戸
3,37,黒崎
139,163,塩見
101,10,岩谷
69,112,曽我
14,106,畠中
80,141,池谷
227,155,大高
230,173,熊田
111,255,重松
175,153,阪口
28,212,野呂
209,104,八田
239,85,戸塚
148,89,寺岡
226,63,菅井
198,100,末吉
45,42,井村
38,226,田尻
60,36,石野
66,70,川添
225,92,野島
201,68,田所
47,151,熊沢
152,107,古山
38,168,南部
76,211,大嶋
61,117,神戸
204,169,丸田
80,177,福地
192,130,笹原
99,144,恩田
27,161,平賀
204,190,米倉
77,203,増井
77,192,村木
116,44,長浜
223,145,中
21,205,五味
147,203,岡島
114,56,日下部
162,191,菊田
153,244,藤島
115,32,森井
28,13,湊
220,222,秋本
195,173,磯野
166,113,寺西
54,134,沢
246,89,若山
238,185,安永
132,35,重田
62,245,新村
232,226,田沢
165,40,長友
30,118,小口
84,187,今川
211,90,井沢
248,84,猪股
77,235,深井
253,92,百瀬
110,117,紺野
205,210,熊倉
62,151,高沢
248,197,鬼頭
101,90,中岡
39,118,玉田
71,239,田渕
141,210,氏家
70,197,小高
157,88,有村
78,187,岩村
1,71,高嶋
171,118,小平
216,63,赤羽
201,197,広川
13,11,境
69,40,寺井
44,120,河西
117,90,塩沢
10,86,土谷
86,186,照井
83,38,神原
213,183,西浦
132,227,西井
253,214,牧田
77,245,宮里
97,199,相田
112,111,松谷
235,183,藤山
145,15,福士
91,209,村中
220,7,品川
117,14,伊達
235,103,新保
165,193,夏目
248,249,柿沼
134,113,西森
4,72,持田
132,22,矢沢
48,57,石岡
156,197,松橋
2,211,辻村
11,47,長坂
12,178,梶田
68,195,沢村
83,75,大関
62,136,長沼
247,182,浦
255,61,滝田
68,206,安川
13,201,寺崎
103,22,大越
220,233,柳瀬
216,38,土肥
162,64,岩沢
90,130,福沢
175,71,鹿島
113,254,北岡
99,31,磯崎
197,54,唐沢
16,145,石村
189,246,平原
42,138,古市
122,8,鵜飼
9,251,的場
36,45,野間
222,250,大前
219,197,倉橋
210,193,寺内
231,177,伊沢
150,184,対馬
10,38,古橋
24,226,小村
247,77,河上
38,240,本郷
5,226,河崎
200,30,住田
11,147,柿崎
200,56,鹿野
217,29,我妻
154,201,二瓶
251,206,伴
254,140,船越
134,18,野尻
132,219,粕谷
58,38,冨永
108,77,塩崎
24,210,船木
219,175,安東
135,233,江頭
31,153,東野
198,232,藤谷
19,75,加瀬
100,104,津村
146,230,湯川
190,101,栗本
167,74,安原
41,32,迫田
26,88,加賀
216,133,安斎
223,183,平本
131,94,真野
16,83,小俣
160,199,上岡
97,204,河口
135,140,高坂
25,203,大宮
195,90,相良
133,198,室井
2,201,川嶋
193,113,花井
48,7,仲野
195,226,新川
180,24,江田
16,217,赤井
172,154,坪田
165,169,神保
80,20,小山田
57,68,小暮
198,171,山脇
46,132,坂
97,15,梅木
194,199,保田
99,81,森島
250,144,矢吹
59,42,矢崎
3,232,森崎
144,190,金野
213,205,金
215,193,益子
220,207,塚越
30,73,伏見
72,112,中森
88,5,金原
108,103,水本
135,170,垣内
149,140,芹沢
232,7,関本
225,126,鮫島
107,120,増山
223,123,郡司
181,124,渥美
211,1,谷内
49,41,福元
118,106,松林
113,18,増子
48,106,住吉
110,86,赤塚
241,42,東山
210,151,稲村
122,246,谷田
96,255,下野
55,99,河井
17,228,浜中
96,148,鳴海
213,142,高津
117,110,村越
40,244,南雲
64,103,中道
119,168,大坂
166,202,片野
143,210,金本
231,21,久田
230,6,吉見
180,171,榊
100,124,梶山
5,77,柿本
81,165,薄井
76,138,堺
222,234,玉川
130,167,藤巻
3,188,大河原
137,53,長山
127,18,杉崎
60,7,小橋
26,74,小竹
126,215,大岩
225,240,川内
208,211,神
152,161,棚橋
189,140,梶
90,28,高森
70,14,畑山
191,107,竹沢
209,72,湯本
27,70,八巻
28,92,小山内
152,152,島本
155,213,八幡
167,2,桑野
65,71,須永
79,117,椿
205,228,宇田
110,177,緑川
87,214,下地
32,217,高須
132,237,衛藤
149,132,永瀬
88,178,米谷
169,98,牛島
9,67,竹林
46,112,芝田
239,192,伊勢
251,62,丸岡
38,206,向山
0,74,人見
230,65,安西
60,207,小田島
13,233,西崎
62,143,知念
255,65,大迫
52,18,芝
178,188,二村
150,121,小澤
165,39,村本
212,247,磯貝
23,60,山浦
90,197,木谷
159,203,篠塚
246,29,清原
124,169,山谷
8,126,浦川
59,91,吉武
216,79,赤沢
174,255,小峰
187,97,高本
120,66,桜庭
135,251,福留
150,173,植野
105,188,安岡
87,122,小宮山
187,21,勝山
79,172,飯村
154,88,袴田
196,35,高杉
42,150,岩元
151,5,川名
234,31,平石
32,166,尾関
238,197,小浜
107,94,村尾
164,125,岡林
62,166,磯田
231,20,高林
17,168,鶴見
200,11,加茂
40,19,宮村
246,175,駒井
130,34,谷山
65,201,桂
242,71,関野
79,230,岩橋
181,206,国井
119,10,仲
58,56,木島
241,87,竹山
100,47,柳井
69,227,深川
246,240,兵頭
26,137,犬飼
136,159,小崎
215,224,船橋
83,121,新山
56,0,中平
56,14,黒瀬
159,119,疋田
62,160,長屋
161,53,辻井
81,174,三瓶
127,12,竹島
152,132,板谷
152,81,早瀬
242,58,西垣
36,34,熊野
47,186,米村
249,97,小熊
189,99,丸尾
136,125,若杉
212,237,志水
232,31,平間
245,159,森野
50,42,岩切
28,35,別府
121,246,大杉
141,241,北条
79,160,上条
111,33,徳山
9,178,赤堀
79,144,井戸
147,170,高塚
129,110,佃
255,57,永松
7,11,塩野
11,77,山路
184,170,大上
104,188,加賀谷
17,19,城
235,233,東海
24,19,大屋
27,127,塩川
24,157,村川
208,92,長嶋
216,171,橋詰
202,132,鎌倉
117,95,川又
124,148,鳥越
220,179,生駒
41,255,竹之内
32,72,岩淵
49,46,広岡
207,199,保科
241,134,松葉
130,238,幸田
131,204,山西
248,157,青島
197,32,名倉
218,174,庄子
88,101,砂田
207,205,羽鳥
182,201,田淵
183,4,塙
195,199,末広
185,238,岩見
153,2,猪俣
56,42,大泉
236,252,脇
55,77,日向
17,152,荒谷
47,87,早田
126,97,笹本
167,130,柳沼
187,223,猪狩
83,246,熊本
236,233,上島
136,210,岩野
7,234,高久
171,72,時田
116,129,添田
63,212,桐山
209,90,須貝
127,182,柴
252,126,上西
138,192,上林
17,222,田嶋
52,236,飯沼
248,232,清家
133,68,五島
251,33,新藤
108,113,安本
120,125,長
2,161,土岐
159,255,藤
108,154,松坂
10,243,藤江
136,153,名取
92,107,半沢
80,254,鬼塚
48,70,沢口
13,211,長内
215,77,直井
65,184,平島
233,191,副島
237,57,深見
247,76,安江
1,70,関川
154,32,梶谷
150,77,大賀
90,19,仲宗根
249,80,新
129,254,春田
63,153,新美
18,52,広沢
198,237,山地
53,32,谷岡
40,107,秋吉
158,247,海老沢
179,12,竹井
74,184,萩野
225,131,上地
118,219,安倍
176,103,平木
152,195,竹谷
62,55,湯沢
41,153,大河内
57,197,鷲見
101,40,東田
1,255,石上
31,222,平岩
38,88,脇坂
129,37,赤間
150,130,瀬戸口
104,128,水越
213,202,塩原
78,132,宮武
139,149,一ノ瀬
34,95,大本
7,121,市橋
197,184,神尾
219,100,崎山
216,189,川尻
211,220,長嶺
147,74,近江
172,9,有本
71,174,二階堂
239,251,宗像
134,208,竹川
145,155,越川
248,64,高石
39,199,星川
79,87,石津
126,198,園部
227,98,照屋
211,202,杉谷
23,95,佐原
110,31,池野
222,163,守田
114,20,成沢
135,11,横溝
32,151,元木
190,132,藤枝
50,51,猿渡
242,114,田坂
168,184,坪内
161,91,小松崎
207,209,赤石
11,72,奥谷
248,198,菊川
140,152,大岡
242,229,長江
131,60,友田
18,175,中園
200,86,吉松
139,97,大堀
10,113,大須賀
65,46,宮尾
108,224,堀尾
178,13,姫野
74,138,井坂
110,178,有川
145,102,曽我部
63,149,小田切
66,227,須崎
109,225,川北
89,127,横内
32,214,片平
81,127,船津
152,223,真下
223,165,米川
243,41,小塚
138,252,蛭田
3,108,赤尾
106,45,鳥羽
68,5,亀谷
243,155,吉成
51,74,日置
21,96,新居
252,137,佐田
87,175,濱田
107,12,多賀
226,32,鳥海
136,157,若月
239,11,梶川
161,237,大門
183,255,有吉
157,205,春山
87,147,磯
75,71,新里
124,147,堀部
199,111,東海林
159,98,綿貫
45,191,沖野
52,253,武石
4,25,橋田
119,183,辻野
50,227,吉良
6,126,辰巳
65,91,巽
195,112,江本
213,92,奥原
101,153,田丸
246,109,高垣
205,64,北口
156,190,井関
26,75,大脇
130,118,中込
43,53,大澤
236,106,磯村
201,95,前沢
105,225,八島
185,177,田井
210,154,犬塚
79,133,八重樫
100,151,柴原
216,194,大里
117,216,舟橋
99,69,原島
179,70,佐山
55,24,今岡
223,28,須山
179,173,一戸
64,168,武山
5,33,片倉
174,224,福嶋
90,35,矢作
163,148,坂根
132,152,岸野
229,56,前山
214,47,池永
75,248,作田
36,72,高宮
37,162,河辺
129,165,中江
235,195,鍋島
178,151,江上
137,115,辻田
187,201,寺山
120,2,古野
142,186,伊原
4,204,金川
204,131,新城
175,56,兼子
2,48,若井
47,236,朝日
6,252,馬渕
124,247,北浦
135,171,戸谷
140,89,野坂
212,17,牟田
168,202,宮嶋
102,185,浅利
254,73,間瀬
122,135,高畠
133,249,芦沢
44,219,城間
169,235,河津
109,129,広野
74,14,高城
64,93,横沢
100,136,末次
90,229,景山
18,125,笹田
198,34,永吉
221,182,田山
222,67,梅野
116,119,黒須
8,108,末松
133,95,曾根
113,237,笹岡
149,240,永岡
250,11,小松原
41,59,小田原
80,232,設楽
76,24,藤倉
31,87,泉谷
133,166,下平
152,194,湯田
138,141,木山
147,93,船山
223,67,細見
247,177,国本
25,9,江尻
248,215,藤間
84,8,中崎
239,177,岩倉
84,58,錦織
230,127,中条
111,174,永尾
243,18,熊崎
181,205,隅田
28,255,石毛
238,41,戸村
209,11,石神
249,116,鳥山
42,120,増淵
229,206,白田
67,10,角野
43,17,草間
237,87,真壁
83,186,箕輪
68,239,白岩
101,52,速水
89,52,鷲尾
125,8,赤嶺
22,121,柳本
78,116,日比
125,14,西出
102,44,久松
201,41,北林
234,158,村野
163,10,新倉
45,241,糸井
80,158,品田
31,70,山際
82,207,深津
109,18,白浜
92,251,高桑
148,192,若狭
145,223,仁科
175,243,本庄
217,8,稲川
16,88,嶋崎
198,51,尾田
30,244,峯
220,62,里見
252,236,木元
52,198,飯尾
228,176,大道
71,184,上坂
136,133,阿南
217,137,福村
215,169,矢内
35,233,宮永
60,108,杉江
173,110,東条
73,102,赤池
215,21,一色
171,135,江島
196,218,小木曽
233,134,沢野
67,45,能登
62,244,野々村
249,49,早野
109,51,一瀬
242,237,大浜
138,16,水沢
4,188,大月
99,58,中元
32,148,正田
240,196,桝田
147,0,仙波
84,134,宮部
79,156,宮岡
34,182,立野
11,55,戸沢
133,206,谷沢
195,169,山県
43,58,堀之内
71,217,香月
167,242,宮前
113,170,菅田
204,184,井野
31,196,羽賀
101,164,中瀬
81,251,古家
7,18,岩上
234,86,河島
89,119,上川
186,160,国吉
33,235,鳥井
18,167,勝野
103,10,伊賀
151,31,嶋
254,186,水戸
73,202,迫
153,109,間宮
24,46,古瀬
251,185,赤川
227,120,木場
176,183,岸川
134,41,阪田
190,73,浦上
190,192,桐生
212,92,野瀬
101,253,柳谷
77,129,中橋
70,166,斎木
136,238,田部
18,203,逸見
175,222,中垣
103,200,松倉
113,10,山室
189,122,白土
172,172,門馬
128,217,諸岡
226,167,山木
129,142,安保
111,240,小柴
78,163,溝上
193,153,勝部
93,184,永沢
143,151,檜山
34,130,柘
201,78,岩尾
76,34,立山
176,23,新妻
238,17,北尾
205,182,小野塚
194,50,別所
227,213,榎
138,219,戸川
71,149,津島
228,193,田野
89,80,石森
142,34,石谷
148,25,栗栖
234,177,丹治
106,129,竹野
98,198,楠田
35,25,内川
70,59,山添
16,152,金光
32,1,大串
238,171,三角
109,221,永谷
139,231,深山
65,215,笹井
1,14,碓井
85,94,猪野
87,100,笹木
147,43,笠松
241,49,島野
113,190,柏崎
189,68,椎葉
63,254,池原
8,240,中澤
148,176,津川
73,48,桜木
191,191,二見
22,209,桑山
38,20,山名
76,3,木暮
239,142,山之内
143,52,四方
14,164,小黒
115,246,岡安
224,249,宮井
197,117,柏
83,57,大垣
44,180,君島
129,237,羽生
193,217,奥井
54,242,深瀬
47,224,杉岡
121,172,柚木
27,0,伊丹
134,9,青田
201,161,遊佐
235,235,猪瀬
134,151,梅崎
12,63,広井
195,131,引地
154,67,真島
156,166,杉森
98,130,小牧
169,197,八代
220,206,向
46,36,高浜
71,28,菱沼
192,189,廣瀬
246,148,北本
99,79,折原
90,72,二木
110,215,亀岡
34,228,津久井
117,122,川久保
80,53,浜村
33,173,室田
207,190,浜島
56,86,肥後
172,133,中畑
180,41,峰
229,3,谷崎
5,178,山辺
212,90,神林
217,111,西嶋
155,125,橋場
239,163,清川
130,151,樋渡
78,54,石島
237,60,藤平
77,239,梶本
168,115,兵藤
112,196,小河
8,48,藤永
183,16,桑名
231,179,手嶋
179,63,野津
118,47,根津
111,153,船田
232,52,諸橋
179,116,安里
197,227,浅岡
150,74,伊波
245,132,能勢
86,14,東谷
226,227,穂積
178,143,津野
135,137,板東
125,130,青井
234,194,藤代
0,242,宇都
177,54,中津
90,96,嵯峨
175,18,木崎
180,219,所
171,195,小早川
16,31,新野
56,87,浦山
188,153,朝比奈
121,180,松藤
83,234,岡元
15,209,土方
32,47,森沢
135,136,吉住
116,193,大町
25,233,原野
195,120,中上
197,108,田宮
198,134,春名
133,25,泉田
127,111,喜田
136,251,佐瀬
46,42,池沢
68,167,真木
237,213,李
179,193,東郷
106,218,大黒
242,222,今津
117,164,平出
98,222,中屋
74,81,堀本
57,88,嶋村
177,50,寺門
183,1,寺嶋
96,139,中居
111,111,武市
89,211,吉富
164,13,櫻井
50,208,和気
54,46,高
133,133,竹森
253,158,森内
76,55,門間
148,130,坂巻
63,99,仲川
137,164,綾部
6,32,奥平
224,151,杉
243,10,駒田
154,85,増本
4,86,田頭
173,242,宮口
16,129,高良
110,220,仁木
92,158,沖本
214,124,木野
71,166,粟野
180,109,加地
133,66,森元
230,132,日吉
28,31,倉島
91,31,道下
63,173,井内
46,71,栄
65,73,関戸
127,49,助川
8,99,西内
158,100,露木
87,26,古本
22,107,小野沢
143,103,木幡
249,24,荒田
194,17,陶山
57,133,折田
176,190,奥本
146,77,守谷
206,227,兼田
71,206,大隅
111,78,谷野
177,24,常盤
232,207,白沢
46,101,菱田
47,170,浜岡
80,59,田仲
45,56,香取
168,129,武本
58,114,谷中
8,135,茅野
168,30,牛田
241,30,佐々
145,56,北井
33,25,瓜生
237,71,羽田野
152,82,山越
182,185,福間
177,33,岩川
179,78,櫛田
34,72,久我
176,3,松平
7,110,赤星
81,103,坂内
219,185,鵜沢
227,43,千原
190,26,安野
65,168,布川
103,98,荒巻
142,234,前
52,207,大窪
67,87,笹山
223,164,中辻
11,73,信田
105,1,米本
34,14,金崎
2,115,飯山
223,133,佐古
121,255,新海
245,27,館野
89,171,内堀
22,41,川岸
61,129,稲見
26,216,牛山
255,137,桐原
113,201,福崎
248,110,綿引
61,185,漆原
86,158,渕上
116,236,伊佐
169,218,城田
188,70,大東
8,9,花房
186,140,入沢
192,87,岡沢
169,175,永原
146,128,熊木
81,61,向田
143,61,川俣
172,16,鈴村
57,248,松丸
248,221,白崎
16,114,井藤
73,85,豊岡
167,41,阪上
66,42,大藤
12,10,徳丸
148,122,田沼
41,15,柳生
152,225,西条
207,38,大畠
76,1,田岡
182,140,三野
225,56,涌井
23,179,三田村
9,174,丸谷
40,40,武村
66,211,溝渕
250,83,千野
92,208,蜂谷
181,252,米原
254,107,臼田
199,21,川中
1,15,寺川
224,74,大家
123,233,川下
250,19,古木
107,162,松宮
163,127,安村
219,58,正岡
33,94,野元
59,49,三国
135,141,武智
118,217,宮腰
136,41,新開
207,33,新家
183,206,河端
108,157,吉元
25,150,彦坂
206,73,宮
175,212,市野
147,86,曾我
236,167,坂倉
204,233,田部井
116,250,大出
19,60,市田
156,49,浜谷
28,191,桧垣
155,179,大池
188,65,押田
202,22,宮越
124,17,板井
154,138,丹下
10,245,脇本
250,12,遠田
18,144,越田
138,136,淵上
163,253,坂部
203,2,中間
215,207,魚住
66,60,江村
159,241,今枝
37,106,肥田
247,36,山森
55,39,小滝
252,207,仁平
249,36,小田桐
219,158,森重
200,145,盛田
38,247,水落
196,8,仲井
89,210,宇佐見
148,43,田内
47,37,最上
40,47,中出
0,48,宮木
152,175,福富
111,223,白坂
208,61,甲田
237,125,三戸
136,48,川元
10,169,牛尾
41,7,白水
159,128,表
33,161,四宮
205,35,又吉
115,73,新宅
97,157,木口
224,37,南野
37,226,小貫
103,117,加来
14,42,豊永
29,61,寺村
22,168,安武
61,132,右田
97,23,新屋
12,159,荒
186,10,深野
167,189,谷藤
135,245,吉山
61,212,杉沢
70,102,冨岡
177,108,春木
44,222,権藤
146,23,蝦名
169,100,小岩
43,39,藤尾
81,95,宇井
191,63,柏倉
168,229,小路
32,252,荒牧
8,15,池
57,77,三森
28,88,長倉
32,15,中内
25,193,寺下
20,60,上谷
191,52,戸高
93,148,柿原
105,183,高安
206,10,南川
142,149,権田
40,224,秋月
81,57,古林
148,245,豊川
214,89,古井
96,27,住友
241,36,植竹
159,234,山尾
229,65,仲谷
67,173,小笹
185,170,中浜
231,105,古畑
176,55,武部
248,196,野地
95,72,永江
198,37,古閑
100,4,池辺
82,89,芳野
157,186,稲本
79,119,笠間
238,153,新原
79,41,深町
50,165,三嶋
118,41,広島
225,248,茨木
3,130,畑野
225,73,本木
123,108,一柳
139,214,住谷
78,7,畑田
224,240,桑島
194,74,石松
112,135,金岡
192,70,平沼
248,45,大口
9,30,仲本
155,0,白戸
238,123,新堀
232,101,藤林
51,123,蓮見
254,181,辰己
16,237,勝俣
96,122,宇津木
19,21,相場
164,4,花村
235,26,木藤
105,200,丸
218,233,弓削
11,152,浅倉
99,167,小谷野
212,125,松枝
216,242,槙
93,254,小野瀬
65,90,両角
102,38,尾山
156,113,沼沢
92,125,折笠
1,209,加島
33,93,新名
145,4,草場
248,145,久世
230,240,箱崎
237,80,衣川
48,219,熊井
247,179,仲山
48,247,東川
164,33,阪井
79,207,香西
2,199,館
241,105,越野
199,156,深尾
197,102,蔵本
101,226,柳下
173,250,辺見
86,27,種田
196,65,清
242,220,笹野
32,189,十河
184,135,外川
157,44,冨山
192,179,今中
134,30,片田
148,125,渡瀬
247,134,藤城
137,253,生方
141,32,蔭山
11,136,上松
20,90,島谷
78,166,峯岸
135,149,外崎
21,73,兼松
3,34,土本
93,29,清藤
118,204,谷津
123,150,武川
8,125,白倉
43,176,樫村
87,149,宮西
210,84,盛
172,103,福森
88,214,光田
119,216,芝崎
158,143,浜川
143,23,浅尾
241,172,稗田
249,160,佐賀
69,172,大角
91,249,新宮
70,98,熊坂
181,88,国枝
18,230,稲岡
93,71,梶野
182,188,吉留
113,230,江沢
217,199,勝見
5,23,可児
32,194,室谷
41,152,丹
201,242,馬渡
30,94,北出
209,34,寺坂
199,215,蛯名
96,169,小南
149,82,峰岸
144,236,花木
185,137,大
81,37,真崎
176,32,森村
147,189,具志堅
231,211,向後
10,112,荻田
42,3,尾野
151,81,岩木
60,146,三崎
59,88,廣田
137,75,倉沢
101,58,日浦
149,117,尾藤
105,160,尾島
197,220,斎田
3,5,祖父江
92,4,三品
204,74,郡
145,167,徳重
39,187,瀬野
184,161,瀬谷
95,115,岸上
133,216,松江
97,61,赤崎
230,29,谷脇
227,212,池端
190,125,浮田
159,24,野川
250,231,丸井
139,122,横手
144,93,浅香
132,43,小形
148,195,安孫子
201,10,谷田部
191,177,長塚
113,212,福谷
80,255,岩原
49,251,小針
210,98,轟
78,55,浅原
50,192,弘中
3,64,軽部
198,226,穴井
129,61,上本
210,65,生井
178,155,仲間
191,215,金澤
60,47,舘
59,19,寒川
97,190,本城
211,46,成川
19,45,押川
226,4,磯谷
68,166,会沢
191,11,南谷
237,42,種村
55,32,大北
119,215,香山
74,174,山沢
249,150,瀬田
87,50,宇山
126,60,清宮
142,179,椎野
68,106,水村
239,31,小畠
70,11,蒔田
174,92,木津
37,97,松嶋
48,72,丸本
189,148,油井
98,83,増永
17,45,関田
166,43,原山
243,239,根来
51,236,永見
126,111,藤吉
29,240,北谷
161,85,荘司
116,32,薬師寺
12,5,細江
244,12,井元
121,240,河瀬
26,254,瀬口
129,106,竹尾
29,221,東原
30,130,武居
104,191,中武
70,97,鶴
95,75,土山
104,86,笹森
208,84,掛川
93,162,渡
222,6,八木沢
32,5,北見
93,18,曽田
122,52,衣笠
49,163,堀野
185,253,井下
234,220,堀切
109,215,山家
213,25,竹崎
13,80,楢崎
239,22,西畑
165,132,西塚
132,54,酒巻
73,33,尾花
97,252,島貫
133,164,平瀬
86,225,仲西
216,219,横江
37,55,久保山
79,150,浦崎
235,179,花沢
238,13,古村
148,249,徳本
89,28,木全
172,122,井筒
33,21,深堀
43,196,箕浦
80,129,葉山
120,147,玉村
169,226,綱島
39,254,中條
148,128,田浦
151,200,吉江
243,162,坂入
248,37,柴野
226,204,逢坂
222,178,渋沢
240,183,近田
179,237,倉内
212,57,福西
40,229,笹島
133,29,雑賀
66,0,藤堂
68,241,野見山
199,100,藤元
137,58,矢萩
174,100,金村
171,127,古城
140,209,陣内
163,131,鬼沢
210,17,沢木
4,75,南出
9,106,山北
188,17,只野
186,78,鴨志田
20,199,剣持
155,224,広木
204,79,市岡
141,205,北條
84,169,須川
226,255,名越
173,59,串田
40,196,岩松
113,204,羽山
183,53,西坂
130,91,奥川
213,35,下条
208,217,舟木
93,133,稲毛
194,70,鶴巻
66,138,古庄
59,249,諸星
166,85,西中
12,95,鷹野
197,41,白神
162,236,成島
49,33,出井
66,161,近野
48,187,横地
10,240,倉林
88,74,恒川
188,227,久保木
103,165,俵
106,9,武
14,93,上間
197,14,畠
86,17,辻川
254,240,名和
225,16,高見沢
231,55,管野
162,129,今関
229,34,播磨
104,209,番場
105,83,赤津
172,111,北崎
171,125,熱田
135,1,穴沢
235,18,小磯
161,143,竹岡
115,4,藤沼
154,145,田尾
236,142,猪又
230,120,水沼
112,10,野々山
109,27,宗
23,57,神村
69,244,生野
43,202,各務
158,114,船戸
131,7,猪原
178,197,松森
227,183,中矢
41,57,小河原
218,183,田子
41,55,岡井
88,197,糟谷
26,163,長橋
96,248,古藤
77,197,渡会
43,206,石飛
212,246,猿田
123,160,比留間
151,130,柄沢
16,61,越後
46,222,光永
189,229,谷井
189,144,伴野
228,211,仲里
46,243,関山
172,128,室
190,157,庄野
64,112,成松
80,29,城野
82,244,浜辺
217,144,豊福
232,243,里
53,252,家田
214,51,久富
102,98,中越
5,134,八木橋
231,198,土門
93,53,大塩
14,154,黒坂
179,72,佐治
253,193,大室
179,187,横谷
149,16,若尾
244,206,田平
199,39,長原
231,178,川勝
127,71,東出
227,194,伊井
32,96,高岸
4,128,前村
137,143,岩根
178,231,小向
202,42,藤波
159,160,繁田
9,63,由井
203,61,朝田
241,24,興梠
69,208,飯泉
119,119,菅沢
86,199,加古
121,165,戸崎
29,176,桃井
196,19,北嶋
109,132,新見
234,85,長峰
175,180,八尋
76,244,大戸
135,87,占部
92,54,茶谷
227,62,薮内
113,32,戸部
169,121,福家
81,32,縄田
178,244,宍倉
153,191,丸橋
15,101,小園
38,69,樋田
107,141,一木
180,143,奥津
132,233,尾方
6,187,徳留
132,12,滝野
205,252,富井
139,213,城山
45,2,戸井田
101,201,浜地
154,102,山梨
70,19,有沢
111,125,三宮
78,198,友野
94,180,与那嶺
46,32,池尻
13,125,鳥飼
252,27,不破
40,168,野木
134,137,日暮
113,116,笹谷
130,203,稲吉
120,221,百田
27,151,溝田
165,86,矢代
167,241,蓮沼
4,101,新沼
206,69,西元
163,219,中丸
237,173,梶浦
127,122,君塚
104,104,勝
21,86,蒲生
14,187,宮園
219,147,西郷
147,212,下里
246,110,泊
230,25,木曽
115,227,吉澤
104,98,橋村
13,142,瀬下
68,29,仙田
39,64,橋野
40,88,寒河江
108,96,御手洗
236,209,西方
161,194,黒柳
130,236,白山
138,68,細木
117,147,山科
105,108,大中
224,111,嶋津
205,224,東條
34,221,仮屋
39,157,中馬
149,67,柿木
133,161,松波
212,5,天田
139,20,出水
110,19,森藤
217,140,海老名
84,37,沖山
38,214,舟山
162,128,世古
206,175,土佐
166,7,南波
233,156,粟田
185,45,永沼
209,10,郷
87,56,西條
83,201,氏原
45,76,木川
136,67,矢嶋
91,176,原沢
6,186,外間
224,84,丸野
185,205,関沢
15,204,長南
63,136,古内
11,103,本宮
98,40,立松
101,193,打越
207,65,大神
112,123,月岡
222,55,利根川
137,170,脇山
248,16,夏井
85,218,元田
73,153,幸
166,65,増沢
66,177,築山
33,144,榎田
226,56,宝田
205,207,高藤
158,104,赤田
29,65,蒲原
16,27,門倉
202,177,市来
151,122,国広
150,65,吉谷
59,39,伊奈
248,5,井谷
36,71,稲井
127,22,久永
43,240,一宮
52,239,西部
65,104,高根
6,213,森木
247,43,柳橋
183,238,佐橋
103,16,野辺
198,74,植原
114,232,岩波
139,206,江森
4,57,籾山
28,184,新島
213,251,堀池
74,203,網野
126,225,葛原
225,51,山
95,202,岩月
69,55,中神
66,168,米津
119,213,鍛治
59,200,旭
178,80,佐渡
227,38,春原
24,87,金内
160,189,星山
224,215,築地
216,74,武富
132,161,上妻
236,194,美馬
111,241,宇賀神
120,133,今福
32,75,細貝
175,55,小石
237,79,薗田
144,232,瀬古
57,35,郡山
249,152,田谷
20,141,光岡
47,145,池崎
94,87,宮平
77,40,豊嶋
55,37,立木
95,168,川戸
250,60,長澤
49,121,世良
158,131,安楽
41,228,青沼
140,112,花本
59,92,沢崎
136,35,藤澤
93,115,南里
140,85,萩尾
52,117,与那覇
92,245,友利
3,199,牧原
85,52,伊吹
214,235,戸島
194,239,池口
126,6,白根
177,12,猪口
105,3,畔柳
127,11,府川
63,204,鴫原
182,179,芥川
192,235,瀬崎
70,223,小板橋
165,234,花島
191,4,辻岡
94,107,若生
110,208,八尾
45,234,財津
145,6,水間
140,78,生田目
3,227,斉木
81,143,本吉
90,233,当山
94,38,伊地知
30,117,阿比留
23,77,横瀬
55,242,崎田
37,11,庄田
205,153,大隈
239,90,竹花
117,28,源
17,199,笹尾
150,17,秋野
24,49,滑川
48,233,新井田
122,242,西林
244,14,梅谷
179,67,野末
223,136,千賀
8,58,相澤
194,25,当間
235,222,早崎
67,33,山野井
168,247,花輪
186,79,竹口
47,221,元山
146,170,神宮
107,203,沼倉
38,139,富川
191,197,円谷
109,240,五十川
34,70,高下
109,44,上井
13,209,富塚
168,212,茂呂
23,197,稲富
140,32,川津
139,247,淡路
236,37,砂原
196,144,檜垣
39,55,鏑木
221,112,宮澤
7,219,平子
203,106,末田
123,107,戸松
25,12,若宮
68,99,大渕
207,137,大園
14,36,山藤
164,164,棚田
119,251,秦野
184,212,磯辺
56,26,加川
54,135,宮路
91,231,池村
130,5,蛯原
243,77,兼平
166,83,山部
98,21,沢本
217,12,森上
70,83,尾川
184,55,宮森
101,133,倉地
52,242,福重
192,38,喜納
42,146,重村
223,3,鶴谷
146,31,干場
228,6,駒形
197,167,糸川
51,32,小中
37,183,登坂
226,248,鴇田
185,166,棟方
102,211,吾妻
44,137,今城
211,80,水木
22,99,矢倉
189,58,有坂
229,81,大淵
230,202,水津
81,176,津山
164,51,岩山
167,211,谷島
163,105,中鉢
223,135,草薙
222,59,種市
39,228,梅林
33,204,島岡
233,216,稲生
98,147,柿沢
223,209,奈須
122,211,代田
25,239,横倉
43,34,久原
169,78,笹倉
4,113,川満
19,77,楠木
66,74,鏡
23,220,杉尾
223,88,大蔵
249,145,沼尻
82,9,馬越
78,209,上平
204,210,浜名
238,199,本川
115,135,浅海
93,151,嶋本
43,78,香田
223,250,荒尾
177,107,石見
74,223,芝原
112,254,入山
94,52,中筋
251,88,梅山
62,5,楢原
118,23,南沢
131,23,荒瀬
238,210,若菜
192,128,常田
106,33,村崎
125,250,村沢
128,207,板野
41,244,潮田
104,147,広畑
81,20,古館
43,253,西海
186,242,赤瀬
222,98,新木
202,222,高間
7,193,川手
152,204,徳原
197,211,春日井
64,57,川浪
48,38,二川
120,76,神藤
230,24,仙石
94,98,貝塚
147,48,一条
19,68,栗城
241,95,蟹江
213,171,菊谷
195,241,上條
250,221,本沢
255,8,梅川
234,68,勝木
162,254,湯原
238,100,杉下
244,5,水嶋
1,197,安宅
199,213,紙谷
3,158,南条
155,26,出村
22,145,宮元
129,172,広中
194,118,今里
174,91,笹
44,34,橘田
198,6,公文
6,183,薮田
50,189,黒石
0,77,大金
40,143,水原
33,124,沢辺
137,162,高屋
1,150,重野
146,64,入口
125,188,黒沼
39,169,秋谷
28,36,蓑田
41,230,横堀
45,202,道上
26,126,滝井
130,215,小野里
8,119,高取
75,39,植草
177,106,鍋田
34,237,外村
31,56,諌山
196,245,増川
103,65,村島
249,53,高口
118,124,近
127,252,中家
61,50,亀川
99,228,古里
234,73,込山
230,190,出原
79,34,三石
95,105,横関
46,73,秋庭
4,48,杉井
220,105,増野
24,90,打田
91,19,稲森
228,226,山道
188,217,増岡
218,152,猪飼
24,180,小浦
76,202,糸賀
58,108,磯山
139,87,伊田
69,248,橋元
70,159,立原
66,241,笹沼
145,228,守山
88,15,上中
33,227,谷垣
8,137,萩谷
60,38,若原
17,130,西平
229,108,下原
207,181,川部
118,109,林正
49,88,美濃
8,191,横塚
95,82,室伏
105,84,神代
60,35,上月
28,94,末岡
45,17,楠原
235,161,津崎
186,144,渋川
211,16,酒匂
75,110,江戸
232,246,下岡
203,37,座間
188,55,石堂
122,68,岡嶋
72,50,植山
228,244,霜田
33,143,吉浦
114,112,国松
150,216,小国
208,247,木部
253,247,前畑
99,239,渋田
102,206,市瀬
199,16,堅田
187,160,赤沼
165,25,柏谷
71,122,満田
207,253,鴨川
241,55,石戸
77,214,立田
157,35,間
249,72,直江
125,2,六車
143,130,西澤
138,170,鹿内
156,118,角井
25,158,永石
19,148,川路
73,89,油谷
182,26,安間
145,226,玉野
130,148,小阪
102,65,魚谷
137,110,新津
202,44,片寄
78,194,久下
223,233,弘田
36,135,赤城
222,71,藤中
194,107,張
110,0,唐木
197,208,三代
12,57,小見山
251,99,高部
239,76,重本
56,129,樽井
211,103,湯山
199,3,新庄
239,73,宮谷
201,157,倉岡
105,120,中口
32,153,新納
53,219,樫本
35,67,館山
147,223,細矢
67,0,戸倉
36,189,安富
215,235,下島
53,213,水元
147,46,堀場
191,157,間野
46,233,喜多村
79,152,国武
106,191,蔵田
99,200,有山
117,54,岩堀
34,244,昆
78,0,柿田
37,1,美
28,67,弓場
31,118,上園
53,159,新岡
150,60,五月
172,24,与儀
243,61,八鍬
155,145,神沢
150,98,十川
147,84,舛田
238,241,堂本
15,127,粟津
217,173,窪
166,131,周藤
115,77,蓬田
176,8,井ノ口
101,119,樺沢
149,6,五藤
156,167,生島
215,17,津曲
112,185,永嶋
213,211,久慈
19,177,柴垣
101,176,牧山
60,244,久住
112,189,高平
239,92,三吉
225,202,船本
125,30,吉池
2,95,隈元
90,89,藪内
221,238,白幡
206,180,海藤
15,206,桂川
207,228,知久
92,197,木沢
125,46,小城
147,27,大八木
177,128,広谷
125,50,森安
205,247,張替
26,179,飯岡
242,110,金成
37,198,山賀
202,154,桶谷
88,165,水井
8,120,草刈
88,71,大瀬
241,179,毛塚
20,112,花谷
130,98,森園
246,70,北爪
233,254,上
130,83,門
180,72,高階
236,105,梨本
141,101,四元
164,138,江端
60,138,江幡
117,68,安島
14,14,加治
144,75,苅谷
35,132,田窪
243,150,菅生
203,29,八谷
49,246,臼杵
34,226,鮎川
199,184,三塚
150,40,室岡
93,116,神長
7,74,小枝
213,84,森原
4,231,関原
246,7,沼尾
152,16,浅賀
52,62,水川
149,245,沢山
0,189,先崎
220,141,藤丸
240,28,池下
24,168,寺口
122,126,岩岡
154,56,浦本
49,135,大地
98,176,足達
94,220,黒野
137,113,池島
215,136,深水
144,251,久本
170,99,由良
1,223,芦川
218,33,浦島
228,32,奥沢
26,243,国田
206,8,島川
108,209,楠瀬
182,232,樫原
35,72,山原
220,67,阿保
230,21,郷原
33,115,永友
107,206,上出
125,86,山里
146,154,藤浪
72,173,藤生
60,113,浦部
216,131,羽根
108,228,横野
234,40,針谷
59,65,大住
175,72,長村
31,102,吉森
139,190,上嶋
142,103,城所
52,10,下谷
154,18,西堀
2,98,嘉数
79,7,上遠野
230,152,仲沢
110,52,浜松
249,3,綿谷
243,188,京谷
228,69,儀間
237,169,菅家
166,22,千代
248,15,池山
70,187,長縄
38,106,和久井
11,194,中司
148,10,有働
200,172,本谷
161,112,喜屋武
106,154,下沢
221,104,古澤
3,20,栗木
229,17,江畑
254,2,峠
138,232,薦田
28,203,横島
114,245,吉尾
254,111,宮林
174,67,荒金
230,68,出田
115,137,入谷
57,53,寺地
113,9,塩入
28,140,黒澤
190,30,明神
144,155,丸茂
2,92,折戸
241,198,東本
18,98,橘高
55,131,瀬戸山
117,94,横須賀
233,229,松隈
242,163,陳
166,240,丹波
111,19,増尾
245,180,高須賀
21,49,斉田
252,122,池戸
91,100,東口
101,18,市場
241,196,芝野
114,229,松居
172,165,西上
169,95,大類
112,200,池川
30,138,安食
209,126,万代
193,120,安河内
14,98,小野崎
66,243,国友
143,152,三本
244,184,椎木
51,135,鴨下
71,127,門井
222,130,有井
178,114,戸井
31,55,小尾
204,120,小峯
180,54,島根
37,3,本島
142,45,倉谷
105,135,井崎
221,23,溝部
202,173,高月
44,79,多胡
106,199,今林
31,129,上甲
253,165,深澤
107,246,花城
209,118,川鍋
202,198,天羽
157,12,蜂須賀
66,222,神津
80,43,大薮
139,58,滝上
150,218,尾高
158,55,纐纈
109,178,刈谷
70,52,大柳
222,119,滝下
181,111,飯沢
139,243,桝井
31,2,川澄
4,7,中務
11,202,熊川
253,201,三尾
160,150,森光
107,129,箭内
156,183,光山
45,237,大松
225,45,塚崎
35,162,嘉藤
229,222,高江洲
254,85,重岡
111,35,江見
61,166,小清水
32,179,武政
90,58,間中
204,43,田巻
83,103,有泉
193,73,福川
51,230,本岡
142,30,桝谷
147,215,鵜川
212,49,沢谷
17,37,峯村
139,46,豊原
139,77,徳岡
132,166,都筑
146,190,森正
57,58,迎
181,90,安
67,164,島内
234,60,外園
146,30,諸田
90,163,河原崎
1,184,堂園
91,96,近沢
246,131,出雲
151,213,畔上
101,4,小塩
48,133,寺谷
165,210,勝村
60,212,城下
19,54,進
204,109,西宮
18,225,石部
125,60,竹元
187,243,勝本
126,112,日笠
238,57,桑村
177,226,大嶽
55,132,都丸
214,120,園山
16,1,槙野
187,145,大嶺
254,211,大辻
102,209,戸嶋
106,78,坂崎
223,196,上垣
190,173,桃原
255,234,内間
122,163,尾沢
159,175,野添
48,59,門野
252,205,関屋
69,47,塚野
149,179,永富
91,57,土江
123,249,柏田
148,46,若木
195,38,甘利
63,61,漆畑
26,183,森屋
196,187,吹田
48,149,山井
165,77,榛葉
231,125,大日方
56,159,冨沢
132,173,穴田
141,5,石河
89,183,間島
97,7,笠
83,114,押切
149,95,古河
246,4,檀上
230,33,刀根
178,79,飯干
148,5,友永
143,145,三富
246,253,市毛
93,146,篠
27,100,大重
250,62,屋代
213,110,桐谷
109,137,建部
93,182,古舘
156,211,村下
3,6,大河
23,140,米澤
117,232,名古屋
97,46,上木
249,161,黛
237,205,藪田
30,181,稲木
229,131,藤瀬
179,82,二神
175,11,大川原
22,1,永森
123,77,池ケ谷
8,236,鍋谷
227,93,薄田
55,116,椛島
191,240,鐘ケ江
158,108,東村
38,116,志摩
232,6,松久
240,181,上野山
37,164,重信
227,46,羽柴
5,28,照沼
191,15,津留
246,227,印南
250,138,広江
45,92,大羽
98,68,反町
19,80,花崎
173,156,浜砂
119,6,冨樫
69,146,久家
95,34,国沢
82,6,三山
96,242,勝亦
65,227,東島
44,106,大曾根
150,141,下元
237,171,安斉
10,181,金尾
153,251,深江
30,242,碇
164,118,田邊
142,54,尾本
163,247,浅山
26,233,平谷
105,75,桝本
13,180,知花
9,117,長門
137,126,羽根田
41,115,寺前
169,22,藤塚
69,129,納谷
224,254,三重野
78,183,小見
107,242,馬淵
205,197,林原
139,68,石関
169,15,上里
88,9,金木
198,29,吉水
248,142,海老根
59,205,井尻
33,63,呉屋
105,233,森戸
250,76,翁長
54,192,貝原
21,19,堂前
5,180,堀米
208,184,愛甲
100,98,稲場
212,87,阪野
96,35,宮入
150,232,花野
56,218,棚原
94,104,駒沢
79,108,西牧
162,246,百武
224,14,北畠
150,15,遠矢
66,250,森尾
197,17,島倉
210,234,朴
186,33,力石
20,65,西園
156,224,黒島
54,27,押野
207,170,三河
127,153,宗形
201,65,栃木
196,154,小淵
5,6,川地
4,123,嘉村
235,198,川原田
112,78,昆野
179,48,大成
56,202,箱田
247,203,蛭川
138,119,玉山
62,172,勝間田
48,203,松戸
159,13,真部
129,79,笠島
23,68,久保寺
58,201,紺谷
187,196,信太
139,204,江連
28,89,小瀬
137,94,若槻
243,100,紅林
5,107,新崎
124,98,澤
138,150,今橋
0,79,加賀美
183,118,安彦
59,146,国府田
127,104,谷上
249,236,金坂
201,177,桧山
10,61,今本
47,8,桜沢
174,147,酒向
163,250,壱岐
166,233,糸山
74,70,中前
82,232,中倉
193,25,庭野
158,82,羽場
249,66,戸張
153,84,西藤
5,92,海津
154,190,川人
120,68,泉川
136,194,幡野
200,130,里村
222,90,簗瀬
49,201,糸数
212,0,貴志
216,55,神吉
204,68,小方
182,43,真柄
53,127,安福
253,233,中城
189,162,天谷
17,57,田久保
6,0,峯田
188,202,由利
57,70,中台
134,20,郷田
78,234,駒場
237,251,秀島
238,76,真弓
9,32,末武
77,229,葛城
157,148,壁谷
141,75,角川
198,124,初田
104,216,針生
212,159,真砂
106,119,小長谷
243,119,高地
201,206,江良
222,229,松澤
127,126,元村
204,10,柳澤
200,45,山平
135,103,蓮井
140,151,南山
165,226,帆足
20,243,鎌形
231,154,篠木
22,68,神部
120,34,野宮
144,12,花柳
98,221,貝沼
153,39,黒滝
55,128,天川
59,213,田之上
115,200,藤内
111,34,池畑
0,17,玉利
145,198,貫井
219,247,諏訪部
252,118,土川
48,63,浜井
248,243,猪熊
249,50,丹沢
184,0,小田部
217,77,後田
97,14,安沢
243,147,円山
193,221,三川
198,160,沖村
92,202,京極
119,245,執行
140,196,田本
28,198,小木
168,45,神永
105,176,五嶋
231,62,西城
146,250,土師
154,84,宇治
127,133,降旗
200,213,市丸
104,246,大見
239,46,安芸
168,37,染矢
75,72,光本
68,130,米満
82,213,片柳
28,254,鈴江
254,203,東浦
187,1,大武
87,98,沓沢
232,15,根木
232,118,中路
155,90,宮浦
66,39,寺脇
103,40,川谷
218,149,岡原
191,178,柘植
194,201,南條
238,169,麻田
52,68,木寺
226,99,徳光
186,119,龍
191,187,村石
239,219,立岩
34,33,戸上
230,248,山戸
77,152,山瀬
44,90,藁谷
221,168,古池
16,209,三苫
221,120,住本
192,236,豊崎
31,117,国島
137,56,尾原
12,238,中下
35,140,西久保
119,223,菰田
26,2,光井
143,175,高比良
242,182,実川
50,117,大草
151,79,永倉
113,185,桂田
64,203,小鹿
234,192,澄川
146,239,菱川
214,28,阿久沢
139,244,宇高
110,21,舘野
69,190,早乙女
14,66,友松
220,185,蓮池
13,112,森中
112,121,井手口
184,163,梶村
7,155,三船
183,223,朝野
71,96,輿石
181,212,清沢
107,207,村林
197,169,徳武
141,240,仲島
52,142,徳井
178,166,重森
39,60,和知
172,169,菊本
221,185,青砥
40,232,井浦
212,106,南口
121,116,中安
65,127,中藤
31,48,三瀬
84,104,倉知
10,139,下坂
191,92,桜本
88,124,平嶋
51,81,宗田
150,108,秋沢
162,232,室屋
181,49,鴨田
25,236,今吉
121,169,上久保
217,126,竹腰
60,158,藤下
224,246,相内
90,183,沼崎
128,122,広部
33,130,古宮
63,94,横浜
202,93,小野木
64,236,長畑
83,243,徳島
233,184,出野
171,250,藪
3,77,酒本
196,17,久木田
108,197,幸野
211,252,坂爪
250,28,竹上
61,99,市山
112,120,相楽
7,113,九鬼
179,209,広本
130,208,日原
203,131,新地
25,93,鳥谷部
127,1,川副
148,224,野澤
42,255,櫛引
30,4,平戸
57,28,中北
22,71,相羽
55,113,是枝
128,2,古関
59,66,狭間
149,44,芦原
243,80,加治屋
8,231,黒河
73,227,陰山
17,72,久島
91,83,岡戸
230,117,溝端
75,70,高市
182,89,井伊
117,56,橋川
40,119,交告
181,78,藤嶋
67,95,樋上
45,143,牧村
113,228,笠木
250,205,出川
43,105,薮下
183,169,八百
184,160,洞口
165,52,笛木
75,161,鶴崎
175,250,坪倉
130,22,江間
251,254,貝瀬
129,64,桑本
223,120,上江洲
133,210,峰松
40,138,澤井
96,119,鵜野
84,167,榎並
166,140,鹿田
221,12,西江
122,209,木嶋
123,204,梁瀬
139,151,稲沢
137,8,奥西
158,212,篠宮
222,171,小日向
249,208,小湊
56,232,上口
160,57,飯高
157,242,北中
136,190,村橋
132,217,大館
224,7,土生
42,158,町野
229,141,酒見
236,216,古郡
137,114,芦野
63,150,王
232,50,岡庭
12,127,駒崎
255,52,戸辺
154,211,釘宮
54,143,奈良岡
227,182,加山
168,24,坂西
224,150,南田
30,157,矢田部
8,248,古江
126,20,諸井
102,87,東城
247,82,安積
18,29,桑畑
113,19,刑部
57,222,得能
159,161,三須
191,167,川渕
251,27,谷地
62,102,芳村
109,216,湯口
36,248,大宅
96,95,金高
216,89,永峰
75,231,新本
221,7,中野渡
163,96,福住
171,132,鯨井
135,203,子安
157,41,倉光
37,98,砂山
13,145,有木
88,63,横森
136,81,屋敷
128,111,泉山
21,140,北垣
128,10,興津
47,144,寺戸
229,128,御園
211,107,貴田
135,190,樋川
15,218,伊礼
62,91,貴島
14,45,三根
205,109,増村
248,104,浜元
80,178,北脇
185,124,仲原
153,66,山端
139,39,吉中
80,17,栗崎
28,127,原子
114,216,中川原
100,94,藁科
186,184,澤村
198,82,渡井
153,230,呉
89,157,吉橋
178,198,伊野
196,130,永塚
47,33,橋
240,146,元吉
113,63,田路
221,89,薗部
106,208,岩坂
58,155,三坂
201,101,白谷
92,69,志岐
244,74,古島
136,118,国安
215,139,杉木
63,58,和久田
140,249,池松
194,202,村元
250,44,額賀
150,172,入野
182,117,阿久根
55,38,崎浜
143,45,川東
136,160,増谷
123,87,多和田
17,210,萩田
190,223,風見
152,126,丸川
11,22,今成
225,228,石浜
227,74,足利
8,127,角南
108,26,図師
133,173,秋場
45,199,田添
64,166,垣本
44,164,射場
123,192,倉重
6,125,久山
253,206,行方
150,41,俣野
204,227,笠谷
61,232,塩月
145,136,伊部
171,55,川平
30,194,納富
72,240,原川
171,200,黒井
253,156,幸地
87,168,古俣
231,146,野畑
165,84,延原
22,166,宮良
101,96,沼野
210,91,新留
2,223,中桐
110,34,小金沢
192,58,当麻
96,12,波多江
188,36,白須
238,151,井岡
117,169,作山
102,197,中津川
10,60,横道
75,22,重富
86,197,村口
134,143,綱川
249,76,宮山
250,167,榎戸
172,25,塩塚
58,188,海田
10,15,須原
93,226,扇谷
144,140,森部
117,167,池部
106,89,馬上
102,95,矢木
46,22,片瀬
247,47,茂野
159,188,西浜
70,106,有岡
112,68,河部
52,17,袖山
123,171,羽石
160,120,橘川
138,62,宮代
82,241,薄
10,88,浜上
22,91,光武
46,140,飯森
82,92,麓
9,136,明田
160,84,新関
204,136,釜谷
25,96,吉竹
193,166,栗野
185,96,飯嶋
124,124,伊集院
165,20,井島
248,193,英
145,230,坂梨
102,239,新沢
99,129,森泉
81,114,木佐貫
29,8,目崎
146,43,羽原
193,149,下西
164,93,井
6,132,吉木
218,4,高萩
253,71,山野辺
120,85,清瀬
117,243,生川
0,128,和久
63,112,芝本
91,212,末光
244,60,藤松
80,250,蒲田
204,34,永坂
56,73,安立
153,120,酒田
190,128,池亀
163,52,日向野
83,209,八坂
219,118,武者
166,53,稲山
106,71,佐倉
69,93,滝谷
42,244,槙原
119,228,友部
47,108,林崎
237,135,榎木
168,103,下
217,101,海老沼
108,241,前橋
13,7,安住
113,70,上森
172,108,福光
103,5,伊庭
200,190,勝呂
0,111,川
210,182,米良
227,136,半谷
153,194,藤戸
151,61,仲地
93,110,前嶋
253,51,星田
223,202,吾郷
162,255,富松
7,47,下園
223,16,洲崎
77,250,小須田
72,38,天満
201,76,野内
66,244,那須野
127,15,谷原
205,2,高川
128,152,松浪
169,158,醍醐
126,9,田熊
200,250,楠元
103,93,塩屋
24,254,岡谷
169,122,岩島
51,232,礒部
151,229,峰村
78,167,藤居
170,218,渡久地
154,29,角屋
221,57,賀川
164,111,江草
52,182,竜田
52,50,金指
123,237,徳久
171,171,岡松
243,85,黒部
95,63,波田野
19,227,亀沢
184,35,乗松
115,219,有元
7,70,梁川
168,242,叶
182,181,釜田
184,112,松前
51,124,網谷
206,74,玉那覇
135,20,仁田
149,12,千代田
244,177,滝山
80,234,椎原
49,245,南方
6,161,武笠
195,175,東江
239,174,中溝
235,216,五木田
237,217,乙部
240,136,大鹿
229,235,守
170,246,重永
198,75,尾畑
224,192,和賀
47,143,境田
183,113,芝山
72,123,常松
121,65,萱野
247,168,行田
16,178,高砂
89,39,国重
156,38,小堺
215,232,小田嶋
234,198,薮
136,173,喜友名
202,206,近森
174,52,丸子
7,96,染川
89,250,坪根
144,91,植本
160,14,穴見
176,90,軍司
91,219,梶井
161,134,時任
227,32,竹永
212,209,浦辺
181,89,小此木
244,116,多賀谷
102,228,嵐
216,204,虻川
5,201,見上
111,150,溝江
58,81,滝島
83,115,有光
19,150,仁藤
3,208,永浜
188,27,山手
7,170,小森谷
123,244,染野
13,26,武蔵
197,100,木庭
30,166,藤橋
99,74,千島
67,177,是永
164,102,沼口
142,199,奥寺
163,211,塩津
237,55,井山
96,160,槙田
137,200,鷲野
203,243,永木
49,149,小橋川
226,143,泉沢
204,99,朝井
250,7,野下
94,243,坪川
250,54,登
156,29,安松
39,110,鶴野
115,178,笹部
35,47,船水
147,96,米井
109,187,伊豆
81,168,七海
12,247,伝田
167,107,布目
109,54,本
221,118,天本
191,57,赤岩
62,54,牛丸
43,166,椛沢
199,243,下出
36,212,境野
70,244,江角
61,19,赤平
160,12,三和
141,39,勝浦
200,69,内
33,160,上沢
161,29,阿曽
218,0,越前
26,217,恒松
149,147,桐野
137,70,鈴川
101,246,苅田
133,94,松瀬
79,137,大藪
20,17,百々
63,34,引田
244,199,入倉
117,83,波多
21,118,富安
247,118,有松
20,54,福
25,28,城本
61,190,重藤
23,31,黒住
156,244,浦谷
145,3,安中
0,50,鬼木
61,130,山畑
117,59,萩本
198,31,浪岡
186,24,海老
234,137,角本
221,26,田場
190,241,門口
150,6,吉満
207,254,江波戸
97,210,沼
172,129,千
37,21,前谷
7,209,谷合
111,89,鷲田
23,12,芹川
93,15,北畑
237,108,萩
110,100,岩脇
86,77,五反田
146,224,内木
240,144,須佐
201,89,升田
41,238,花山
219,95,浦井
184,173,甲斐田
28,3,塩島
166,34,茶木
115,250,中浦
151,36,吉越
210,212,坂尾
131,62,板坂
54,152,牧内
159,82,瀬山
196,249,二本柳
228,203,伊崎
68,180,伊勢田
109,76,光安
154,25,北上
221,52,来栖
189,168,小柳津
234,209,池添
121,213,恒吉
24,37,作本
85,152,倉科
2,108,竹部
238,222,柳楽
205,146,徳野
65,165,天沼
181,135,樽見
179,8,倉
38,27,宇賀
216,61,金杉
85,64,秋永
35,59,鷹取
202,147,辰野
94,231,長根
139,40,岡川
131,242,三神
3,147,青戸
51,193,矢川
17,58,粟飯原
93,158,玉谷
122,69,国見
21,207,指田
51,39,持丸
92,195,白尾
56,233,新出
64,126,穂坂
148,246,斎
163,217,神成
218,36,荻
168,79,糸永
174,7,御厨
246,115,河北
46,210,古矢
190,222,生沼
138,101,鄭
149,202,藤掛
199,34,徳竹
14,116,高根沢
174,183,倉石
41,98,保谷
64,5,堀込
65,205,礒野
120,229,芳川
155,2,晴山
38,49,元井
179,214,亀崎
37,251,越
14,191,沖津
133,229,蒲池
119,24,勅使河原
50,127,名嘉
8,180,外岡
59,64,仲尾
246,139,当真
133,118,来田
120,240,弥永
154,120,蓑島
108,131,波田
75,150,杉林
109,189,下井
253,75,石綿
232,62,扇
201,253,前岡
50,10,坪谷
65,53,北郷
232,80,卜部
209,89,左近
231,169,崎原
33,134,清永
39,182,西河
60,202,草川
246,201,鳥
95,158,園
128,49,樫山
215,152,森実
174,192,川向
104,65,羽野
228,139,十文字
13,67,利光
235,176,茂田
4,166,日隈
60,23,大寺
102,156,赤司
106,29,蒲
253,217,宇佐
36,5,久保井
174,171,松石
110,217,赤穂
141,18,末木
72,120,児山
45,81,苫米地
94,224,二上
240,252,隈部
139,95,柴谷
202,7,蓑輪
160,133,寺林
155,101,屋良
83,165,青谷
61,109,町井
46,26,友成
75,130,荻島
79,83,森松
134,187,星加
250,17,泉水
187,119,松見
176,150,力丸
67,31,勝間
173,2,立岡
246,9,堀岡
247,250,小屋
144,71,坂中
108,215,開
221,222,鮎沢
124,64,金平
242,85,小田川
36,15,安居
191,81,塩山
97,123,久高
182,116,久村
48,189,布田
235,1,葛谷
99,225,細山
234,102,石元
34,173,千明
24,99,柳町
223,168,黒羽
73,215,寺原
252,2,可知
3,73,鍵山
120,202,大元
114,175,大川内
209,251,尾下
65,80,菊井
187,46,茅根
181,69,伊与田
160,177,皆木
118,34,石戸谷
126,83,村谷
122,162,伏木
186,163,児嶋
16,57,上石
69,156,大部
110,204,田近
8,129,田北
90,81,米森
103,224,進士
9,6,樋野
81,77,大国
252,203,朝山
133,184,石尾
179,26,牧島
1,47,犬伏
18,14,坂川
114,111,三澤
229,238,芹田
158,34,小野原
93,219,朝長
106,48,八塚
237,105,松長
181,92,戸口
219,114,山神
47,163,川浦
143,221,徳江
2,232,網代
104,92,奥出
76,98,鍵谷
22,174,大根田
213,143,福浦
143,89,平手
224,218,阿野
188,141,穐山
50,130,垂水
190,177,水流
226,6,濱崎
5,140,西巻
213,192,石郷岡
254,121,池浦
57,125,白藤
64,228,和島
249,191,美濃部
49,207,朝岡
19,158,仲松
127,145,森嶋
189,136,鹿毛
18,154,師岡
5,34,光野
88,224,柿内
52,154,三留
119,193,城島
148,229,木俣
245,14,庭山
185,172,矢原
62,254,輿水
14,210,並河
159,92,二井
155,72,大曲
206,29,車田
14,160,四戸
19,210,古堅
112,177,荒武
148,217,高草木
254,70,中町
81,128,長堀
249,137,牧瀬
19,187,筧
42,1,黒江
164,246,山縣
154,73,名村
141,133,野平
221,47,木立
51,56,網本
146,126,粉川
56,43,大栗
111,221,成岡
110,148,菊島
160,42,県
149,3,鴻巣
237,179,渋井
213,216,藤浦
210,202,柳内
11,244,岩戸
32,236,城内
87,197,丹生
94,85,井之上
148,216,稲福
142,238,海江田
14,232,楠見
138,45,北澤
108,98,有野
190,172,加田
204,62,三ツ木
47,241,白取
9,71,野々垣
7,14,北里
200,4,川出
23,117,江部
117,191,下津
241,211,阿武
129,54,出羽
25,250,政岡
2,230,島原
200,117,成毛
68,47,内倉
164,165,福丸
227,106,宮垣
133,85,功刀
10,8,多々良
235,174,北園
101,202,江坂
187,102,柏村
159,206,久光
174,180,狩俣
129,44,松延
45,31,正村
206,75,津本
112,206,木南
155,50,水内
3,106,大柴
16,148,姉崎
254,136,今堀
87,44,高辻
206,80,浦口
52,234,宇根
137,227,松
202,19,乗田
112,149,見目
125,32,早乙
86,157,大丸
85,169,田名部
71,162,戎
173,99,正井
52,0,清岡
46,90,宮国
95,185,後藤田
56,201,重光
212,142,清本
238,220,門屋
48,121,金津
225,47,西端
146,120,棚瀬
131,229,近松
85,176,山寺
76,87,真子
99,251,西牟田
99,124,増原
52,143,成清
199,147,杉元
236,121,佐保
29,79,駒村
24,201,渡嘉敷
161,75,茅原
177,136,久留
219,15,板津
19,235,阿川
222,134,寺園
148,99,竜
205,254,永川
131,214,高波
44,11,藤坂
167,102,武岡
206,50,一井
242,89,室橋
130,232,竹之下
40,85,番匠
32,250,米岡
64,81,黄
20,175,関塚
21,126,広橋
149,180,笹崎
61,160,圷
225,249,津金
156,156,原崎
168,82,家村
44,128,河原田
73,133,鎌谷
240,155,岩男
20,11,西木
209,226,椿原
94,245,嶋野
60,25,徳増
115,179,本松
129,164,江副
147,60,坂場
111,13,潮
204,141,竹市
177,236,鴨井
205,188,向江
56,48,降矢
178,126,重久
245,42,銭谷
139,16,瀧本
83,220,武末
155,81,平澤
153,248,武沢
14,41,畠田
250,202,敦賀
202,91,霜鳥
108,50,成井
141,63,佐多
156,153,牛込
110,104,高岩
32,234,中坪
15,89,鳥本
95,146,渡口
195,231,南原
128,174,関矢
253,174,細越
174,157,鳥谷
1,159,万谷
152,21,久岡
192,126,三隅
67,49,七尾
134,63,梅垣
40,109,福江
146,228,伊能
250,175,小串
39,40,浅間
214,207,万
43,193,勇
155,70,杉内
57,171,枝
14,23,黒宮
82,3,金久保
163,7,古森
12,89,小藤
43,191,辛島
207,17,片上
153,175,豊村
142,9,稲熊
144,109,瓜田
239,244,竹松
8,153,長部
99,53,鈴鹿
118,196,塩井
15,84,我那覇
200,228,桐田
127,175,国谷
58,149,今尾
190,224,平方
165,145,椋本
215,221,濱口
229,169,管
128,140,岩館
163,236,大日向
140,218,米野
116,123,富谷
193,232,成富
43,12,小又
109,249,小佐野
176,71,根間
215,197,奥島
119,145,額田
20,20,宗村
48,166,篠沢
217,252,松並
254,19,大田原
130,69,中河
238,78,中泉
200,246,吉丸
122,125,逆井
229,245,溝井
3,194,跡部
170,252,武知
3,101,矢後
76,180,尾中
33,193,池間
85,231,森高
117,195,渋江
239,173,久木
208,70,海保
128,18,城谷
40,217,大内田
177,196,武下
246,236,脇谷
189,9,矢ケ崎
127,142,門前
156,105,十亀
133,144,若本
157,223,鎌野
218,162,稲永
34,113,一條
206,144,税所
39,128,中地
219,238,畑本
66,49,藪下
2,121,岡内
170,241,久間
29,3,川淵
5,10,長町
113,119,殿村
170,188,道端
4,242,徳村
182,19,尾西
67,203,福吉
204,25,国光
190,170,武野
211,188,平栗
127,154,坂井田
113,13,今坂
222,92,古泉
117,218,永易
5,192,井手上
45,11,伊川
191,45,下浦
90,208,館岡
138,233,熊代
169,157,馬田
86,250,平柳
51,133,北森
128,119,薮本
229,122,永安
81,90,竹ノ内
128,21,与田
64,13,友寄
115,43,本井
190,215,幅
249,249,長船
2,14,在原
64,111,苅部
175,238,屋宜
115,81,鹿又
59,236,酒谷
221,250,水崎
80,243,千坂
198,140,蛭間
17,154,名田
57,50,平泉
31,245,土手
0,215,新貝
11,200,伊佐治
80,87,作間
211,229,鹿山
49,67,小宅
13,41,南場
186,246,出崎
232,199,前中
182,176,和智
210,157,越山
28,116,吉光
205,244,尾池
68,19,江守
179,201,吉冨
175,64,間山
131,0,重山
38,167,小
251,146,島尻
195,88,冨士
197,216,西館
118,145,円城寺
149,154,鯉沼
255,183,中松
194,30,本藤
70,235,米丸
181,129,宅間
215,87,則武
22,5,水町
153,119,水戸部
112,93,三矢
153,227,阪下
134,248,加々美
254,212,右近
44,31,押尾
163,196,沖中
68,38,蒲谷
203,173,真辺
204,177,長久保
203,13,下條
161,212,藤根
79,210,本名
98,127,会津
157,27,広
79,153,柴本
180,161,岩出
185,207,金島
42,248,三ツ井
223,69,新堂
8,92,立沢
237,31,崎村
99,252,山方
74,189,瀬沼
157,191,能美
91,120,熱海
38,39,田和
140,34,中東
110,184,広崎
19,7,向原
165,135,牛木
148,168,早津
15,137,嶋岡
229,152,守安
174,31,幕田
166,51,小堤
214,178,野路
248,125,犬童
170,148,辻内
144,77,田井中
168,23,道家
15,224,枝川
9,0,舟越
167,172,長森
41,254,田倉
170,138,飯坂
0,9,竹越
94,204,森一
7,254,松中
51,166,出島
35,228,細沼
178,199,奥富
88,12,吉津
56,134,山倉
95,198,豊沢
196,82,源田
46,142,三堀
4,120,真坂
89,85,仁井
35,194,大柿
84,216,兼重
82,99,秋田谷
55,231,真山
193,90,椙山
27,117,前園
15,164,村
244,211,引間
208,151,梯
236,171,飯盛
62,77,岩坪
202,57,菊永
109,82,中石
23,93,渡慶次
58,151,富本
49,162,小薗
212,203,玉岡
161,142,久川
210,100,稲嶺
194,65,狩谷
113,86,諏佐
66,18,赤羽根
56,80,前崎
38,40,越村
4,146,下薗
134,201,下釜
210,229,韮沢
105,182,木塚
141,1,橋谷
59,133,沓掛
123,82,壬生
166,69,大仲
134,84,豊泉
168,18,阿波
42,175,千種
21,54,昼間
47,244,二ノ宮
97,90,附田
42,60,時岡
153,90,米須
76,94,里中
237,18,竹
27,28,沢登
158,239,鯉淵
180,23,宮寺
24,79,炭谷
168,255,尾辻
146,192,布村
55,66,平下
35,120,木戸口
210,196,木曾
8,116,粥川
183,85,鬼丸
8,223,牛嶋
222,96,細淵
71,212,栄田
197,157,奥崎
99,176,嘉山
225,116,丸林
191,202,山出
97,39,船井
139,215,津波古
11,143,河嶋
234,255,岸下
167,73,三室
63,3,本堂
200,3,尾谷
99,218,肥塚
234,19,椎橋
48,58,竹前
148,121,相坂
182,192,川角
142,165,守本
220,100,江成
58,221,温井
49,16,小嶺
199,230,千村
27,52,大枝
171,94,伊倉
245,199,塩飽
173,87,高羽
249,103,小松田
114,79,田鍋
96,97,畑井
199,179,七戸
84,254,楯
186,138,小野山
241,17,堀籠
104,254,苗村
120,92,硲
186,44,折井
109,31,粂
236,116,河添
111,122,井澤
153,6,河南
191,78,久末
222,18,上戸
77,105,曽根原
79,49,大海
76,248,津守
27,238,武島
63,208,根田
221,179,森広
57,175,力武
113,152,御子柴
195,141,松吉
18,151,上羽
245,183,浅水
88,73,峰尾
231,246,澤口
221,183,蓼沼
9,96,笹村
96,96,西潟
94,2,礒田
253,39,堀木
29,74,樋山
173,218,飯倉
224,213,倉富
170,1,須郷
26,227,笹生
96,73,寛
56,41,稲留
208,7,財部
0,37,小岩井
76,53,合原
64,56,時枝
246,151,神本
144,106,泉本
42,71,平口
240,208,竜野
55,22,羽藤
110,38,奥間
158,80,岡西
195,198,若田
114,145,小坂井
13,118,親川
78,143,積田
102,212,庭田
66,7,露崎
243,183,石嶋
21,90,幸村
126,44,七田
239,78,小楠
92,151,地引
63,194,佐合
188,220,才田
243,96,小鷹
169,241,須沢
56,103,大吉
219,92,仲村渠
200,238,二俣
154,221,井垣
64,73,角山
40,133,畦地
3,57,鍋倉
221,125,伊神
133,45,浅羽
129,31,副田
221,98,田伏
11,70,鶴丸
122,120,長妻
93,63,竹重
202,172,倉井
56,122,酒寄
95,191,古謝
92,164,栗岡
26,240,佐々野
166,138,祝
39,225,石内
94,57,尾林
107,113,並川
41,74,紀平
211,121,山腰
7,39,肥沼
122,93,布野
26,255,長谷山
244,52,新実
1,31,後閑
69,170,磯川
128,202,下司
157,90,久場
125,97,広重
125,173,寿
36,225,地主
41,204,牧口
142,191,匂坂
197,72,湯谷
251,189,都
253,195,中薗
126,210,川窪
253,81,小笠
103,110,根上
18,252,高場
238,121,古口
131,187,弓田
253,130,佐貫
46,100,坂谷
177,154,勝井
250,21,神垣
132,181,石澤
84,103,草柳
150,13,樽谷
47,88,大輪
78,109,浅子
54,14,向川
67,142,玉手
218,249,下山田
187,25,鍵本
40,255,川見
232,99,能登谷
204,93,井桁
232,158,金塚
177,187,高浦
190,107,財前
50,190,宿谷
230,99,満留
186,63,平見
16,249,松家
18,20,山東
19,214,岡上
9,31,亀島
24,71,朽木
77,163,戸梶
23,98,尾身
250,192,野嶋
252,186,臼倉
35,173,吉浜
179,33,原井
184,1,広渡
152,19,三笠
45,189,常見
76,209,町
247,178,内橋
119,125,永末
99,100,岸部
62,248,港
187,143,但馬
122,215,竹迫
163,158,長津
110,40,余田
119,47,六本木
17,140,内原
225,197,村西
190,127,秋間
184,84,垣花
133,205,益山
60,197,一之瀬
177,70,屋比久
213,176,下川原
108,53,具志
92,80,古久保
222,83,三藤
130,86,平崎
47,166,橘内
223,231,本荘
249,91,余語
95,200,笠野
82,148,寺澤
149,109,松重
95,166,赤荻
85,173,八木下
34,167,富
249,211,穴吹
210,33,絹川
81,239,渋木
193,202,庄
13,255,矢尾
57,42,立崎
246,92,竹石
64,41,寺野
215,102,枝松
26,21,位田
117,108,榎原
34,250,岡橋
108,5,桶田
247,166,下瀬
17,99,江里口
105,31,寺元
41,165,生出
147,238,倉野
255,141,中牟田
104,235,本部
104,133,木之下
29,134,塩尻
246,154,渡壁
56,114,片井
24,144,永峯
61,12,早見
97,117,鵜木
237,100,塩路
32,135,辻口
219,138,田下
3,99,徳元
69,73,野山
80,131,保井
149,71,八角
48,107,萩野谷
191,236,仙頭
22,217,井戸川
25,226,阿蘇
188,0,小金井
209,20,石
181,81,大多和
57,99,池之上
73,46,釣
190,209,鶴川
70,122,良知
213,56,日景
6,102,湯村
39,174,長峯
0,176,大路
19,93,佐久川
136,72,高浪
193,24,芦谷
117,181,井波
80,39,三次
227,16,小町
70,180,浜畑
155,195,手代木
126,72,政木
105,235,青池
156,142,八嶋
8,216,有我
224,201,坪
183,112,西松
193,181,重見
23,155,国方
226,182,磯本
114,25,下中
68,34,新屋敷
34,16,津谷
40,226,浜西
23,132,伊坂
55,3,沖原
209,231,近内
162,18,寺師
87,22,上屋
80,162,木林
145,74,露口
118,24,永橋
249,202,亀本
223,167,勝原
5,249,森江
145,204,深作
157,252,蔵元
204,30,二口
195,105,鷲津
63,187,和地
160,46,瀧
17,106,荒関
141,45,溝川
210,204,月田
190,164,吉倉
218,55,吉開
89,152,梶間
245,12,加部
140,238,金藤
90,7,駒木
36,58,小長井
67,58,神里
124,71,大渡
148,149,藤牧
125,89,馬込
187,210,萩森
153,159,伊澤
221,191,奥脇
92,57,花見
93,195,広松
201,215,伊関
188,134,磯島
215,158,久貝
88,189,荒山
87,219,樽本
23,56,中屋敷
109,173,槙本
112,3,濱本
22,250,茂手木
135,63,北方
147,168,飛沢
65,82,天内
176,9,朝川
238,111,竹嶋
88,90,国定
1,183,井ノ上
180,110,塩出
156,230,押谷
240,70,岩部
216,127,溝辺
7,181,小石川
224,65,星原
34,195,西里
198,30,平元
85,42,稲津
138,107,嶺井
141,228,鷲巣
223,36,濱野
237,159,二橋
123,34,藤咲
53,21,丹後
230,20,古西
0,171,因幡
86,183,古寺
177,133,甲賀
243,112,高屋敷
114,171,坪山
117,60,尾坂
166,118,輪島
210,51,粟井
42,73,永渕
58,84,須長
205,189,鶴原
195,61,芳田
61,110,麻野
181,248,久郷
161,163,星名
196,168,折本
180,135,太刀川
116,104,福尾
22,65,捧
64,35,小手川
215,151,黒谷
157,2,桂木
46,201,岩藤
66,238,加藤木
112,116,井戸田
248,35,宮迫
200,115,早水
72,45,椎谷
117,201,白子
200,118,宇藤
247,254,園原
241,1,桑江
214,79,行木
181,12,轟木
88,56,天笠
79,109,梅澤
175,23,綾
148,203,笠川
199,128,関岡
80,184,寺町
175,201,小迫
137,160,菖蒲
15,37,大向
231,15,米内
193,110,茂原
227,113,津波
208,82,続木
111,163,石間
179,246,神園
146,212,今藤
230,237,桐村
202,166,永戸
74,238,見城
135,249,今崎
196,87,四方田
211,86,川岡
234,13,谷畑
62,173,宇都木
33,185,越後谷
204,201,下道
63,56,御園生
189,61,今江
190,238,大桃
99,250,米盛
139,30,北風
3,206,矢谷
132,86,名波
122,147,北河
208,116,保泉
42,92,米島
202,69,田
230,228,竹添
31,88,曾我部
92,171,鹿間
160,246,治田
180,59,岩越
61,105,菊原
152,22,後
81,35,今別府
214,24,崎野
150,230,神宮司
243,68,日野原
219,250,平中
125,69,立道
15,158,北浜
17,226,片貝
42,170,鎗田
34,108,今出
6,115,原本
240,106,永留
220,174,久保川
24,207,池尾
243,137,布谷
252,36,今宮
251,107,朝妻
1,212,堀家
104,131,門川
142,204,徳
134,61,石口
34,103,真栄城
238,103,山宮
62,110,古岡
149,194,井畑
154,131,一丸
227,243,出町
197,60,小田倉
190,15,中俣
10,212,有薗
96,194,浪川
46,192,侭田
165,190,柏井
102,96,貞方
47,208,船岡
252,31,上床
172,89,指宿
213,123,三部
200,26,坂詰
92,181,吉国
71,192,笈川
91,241,沓名
85,73,松竹
57,213,都甲
102,213,馬屋原
193,91,飯室
215,30,矢本
110,59,有江
203,79,白砂
26,155,馬野
213,42,大洞
220,217,大久
245,110,駿河
79,204,萱沼
67,141,古味
209,55,舟田
11,171,小田中
197,159,栃原
247,175,蓮田
128,40,伊勢谷
126,189,井阪
10,18,高嶺
79,227,砂子
201,75,盛岡
62,21,折口
52,106,川波
63,12,道本
129,177,牧本
160,146,目時
162,5,淀川
132,141,銘苅
189,239,嶋谷
33,138,長本
183,239,倉永
106,171,仁井田
12,190,小越
114,19,坂木
233,162,広山
158,81,家入
59,251,安元
33,72,雨森
166,31,瀬上
96,52,成尾
118,4,田形
53,123,嶺
13,252,富士
57,184,八戸
183,28,長戸
244,72,其田
24,107,真保
180,67,山代
101,15,掛水
49,69,増島
233,63,天間
129,211,隈本
98,26,広兼
20,160,室賀
133,24,田鎖
150,10,浜端
129,118,富高
239,187,平光
198,254,福野
143,99,田森
7,71,鳥巣
195,5,菅波
124,42,神前
179,158,熊切
200,36,空閑
40,110,芦刈
197,237,京田
253,47,広石
76,254,松沼
165,41,石栗
73,39,天池
124,92,藤重
79,90,反田
7,141,澁谷
76,190,藪崎
107,190,宇津
111,45,岡留
135,167,古場
136,171,持永
196,96,田名網
17,102,蛭子
177,65,馬庭
23,245,都留
71,34,但野
3,41,政田
23,166,春口
11,158,讃岐
213,72,恵良
221,242,秋岡
9,37,押見
202,3,蒲地
208,102,菊野
180,253,兼本
202,117,才木
223,41,姉川
114,235,志方
240,135,小渕
205,168,中庭
146,127,小北
127,37,沼本
201,114,神馬
125,206,福満
145,71,碓氷
112,181,小野口
59,238,猪田
108,49,土倉
90,101,八木原
244,43,北橋
227,152,渕田
68,114,富島
114,201,白
42,126,石附
160,2,久門
158,141,柿島
255,49,開田
24,54,横木
235,30,阿藤
186,134,奥園
131,128,海谷
128,181,行武
43,236,小金丸
14,165,森住
39,168,猪子
243,114,安形
242,83,盛山
49,70,西永
237,250,中富
198,192,都竹
150,29,堂下
255,44,浜尾
30,152,片渕
157,209,的野
125,40,多田羅
209,170,砂金
169,8,高内
172,163,行徳
222,141,垣田
194,149,家永
196,3,下垣
18,19,臼木
179,28,下林
214,11,京野
103,2,須磨
130,252,徳富
228,21,藍原
241,168,井芹
43,160,永村
227,65,塩野谷
226,206,奥住
43,188,荻山
93,214,海原
125,80,久米田
16,236,金築
91,156,重原
35,112,水江
89,43,大保
124,116,友岡
227,216,米
138,156,福冨
126,165,槌谷
197,199,中嶌
148,169,中堀
58,93,滝村
149,197,宇土
63,11,下間
232,196,高吉
157,190,三平
246,86,秋保
153,68,勝谷
245,222,植月
3,243,南村
97,115,岩室
248,201,菊間
181,30,戸来
13,235,鹿嶋
9,241,春本
170,197,勝沼
175,17,小内
126,141,大胡
32,145,谷水
19,30,蜷川
46,179,蛯沢
22,119,与座
118,28,末沢
237,15,当銘
248,0,辻中
135,158,川井田
73,189,小酒井
205,129,初見
177,78,山鹿
39,167,饗庭
136,9,関島
205,131,海沼
248,38,帰山
231,153,国崎
44,248,船場
32,198,鶴井
164,136,南本
188,48,能見
41,221,豊留
123,55,矢ケ部
138,154,狐塚
47,192,住
58,215,大植
9,140,辻元
70,212,峰田
235,106,末藤
97,56,長川
108,151,端
1,194,大水
87,171,大磯
163,44,松上
128,54,宮津
234,53,橋立
23,67,熊
133,75,幸山
172,60,今沢
137,218,三池
168,192,信岡
113,96,真家
239,165,折橋
163,43,倉元
174,236,豊里
183,36,劉
173,202,下崎
117,4,吉瀬
169,229,宮上
208,62,金安
111,21,真中
53,168,谷尾
133,177,長久
183,14,道田
216,124,浜屋
132,254,福寿
245,7,滝内
44,131,村重
90,107,佐武
15,191,河地
255,140,阿知波
117,126,岩屋
75,26,唐津
17,160,畑沢
211,24,柿元
110,214,赤峰
106,117,前多
75,5,田澤
141,187,蕪木
78,44,門松
120,55,水城
221,237,早稲田
111,22,大鶴
110,119,鳥沢
138,122,湯地
208,214,梅岡
3,9,八木田
215,63,壺井
155,104,濱
124,250,箕田
202,249,堀沢
99,180,刀祢
215,84,中木
216,179,川野辺
16,255,松園
184,11,坂間
7,176,見崎
103,63,河尻
152,153,鵜沼
8,242,岩森
200,91,吉賀
148,6,原嶋
60,95,上代
67,152,黒山
18,68,今永
207,184,十時
106,41,神内
23,108,水橋
62,18,大喜多
217,213,内本
163,79,牟田口
107,60,本江
75,114,米持
147,240,板山
104,172,巴
205,144,常岡
202,196,小海
253,199,車谷
230,185,高西
80,10,高江
228,161,弦巻
140,134,粂田
255,77,錦戸
70,37,蓮尾
245,176,沢畑
180,7,相浦
133,87,前里
24,52,諸富
192,121,柴沼
91,104,五十畑
7,248,一村
21,171,安室
127,207,安木
162,77,錦
1,0,色川
153,153,菅本
145,63,日山
78,159,富所
3,93,米永
252,53,嶺岸
199,55,枦山
133,233,鷲山
2,87,味岡
222,22,末安
34,240,米元
99,204,天木
20,111,津森
224,87,石浦
70,123,静
190,34,植西
33,114,志波
217,200,兼城
80,198,玉沢
20,82,向野
183,93,高麗
57,164,社本
219,54,若園
116,140,松場
80,80,上薗
213,220,武中
172,31,稲原
4,80,吉藤
48,148,空
6,254,江橋
226,88,坂村
130,145,正司
189,113,飯川
36,228,名畑
101,141,添野
120,211,山之口
120,126,笠置
203,81,河越
238,10,井形
236,217,下江
186,171,垣見
71,4,根井
233,167,漆山
126,196,森竹
123,186,成宮
128,39,相本
18,59,大政
243,236,知名
74,220,友広
96,48,鑓水
199,86,法月
12,200,白畑
108,116,小渡
112,83,柴尾
201,171,江木
41,202,阪
97,37,小曾根
5,120,征矢
4,193,西辻
17,38,村里
38,234,徳川
107,205,武原
157,175,物部
137,18,矢頭
193,240,南保
32,101,是沢
139,24,志茂
100,46,丸木
226,23,貝田
176,81,岡下
177,91,賀来
91,68,高鳥
254,12,坂牧
131,143,小間
104,197,瀬島
218,253,入船
158,123,飛松
248,129,武元
168,180,名久井
193,87,野里
255,53,外谷
92,248,熊澤
6,123,広津
47,9,室山
79,77,五月女
5,24,富崎
226,250,藤縄
38,190,星谷
15,216,新免
43,232,松内
167,216,重政
215,229,国府
148,11,菊岡
4,93,宜保
39,213,猿橋
95,204,宇留野
185,156,加村
165,204,久徳
77,46,高寺
246,103,三善
159,78,山門
170,222,鋤柄
245,78,正野
71,165,折居
219,50,尾前
213,102,有路
108,144,福居
116,228,尾張
51,148,柏葉
102,135,日浅
130,248,竹平
172,241,滝澤
6,49,加野
206,129,岡地
165,8,羽沢
8,52,岩澤
200,207,吉里
95,203,上滝
197,0,真船
50,17,石鍋
51,191,楠山
226,161,柏本
91,16,万田
237,166,須江
249,134,小郷
64,15,丸島
184,167,梶岡
124,55,押山
135,234,永淵
227,254,坂手
239,34,上畑
5,173,槌田
171,218,渡利
215,26,徳満
52,52,白瀬
112,82,東方
60,205,唐鎌
32,188,鳥取
234,124,大野木
228,183,新福
91,23,三林
227,52,奥泉
239,95,粟屋
58,55,一場
95,68,情野
89,220,川森
106,231,東尾
185,246,永本
134,19,加治木
34,83,加登
130,109,歌川
124,144,葛山
244,56,甲木
254,57,国生
235,102,住野
224,224,常川
42,197,神川
103,160,神門
223,171,大長
112,208,田守
69,51,峯尾
87,74,穂苅
100,12,鶴本
50,241,行本
37,217,岩立
165,24,加門
235,220,下口
181,175,井町
84,255,広原
158,54,若森
63,156,兵庫
89,174,永里
76,56,佐久本
70,128,佐谷
182,30,佐塚
49,125,生沢
169,178,井端
55,246,下城
63,189,葛巻
3,121,吉次
125,207,市井
180,188,神農
234,35,千崎
46,218,前本
251,14,中曾根
91,132,帖佐
54,168,能瀬
243,139,野々下
18,192,大湊
19,188,大房
34,117,森和
222,161,外薗
212,96,井草
0,53,榊田
186,218,志垣
97,220,庄山
54,40,雪田
41,236,大薗
138,51,尾内
64,107,武谷
68,224,芳沢
148,47,齊藤
205,106,鈴田
134,102,米崎
164,242,薄葉
18,249,谷元
226,163,上浦
51,187,山嵜
17,16,元永
60,115,久恒
133,253,浦沢
170,131,今北
201,96,山影
228,104,上尾
174,205,友沢
181,165,比良
85,163,柏瀬
105,227,土持
136,185,長木
220,180,大手
186,81,大形
59,174,杉島
226,186,鴻上
76,116,萱場
132,206,井門
158,96,下畑
49,31,江越
224,53,小井土
99,29,小野川
125,248,深海
127,181,二田
63,29,能村
75,55,馬目
15,64,福里
18,165,冷水
114,3,鷲頭
44,208,澤野
250,61,武久
51,115,梅宮
31,254,道脇
47,183,鳥原
150,194,中世古
197,210,川松
27,176,上倉
224,61,小辻
104,97,市沢
126,152,甲谷
179,94,栗島
233,118,宇津野
174,172,伊熊
31,178,嘉陽
90,178,萱原
17,83,京
13,85,恵
38,67,鯨岡
31,224,蒔苗
31,54,小檜山
136,152,成本
208,188,千々岩
15,78,大舘
56,144,津嘉山
127,223,平形
159,94,保木
128,191,湊谷
86,218,楊
244,247,亘
192,250,藤高
243,63,知野
232,231,神庭
61,86,計良
173,184,花川
20,251,羽生田
36,132,宇川
143,206,原岡
81,153,斎川
10,183,小和田
159,66,池元
131,183,明
177,148,木皿
154,215,有留
216,126,一杉
109,97,西丸
223,44,豊
120,23,雨谷
67,25,崎本
232,94,長竹
184,32,藪本
165,29,榎園
234,34,駒谷
21,208,高丸
94,169,真嶋
238,233,霜村
128,0,長岐
52,105,富澤
129,120,奥秋
183,83,樺山
211,147,樺島
163,22,高澤
252,214,勝目
196,238,西倉
45,47,鍛冶
139,251,百崎
40,96,阿達
214,166,吉塚
50,197,出浦
224,207,千石
235,114,竹安
188,95,楠井
47,200,萩生田
4,197,鈴
178,157,老田
163,232,尾木
87,173,楠美
178,254,浅木
222,63,出来
29,249,岩丸
254,90,監物
134,184,広末
19,12,佐脇
36,27,四家
56,188,住岡
52,156,森垣
89,219,森義
235,100,森長
168,201,尼崎
160,220,片川
122,227,野々口
248,200,末原
126,246,本野
121,34,文屋
240,204,日田
18,2,多久和
117,203,瀬藤
117,31,常木
123,115,守永
85,66,紫藤
61,241,国弘
195,60,厚地
158,13,芹澤
45,74,南木
69,49,見田
155,133,吉羽
96,88,岸岡
127,109,葛岡
162,178,開発
194,26,家城
123,22,吉島
68,227,山住
167,132,勝島
124,7,小田垣
160,47,大間
231,32,瀧澤
35,190,矢羽田
18,34,簗田
47,252,野間口
238,232,樋浦
225,104,白波瀬
247,38,塚口
144,130,棚町
126,91,前坂
117,81,石下
141,202,吹野
54,78,山ノ内
57,207,坂原
251,49,佐村
255,231,溝畑
68,222,古原
25,157,串間
155,228,菊沢
76,224,岩口
7,111,永長
74,100,安谷屋
227,175,川守田
211,4,波平
199,47,馬原
255,195,和栗
230,57,多川
223,121,今瀬
240,84,金武
247,190,橋岡
139,209,岩浅
253,202,佐宗
76,89,西迫
231,188,蔵野
60,45,太田垣
33,89,台
222,165,朝生
67,233,殿岡
195,100,伏屋
144,207,柚原
144,85,脇野
138,60,堀篭
24,113,船坂
41,159,西ケ谷
211,109,瀬良
60,171,上崎
177,39,謝花
100,60,篠山
163,233,蔀
116,75,元島
78,158,栗村
102,175,佐井
15,244,鹿倉
204,143,瑞慶覧
9,103,船渡
211,145,中津留
106,153,名城
189,236,音田
197,52,柿谷
108,184,吉兼
195,65,光成
232,119,七里
251,236,小保方
188,222,織戸
17,96,大伴
152,17,門谷
181,158,北西
25,147,西郡
189,105,時本
4,105,枝村
241,144,坂尻
128,245,橋浦
3,172,横畠
166,232,萬
40,248,友井
45,205,末崎
107,177,菱木
124,221,白野
149,104,忍田
215,230,入佐
79,196,猪爪
208,154,大楽
11,206,上東
79,167,七条
47,46,春川
39,134,徐
78,58,須釜
99,42,青葉
51,253,村杉
158,97,大桑
142,210,中迫
51,100,籾井
236,204,栫
178,216,浪江
222,80,平内
250,110,分部
153,204,入部
241,21,徳弘
147,41,西前
1,86,織茂
110,125,三条
52,231,井土
102,55,月野
117,135,国貞
209,134,黒原
110,118,根元
58,50,常世田
47,149,本保
107,30,類家
218,140,栗橋
67,118,沼山
114,61,曽山
207,54,巣山
66,197,藤盛
165,16,本杉
54,32,名嘉真
90,154,淋
142,47,鈴本
26,98,六川
70,63,楢木
192,207,栃尾
183,186,竹ケ原
100,88,川根
176,217,舘山
98,229,宇梶
209,81,宮岸
64,110,戸次
71,205,荒沢
215,18,小川原
224,50,深浦
14,137,西下
133,93,西橋
177,160,倉原
254,34,瀧口
202,169,朝原
200,119,末富
182,120,趙
59,162,廣川
3,244,万木
36,43,堀端
113,30,別宮
56,146,平坂
199,108,大根
184,248,真栄田
170,68,信沢
15,163,小木曾
194,27,降幡
180,1,鍬田
58,224,駒野
16,193,橋井
238,255,岩浪
201,5,伊敷
140,13,伊村
138,240,桐畑
25,194,金児
160,90,黒岡
63,119,照山
196,41,森平
247,245,峯崎
253,115,鳴瀬
12,4,方波見
15,79,尾村
189,24,柏野
143,141,乳井
237,29,辻原
245,164,竹澤
28,205,大波
78,107,赤野
140,212,吹上
144,152,佐々田
34,78,好川
71,134,五明
1,88,皆藤
72,148,宮北
205,113,国岡
173,0,山林
239,28,信夫
218,75,草粥
228,252,富野
63,197,冨士原
73,226,蓬莱
37,104,富原
161,171,八柳
0,130,等々力
184,155,津幡
91,49,中小路
68,61,端山
241,60,早船
137,65,惣田
38,102,石賀
197,200,佐俣
131,104,合志
215,189,紅谷
70,22,下斗米
125,78,益本
31,210,野方
140,30,納
57,14,田附
26,208,大岸
56,68,香村
195,183,桑木
150,19,粂川
83,102,加賀田
75,188,浦中
217,253,我如古
177,151,戸室
158,12,秋好
70,51,重
189,100,前場
63,182,竹浪
8,234,中塩
97,29,風岡
255,215,夏山
194,238,樫尾
123,65,吉安
83,64,溝淵
120,11,白方
233,176,野寺
136,174,枡田
74,92,和
5,103,内沢
224,27,唐川
173,148,新明
204,171,古谷野
104,159,霞
76,200,伊芸
80,145,乙川
191,140,栗谷
156,182,船曳
49,178,箆
24,244,本永
159,34,左右田
184,52,三間
65,52,大鐘
165,185,釣谷
48,225,吉積
198,141,忽那
224,214,松阪
173,176,霜山
216,119,谷田貝
82,153,池見
116,128,比企
85,70,飛弾
255,4,片淵
146,107,福澤
154,169,藤見
67,86,鶴山
166,194,蔵
36,218,三ケ尻
123,225,吉弘
153,224,岡藤
148,136,稲野
2,59,加賀屋
15,146,城崎
67,220,扇田
56,250,能島
213,68,堀合
167,12,末廣
79,114,薬師神
152,234,花塚
50,7,関和
163,130,久井
92,101,佐土原
141,198,糸瀬
218,190,時吉
239,230,車
234,235,若野
159,229,星子
187,235,八杉
218,197,有富
57,86,木岡
179,166,入田
89,109,瀧川
156,23,森末
0,98,四辻
28,179,桐本
160,21,横村
18,88,原木
221,149,古宇田
55,182,五井
155,217,小穴
182,0,善家
77,99,大南
19,83,中脇
54,38,東岡
106,133,満永
238,181,粟村
255,169,下重
94,26,亀尾
160,32,森貞
148,209,大菅
5,71,竹鼻
74,156,竜崎
99,221,有島
108,66,矢橋
184,230,池末
111,101,前迫
218,71,青地
243,97,盛永
138,15,杉坂
195,63,神岡
180,205,松根
89,26,小門
232,162,古屋敷
209,204,巻島
174,113,益永
75,99,高品
161,18,寺倉
34,183,勝川
252,255,小梶
123,215,小船
106,105,相島
119,107,則竹
29,239,大釜
215,243,貞広
23,239,野
188,13,木梨
180,51,田向
119,158,大網
74,120,草深
200,89,正垣
163,146,松代
233,1,種子田
206,94,三ツ橋
82,46,戸叶
1,143,角張
81,117,海上
115,107,間嶋
50,251,久次米
236,90,許斐
192,106,時松
23,107,石出
37,245,川幡
200,105,桃田
79,46,玉寄
197,193,宗石
197,156,秋丸
130,14,諸石
223,71,赤阪
189,225,赤山
29,226,長見
184,175,粕川
52,210,祐川
248,29,猪木
201,245,樗木
8,247,信国
75,63,志藤
233,181,黒子
16,240,牛久
89,107,運天
64,230,立元
74,101,末本
59,160,田家
150,43,滝原
35,212,森信
216,196,上辻
23,124,鹿沼
218,155,三俣
149,159,三本木
21,11,高槻
99,33,五日市
251,255,加倉井
8,146,安生
207,174,伊木
102,147,依藤
98,249,稲谷
217,51,花形
180,195,荒野
100,170,重川
15,136,森西
126,234,西銘
110,207,當山
31,128,平畑
192,47,樋本
172,158,八城
90,136,千々和
116,78,瀬賀
97,74,三星
16,56,荒居
161,98,古見
115,211,郷間
9,107,関崎
86,220,花里
29,156,関井
121,177,更科
120,0,四本
252,124,十倉
170,221,杉中
91,148,清松
66,61,曾田
175,225,棚木
111,158,梨木
107,46,門司
87,237,北角
43,143,飯原
103,118,尼子
66,55,田屋
83,206,谷平
37,40,川面
105,89,千木良
249,233,西片
239,68,清末
196,84,小柏
167,154,諸藤
54,164,寺中
103,113,宮成
253,218,丸目
47,77,間部
44,249,稲
149,144,玉越
45,239,光吉
12,28,赤岡
240,132,中埜
105,155,町山
24,75,矢上
125,122,柾木
210,158,冨塚
210,175,洞
228,208,相木
4,104,若柳
155,242,山見
219,249,隅
11,93,梶尾
176,64,梁
159,189,要
103,183,末長
177,212,嶋貫
54,53,竹淵
192,181,船崎
210,138,赤澤
187,89,生形
83,255,親泊
22,127,坂戸
112,47,犬丸
26,131,九島
78,130,金重
66,1,玉腰
96,135,花園
191,213,稲益
44,112,加世田
97,127,桑子
104,138,篠永
34,87,新町
149,87,大亀
104,227,白江
174,19,白柳
194,103,浜脇
207,125,木浦
243,140,宝来
214,206,池森
47,218,団
154,160,丹内
146,235,孫
189,120,増元
25,177,神子
249,71,植杉
74,37,似内
35,158,外池
83,193,横坂
253,66,引野
116,67,加賀山
166,109,菊山
142,102,三科
84,97,実方
67,204,森林
177,239,大作
77,220,潮崎
251,31,長松
5,177,篭谷
153,202,詫間
97,209,与那城
151,242,満尾
0,204,北代
7,177,豊住
74,214,冨安
49,8,菱山
25,204,八十島
121,103,八子
130,154,堤田
12,176,千秋
6,145,小糸
239,157,高阪
147,221,永久
182,35,古海
145,91,小代
248,67,千住
44,184,倉上
183,67,大工原
186,151,団野
73,220,能戸
104,94,里吉
85,107,朴木
51,31,比屋根
35,26,草苅
158,91,菅間
175,173,真貝
88,110,次田
13,152,今山
4,28,溝呂木
64,238,溝手
131,17,戸羽
35,114,奥地
235,248,永津
188,69,矢澤
147,2,大鳥
178,26,森茂
196,165,新道
179,211,上門
62,199,春藤
117,245,根橋
15,47,岸原
121,108,夏原
93,36,庵原
192,228,羽深
186,93,奥中
136,106,割田
8,163,関村
128,33,岩垣
115,140,甲
225,95,佐光
167,131,青江
242,101,沢柳
184,103,都倉
99,186,東根
94,69,木股
240,13,木上
52,128,平城
234,10,蔦
162,224,前林
238,108,植
38,165,小野村
117,217,諸見里
103,209,降籏
57,100,伊集
249,33,小金
7,8,小桜
237,181,赤根
214,153,倉嶋
171,184,勅使川原
182,107,尾嶋
133,31,米林
46,212,脇川
24,137,角倉
52,252,鬼束
227,206,久留島
98,113,細山田
125,160,堂山
202,111,武林
243,88,誉田
15,49,笛田
94,63,津坂
218,2,大井川
73,172,相山
5,74,生嶋
69,191,水出
209,61,真藤
28,135,松口
156,147,小東
224,48,山屋
238,34,幸坂
40,180,元川
38,131,橋上
70,32,巻田
186,82,糀谷
221,192,畑谷
222,82,奈良崎
227,86,鶴間
77,207,滝波
36,90,大楠
233,242,村形
173,89,石嶺
178,137,石居
120,247,瀬間
2,154,水野谷
241,0,雫石
160,107,阪東
89,2,佐々井
154,153,佐口
64,82,腰塚
42,83,恩地
102,188,嶌田
106,54,野月
82,160,木屋
70,220,島中
35,189,田畠
112,55,塚元
26,129,町屋
211,66,中曽根
21,214,谷奥
74,39,待鳥
91,9,相崎
185,174,実藤
134,109,今谷
183,135,越前谷
53,79,安光
188,173,蛯子
254,82,冨川
38,230,大峰
134,99,蔵重
128,99,曽和
84,63,船引
98,240,森清
244,150,松久保
30,195,向坂
138,30,桑沢
53,154,金刺
194,190,有原
163,92,矢幡
234,57,米屋
98,96,梅井
30,189,仲道
245,70,筑紫
142,125,草地
105,186,西薗
157,113,仁尾
251,67,松塚
153,205,小助川
63,67,小安
12,227,志知
241,112,薩摩
220,102,樫木
141,118,横畑
75,193,脇村
237,218,柳岡
113,54,浜津
211,128,尾松
61,188,比留川
226,11,湯上
12,83,早藤
209,73,千本
5,43,石場
102,4,三栖
185,225,牛久保
218,52,紀
25,235,喜多川
221,142,安慶名
79,88,金田一
61,121,窪内
188,230,甲野
117,131,漆谷
87,103,倉崎
255,158,倉部
54,174,蔵谷
5,254,坪野
189,66,飯間
1,74,平居
255,127,片木
17,234,傍島
125,169,木船
213,228,鳴川
151,128,東井
92,203,唐崎
102,167,城市
187,190,小里
200,168,市東
10,236,坂庭
226,207,佐波
98,136,向笠
180,238,古波蔵
175,25,金浜
202,205,掛谷
203,120,下鳥
43,134,井部
22,218,卯月
79,169,永冨
28,189,笠岡
171,31,隅谷
169,115,山日
200,150,戎谷
28,39,庄村
54,130,織部
193,0,森合
70,225,丹保
23,222,段
118,236,都田
207,63,藤垣
22,26,富村
123,129,北内
25,198,網中
204,5,名雪
152,174,文野
184,144,辻谷
37,26,山坂
70,202,山角
129,87,高道
163,231,喜瀬
43,56,阿多
8,139,岡根
23,73,海東
103,140,荒木田
190,69,森政
158,248,杉戸
98,12,清木
130,41,草田
180,149,谷内田
65,238,池水
184,216,米光
228,207,民谷
23,199,立脇
138,244,和崎
180,136,野仲
107,65,氷見
63,43,池宮
156,185,草島
76,186,新間
153,161,今道
57,60,久芳
220,77,岩成
133,220,塩満
91,78,吉葉
196,207,弘瀬
24,116,船倉
117,47,中釜
222,217,長安
75,226,天
160,236,灘
13,0,鷲谷
49,181,弓野
137,102,胡
137,36,江刺
47,217,国富
19,247,桜岡
194,222,小巻
152,147,成相
255,71,西窪
132,0,白銀
217,47,氷室
233,6,平河
155,99,長滝
103,205,大福
37,215,浅村
77,133,篠村
60,176,黒河内
176,215,轡田
11,188,花畑
50,90,宇良
85,142,園木
206,115,河又
231,176,葛野
87,241,岩船
204,234,高峰
135,198,宗野
180,247,小本
67,1,森近
240,231,中坂
94,217,藤ノ木
239,207,板屋
72,32,豊山
39,186,林部
43,29,堀山
246,186,宝
48,244,奈良部
176,85,道場
244,147,鳥丸
48,147,猪谷
123,219,清山
92,237,森久
238,67,作野
180,185,高巣
173,42,広永
254,198,元岡
172,49,玉垣
178,47,岩垂
237,73,岩重
164,243,稲尾
78,13,沖永
255,126,下部
41,81,岩附
58,255,慶野
97,40,荒岡
88,95,鹿志村
98,165,上別府
134,249,須見
17,7,村永
235,59,理容
161,200,樅山
84,10,木坂
61,102,柄本
88,215,日沖
100,95,東恩納
188,213,塚谷
123,137,小粥
219,188,小花
244,11,荒島
134,65,光畑
253,132,犬山
83,184,熊原
240,6,近岡
96,245,鏡味
127,80,岸井
178,243,河
32,201,片岸
86,148,文
121,112,福中
41,63,福場
118,57,谷端
218,147,大溝
198,18,大工
161,52,星島
93,0,住川
146,166,鴻野
239,171,古平
57,239,月原
10,229,沖島
244,107,浜浦
11,41,飛永
153,245,麦倉
51,45,白髭
140,207,栃本
30,255,仲程
51,190,辰田
74,6,大瀧
192,161,江刺家
101,49,光森
94,92,古居
1,69,久納
19,38,沖崎
35,239,奥畑
162,222,猿谷
141,37,鵜殿
228,114,綾野
244,58,肥田野
130,47,白滝
207,151,渡邉
161,4,定岡
12,226,石水
30,243,石亀
110,209,松屋
172,179,鹿子木
233,172,志野
149,116,三牧
211,20,高鍋
23,254,宇部
178,158,一ノ宮
166,56,有森
147,167,矢藤
39,11,野谷
67,215,万年
121,146,別役
246,206,津嶋
97,222,中戸
145,44,女屋
34,122,諸戸
95,169,高雄
49,160,古崎
215,132,橋倉
254,155,久木野
36,106,幾田
217,184,河東
232,151,衣斐
84,91,恒石
247,66,江花
93,232,国政
139,238,宗方
128,75,升谷
61,235,上阪
51,160,多久島
52,118,木須
91,92,老川
30,52,嶽
105,47,塗木
95,41,長池
115,84,大芝
51,189,泉原
23,89,森尻
81,246,城井
36,67,昇
244,179,小津
33,16,勝股
125,221,鴻池
230,75,広森
27,135,岩楯
78,102,益満
197,125,畑下
18,6,梅内
31,170,田野倉
71,126,中吉
192,138,前出
231,58,石月
7,190,新橋
31,104,斯波
227,204,四谷
33,247,三樹
27,206,戸丸
118,90,古荘
131,182,月森
6,3,宮城島
82,79,吉広
252,234,河相
167,175,嘉手苅
85,190,横幕
185,2,永池
197,255,井場
249,154,有水
60,208,明星
1,65,冨高
130,160,鶴留
14,242,棚沢
17,90,川股
181,199,西根
160,102,瀬戸川
99,54,神島
111,144,小薮
4,155,糸原
238,202,氏田
240,141,山守
133,80,刈屋
66,141,岡久
142,88,宇多
25,195,礒崎
226,196,豊増
159,184,片原
176,59,武永
149,83,内谷
123,53,徳安
16,131,嶋中
253,238,大峯
146,12,守口
60,101,志津
72,89,山近
134,49,江野
124,235,江面
163,50,向出
207,185,安森
155,207,荏原
172,203,越水
95,162,三代川
103,124,紙屋
87,174,小丸
120,195,小坂田
96,8,深草
75,73,早矢仕
210,121,鷹巣
227,165,仲嶺
95,221,東森
70,198,内匠
139,14,南浦
191,76,能田
96,31,美藤
236,227,龍野
51,87,立本
104,123,木浪
131,207,木瀬
60,17,姫田
28,143,水尾
252,65,高戸
109,180,穴山
50,215,奥瀬
104,176,塩本
97,124,間所
107,241,溝内
228,198,高祖
128,134,水永
237,186,西舘
241,142,大盛
247,201,直原
230,13,天久
36,226,塘
120,96,峯松
127,166,浪花
111,118,油布
27,250,茂垣
50,45,内尾
228,30,天津
138,111,釘本
191,126,猪岡
67,151,男沢
52,44,船見
64,59,真喜志
151,156,砂押
80,81,今木
136,149,高玉
42,76,戸山
218,153,橋間
67,140,安見
187,230,安蒜
252,168,見沢
221,124,柵木
180,69,舟津
45,123,出山
172,114,上手
136,134,滝浪
172,80,長束
127,96,島沢
146,116,餅田
28,100,八木沼
56,169,日沼
47,153,仲上
2,185,丹藤
133,32,曽川
252,97,水岡
61,231,佐久田
123,70,原園
148,186,桑折
70,148,九里
88,170,居村
114,119,永利
52,139,岡見
59,114,蟹沢
140,169,桐木
94,0,三岡
19,252,実松
72,180,宿利
49,92,新国
135,201,新林
201,193,森久保
218,72,菅藤
124,93,青
76,118,沢藤
110,13,置田
97,188,網
149,181,領家
7,235,鷲沢
128,146,中須賀
245,86,大勝
32,123,相葉
5,117,松室
116,55,重吉
176,249,金海
126,108,久能
45,58,杵渕
34,177,鴛海
213,157,阿井
38,178,皆見
35,4,柿野
109,160,樫田
72,198,岩津
249,45,三友
174,169,糸谷
255,32,重枝
101,37,上利
87,59,成山
155,119,石光
174,10,村雲
101,11,津留崎
171,192,福盛
145,243,来間
136,54,薮野
87,141,福良
49,183,箱石
116,105,滝瀬
29,231,大徳
74,1,大星
57,209,陣野
18,207,新子
53,13,菊
60,132,嘉納
4,26,阿曾
104,36,虎谷
4,139,糸田
87,107,滋野
103,228,重谷
232,183,小屋敷
204,180,大瀬良
247,221,長藤
89,142,堂脇
143,240,道野
230,235,平江
196,149,中垣内
124,127,築田
57,69,多湖
27,216,西塔
132,130,紫垣
5,213,枝広
41,92,御前
217,60,栗生
188,164,館田
101,189,加嶋
216,227,下河
41,91,岩
243,118,桐沢
186,37,荒堀
243,17,星崎
146,18,盛合
141,70,舛谷
156,213,前平
121,156,多々納
100,140,太田黒
126,224,美野
22,75,来島
114,78,龍田
141,132,矢花
181,247,末竹
15,125,芳本
178,203,兎沢
167,48,田実
236,125,中邑
155,24,上垣内
172,113,小坪
132,150,洲鎌
143,142,若島
65,171,原谷
41,70,元谷
110,47,干川
186,43,刈田
9,44,天海
233,35,釜井
114,87,印藤
174,124,乙黒
43,152,河谷
230,156,肝付
41,134,間庭
176,252,残間
165,117,宗宮
40,37,小館
106,111,沼上
235,245,津江
8,78,椎屋
94,140,内門
73,47,浜渦
91,143,椋木
174,118,木野内
50,234,牧之瀬
107,108,尾家
106,52,松成
134,217,崎谷
214,150,古園
71,210,櫛部
45,80,永作
232,4,稲積
175,142,福屋
147,196,浜下
251,98,島添
118,25,伝
80,223,相賀
234,84,神木
197,26,森定
69,188,新森
164,187,上北
210,21,守岡
149,74,七條
114,164,根崎
230,225,岩内
53,170,岩中
227,228,曳地
124,95,礒
46,250,豊浦
81,232,福武
54,3,武安
18,228,二反田
59,211,天神
211,162,直野
214,142,池側
60,193,続
150,113,生越
79,174,松野下
173,98,小守
57,142,初谷
130,153,三井田
167,135,細尾
245,43,向島
194,197,古越
114,163,牛越
184,85,吉長
39,112,葛生
51,33,加我
48,1,苑田
83,192,永崎
67,19,井深
69,124,鈴野
192,61,武重
92,216,白旗
21,135,南郷
20,161,徳橋
5,90,谷澤
31,7,川脇
37,38,常本
64,72,城石
53,237,国場
197,151,源川
58,121,家本
207,97,永盛
186,96,安平
128,67,五百蔵
195,74,鷺谷
130,48,三小田
74,105,若佐
0,49,森国
14,50,針ケ谷
136,14,大阪
254,220,猪本
230,155,朝見
38,100,道山
28,217,野林
101,76,鳥塚
7,57,長利
57,168,大和久
105,156,切通
137,255,清村
49,108,荒生
28,207,五味淵
74,32,亀村
241,62,鬼島
17,113,蛎崎
177,178,河中
176,182,永藤
33,49,釼持
175,240,麦島
114,176,谷下
225,52,大田黒
208,248,浅谷
107,31,成澤
160,167,信藤
200,62,江渡
27,4,光藤
95,128,駒木根
217,108,下本
96,158,荻沼
243,46,伊良波
153,122,伊橋
104,33,鷲崎
244,244,蘭
53,215,有福
114,113,木ノ下
195,210,本坊
202,192,梅森
237,74,鷹見
142,131,千頭
239,66,石合
155,211,新坂
178,168,諸隈
150,178,若
16,122,四釜
207,19,五ノ井
9,110,居石
90,126,亀野
164,251,稲荷
7,55,掛橋
135,112,黒松
245,146,笹沢
127,247,市木
116,20,篠本
51,159,若泉
57,140,春野
29,57,須合
22,201,西角
21,17,馬島
57,36,内林
11,199,土子
149,237,孫田
245,97,須之内
92,241,真柴
100,218,諸沢
84,190,広嶋
80,183,月井
140,146,吉海
178,11,亀石
94,229,葛島
167,71,角村
200,179,河岸
186,54,加治佐
80,252,塩澤
175,199,越中
109,118,浦西
195,155,羽毛田
8,243,一山
180,231,伊予田
112,125,渕
66,78,峰島
58,60,薄木
204,191,鍋山
150,47,道広
121,208,檀
113,151,谷田川
42,36,相模
129,16,西家
212,113,清島
96,198,政
150,227,図子
55,125,上窪
59,82,間下
116,77,安在
204,9,安丸
115,116,喜井
231,97,小板
234,59,数井
158,128,青塚
79,198,泉野
162,59,東内
245,122,日塔
250,40,迫間
225,185,箱守
80,66,帆苅
20,194,冨吉
53,80,斧田
124,82,蜂屋
81,31,立見
125,110,鳴島
105,244,中窪
190,90,前泊
81,233,緒形
152,92,寺部
105,15,香野
71,245,喜
14,4,花上
99,153,永堀
125,255,浦木
153,167,井野口
176,50,阿形
106,24,岡垣
89,131,花原
115,175,海宝
33,81,古門
155,11,御船
22,140,七野
40,239,瀬畑
25,59,田河
83,162,林下
64,96,畑瀬
38,166,内島
116,200,藤津
48,9,東元
247,25,田城
150,136,鶴園
169,123,中久保
59,5,池井
230,236,厚見
175,105,吉沼
248,114,野副
167,149,片島
215,66,夫馬
109,98,俵谷
57,218,泥谷
254,195,石和
37,67,清塚
242,174,小副川
220,246,室園
138,196,在間
225,163,兼島
58,194,久冨
2,109,艶島
197,2,友清
101,212,末石
85,35,淵
195,117,神作
56,222,小波津
90,129,勝岡
211,135,山ノ井
167,40,腰越
240,172,近本
241,246,郷司
18,163,遠井
48,73,浦岡
124,38,稲辺
54,124,櫻田
86,121,冑藤
142,145,六角
48,150,友枝
43,106,薮崎
208,226,矢山
84,194,野手
67,188,坊野
199,59,菱谷
43,111,板敷
154,126,東畑
69,109,曽根田
130,247,折茂
28,178,瀬木
51,239,森吉
1,149,上藤
231,157,宗岡
97,72,宮瀬
157,152,萱島
169,232,於保
160,131,薬師
184,224,堀崎
53,101,北岸
101,174,物江
242,219,不動
55,92,番
174,48,田高
116,23,中戸川
29,237,村吉
171,187,前浜
10,207,漆間
208,128,国領
134,111,広戸
140,181,幸喜
90,199,熊丸
65,175,宮竹
104,160,吉屋
205,171,苅込
185,189,荻本
37,210,磯江
215,47,伊山
170,71,立林
7,211,米内山
251,44,幡谷
245,149,藤上
149,38,鳥生
82,200,鷹尾
44,242,照喜名
143,171,甲藤
170,0,江下
139,133,原村
109,53,吉居
167,52,柿添
167,240,下妻
207,34,安納
131,185,益岡
245,208,桶川
166,183,丸藤
150,63,元
93,31,合津
53,222,佐方
234,55,信原
23,246,森瀬
29,126,増渕
44,235,沢畠
109,233,島元
238,112,東藤
37,81,楢山
111,160,部谷
32,119,木次
40,154,網干
65,40,本池
67,163,内城
155,124,椿本
172,104,倉又
104,26,桜
203,236,久賀
0,72,吉久
54,104,夏堀
182,171,下久保
198,211,宇治田
225,155,岩舘
52,64,饗場
149,129,秋枝
7,140,重盛
61,94,城川
48,213,村岸
149,186,築城
255,160,釣井
182,230,柏山
172,91,富吉
172,244,風早
215,211,由田
106,162,藪野
247,93,野町
14,203,面川
168,191,堀畑
213,190,福迫
20,51,波戸
41,169,南井
200,53,池淵
5,55,川並
204,125,織笠
133,76,室崎
217,85,佐古田
133,236,古田島
112,118,桐井
251,131,下向
134,1,伊豆田
56,246,安念
189,232,横矢
245,59,月足
101,161,原武
208,229,江夏
35,115,国原
67,27,桜谷
7,26,秋森
236,206,藤家
13,202,白樫
9,28,脇元
69,38,利根
152,178,淵田
186,129,彦田
189,81,反保
244,44,辻尾
186,230,中須
64,196,竹脇
163,29,曽谷
226,49,染井
96,106,川橋
248,146,小比賀
69,115,小勝
211,246,鷺
234,156,五十里
74,62,栗下
40,151,林本
4,247,茂山
213,168,浜里
98,2,東中
199,84,田草川
85,69,青松
225,200,成合
150,242,森友
245,156,出沢
96,196,舟久保
107,228,秋津
128,121,坂寄
56,156,高柴
213,226,光
148,4,宮古
107,89,久代
121,154,嘉本
46,199,愛
1,35,和木
118,105,本林
134,101,畑村
63,160,中竹
167,133,大音
61,131,小牟田
77,95,升本
232,230,勝連
32,106,宮治
2,195,稲野辺
224,82,愛沢
138,185,柳平
81,236,風戸
23,224,大図
85,78,多良
222,140,泉井
69,2,数野
231,239,神坂
43,195,上沼
172,181,若村
206,171,柴村
197,248,漆崎
79,120,高塩
66,14,吉牟田
97,238,鎌塚
136,155,荻谷
76,7,沖元
156,223,羽渕
82,71,伊瀬
194,132,野倉
102,231,毎熊
39,50,北堀
193,74,天井
44,61,大坊
52,199,政井
162,54,住山
32,197,細島
239,166,戸澤
11,132,吉仲
24,205,笠倉
100,249,下前
74,44,里田
37,52,二谷
65,167,東正
37,90,沢里
206,88,鷹羽
175,151,川南
139,3,小佐々
138,52,市之瀬
204,142,細沢
139,8,原和
234,113,建石
216,57,紀伊
173,243,加勢
182,77,加戸
55,223,依光
223,205,安池
136,179,渕野
74,67,浪越
170,205,油田
116,159,富森
236,219,村居
190,162,相磯
110,2,赤地
66,68,星出
112,18,上枝
141,179,江平
248,153,桐
203,18,岸村
18,48,管原
216,24,烏山
18,196,稲月
181,150,井倉
236,22,岩泉
143,186,櫛谷
127,65,窪野
15,169,船川
11,233,大津留
146,48,畑岡
200,133,木伏
99,171,矢次
203,175,稲元
14,192,温水
65,69,加畑
43,52,気田
201,232,周防
154,151,初山
4,85,新郷
33,26,請川
109,185,舛本
132,58,増成
141,44,樽川
217,121,津上
52,104,日向寺
51,44,平安
126,34,末政
162,195,脇屋
243,86,梁取
246,18,明瀬
219,225,名島
223,84,堀上
164,30,淵脇
214,36,登内
143,189,伝法
213,19,川和
183,212,青嶋
18,190,翠川
46,87,妻鳥
247,253,戸枝
139,158,穴水
92,32,窪川
120,36,関藤
51,8,関森
131,134,横林
178,220,脇阪
88,52,福見
130,28,内園
237,150,谷貝
138,194,舛井
18,214,市島
121,182,溝下
181,73,更谷
52,216,広内
151,227,玉本
171,158,久保村
205,84,奥薗
29,85,羽村
69,195,宇城
187,120,湧川
187,49,冨谷
134,150,板本
117,211,竹藤
45,217,太
236,50,倉掛
236,78,松土
172,81,佐東
75,165,後山
182,228,海部
204,255,奥永
155,14,猿山
236,172,隠岐
116,1,一関
100,7,井塚
207,216,有竹
78,110,名古
171,190,味村
202,60,八橋
2,203,田栗
49,29,長濱
248,206,草木
245,29,相見
154,147,浅生
15,150,石脇
133,127,星井
43,42,菅崎
149,121,垂井
163,16,森分
151,56,小比類巻
6,241,寄田
27,201,岸根
6,215,下池
12,210,井高
153,36,楡井
22,233,木脇
221,226,木ノ内
243,156,保立
221,28,平村
6,135,福代
210,95,比護
231,36,仲座
48,93,中曽
201,132,谷部
252,110,大阿久
210,194,世羅
151,129,神薗
110,72,小吹
114,47,周東
255,95,貝森
200,142,下尾
208,213,伊津野
193,194,平郡
207,78,柏尾
126,173,仲摩
26,123,上橋
176,174,好井
249,246,下館
166,121,岡坂
2,127,宇戸
163,90,六田
45,236,畑島
203,19,梅北
88,23,田牧
51,243,静間
38,124,生熊
54,146,小溝
81,238,小井
45,64,柴岡
56,203,室本
84,76,三溝
39,74,笹目
92,50,栗尾
64,34,桐島
159,173,叶内
72,161,煙山
96,64,永澤
54,158,伊牟田
162,180,嵐田
205,191,蓑毛
81,148,末森
226,174,堀谷
153,217,峯島
182,57,米重
239,13,白橋
81,71,忍足
176,93,南崎
201,118,辻山
96,30,成重
239,67,小鮒
125,211,小井戸
108,137,肱岡
193,47,江黒
83,35,金久
95,98,杵淵
15,198,吉平
1,135,岸波
101,146,関上
162,193,瓦井
243,181,蓮実
59,122,木野村
38,82,尾曲
118,158,播本
108,34,二本木
62,116,楠野
139,183,頓所
45,157,道川
129,209,唐橋
62,69,川道
17,205,真方
132,4,小窪
119,115,志和
216,26,佐生
112,156,古高
8,144,宮之原
54,197,岩塚
110,186,樫野
80,174,円尾
58,89,益井
74,34,背戸
114,152,堂田
137,108,田賀
181,181,虫明
226,179,竪山
65,213,三城
126,71,佐和田
228,29,高師
44,139,金盛
234,136,桐ケ谷
168,127,汲田
94,66,外尾
38,215,外館
67,176,横路
145,119,一谷
230,146,筬島
143,46,名原
3,138,牟礼
5,87,能城
72,237,徳地
103,142,椿山
9,18,通山
238,211,仲林
210,210,大利
2,134,浅場
200,73,石木
13,34,生天目
170,87,助田
22,37,住井
133,244,山極
101,80,岸谷
155,227,榑林
25,51,目良
180,132,南園
249,27,得田
147,157,生山
161,146,真庭
147,253,舟生
160,172,高妻
184,22,金親
163,80,岐部
148,194,釜野
139,205,下垣内
138,90,岡森
130,164,伊福
36,169,豊口
175,138,平地
80,226,桃谷
54,149,田ノ上
111,235,宅野
230,40,西間木
250,52,深松
52,169,森勝
191,96,色摩
57,179,山石
89,158,座間味
145,173,宮石
115,72,河江
127,228,羽立
190,249,渕脇
144,95,来山
178,0,柳野
244,220,南島
81,110,当房
195,212,湯野
234,195,鶴島
77,168,猪鼻
141,194,中部
62,10,竹端
45,65,浅葉
20,224,政本
69,209,常山
29,18,上柳
117,230,周
76,188,三津谷
68,221,合沢
184,156,合屋
80,147,橋山
14,16,吉行
37,76,来住
69,5,入川
9,29,日詰
79,44,島井
86,44,張本
80,82,大神田
237,27,水品
209,42,七沢
88,160,山入端
75,152,笹子
24,143,作道
1,72,国仲
152,158,金元
43,249,宮中
46,200,河内山
218,28,井堀
22,226,井熊
56,65,矢尾板
39,114,明智
79,74,桧森
129,23,村嶋
226,34,浅石
176,164,菅村
47,57,椙本
80,4,宗近
39,90,国村
230,196,古坂
207,147,岩満
42,177,黄木
79,236,稲石
209,8,木許
33,127,穂刈
124,146,福長
92,28,梅島
166,76,田林
125,53,大段
89,151,盛本
55,211,舟本
63,20,佐分
141,31,甲村
253,76,窪谷
207,235,窪寺
205,185,牛窪
100,181,角岡
21,147,横松
22,30,羽成
195,138,堀ノ内
152,48,北平
232,82,北地
1,241,平根
222,26,東間
251,193,貞包
49,118,大方
117,62,帯刀
84,56,蔵原
54,87,前西
57,130,千歳
150,38,初沢
105,194,三本松
39,201,蟻川
140,14,釜本
190,5,黄瀬
130,130,為我井
253,29,友光
187,33,坊
221,5,冨井
95,93,匹田
15,183,備前
88,47,那波
119,101,大峠
176,146,松添
107,254,小長
127,23,持木
31,132,江嶋
47,72,塩浦
92,91,木越
125,108,保住
35,14,縄
247,107,島影
247,193,定森
65,170,村椿
10,66,小野島
13,21,高司
18,147,熊岡
90,237,久保谷
124,61,花坂
191,7,乙幡
30,106,桶本
244,187,井戸本
175,96,伊林
29,206,穐本
97,48,阿佐
70,192,安土
230,129,井東
159,154,河原木
149,124,関東
12,147,秋友
31,79,諸角
45,115,小藪
106,219,成塚
204,123,唐牛
250,178,日渡
156,120,美山
214,7,馬場崎
128,87,定方
72,156,辻林
6,199,長浦
89,189,壇
214,64,前地
202,182,西東
16,112,森迫
103,172,小豆沢
198,20,小篠
236,82,宮嵜
25,137,釜
173,45,海瀬
134,10,塩貝
89,40,伊賀上
247,34,有安
252,127,友近
171,37,野々宮
63,228,野水
52,4,美甘
71,52,二階
97,10,島口
52,205,天白
192,22,沢部
39,149,造田
110,164,雀
8,232,床井
68,203,桜川
107,216,紺田
117,231,高際
18,217,郷家
163,162,岸山
147,118,舘岡
59,62,間藤
240,156,塩瀬
165,138,遠島
140,250,芦塚
167,122,野部
228,201,堀金
6,191,板村
12,114,二又
152,145,二戸
33,207,田幡
151,86,塚脇
91,177,世古口
144,195,神鳥
170,106,森保
100,222,信川
225,169,城後
129,233,小角
246,49,戎井
143,222,栗須
113,83,灰野
69,212,河原井
194,19,當間
86,5,与那
93,161,門林
132,89,樋熊
255,155,二本松
225,26,奈良原
242,129,宅見
24,102,折出
101,131,石畑
235,223,水鳥
236,225,鹿児島
126,216,今富
49,188,牛沢
116,161,宮間
238,230,皆本
242,223,海老塚
148,173,我喜屋
222,252,越谷
31,80,友納
211,59,夜久
247,224,椋田
77,112,梅
137,11,日当
188,74,内木場
62,26,竹久
79,93,足助
91,6,前薗
13,205,上迫
237,96,上道
100,33,山河
158,221,戸坂
126,247,古牧
181,72,幾島
168,143,漢那
116,80,下宮
148,251,伊佐地
136,213,名川
168,39,比佐
107,136,半場
154,89,萩元
223,180,鳥潟
175,152,長壁
25,234,竹間
244,104,大城戸
133,143,生江
109,107,新部
218,24,上保
204,77,重留
11,115,軸丸
182,225,四ツ谷
146,21,三倉
88,37,三鬼
30,135,稲崎
71,216,簑原
137,232,簾内
1,8,末村
81,250,畑佐
51,228,日紫喜
180,227,池渕
85,104,但木
236,76,初瀬
81,22,紺屋
247,0,高水
70,15,関下
124,101,磯上
196,171,井尾
125,178,伊志嶺
40,187,伊
174,121,眞鍋
24,242,和多田
7,252,槙尾
78,34,北向
146,89,平安山
188,123,樋高
118,186,猪川
251,166,中宮
63,219,谷戸
218,26,打矢
105,30,仁村
225,13,上之園
22,66,小市
135,218,山盛
60,245,久安
192,218,河戸
91,233,塩
224,33,蜂須
33,152,保
171,60,平池
77,74,入交
112,35,奈良井
234,226,沢田石
139,224,正本
209,70,水尻
185,167,神辺
223,229,神蔵
31,219,森塚
231,98,松生
221,213,鹿谷
74,244,妻木
178,223,鍵和田
0,241,穴原
103,70,栗川
233,214,郷野
204,174,宮松
15,74,永元
238,242,伊勢崎
86,143,和仁
204,243,和山
119,128,有永
43,150,麦田
141,60,猪井
152,241,中満
85,4,大空
247,148,星合
50,70,数藤
204,15,庄内
86,198,小田木
249,119,小前
84,43,柴木
106,50,光延
29,202,逆瀬川
245,41,間々田
243,201,角掛
211,125,羽島
123,98,磯和
132,26,野寄
219,59,楓
253,121,半澤
27,9,白上
12,163,日和佐
192,168,朝香
149,63,池西
45,68,真殿
114,107,森澤
99,44,上埜
227,190,小太刀
94,103,守川
143,62,四井
83,229,幸島
252,194,曲田
117,125,魚田
69,181,宮根
86,73,吉内
107,185,舘林
227,116,下方
136,94,粟国
36,171,安喰
2,2,恵美
41,60,月山
196,66,古角
158,9,洪
83,154,谷古宇
50,19,北添
153,58,木間
68,87,澤木
251,140,扛
98,188,養田
6,60,網田
166,170,北市
122,30,福徳
28,126,沢目
221,172,村主
22,28,出石
142,67,時津
134,70,戸根
72,216,栗沢
251,50,近江谷
227,75,影浦
150,164,卯野
35,101,稲塚
205,79,立入
132,20,幕内
93,89,北城
31,39,福泉
101,46,富久
70,213,追立
7,143,沢原
28,70,西門
91,150,小脇
2,200,嵯峨山
115,237,郭
131,44,角崎
184,252,河手
200,83,宇野沢
3,122,粟生
169,82,本地
124,89,伏谷
99,217,赤谷
200,72,積
73,233,杉渕
26,113,諸江
33,164,祝迫
160,45,枝元
38,153,山吉
125,21,三成
244,63,好田
196,193,玉造
243,193,奥浜
225,151,永広
137,204,友重
214,103,野々上
241,228,槙島
224,13,保苅
246,158,渡真利
113,109,渡久山
193,111,猪上
214,140,沢入
76,16,川江
237,252,石角
167,42,青鹿
26,228,上前
209,216,阪中
117,172,荒内
213,153,荒屋
235,203,月村
124,248,宮丸
54,229,吉福
249,251,斧
116,97,貞松
31,72,大須
103,143,村部
134,196,船島
18,243,水
244,239,神立
164,17,小網
116,5,秋
214,154,広浜
114,100,金岩
30,60,鷲塚
241,96,薬
103,103,毛内
172,161,明野
53,212,満
135,155,武士
56,32,富家
95,91,播摩
111,218,長渡
118,89,鷹觜
215,1,多和
216,184,小森田
30,231,三鍋
17,216,嵯峨根
24,156,佐沢
252,150,高津戸
56,170,向中野
85,138,兼光
27,244,隈
26,130,各
66,57,梁田
38,101,薮中
117,190,木名瀬
105,146,平生
81,203,浜道
211,84,飯吉
98,193,八重尾
129,196,津端
48,163,竹生
241,130,大湾
79,203,草壁
171,183,川嵜
142,178,瀬能
110,29,神宮寺
222,115,城尾
63,152,小佐井
231,5,芝池
217,169,最所
49,141,佐々本
96,4,近石
214,52,久武
244,78,掛札
95,144,夏田
71,224,羽下
59,46,和合
150,2,冨松
62,95,飯星
130,233,二渡
90,1,嶋川
215,94,登尾
59,230,天願
94,115,村社
108,104,船原
19,31,星屋
37,145,樹
97,107,手束
63,190,持留
235,42,鷺坂
65,180,今市
103,197,国米
165,61,幸松
197,215,兼山
95,55,吉家
150,11,儀保
103,236,我孫子
132,121,歌代
143,249,益川
26,203,林野
101,68,梁井
87,179,大湯
59,118,赤須
195,250,榛沢
31,195,松栄
180,215,三阪
65,212,館林
203,220,塩地
35,65,安瀬
196,181,阿万
246,50,簑島
182,101,鈴置
61,143,来海
71,60,有地
226,180,嶋倉
45,147,登山
202,135,大古
154,213,小峠
211,182,小仲
183,89,勝倉
150,111,才川
96,171,砂野
245,172,国近
208,53,関水
202,58,栢木
12,37,梶木
165,102,仮谷
189,161,奥岡
75,179,安山
241,101,毛受
231,245,本原
155,225,普天間
145,103,日名子
2,106,道中
109,41,藤池
137,168,渡来
171,194,倉津
117,88,説田
233,57,上釜
49,57,篠島
6,202,鹿取
250,225,阪部
50,143,古幡
80,214,古田土
73,112,隅野
33,184,葛本
9,252,下迫
245,241,烏野
237,44,涌田
128,173,茂
76,241,舞田
25,153,田阪
40,50,筑井
70,39,大曽根
184,238,澄田
145,168,水澤
39,111,須本
91,204,仁部
106,251,新居田
197,76,上居
235,84,春
108,236,出射
8,84,公平
81,248,五百川
25,168,金枝
238,74,飴谷
198,32,有友
241,164,有藤
63,199,木地
112,157,八束
216,2,池嶋
209,237,倉品
8,246,先田
28,83,是松
0,251,水梨
112,14,小番
69,54,橋崎
103,75,巌
16,231,下門
81,163,一森
98,159,和光
50,216,鈴山
128,241,又野
46,135,貞森
132,232,珍田
238,143,長谷井
236,93,大櫛
206,65,草山
135,146,西依
70,56,清武
162,4,上畠
237,97,三松
52,134,後迫
131,206,玉崎
15,58,角間
225,109,翁
113,229,奥宮
156,121,安次富
88,41,矢守
126,185,名塚
254,223,盆子原
11,203,福安
229,76,湯瀬
106,38,長柄
90,134,達
21,153,大広
45,15,相庭
95,53,政所
41,246,杉町
215,101,吹越
168,138,神取
116,222,新江
143,121,小濱
75,10,小県
85,200,市成
0,154,弘津
49,12,鯉江
2,65,窪木
130,3,紀藤
170,94,荻堂
253,37,永浦
36,120,一倉
188,28,安座間
252,128,老沼
38,83,林谷
175,216,野竹
237,85,俵積田
210,89,道岡
170,47,程塚
144,132,蔦谷
153,207,長迫
162,133,仲嶋
196,49,茶園
33,242,大鋸
89,228,川真田
174,175,崎
87,209,堺谷
170,248,戸ケ崎
33,122,慶田
117,43,屋嘉比
239,237,浦瀬
93,51,安留
55,179,野場
94,132,豊野
22,241,淵野
27,82,飯浜
224,23,長石
166,58,川原崎
203,252,石中
56,85,植島
128,61,譲原
48,11,山吹
250,98,高頭
222,152,原賀
71,39,見山
137,66,菊地原
57,223,韓
121,245,栢野
95,4,海道
131,253,伊谷
10,114,堀中
254,101,宝満
103,126,浜出
105,243,馬場園
140,55,池岡
157,143,沢江
70,247,宅島
117,221,大歳
232,240,西見
53,153,正
11,245,栖原
0,236,常深
73,198,宿里
97,104,秋川
212,170,汐崎
251,196,市坪
184,89,四条
49,134,讃井
112,155,黒
35,8,甲地
165,224,江渕
135,241,後村
228,250,外丸
147,192,音羽
218,23,塩浜
207,225,羽部
151,119,井辺
118,76,阿見
122,27,万野
233,152,保延
148,36,福与
9,155,萩山
233,240,堂上
45,70,土志田
211,35,登川
32,173,中館
71,50,三明
195,163,綱木
140,142,鍵田
184,182,許
233,223,宮廻
122,23,久保園
170,163,嘉瀬
160,174,嘉戸
239,10,下森
79,33,雲井
251,12,井料
38,236,礒谷
161,227,林口
0,172,流石
81,49,油野
47,225,麻植
236,32,片石
105,236,田母神
138,98,竹馬
26,135,新穂
44,147,小芝
103,96,秀
100,205,市塚
227,130,三箇
37,236,甲山
103,34,江波
46,126,兼井
215,242,金巻
118,18,近間
212,41,兜森
207,204,荻窪
101,48,横岡
158,206,押部
183,79,宇治川
186,192,安尾
214,35,里山
171,178,野溝
57,253,堀正
86,130,峯本
41,201,保川
185,136,並松
163,156,浜内
207,130,尾添
190,48,檀原
66,204,多
17,230,倉山
161,164,森宗
250,198,上部
182,126,松友
81,166,重成
53,189,蒲沢
98,220,梶ケ谷
189,245,貝谷
223,21,河岡
24,193,宇治野
125,28,保母
149,213,楳田
130,87,内池
49,215,徳広
99,61,田方
165,232,張間
143,230,新矢
59,51,織原
204,216,上瀬
193,178,照内
71,128,若竹
56,102,三保
43,67,笹嶋
28,134,阪元
48,88,権代
237,119,夏川
66,223,安徳
193,71,粟根
102,9,芦名
143,107,縣
178,34,矢板
91,223,野々部
208,86,槙山
110,96,別井
70,204,白髪
238,212,豆田
133,154,泰地
194,76,川喜田
20,45,糸魚川
238,37,黒津
88,236,荒畑
159,108,胡桃沢
72,187,権
148,31,海川
151,168,華
24,7,愛川
223,179,明賀
128,150,峰崎
64,69,福室
196,53,巴山
66,178,東園
122,96,鳥田
203,253,丹田
111,135,真
31,161,志鎌
115,97,山津
34,239,原中
35,138,岸良
110,224,笠嶋
89,232,掛田
35,56,柿山
118,139,浦郷
228,166,末宗
120,47,峯山
249,43,飛鳥
87,248,板持
231,222,椎
20,29,大郷
180,120,船生
89,17,西津
86,152,上城
221,34,小紫
61,70,七
37,137,坂之上
107,52,根立
88,151,高力
92,180,高子
61,11,桑谷
204,221,吉峰
205,41,羽地
178,36,利田
50,150,門岡
221,158,満井
223,19,能沢
25,109,島尾
200,218,天坂
67,182,朝永
172,79,達川
234,213,大芦
63,50,西峯
76,146,盛川
222,122,沼畑
23,151,小名木
239,175,出戸
179,194,四倉
47,134,五郎丸
77,148,君和田
111,107,間渕
172,170,釜崎
123,253,奥迫
239,206,堀下
184,17,房野
8,35,保崎
146,247,畠野
24,197,馬見塚
213,48,田野井
168,179,中畠
140,82,谷越
45,230,霜出
192,73,折野
176,54,折尾
105,88,税田
153,31,種本
102,131,若江
81,188,戸津
61,219,古戸
90,231,宮副
159,76,覚張
96,229,井福
104,134,保利
198,221,平敷
67,15,徳平
43,190,島森
185,134,栂野
224,251,津志田
6,108,仲内
147,49,大豆生田
19,152,村手
114,146,倉増
66,134,畝本
162,41,小櫃
191,166,小亀
179,71,江塚
80,224,後川
198,201,月川
216,118,駒林
56,91,錦見
167,15,宮阪
128,221,吉泉
43,182,岩熊
57,244,灰谷
3,56,押方
138,175,柳元
185,126,野呂田
27,1,目野
154,12,末
5,118,穂満
161,148,片見
185,158,平吹
37,36,浜岸
77,101,百合野
224,85,白数
236,89,毒島
176,86,土沢
169,236,則松
9,229,蘇武
218,30,森武
154,224,城倉
120,37,上見
8,81,手柴
87,115,鹿目
36,227,皿井
205,220,古渡
146,206,兼清
141,251,宜野座
78,1,梶塚
86,9,角地
119,180,我満
174,80,羽川
234,96,和野
220,154,養父
43,146,米塚
134,27,武隈
20,110,畔蒜
76,255,藤長
131,152,津布久
176,10,中南
188,83,足羽
66,229,草加
126,17,石割
180,112,正路
249,0,水藤
17,146,須々木
14,122,深石
156,250,常石
174,234,松堂
107,45,妻鹿
147,232,佐々岡
150,255,二葉
252,38,高椋
193,195,後野
3,182,嬉野
123,167,遊馬
213,137,末川
156,94,茶円
138,132,谷浦
202,185,荘
242,249,宋
128,80,曾山
252,160,浅津
125,181,千代谷
78,114,青崎
194,23,瀬井
242,2,森兼
89,114,森浦
122,255,松金
16,250,小舘
139,102,市倉
69,203,佐崎
173,11,行川
137,149,戸出
123,172,兼森
135,222,桑波田
111,64,窪山
213,177,鎌滝
15,132,垣谷
121,78,安高
59,90,鯵坂
114,193,籠谷
93,235,柳迫
229,215,矢坂
121,153,目代
193,80,明比
131,12,墨
85,28,百
237,200,白澤
32,225,徳森
87,193,藤ケ崎
76,91,桃木
53,162,田波
72,72,長塩
32,221,中重
149,102,西正
110,195,清井
131,99,松末
138,138,重冨
126,233,若田部
167,114,佐本
110,163,国藤
103,195,江南
163,11,桑垣
155,129,久保島
207,35,吉嶺
15,246,亀卦川
57,65,笠本
177,121,園川
151,134,一橋
163,42,淀
9,254,芳山
115,102,島山
179,122,朝賀
179,65,大谷内
173,82,速見
29,138,石榑
63,137,西俣
10,75,真名子
32,79,小桧山
53,202,小久江
214,76,漆戸
186,102,財田
63,2,高居
84,5,光石
22,54,嘉手納
12,136,立和名
205,150,本道
78,228,北詰
194,178,白垣
231,114,鶴沢
200,180,鎮目
249,79,大瀬戸
115,172,太田原
7,80,多久
227,10,星本
194,18,真瀬
91,235,新浜
66,135,宗川
89,19,市
56,190,四ノ宮
119,27,三方
50,240,佐久
144,187,岩辺
77,202,角尾
57,163,家崎
194,137,力久
51,254,有園
0,61,末野
127,173,畑尾
114,65,唐澤
139,84,冬木
92,219,田垣
209,50,定本
123,66,潮見
14,247,竹垣
194,68,池ノ谷
214,192,只木
41,46,倉茂
106,244,青海
93,106,菅又
119,236,翠
128,190,上木原
138,228,勝瀬
163,139,今石
202,67,腰山
75,216,高中
123,19,江
49,146,境谷
190,202,宮司
85,101,吉坂
161,102,岩名
221,254,河畑
229,135,横張
178,71,越塚
70,228,阿波根
234,188,澤本
32,226,利川
6,134,有住
147,71,浜坂
40,223,馬橋
31,155,日比谷
68,48,日影
72,171,楠目
212,66,頓宮
120,10,鉄
233,44,濁川
252,250,待井
90,210,川竹
63,207,瀬之口
164,170,上仲
93,157,松広
137,206,三條
81,123,細萱
208,79,国司
198,106,高光
207,4,宮倉
207,223,喜島
1,222,河渕
149,14,友安
59,246,末益
253,246,並里
153,157,浜部
63,101,尾又
140,27,楢本
140,43,内薗
72,220,藤宮
230,95,渡海
95,249,津賀
108,229,中目
115,206,中熊
130,169,城村
140,29,秋村
234,71,篠川
187,63,山仲
9,196,弦間
67,11,強矢
97,185,吉戸
94,160,関内
76,12,柿下
57,232,塩畑
217,105,阿賀
114,136,里井
90,65,矢田貝
208,28,又木
97,88,武宮
137,72,八反田
47,76,釘崎
246,211,定松
40,250,中坊
95,76,中場
142,212,沢内
53,46,大信田
182,92,仙道
140,164,是川
255,16,勝矢
101,26,舟川
73,25,幸崎
32,253,浦松
176,149,廣岡
124,45,倭
121,55,里川
169,238,本家
241,51,伏田
12,185,長光
179,36,谷渕
66,63,瀧田
231,102,大代
218,3,川住
254,153,赤土
162,221,室町
150,68,指方
227,220,三辻
27,236,三ツ石
21,78,根石
226,139,高荷
150,21,金石
193,133,嘉屋
200,88,井林
152,251,鈴井
176,216,立浪
18,62,野波
204,218,末弘
10,159,北住
98,142,美和
17,79,入内島
3,86,槻木
2,136,長谷田
153,116,茶屋
168,213,多鹿
120,109,織本
185,112,小圷
96,188,小塙
126,4,小谷田
47,177,左海
45,238,今倉
73,51,高上
173,70,金松
74,213,久志
230,56,鞠子
252,119,我謝
98,204,下茂
117,13,岡正
169,129,押久保
108,59,一寸木
0,56,依岡
218,115,西馬
196,129,雪本
27,11,倉成
19,211,多治見
170,127,大牧
211,68,辻下
33,246,田籠
151,91,日坂
4,150,埜口
83,111,飛内
128,236,富重
99,212,普久原
211,171,福塚
71,132,流
60,68,眞田
251,120,生地
68,75,菅尾
167,112,森河
7,0,上家
213,182,小茂田
67,28,室野
64,187,山野内
204,42,見原
145,92,宮道
195,170,久森
194,125,喜舎場
109,86,岩竹
5,8,鴨
127,170,横町
101,177,遠峰
186,222,円子
91,211,和佐
49,14,友村
73,211,柳村
178,159,網倉
225,190,北薗
11,106,福園
73,242,馬木
95,126,日根
182,69,東一
186,174,渡名喜
188,49,椿井
237,133,倉松
254,48,瀬野尾
11,91,森次
92,63,新内
147,104,山橋
146,137,坂江
168,159,佐渡山
248,209,喜多見
131,89,加々見
98,61,安蔵
3,235,萬谷
9,203,門永
121,212,木多
104,247,末延
141,158,染田
37,20,石引
171,17,瀬端
25,184,杉藤
96,72,厨子
130,84,出合
187,183,若崎
47,118,室木
2,18,山王
6,105,佐近
208,146,黒飛
52,159,君嶋
120,251,駒津
13,175,居川
5,16,丸屋
125,102,榎谷
199,135,羽富
121,167,宇津宮
207,41,稲継
17,6,一川
96,200,辺土名
49,249,畔田
113,223,縄手
18,210,渡貫
203,140,棚村
217,177,曾根田
180,68,川中子
226,229,成木
109,45,信濃
29,178,松清
114,197,小上
164,92,三戸部
154,200,笹渕
43,136,最首
79,8,高添
148,0,高貝
65,31,海
113,21,磯井
113,91,庵
245,168,安海
15,190,阿由葉
203,100,茂泉
6,69,牧尾
118,136,平家
188,108,道林
223,172,浅野目
144,214,親松
38,11,上池
76,9,松雪
12,193,舟見
240,30,采女
225,223,砂本
249,37,後呂
245,214,兼次
201,195,角口
133,169,磯前
203,207,崔
159,99,余川
195,56,尾口
59,254,峠田
17,133,町谷
20,125,仲丸
171,20,地下
88,213,村地
103,115,倉見
42,79,千綿
226,178,森忠
218,84,常住
201,12,重広
116,9,受川
137,236,酒徳
62,158,三ツ谷
15,48,三ケ田
101,79,砂辺
55,209,高堂
112,46,溝尻
219,49,角森
160,226,印牧
248,222,安友
50,112,敷田
216,51,祢津
105,118,定
147,194,仲真
111,55,中池
81,60,丹生谷
199,26,帯
195,240,掃部
150,94,千々松
171,142,西室
67,5,星沢
112,252,森繁
213,209,城之内
93,113,庄島
89,121,紙本
248,20,崎川
250,247,細岡
13,215,砂場
20,186,向畑
255,96,戸祭
2,212,興野
193,209,牛場
187,98,巻口
181,209,越石
234,170,井手尾
44,189,井奥
57,46,伊久美
205,237,松若
153,41,上柿
119,77,増崎
164,46,滝元
252,107,沢渡
167,63,炭田
199,206,猪
198,245,塚
202,203,砥上
36,118,砥綿
84,207,内記
242,73,納田
8,4,敷地
164,114,武尾
94,196,北坂
198,87,与
19,236,鰐部
228,28,宗政
128,139,伊計
71,221,育藤
77,19,花立
6,147,萱森
79,202,丸石
134,146,岩井田
49,228,鬼原
101,210,久堀
177,96,曲山
233,100,栗屋
18,139,桑鶴
85,141,兼久
200,28,五戸
83,133,工
62,154,今原
189,213,氏川
232,154,種谷
36,23,藪中
242,106,落
187,179,鳴滝
163,194,米坂
198,151,平館
103,18,文字
246,88,比田井
103,176,箱山
153,63,東平
181,142,猪越
52,208,船間
164,97,川筋
86,40,西埜
59,9,腰原
215,71,光宗
80,249,戸館
44,146,月館
224,46,杵屋
151,141,家中
37,206,岡辺
113,118,横枕
122,173,横見
215,168,押木
225,241,柳堀
185,159,満岡
206,7,牧岡
185,161,保倉
73,248,平佐
168,251,飛山
227,198,入井
10,178,追川
236,99,茶畑
191,5,池澤
49,93,丹原
50,53,大仁田
31,194,相野
230,28,祖田
193,156,前澤
158,23,川代
121,129,松熊
109,95,小八重
131,59,諸永
186,41,山成
54,48,窪井
35,13,牛腸
214,152,関場
16,62,釜石
225,75,嘉悦
209,0,横原
129,167,安成
55,29,礒辺
86,164,澤山
116,60,揚野
97,43,木根
63,97,片本
159,58,布山
86,58,富士原
137,80,白濱
255,229,津下
248,163,中井川
201,100,池脇
208,50,大良
134,121,大宮司
153,136,清和
207,246,新徳
63,154,初芝
11,221,桜間
231,144,佐保田
221,76,原科
217,89,舘田
58,233,伊深
193,164,井脇
28,227,歌田
243,106,甘粕
44,254,金古
34,192,五十棲
74,254,広地
98,107,溝脇
206,107,小嶌
153,126,松苗
198,98,沼井
194,169,乗本
183,249,水山
161,68,炭本
123,151,貞光
157,193,東良
205,155,百井
244,20,布留川
46,207,北折
11,126,蓑原
30,51,明山
249,129,矢津田
196,191,友森
247,56,米窪
44,167,平安名
210,167,冨野
159,114,堂野
249,148,湯澤
61,49,東峰
74,143,津野田
104,76,谷森
169,126,滝石
171,56,大鷹
135,214,増森
205,192,赤江
100,160,西垣内
254,235,常泉
249,117,小井手
125,249,四柳
166,122,三木田
206,38,荒本
197,195,近重
37,208,戒能
242,217,河原林
115,251,餌取
55,71,羽佐田
127,140,烏田
235,227,安ケ平
17,43,阿彦
222,53,蕨野
163,251,野垣
173,211,木川田
119,85,湊川
213,210,板沢
172,35,馬崎
151,146,日名
143,157,東久保
77,34,田爪
153,85,津原
18,26,中納
230,193,大道寺
231,233,赤
120,227,清崎
112,70,小管
183,62,兼古
200,93,経塚
14,53,桑崎
245,169,笠田
144,211,改田
76,44,夏見
175,16,下枝
3,192,阿佐美
135,57,阿江
235,178,和泉田
64,11,立谷
82,192,矢形
39,52,芳井
191,239,物井
194,104,冨澤
222,7,飛鷹
53,88,馬詰
180,173,能代
198,16,日
125,180,徳吉
200,109,道原
20,216,東松
54,20,鉄本
177,191,長富
206,118,中静
215,79,代
49,68,多喜
227,181,川邊
66,50,西戸
208,5,山蔭
39,130,桜山
105,0,高清水
170,92,溝越
240,81,恒成
3,219,古石
22,196,兼村
229,168,越沼
191,130,阿出川
153,18,和多
166,127,友常
72,25,保原
191,19,半藤
49,61,八神
179,140,奈須野
224,136,藤後
66,236,唐田
152,149,仲岡
128,250,中牧
255,139,中峰
176,39,竹入
243,250,先山
23,11,雪野
172,110,主藤
97,153,若色
105,172,寺平
254,183,三並
154,198,三柴
190,120,薩川
171,146,絹田
136,241,久枝
95,215,下倉
16,124,一岡
67,100,安次嶺
81,83,廣野
208,20,野々川
22,189,毛呂
24,163,福成
94,19,洞田
226,2,蝶野
41,127,滝岡
26,56,宗広
247,58,志沢
139,92,笹淵
42,65,光崎
50,74,吉末
71,81,亀
85,0,井狩
49,148,輪湖
47,95,野際
161,154,木所
95,12,北瀬
35,98,平藤
138,239,鳩貝
227,218,藤曲
146,45,島守
171,126,茶山
136,79,大堂
131,212,太宰
24,30,杉川
126,87,松館
82,173,山之上
90,222,吉峯
127,55,亀倉
220,117,気仙
79,37,椛田
129,246,垣原
75,93,安並
9,26,柚木崎
90,142,野々
67,76,名護
58,132,服巻
173,227,尾立
139,105,板崎
57,3,陶
24,140,椿野
36,16,大隣
222,209,浅妻
20,53,諸留
110,39,重石
206,4,洲脇
165,51,朱
183,133,三雲
110,87,高里
130,176,厚木
118,150,恵谷
194,232,郷古
211,47,牛渡
246,205,岩政
122,198,下嶋
193,145,岡添
253,200,穐田
242,16,柳館
210,233,綿田
32,168,豊吉
248,205,保手浜
27,115,百合
160,143,飯窪
241,58,内河
189,44,得丸
28,121,長棟
165,177,中市
215,12,中舘
173,215,竹末
194,21,大富
29,228,大霜
59,231,大貝
151,161,太田代
255,82,川和田
58,92,杉永
68,1,須谷
134,16,小豆畑
80,70,寺見
29,252,菊次
0,117,椛山
48,22,外島
173,74,雨貝
247,209,羽切
255,159,磯脇
121,14,伊良皆
167,92,宗藤
189,188,出本
180,198,水溜
173,208,嵩原
208,133,赤座
145,34,貞弘
228,222,田鹿
106,118,東沢
25,87,道又
240,246,梅下
238,156,迫口
136,229,八下田
229,170,平位
229,62,明間
123,159,蓮
223,61,浪崎
42,225,鹿糠
230,231,高沼
219,203,五来
171,41,櫛山
92,51,居城
76,199,宮久保
216,247,吉河
171,121,菊入
145,141,垣下
143,22,岡室
117,24,稲橋
159,231,井嶋
131,190,井越
232,194,安嶋
80,182,安場
241,222,綾田
206,228,澤谷
25,120,廣澤
234,77,有満
93,60,片根
58,88,尾鷲
102,113,備後
145,68,日根野
186,176,定塚
100,22,沢中
42,165,大鷲
215,239,大束
88,32,善
205,38,石母田
207,107,仁田原
165,163,小部
174,220,住江
173,85,柴川
46,96,元橋
222,193,権守
138,53,久次
118,237,奥林
223,128,伊是名
198,204,阿河
192,133,畝
117,97,政野
160,25,清重
35,241,清滝
186,229,川杉
203,115,丹代
40,147,端野
9,13,池畠
157,67,竹俣
168,41,竹葉
115,46,秩父
225,152,嶋根
77,196,入澤
50,61,北迫
246,2,面谷
105,217,門奈
233,133,与古田
41,193,陸田
184,111,簑田
197,89,世戸
43,93,一原
188,190,宇敷
66,182,岡口
16,242,岩槻
104,157,鬼武
118,43,玉江
233,198,金綱
172,12,櫛野
63,210,月本
2,39,佐和
46,29,砂塚
120,95,坂岡
71,249,阪倉
2,99,山澤
48,188,時崎
0,44,狩集
40,203,上竹
136,62,常陸
90,30,数田
128,193,野城
84,151,名本
151,38,比江島
226,116,麦谷
212,151,道添
37,25,道前
110,240,忠地
199,41,竹縄
186,168,石高
122,152,西峰
180,255,世永
69,205,上水流
250,165,松高
212,224,小薬
18,82,小江
34,61,雫
12,22,今井田
223,174,古塚
164,255,古後
83,89,吉鶴
231,121,丸地
132,211,下橋
99,94,横峯
101,190,奥貫
139,216,浦辻
214,19,磯口
126,255,蛯谷
74,248,要田
142,2,有間
222,87,柳浦
246,75,鳩山
124,214,八野
102,77,日谷
12,216,仲条
32,107,倉金
126,254,初鹿
156,231,宗本
96,234,七原
65,76,似鳥
99,52,山島
58,137,阪根
128,240,隈井
35,221,窪園
173,1,久須美
81,221,橘本
185,1,祇園
123,81,巻幡
181,152,貝川
203,246,乙坂
8,220,岡澤
12,165,岡尾
227,125,塩村
139,88,濱中
65,206,北御門
111,225,冨江
218,193,尾見
68,120,湯藤
28,90,菅根
207,9,新立
164,15,山後
121,197,佐分利
230,23,佐島
168,35,糠谷
92,167,金戸
131,203,及部
212,164,気賀沢
154,206,永冶
8,57,影井
137,241,安枝
55,138,野並
32,144,満生
173,95,満園
18,99,片村
53,124,板場
116,192,辻浦
162,123,池ノ上
63,51,赤倉
66,111,生稲
12,48,椙村
24,16,真尾
31,69,松矢
85,252,守矢
213,200,時
83,221,寺垣
82,106,山市
79,252,国兼
237,21,五条
112,84,兼坂
166,241,恵木
242,254,旗手
122,13,貝沢
74,41,賀数
13,14,烏谷
104,24,宇佐川
43,252,茨田
182,204,芦崎
201,190,愛知
6,230,帯川
132,17,知識
41,188,中永
11,208,調
215,122,長永
241,115,天辰
70,95,日裏
209,124,入来
79,36,肥田木
172,228,飛島
71,209,美田
137,223,浜武
233,210,鳴沢
113,67,友
193,215,忰田
94,139,渕本
253,48,霜野
2,229,稲次
217,26,越地
122,235,園村
85,14,河波
28,4,見留
248,19,広藤
141,62,高篠
64,105,高泉
240,167,治部
112,219,若藤
0,156,若梅
12,96,松縄
126,169,信貴
54,249,深代
50,81,世利
39,246,船谷
93,9,目片
167,229,芳岡
194,56,難波江
66,95,鐙
79,18,田久
150,71,沢地
16,183,早苗
164,11,川畠
100,162,上米良
25,108,上鶴
183,96,初村
87,4,行成
85,158,広村
151,163,巧
222,24,古嶋
59,99,串崎
136,196,九十
240,149,吉門
7,125,亀甲
156,103,鬼崎
21,23,茅島
129,153,鴨崎
32,53,加園
16,132,岡畑
26,166,押本
132,64,藍沢
8,77,野池
54,151,富成
28,183,日和
131,184,日馬
46,145,廿楽
181,120,田地
143,67,猪尾
164,244,中杉
25,84,蔵満
184,191,船瀬
143,2,須戸
29,187,七種
104,229,兼崎
65,135,金銅
24,199,久保野
111,27,岩鼻
244,73,遠野
222,97,井之口
207,88,安崎
151,238,國分
42,70,和佐田
104,253,由本
155,86,有末
11,46,友原
55,171,野邑
84,152,本石
166,14,墨谷
245,185,藤光
175,242,東崎
82,185,唐木田
27,72,猪山
148,91,池宮城
63,198,大濱
106,64,束原
191,152,霜越
141,102,西広
111,180,小作
3,217,砂岡
229,130,厚海
28,10,魚崎
45,152,宮戸
154,68,貴船
32,147,海堀
21,97,荷川取
251,173,鵜瀬
214,169,瑞慶山
26,59,赤石沢
251,162,船迫
165,228,草原
144,253,道畑
158,229,波間
150,131,畑崎
62,96,八川
154,16,尾越
203,134,伏原
19,163,蜂巣
144,175,牧浦
36,53,民宿
121,241,目次
134,182,弥富
252,25,嶽本
169,193,針山
74,23,種岡
95,194,軸屋
23,150,佐内
196,81,根路銘
225,253,香坂
190,254,金箱
193,85,魚本
207,152,宮薗
206,12,岩滝
91,252,花牟礼
99,102,下松
211,123,永楽
156,88,因
64,76,伊勢村
75,35,伊森
47,20,浅古
161,74,大土
8,187,大年
96,237,沢頭
155,33,竹橋
176,25,仲江
159,156,昼田
4,77,猪崎
90,29,津吹
19,49,栂
253,23,碇谷
216,156,道井
213,147,楠部
106,120,八山
40,225,本園
185,199,鑓田
19,223,川城
96,100,千吉良
252,30,垂石
157,24,神出
159,31,植地
111,164,上内
32,26,昌子
150,195,小名
174,34,三鴨
210,247,黒本
32,85,国保
47,54,江添
168,250,橋谷田
150,107,橋ケ谷
174,15,岩西
18,112,益
169,248,稲船
253,13,水迫
51,251,清谷
150,0,西池
39,244,竹見
247,213,猪島
216,75,度会
35,160,二之宮
6,84,日永
36,199,日光
110,70,馬篭
48,130,樋沢
31,243,撫養
96,61,桝野
1,210,矢追
237,94,友定
39,175,和中
228,197,蕨
155,1,劔持
84,235,小貝
84,88,伊良部
137,147,羽倉
49,110,羽多野
100,23,横本
123,103,荻須
216,25,会川
194,208,鎌苅
46,194,久積
58,254,迎田
234,95,古徳
13,25,五味田
125,34,細内
18,77,笹間
123,128,山領
233,182,四條
21,123,室川
115,242,篠藤
88,244,春井
48,16,檜森
138,230,野入
171,221,名執
129,86,武次
7,67,徳間
208,156,地福
216,211,谷坂
57,24,大居
154,118,前垣
102,241,川相
58,192,西明
58,174,上武
100,125,秋定
108,83,宗和
234,239,時沢
105,127,寺浦
71,215,四位
206,102,三門
181,167,座波
28,240,溝尾
211,54,口石
187,124,桂山
229,160,金倉
239,144,金居
179,95,近久
231,11,魚津
157,177,牛之浜
1,151,牛崎
91,186,弓指
239,241,吉間
204,105,開米
17,142,開原
105,237,花光
26,201,家原
107,194,阿久井
8,210,諏訪田
241,78,椙田
226,105,世良田
94,222,西留
90,92,石地
26,72,早山
245,157,相星
227,68,多田野
85,10,泰
95,113,仲辻
213,20,島ノ江
92,136,島上
127,89,波部
69,127,板原
45,41,片江
192,198,又川
115,239,野呂瀬
255,254,矢持
97,195,矢竹
154,28,友国
88,161,神足
108,156,阿相
220,116,一志
155,111,一二三
43,198,一番ケ瀬
24,66,演田
198,122,河面
205,115,皆越
116,12,樫谷
104,162,岩花
83,175,鬼柳
146,223,久藤
133,215,呉本
73,125,江種
73,166,合谷
60,153,坂山
72,107,出倉
85,136,出頭
16,71,上元
24,48,上総
147,230,森弘
167,152,流田
215,140,頼田
171,224,野秋
191,179,木森
132,193,木賀
230,166,明戸
248,118,平工
194,115,百目鬼
108,246,鉢呂
52,110,楠戸
12,233,藤目
174,3,藤武
250,143,東和
162,119,土岡
140,4,朝隈
30,84,中ノ瀬
81,215,一野
25,60,円田
151,160,皆吉
15,5,外舘
137,184,割石
60,13,吉場
92,110,犬井
122,170,広政
1,139,座安
224,59,笹平
195,223,宗片
86,92,小座間
31,205,上脇
242,88,城地
167,66,数馬
110,138,生井沢
65,24,榑松
67,136,緑
118,178,梁島
171,197,法村
171,247,武馬
122,177,武子
109,242,冨士田
193,56,飛岡
201,167,畠沢
251,59,島名
122,19,島居
242,95,田里
185,230,田神
79,197,追分
112,216,津国
100,174,長廻
116,115,相蘇
177,15,船野
175,195,川久
103,136,森根
40,112,四十物
21,82,古長
93,81,久嶋
20,25,貫名
133,78,河澄
182,63,羽角
106,147,一松
139,94,廣井
84,137,芳谷
198,165,峰野
223,9,尾熊
224,241,樋爪
42,30,藤部
100,109,藤好
124,226,藤河
17,149,棟近
126,105,椎山
147,209,猪塚
191,210,中渡瀬
86,45,池津
48,186,対比地
121,87,石和田
8,237,仁保
218,123,新畑
212,169,市野瀬
108,17,坂脇
201,93,今給黎
253,61,高徳
107,226,綱
195,248,古元
212,105,櫛間
84,117,宮家
98,173,加賀見
10,58,岡宮
60,91,老松
53,26,木城
161,175,平湯
251,51,幅田
108,106,尾石
250,206,博多
157,92,鴇崎
237,147,島林
8,235,庭瀬
230,148,定行
1,249,中広
146,196,大峡
33,141,則本
221,215,千脇
120,20,千藤
2,226,酢谷
46,76,真井
41,235,枝光
54,231,今若
143,54,合川
79,209,行友
229,16,向谷
89,96,光島
244,249,玉島
192,86,久米川
69,220,寄川
159,213,掛布
48,141,奥藤
21,75,柚山
69,20,堀脇
78,18,堀地
205,159,楠橋
168,2,内貴
62,134,栃谷
154,53,鶴羽
25,130,大葉
119,203,村端
160,4,蔵前
83,200,折山
176,4,市谷
172,251,黒見
241,28,荒幡
223,201,光川
252,72,権平
76,29,兼安
211,144,栗脇
2,35,岩嶋
254,28,河路
10,27,越阪部
81,4,井石
55,249,安養寺
93,103,愛須
16,99,増木
168,160,多比良
122,115,大同
66,97,大力
204,196,仲俣
161,81,直田
95,251,鶴木
142,75,田野口
133,20,島方
213,49,道明
152,104,日下田
222,15,波岡
137,120,半井
89,117,末久
97,194,野藤
28,167,溜
247,102,清水川
248,131,秦泉寺
64,129,沼里
127,215,守部
214,71,式部
97,239,汐見
173,135,康
25,178,広実
210,29,後上
101,35,金納
57,114,郷内
97,137,牛谷
240,117,雁部
130,245,屋田
150,233,井木
14,194,井森
147,69,粟谷
235,120,清見
112,113,青森
1,32,川床
120,101,前之園
158,161,荘田
20,124,則包
106,2,帯金
21,69,袋井
223,199,築島
82,237,竹居
214,97,長谷場
218,64,得永
115,42,平上
162,27,豊倉
91,165,夢
39,76,矢間
111,100,尹
64,178,搏林
193,151,礒貝
242,11,藺牟田
32,16,芦澤
56,241,榎元
11,155,横澤
237,149,河元
3,72,栢森
51,231,宮後
239,254,笈田
21,113,駒込
6,58,君野
22,247,結束
174,206,絹谷
50,87,戸屋
63,145,国部
170,58,斎野
209,193,鹿川
46,214,勝尾
235,255,小美野
91,111,森満
2,70,真々田
213,196,真川
122,66,剱持
188,223,豊巻
44,251,保永
76,61,東福
248,3,島脇
60,147,田苗
216,170,池中
37,222,村竹
205,9,前河
50,129,水畑
243,94,埴原
132,208,小賀坂
69,19,坂地
169,60,国久
114,75,喫茶
104,193,菊竹
152,242,鬼海
115,92,岩水
189,117,柿花
60,82,賀谷
101,248,河出
226,26,羽二生
162,134,一見
192,214,竜口
242,14,立神
114,246,毎田
96,55,福池
134,47,冨重
230,163,畑口
231,26,土野
255,66,田吹
40,106,貞末
54,69,長広
4,137,中久喜
220,63,滝脇
97,247,滝浦
8,145,倉垣
26,142,瀬長
137,198,植垣
197,197,小野内
186,120,井神
78,236,臼居
214,45,浦和
44,16,永
68,200,押領司
222,144,岡平
130,161,下家
73,181,駒
237,225,戸野
232,21,荒原
183,32,黒尾
32,111,今仲
19,138,崎元
163,132,山並
38,71,姉帯
250,0,小甲
159,49,國井
155,17,陸
104,88,藍
12,104,薬丸
77,243,本柳
56,95,南畑
60,170,辻上
67,73,長元
116,6,宅和
169,10,善積
114,102,川那辺
192,85,西阪
218,22,生原
250,200,森居
95,87,森越
110,116,山品
193,102,三芳
46,77,三春
187,202,札場
53,138,榊枝
87,128,財満
107,219,国宗
10,85,古茂田
34,1,古垣
78,38,鏡原
170,165,花香
193,98,乙津
177,220,一ノ関
7,192,綾木
243,51,小野坂
155,76,常光
119,153,神近
22,211,成嶋
108,80,西形
105,97,倉繁
36,20,草本
4,255,中三川
33,55,天明
56,121,藤里
28,231,洞内
188,203,八並
190,84,北館
143,17,茂内
213,169,木住野
113,50,門沢
232,233,由川
144,170,立島
63,109,秋武
171,149,阿辺
175,226,為永
121,224,雲野
202,118,音川
7,50,下河辺
91,146,花水
66,94,柿迫
117,179,寒竹
177,202,鬼山
95,131,玉元
139,223,桐越
30,150,近山
245,101,粂井
138,103,高永
98,227,高科
25,29,高芝
196,137,高信
245,28,坂出
8,54,篠岡
212,81,上玉利
202,245,森若
77,187,仲佐
150,188,仲森
212,155,仲矢
176,133,提箸
42,189,桃沢
185,132,徳谷
57,149,乃村
133,147,埜村
230,107,八本
82,224,樋之口
199,48,浜平
254,190,米花
142,85,峯野
57,25,牧元
92,111,本居
239,82,矢村
126,161,矢富
167,83,友藤
218,145,与那原
151,9,井下田
229,205,井沼
114,186,音喜多
43,164,河下
4,65,河角
101,8,柿坂
8,106,岩隈
156,68,久道
171,164,桐林
213,127,近井
218,77,窪島
190,207,形山
31,255,古米
254,150,江畠
161,126,江澤
221,241,溝添
221,75,荒賀
92,252,砂坂
233,50,桜場
161,197,市本
26,236,師井
77,165,七島
121,47,折目
105,131,川良
239,32,大牟田
240,14,滝尾
213,32,中沖
116,91,張山
0,238,長郷
101,167,鳥畑
239,152,入戸野
59,79,任田
142,137,乃一
39,219,肘井
182,65,苗代
226,52,片谷
181,35,片庭
155,60,片野坂
129,221,牧戸
33,19,本条
168,238,名児耶
121,135,孕石
21,168,赤枝
90,13,円井
180,222,横石
161,150,夏秋
235,96,外田
240,182,岳野
38,145,丸一
228,39,桑嶋
45,59,荒船
74,47,荒平
32,66,高井良
185,212,細金
23,58,榊間
230,92,志手
123,122,宿輪
215,200,小鍛治
68,116,松信
84,64,真浦
29,254,水瀬
39,222,成見
195,33,石郷
164,3,頼
92,46,保志
206,6,保高
242,53,平峰
250,130,伏島
60,159,繁野
20,232,斑目
144,138,入村
92,7,唐渡
13,39,田保
242,64,碇山
9,168,長堂
103,232,中茎
53,201,大浪
151,152,多木
52,174,図司
59,83,真塩
69,211,森橋
64,0,阿嘉
243,134,雨堤
45,116,永福
108,195,遠竹
172,201,下窪
106,140,下郡
58,202,叶野
87,57,刈込
10,135,岸元
207,145,鬼村
139,234,金泉
153,93,玄
164,63,五代
230,191,高遠
109,205,細村
74,201,三竹
202,98,小美濃
54,217,野辺地
77,234,福水
149,101,百済
160,130,伴田
135,126,伴場
177,73,白松
46,70,馬瀬
214,211,日南
135,68,南城
84,67,南光
128,162,道見
17,118,島木
142,60,土崎
167,14,田戸
17,150,田元
80,229,船尾
11,44,盛島
142,254,清水目
142,230,杉橋
139,11,新元
119,192,信本
126,100,出嶋
237,1,住永
253,53,樹下
211,237,志々目
36,215,今松
5,146,高濱
20,212,江淵
238,53,玉
245,243,久津間
82,10,王子
128,69,永徳
151,192,永光
142,242,中沼
102,255,中水
177,82,仲亀
45,95,丁野
96,226,張田
37,255,鶴飼
116,218,縄野
39,164,梅元
151,243,博田
119,80,冨里
213,159,布袋
132,159,武吉
158,232,淵本
136,135,豊本
19,119,餅原
38,98,利岡
175,157,和井田
96,124,對馬
188,231,澤崎
68,52,竹屋
12,120,岡里
12,3,下河原
193,250,下内
206,238,紀野
97,139,吉高
167,55,久手堅
204,246,許田
112,163,筋野
160,201,元野
246,85,根塚
189,174,砂村
142,55,三屋
102,146,七井
139,232,小場
171,148,小瀬村
56,248,上運天
40,78,上之原
248,24,鷹木
78,164,辰本
106,83,葭原
171,236,末国
135,206,牧平
228,108,白金
239,1,堂薗
94,151,田港
1,116,帖地
143,1,中光
248,138,竹浦
166,229,地曳
222,241,谷和
245,2,曽木
153,168,前畠
54,83,折坂
66,52,西邑
195,16,神矢
211,65,乗富
96,176,実原
71,6,黒土
82,184,金輪
252,62,間崎
114,85,釜沢
212,122,永岩
145,1,稲子
104,42,舛岡
177,242,村内
209,23,地村
165,48,中峯
55,12,丁
142,200,坪坂
148,202,嶋原
120,203,堂坂
231,213,奈良橋
13,20,二星
57,113,飯谷
200,29,味元
148,49,木佐木
147,166,野見
91,195,有海
200,116,猶原
102,10,西勝
73,107,申
90,80,小田野
52,7,舟戸
72,14,種
234,152,志智
45,136,佐用
183,69,黒丸
244,103,口田
147,114,袴塚
70,163,栗谷川
200,245,宮守
131,124,岩清水
171,100,花澤
232,83,越沢
98,166,浦浜
54,239,囲
46,65,瀬底
78,92,請井
214,135,石坪
35,90,赤上
145,165,霜島
0,186,蔦木
11,230,渡川
17,225,奈良田
224,28,抜井
241,178,美崎
7,12,浮島
1,221,風巻
19,169,福林
163,67,保木本
189,30,綿野
211,56,面田
102,165,木佐
150,96,有家
112,172,伊香
127,57,伊地
92,214,宇塚
36,108,羽染
147,53,栢本
62,128,館石
229,7,京増
73,63,兼岡
129,99,見村
134,34,向平
234,121,広上
114,116,坂森
163,216,笹口
208,130,三関
48,60,志良堂
169,89,春成
30,43,小張
51,93,常井
112,75,露久保
225,150,目
199,75,本望
180,39,姫路
182,195,播
187,195,二塚
92,72,提
14,226,長手
110,25,長岩
10,16,中鶴
55,87,丹尾
213,88,相部
203,103,埴岡
193,223,上根
85,19,小掠
30,177,小材
86,31,舟崎
235,61,篠倉
128,71,佐上
129,111,御堂
178,218,源内
134,242,見附
249,68,義村
125,0,廻
38,84,延藤
44,100,羽室
3,42,稲波
63,186,安陪
203,50,安久
250,253,中芝
155,66,仲井間
14,10,忠
236,241,長洲
53,149,鎮西
73,14,棟田
45,162,湯元
201,211,内沼
78,56,日永田
10,244,八森
79,84,尾尻
4,16,俵山
234,164,浜原
243,227,武長
101,244,武良
146,136,房前
171,104,網屋
89,230,木和田
239,30,葉
64,48,枦
246,58,羽入
92,204,奥嶋
118,209,瓦谷
109,49,広池
60,40,高士
151,17,根子
133,36,材木
156,85,山野上
223,175,糸満
72,30,紙田
182,159,式田
217,65,諸熊
240,101,小石原
184,157,神徳
206,15,杉澤
41,103,石平
29,214,赤見
219,78,善本
96,56,倉川
101,108,大穂
142,132,籏野
153,96,簗場
42,7,帷子
106,249,有里
17,93,木
28,30,本嶋
114,122,尾沼
199,158,樋笠
73,221,八百板
56,97,薄衣
100,236,斗沢
219,4,中郡
11,239,竹若
145,249,滝藤
28,133,鷹箸
169,7,相京
79,226,清遠
34,212,稲冨
72,233,羽太
79,205,音成
91,67,下屋敷
44,13,加福
69,180,掛端
221,108,久木原
204,153,栗坂
167,94,厚東
123,67,高渕
26,68,国森
132,91,黒葛原
68,228,三股
242,146,秋原
209,67,小酒
69,167,沼波
40,135,森喜
190,154,棗田
129,3,来原
193,131,有澤
89,94,野網
109,108,門崎
23,5,木津谷
14,158,木宮
7,2,万徳
20,250,末満
180,37,堀添
199,109,峰本
105,197,保村
21,185,尾堂
220,219,白武
164,85,当摩
163,237,為国
19,139,羽入田
251,13,荻沢
36,154,蟹谷
38,143,吉口
86,253,形部
88,238,才野
8,100,十鳥
20,133,森泰
240,121,杉若
185,22,蔵屋
243,53,町口
93,68,長谷見
158,33,辻森
202,153,釘田
210,109,余吾
40,246,唯野
200,224,木野本
65,43,椋
1,191,富坂
55,145,発知
92,83,八十
84,19,渡具知
232,25,田房
20,207,鉄川
102,47,谷地田
40,216,泉岡
254,7,西住
172,185,水科
89,58,条
241,230,常峰
81,84,上江
36,92,小埜
32,64,初鹿野
110,253,重黒木
201,120,糸洲
100,57,笹栗
70,236,金剛
167,5,芹野
217,58,巻
198,108,永嶺
8,22,多田隈
159,65,仲吉
206,179,長家
210,43,鶴ケ崎
44,17,定金
210,242,得津
193,10,八重
197,245,浜瀬
234,215,武正
122,103,暮石
97,60,北辻
103,227,麻
181,20,末綱
195,31,鳴戸
229,94,鳴尾
100,66,木畑
14,17,川染
244,101,勢力
40,170,瀬在
131,121,仁和
255,138,新行内
114,217,沼澤
233,201,小和瀬
144,27,出海
2,3,志
193,86,三ケ島
177,155,江里
5,219,呉羽
144,104,喜村
93,192,海崎
53,173,賀沢
23,231,加辺
117,238,塩坂
12,170,村澤
112,56,池垣
147,184,竹丸
177,134,筑波
182,155,鎮守
140,94,津口
101,27,定村
147,225,添谷
250,100,島宗
165,13,堂原
2,1,栃沢
125,142,白勢
179,110,鳩野
49,81,尾鼻
195,137,尾留川
227,90,瓶子
120,232,冨島
35,10,冨本
62,125,望田
6,207,門内
141,25,野毛
194,89,林川
171,198,櫻木
26,105,安倉
155,107,伊津
129,35,越知
223,59,久谷
160,195,兼高
179,255,犬束
102,27,見谷
66,9,古永
231,22,戸石
225,39,御代田
37,185,光沢
180,17,厚川
182,184,行天
90,51,四ケ所
230,54,酒瀬川
160,0,小布施
4,243,松実
99,192,上坪
156,21,森賀
34,15,森坂
132,160,真喜屋
89,97,諏訪原
120,1,石幡
161,172,北倉
69,45,田盛
121,125,鶴賀
215,5,壷井
138,134,辰見
75,86,沢岡
101,109,双木
64,176,千頭和
215,225,瀬部
129,201,上塚
84,111,諸喜田
9,224,山広
204,205,三田地
193,123,桜林
168,224,斎賀
84,178,根市
195,114,高仲
32,162,高星
115,70,荒城
240,102,江場
180,242,好本
170,80,光富
62,203,兼行
226,41,共田
101,120,牛来
8,182,宮畑
9,201,橘木
79,78,丸毛
238,30,丸沢
24,155,開沼
226,149,賀屋
23,243,遠間
195,54,雨田
242,136,西之原
75,30,斉
63,39,大屋敷
121,81,辰已
90,246,谷尻
60,84,長宗
140,9,唐仁原
166,168,道浦
220,45,納所
249,99,白熊
239,12,備瀬
249,22,文田
117,37,木代
151,226,矢加部
170,122,輿
203,80,裏野
238,15,立津
162,152,詫摩
197,127,針尾
236,147,粟倉
142,99,伊野波
105,53,稲泉
108,153,鎌上
49,18,亀ケ谷
24,216,吉垣
117,39,漁野
4,207,古殿
139,152,五十
80,193,五味川
95,17,才原
193,247,三紫
218,130,山我
238,85,寺久保
107,76,勝沢
124,8,小深田
155,187,小川内
143,51,松富
209,199,萬代
30,26,簑輪
88,16,由谷
227,83,友添
31,134,霧生
169,220,桝
143,112,平部
191,137,白間
146,156,徳沢
164,130,湯井
54,85,東坂
160,149,津吉
191,84,成海
117,220,小杉山
155,180,召田
44,59,市古
7,75,山高
53,232,在田
203,105,佐鳥
22,150,江利川
50,16,金治
190,68,橋之口
48,76,弓削田
146,33,解良
117,149,下総
204,202,荻久保
8,164,一尾
189,89,伊瀬知
58,128,阿閉
98,22,稲上
164,88,貫
107,200,久江
212,6,五十子
51,144,砂賀
96,225,三口
252,123,油原
148,101,柳島
211,245,野牧
164,197,門伝
84,114,木室
86,140,明松
98,77,辺田
101,94,平馬
195,15,浮須
166,96,美川
60,55,薙野
53,179,藤屋
94,197,島瀬
66,17,天利
6,44,大幡
86,196,前口
199,31,川隅
165,233,千代延
22,223,石阪
131,240,制野
94,179,城宝
108,204,舎川
55,194,山南
127,206,留目
135,232,芳原
206,51,飯笹
188,80,帆刈
159,212,蝿川
255,88,田ノ岡
2,207,津藤
155,88,谷河
118,131,辰口
233,158,善方
100,254,前北
196,205,赤迫
222,117,青石
124,72,甚野
85,57,仁礼
249,184,真継
136,43,森地
177,214,小谷内
127,240,重安
96,162,榊山
182,2,高鹿
118,48,江浦
209,29,君山
190,185,金井田
211,240,橋内
7,237,弓山
108,37,久留宮
224,247,干野
169,112,海和
238,73,桶屋
243,247,猿楽
0,124,新西
104,170,斉川
176,24,千羽
23,244,扇原
197,42,相生
214,78,大井田
82,161,大学
74,208,竹並
145,95,猪村
4,156,弟子丸
104,180,添島
34,106,殿川
86,215,那賀
188,127,筏
149,57,繁永
106,115,布
173,4,文山
125,49,末継
171,84,野田頭
214,123,有谷
161,253,有冨
254,226,嶺山
75,145,甕
168,93,小綿
176,199,稲部
154,87,円藤
191,248,栢原
78,79,義本
97,174,久後
110,232,宮奥
143,147,宮藤
48,177,金屋
252,99,鍵
226,89,古地
126,86,古道
169,101,古明地
4,90,光村
43,243,幸本
207,42,構
130,17,荒屋敷
3,178,高知尾
159,97,国永
143,50,三家本
9,72,四之宮
227,37,寺迫
109,61,耳塚
156,232,出牛
82,171,水下
133,174,水石
225,178,斉賀
175,169,大志田
146,84,谷間
51,108,中渡
222,167,椎根
7,118,渡里
176,180,日岡
46,116,日本
75,113,白壁
16,4,八ツ橋
7,120,板鼻
81,56,尾仲
91,152,服田
8,178,福知
78,89,明井
137,240,野井
52,228,裏
74,77,連
151,253,松月
169,46,井後
85,219,一安
96,40,頴川
172,119,塩野入
194,86,加美
58,110,灰田
232,60,岩科
57,96,久木元
196,147,橋戸
226,131,金口
255,83,熊耳
208,136,栗秋
109,179,古武
161,105,胡子
31,193,高重
206,44,国立
71,133,阪谷
198,143,芝辻
192,164,諸見
64,226,小鶴
129,131,神元
94,203,杉上
4,149,西光
181,134,千北
38,227,大見謝
225,118,沢上
6,193,樽
41,29,仲栄真
42,51,土村
214,175,萩庭
80,130,柏熊
239,7,緋田
218,129,美坂
3,128,桧田
25,126,明珍
148,45,明田川
55,49,里崎
102,76,竜神
148,61,濱村
93,13,新中
169,117,稲光
239,100,越本
206,211,押味
157,192,下町
19,171,垣添
141,245,岩国
233,207,玉水
166,67,金正
22,251,高佐
146,80,佐薙
170,192,皿田
228,43,山沖
32,163,山重
85,12,糸
9,132,実
177,255,小武
203,188,小保内
206,168,小野間
165,75,植中
182,34,竜見
3,226,来
192,193,余村
131,235,揖
126,127,八重垣
139,125,梅尾
205,174,梅園
18,141,楠川
206,247,長栄
3,146,朝木
98,41,竹歳
152,136,沢出
30,41,沢紙
85,235,大嶌
183,208,束田
191,169,倉形
108,123,仙洞田
108,218,西之園
128,17,水林
183,12,真道
215,173,上永
172,202,小禄
160,121,助野
12,112,祝田
243,64,舟根
85,100,芝尾
110,154,高家
36,141,光谷
107,182,後谷
152,102,恵藤
28,149,九嶋
255,248,郷津
185,251,喜久山
1,49,雨沢
23,119,安心院
198,178,安広
28,224,重井
63,124,出光
199,81,須賀田
15,250,水垣
116,28,石ケ森
228,182,石永
9,108,石鉢
119,238,染宮
250,50,前波
235,240,曾根原
66,183,中岸
117,168,津沢
246,140,天城
174,204,二岡
126,212,繁昌
22,213,峰山
131,176,茂庭
188,132,蓮本
130,89,六反田
31,98,伊予
122,80,栄村
58,26,遠坂
2,4,奥居
102,71,押元
239,245,下脇
11,38,加本
196,166,河埜
170,52,花嶋
175,123,戒田
201,91,葛目
9,52,鴨居
53,182,桔梗
107,21,宮辺
24,125,玉上
222,114,玉尾
62,210,糸日谷
242,26,寺
140,163,若目田
126,114,正林
144,26,西居
125,7,川山
44,192,浅地
15,159,袖岡
10,51,村角
224,55,村原
210,169,大柄
182,5,大和谷
209,234,谷川原
67,124,檀野
114,225,直塚
239,62,伝法谷
42,131,東光
133,86,楢村
238,38,能重
159,5,飛田野
173,29,武江
97,178,福栄
162,183,保浦
138,54,木平
41,82,籾木
48,15,有明
36,123,愛場
96,76,為房
39,33,井久保
178,67,宇崎
8,254,永洞
112,102,益村
95,167,玉栄
36,25,古志
73,18,呉山
2,147,広見
24,86,高綱
142,26,黒米
246,95,根尾
6,82,犀川
175,75,三岳
169,252,寺石
166,203,秋池
119,250,小祝
239,38,新盛
116,89,森栄
81,85,真境名
113,243,諏訪間
77,24,数見
29,21,三津田
104,38,私市
108,164,松ケ野
211,159,成谷
26,210,西地
42,186,倉員
2,240,倉根
40,149,鷹島
162,235,辰井
125,219,築井
14,0,田之畑
37,10,唐島
249,170,馬嶋
70,113,富尾
241,154,満山
21,84,木滑
199,114,友金
68,230,篭島
102,5,脇島
93,102,三五
207,47,芦村
147,121,伊豆野
76,50,井貝
208,66,鵜池
25,175,浦塚
136,55,屋富祖
1,233,下舞
14,100,岳
116,99,岩武
167,159,久和
193,26,宮台
18,17,金井塚
97,217,金林
104,141,古室
32,89,孝橋
126,50,甲本
104,39,紅
69,174,行広
143,19,菜花
71,24,石野田
99,253,雪丸
67,249,棚井
220,29,中楯
83,72,中土
177,18,壷内
134,210,田角
146,67,飛鳥井
252,101,美濃島
141,186,牧志
13,101,本戸
20,105,槙村
11,111,万波
35,251,野矢
209,191,由比
238,21,粒来
195,4,和久津
194,112,葭葉
162,212,萬田
121,235,瀬
198,33,磯尾
117,197,右高
50,94,羽馬
150,72,奥家
71,218,黄川田
239,211,岡光
93,165,賀集
24,14,館下
36,188,丸中
37,192,吉金
117,194,久
113,160,源河
203,247,御崎
6,236,国頭
74,22,三縄
128,218,手賀
211,134,床次
158,101,鐘江
251,138,杉沼
228,186,六鹿
67,6,油川
255,80,野依
129,243,法橋
116,187,樋江井
85,120,板木
148,170,白仁田
76,74,桃野
35,142,東雲
246,128,直
176,154,仲子
244,253,中郷
88,152,竹政
135,195,西屋
18,178,吹原
27,10,人江
46,97,松渕
195,239,小河内
114,239,小井田
95,81,出岡
16,119,重里
192,195,若谷
92,92,三重
126,53,笹浪
158,155,高味
215,107,広幡
235,9,穴澤
31,239,玉熊
136,68,喜古
200,51,館内
221,199,間淵
217,247,角皆
152,75,横家
105,239,延
250,186,穐吉
87,234,前森
252,58,大嵩
105,219,大田垣
194,134,大野田
168,28,中植
210,239,鶴長
168,145,笛吹
35,131,田貝
179,101,嶋口
96,102,東浜
17,153,那須川
144,192,畑原
18,53,判治
123,196,半崎
211,235,冨原
163,142,武仲
85,72,平畠
124,54,米木
204,160,与倉
210,189,廣木
123,113,稙田
162,251,泉屋
111,203,按田
7,37,伊月
207,248,宇原
152,88,笠巻
124,172,橘井
247,84,橋尾
208,233,熊埜御堂
56,191,粂野
154,162,兼元
192,124,古和田
176,120,五十部
191,37,荒神
87,236,坂ノ上
150,53,寺阪
222,123,時川
77,231,俊成
47,117,松舘
4,107,上治
2,194,神倉
180,62,神之田
147,211,成
236,21,上水
160,62,上津
180,248,上路
178,73,森明
165,101,正保
12,129,川治
205,208,浅越
205,3,船渡川
102,1,滝戸
73,136,筑後
27,174,庭
192,6,提坂
66,56,楠岡
23,1,白河
95,123,姫井
139,73,別当
82,58,北池
195,73,當真
194,75,礒村
52,172,安仁屋
227,141,伊串
33,39,羽木
208,141,荻津
180,235,下藤
198,70,歌野
33,82,角藤
79,145,岸沢
180,74,郷右近
18,137,古仲
136,97,高樋
56,161,高堀
248,239,坂平
208,93,崎間
2,137,七村
99,18,若沢
196,140,所谷
167,90,小神野
151,59,沼津
182,175,仙台
251,227,大参
65,193,中奥
253,107,朝枝
32,203,坪本
30,119,鶴薗
163,234,湯尾
105,8,内之倉
233,93,白地
171,61,板花
248,120,部田
226,60,豊後
120,120,北埜
74,186,本下
83,189,桝岡
96,165,末友
16,159,民部田
49,83,目谷
173,234,門村
14,223,野戸
249,180,頼富
15,229,林山
246,32,曵地
93,47,伊島
25,33,伊豆原
154,74,衣袋
22,92,棚倉
40,128,一本
196,16,姥名
27,18,永海
247,239,岡市
73,204,花森
64,113,久木山
196,194,香
140,48,高草
30,220,国清
110,221,佐柄
128,115,三反田
140,223,市ノ瀬
27,243,鹿子島
245,147,重国
76,54,小岸
35,171,小瀬川
157,227,松脇
219,157,上川原
191,151,城取
160,118,松窪
78,117,水船
45,55,政次
77,84,西向
211,95,石貫
223,119,石切山
162,230,千国
191,91,相曽
106,85,辰川
26,65,段野
162,211,辻沢
108,122,鶴貝
121,188,堤下
129,121,二瀬
198,11,二方
2,16,萩沢
221,18,幡
107,125,板川
218,239,尾浜
51,223,浜根
3,28,富居
153,213,福馬
158,109,文元
0,134,片伯部
146,174,堀元
102,144,本馬
34,158,伊知地
213,55,為田
82,54,延岡
84,232,下舘
105,29,下境
128,251,下郷
195,159,下鶴
119,124,加知
252,12,夏苅
43,60,夏坂
62,164,株本
127,5,岩岸
115,68,久万
92,234,久礼
99,193,魚見
124,164,玉生
45,38,戸板
17,55,高氏
110,147,高室
189,172,高武
98,121,佐坂
22,10,山羽
162,15,寺木
34,154,柴橋
110,172,酒川
76,143,升井
60,32,谷江
28,69,地崎
238,221,竹広
139,119,湯之上
112,77,藤並
135,193,尾脇
82,108,冨森
74,95,武信
141,8,平和
118,240,保里
2,45,鳴神
66,216,野北
248,92,竜沢
229,53,挾間
27,99,櫻庭
55,52,籔内
148,160,大津山
168,14,増茂
24,206,相根
81,50,前納
0,101,川坂
24,191,小瀬木
65,240,酒元
156,32,佐尾
70,181,恒岡
194,175,金橋
22,67,近澤
47,123,葛
160,27,垣野
106,17,横部
78,3,遠嶋
239,168,遠近
169,84,杉目
156,228,石曽根
5,211,舌間
43,215,川前
108,139,川内谷
10,192,浅輪
248,178,代永
62,48,定兼
202,18,都木
76,148,湯舟
176,126,馬杉
125,47,萩島
153,106,浜垣
243,194,峯川
226,111,名嘉山
189,129,明渡
29,193,綿井
44,72,里内
134,203,立部
98,98,龍崎
215,184,籏
26,38,伊勢本
195,253,完山
242,102,亀屋
116,153,宮近
168,107,古尾谷
136,36,戸城
149,215,高増
211,71,佐熊
108,10,笹瀬
140,226,三輪田
183,70,市河
19,248,紫村
61,207,手崎
249,222,住沢
232,221,小松沢
179,100,菖
12,118,上土井
239,118,織井
144,203,深貝
16,63,真武
105,6,杉之原
48,80,小賀
75,116,小成
124,183,上ノ山
12,58,森北
62,56,石金
33,2,善田
125,95,大佐古
115,163,沢居
193,205,沢島
137,214,谷嶋
172,204,檀浦
238,11,遅沢
10,140,仲鉢
102,94,辻脇
173,31,天貝
160,7,藤石
97,89,内丸
1,142,二羽
5,189,畑川
33,91,彦根
49,154,福世
245,187,傍士
229,87,木綿
230,178,弥栄
27,204,柳林
208,29,柴藤
64,9,芦立
25,44,伊保
220,188,宇都野
49,106,栄木
158,35,下東
35,61,加瀬谷
98,153,加沢
92,73,加茂川
180,251,貝崎
31,100,栢沼
62,226,久志本
206,103,金行
149,136,金地
54,95,桑代
204,26,古財
249,142,江井
35,223,行
43,235,高元
32,68,高峯
226,28,黒光
54,195,砂沢
238,3,山副
68,153,山片
158,217,枝沢
99,146,柴戸
86,115,辛川
231,220,清成
129,218,西名
14,209,静谷
23,102,仙北谷
60,53,浅居
56,142,前城
38,72,袋
94,155,大矢根
209,28,辰
138,152,谷池
216,5,竹治
255,182,筑田
236,139,長阪
182,103,坪木
205,141,釣本
234,205,田野辺
238,98,八文字
233,188,尾台
141,204,百木
203,221,浜山
248,12,福司
82,27,保本
231,203,本波
108,201,妹背
160,215,妙見
38,211,野武
168,13,和藤
146,13,檜原
227,210,升水
152,151,安良岡
3,184,井樋
121,109,磯見
18,194,宇沢
117,152,宇波
157,118,羽方
24,221,浦添
79,63,延命
34,219,下牧
156,55,海老澤
126,136,灰原
139,140,柿平
190,27,鎌仲
187,87,岩片
124,158,基
139,186,魚野
186,212,金生
193,154,駒宮
9,88,桑水流
191,252,月俣
179,147,江野沢
119,232,荒河
220,113,荒明
211,140,国信
86,21,三寺
59,120,山菅
51,1,市江
40,24,児子
213,166,出利葉
44,190,勝崎
28,187,神志那
2,239,菅森
217,249,千川
209,98,川目
211,17,船元
190,221,船曵
122,40,蔵内
191,159,大饗
42,118,大深
131,172,鶴橋
235,249,堂元
193,57,堂免
222,245,波多腰
59,21,馬郡
145,246,飯ケ谷
10,31,飯伏
93,204,福浜
195,25,蜂矢
246,76,木之内
57,181,立尾
50,211,齋田
106,18,秋和
199,199,阿座上
144,188,臼沢
172,146,下和田
45,214,笠見
202,195,寄能
71,198,幾野
240,49,近谷
104,186,慶徳
64,159,古中
113,2,広尾
58,100,香林
244,175,高栖
43,217,国元
90,42,佐溝
61,67,嵯峨野
101,100,斎須
22,104,三嶽
49,47,山花
136,242,芝岡
1,244,守家
172,65,狩山
200,43,寿山
165,156,上津原
101,20,神浦
145,126,神頭
26,20,神明
69,33,針原
89,191,須摩
151,42,水巻
119,142,成定
162,55,西畠
196,88,泉尾
129,228,草皆
204,32,増見
158,26,沢見
30,156,貞岡
202,68,土信田
223,17,島垣
150,102,道
34,224,二ツ森
7,249,馬谷
211,136,鳩
88,175,峯元
26,154,豊見山
210,2,堀辺
4,216,本告
13,63,味沢
42,40,木挽
36,145,葭田
189,171,一田
60,85,稲盛
60,250,永久保
119,17,屋我
104,130,海辺
204,84,葛川
134,93,勘田
131,210,巻木
134,40,久戸瀬
227,142,弓矢
208,103,牛坂
202,114,駒水
19,159,元広
6,140,元松
86,97,御宿
63,47,好村
243,171,江袋
66,173,高淵
32,37,佐相
112,98,寺松
91,106,寺上
194,81,実石
46,216,戎野
178,46,出
196,109,小礒
170,36,上高
142,203,上市
187,168,石動
205,26,相宮
40,118,尊田
217,14,谷頭
168,156,竹ノ下
127,147,津郷
65,216,嶋内
105,213,藤安
62,138,藤方
190,203,入月
218,48,百合草
179,20,富張
231,25,宝谷
231,159,北端
122,101,麻原
127,35,味田
27,171,務台
72,100,面高
129,186,与語
253,117,羅
95,100,鰐渕
16,143,礒川
186,130,宇治橋
189,214,浦元
72,228,雲
51,235,円岡
46,241,夏野
135,153,岩石
204,126,紀井
105,241,吉清
214,32,芹生
139,37,金永
86,19,桑木野
67,29,原勝
84,139,高次
51,157,芝井
17,4,守重
208,249,十
252,94,諸川
70,246,上堀
255,249,植谷
20,128,真板
45,153,神森
91,141,神武
106,167,折川
69,10,雪下
215,234,大井手
240,148,谷屋
126,64,築館
34,166,辻崎
245,68,程島
113,31,塔本
252,24,日達
169,58,尾久
175,9,尾作
136,22,美里
164,23,府金
65,185,芳之内
99,211,本西
76,124,民部
82,151,明坂
29,234,門山
185,123,和泉沢
232,251,颯田
103,210,石蔵
169,144,安谷
95,141,姥
216,85,荻巣
199,12,河原塚
8,181,花元
161,82,角島
186,135,萱嶋
154,184,玉橋
67,202,五
1,60,国末
49,56,黒畑
210,75,今滝
229,106,細羽
114,143,寿崎
127,10,出沼
156,36,小斎
56,242,昌山
56,27,鐘築
195,34,上原子
56,72,神道
154,65,城ケ崎
163,249,真茅
232,171,西貝
171,36,善波
46,5,鎗水
47,179,大掛
28,237,大漉
37,68,大市
81,235,池袋
147,67,竹吉
62,124,張ケ谷
22,108,程田
102,245,田矢
218,98,東倉
145,247,桃崎
30,116,洞沢
159,86,道満
199,87,納村
54,118,板羽
3,46,飛渡
8,154,浜塚
134,170,平峯
176,115,椋野
125,193,木附
219,21,野神
227,21,陸川
82,45,和歌
218,138,枦木
138,164,小尻
109,202,羽崎
176,156,益留
178,221,横平
126,154,下見
217,27,花垣
32,20,角原
100,101,掛井
0,148,菊村
28,118,久行
197,12,久瀬
37,105,玉津
129,175,桂島
247,195,経田
127,63,兼原
86,98,元林
110,91,後町
197,28,広門
64,167,甲元
163,215,荒浪
34,12,高宗
1,23,今屋
197,182,今門
64,240,三羽
159,124,三辺
219,85,指原
229,66,氏本
104,103,小駒
229,188,小住
117,92,西須
23,211,千谷
170,100,千馬
82,26,川原井
240,93,全
119,155,相野谷
33,241,多部田
255,15,谷林
148,117,仲條
50,145,津高
137,23,津覇
38,43,鶴我
183,31,渡木
129,150,東堂
129,38,東洋
69,183,奈良輪
65,200,南館
182,226,日出
151,120,尾城
36,131,苗加
196,5,武士俣
249,235,満島
187,83,余湖
129,227,楊井
115,3,廣島
184,61,上赤
127,205,穐原
182,115,安岐
69,126,伊与木
34,254,井ノ本
237,128,井平
52,79,井浪
13,149,芋田
36,147,浦嶋
115,112,下戸
39,230,嘉田
89,48,菊元
140,216,久城
59,56,金堀
157,28,櫛原
103,15,古松
191,195,合戸
238,102,今東
63,253,今浪
224,137,左古
174,96,三ツ矢
162,179,三垣
183,200,三杉
92,191,三又
197,105,持山
222,103,時政
160,200,榛村
84,185,積山
40,98,祖母井
216,224,大源
64,71,谷光
57,230,地田
176,87,町中
153,98,長曽我部
95,231,藤春
179,167,那須田
81,124,内部
132,88,二子石
122,164,日村
201,117,白岡
224,167,浮穴
172,50,平嶺
45,66,茂森
87,106,利
141,30,鈴森
70,143,會田
131,146,礒本
120,168,森芳
20,130,阿左美
209,22,一沢
159,205,一法師
241,123,雨海
254,166,浦壁
112,193,薗
34,50,乙丸
42,55,加持
49,66,葛貫
203,65,岩壁
119,64,桑久保
226,13,古津
144,62,古東
191,168,五百木
242,211,甲原
210,130,高窪
107,6,今溝
194,170,皿海
1,38,寺床
131,186,篠部
182,203,新熊
67,125,大巻
158,118,大間知
144,133,大治
168,114,地頭所
103,35,中薮
77,64,辻丸
129,21,貞本
143,179,定野
41,145,田幸
19,18,砺波
204,83,東宮
215,156,東瀬
132,49,日垣
206,234,日色
128,246,飛
54,206,尾登
97,207,美斉津
16,175,福添
117,150,米地
42,171,保阪
190,87,北吉
48,200,堀居
22,9,満木
218,159,野阪
219,227,和家
145,151,浅本
48,223,伊坪
139,164,遠部
177,35,沖川
151,205,沖沢
99,17,荻村
149,107,家高
190,219,冠
20,122,紀本
230,64,駒月
11,117,元沢
243,220,後関
176,95,厚谷
99,78,更家
236,51,今長
230,187,才藤
80,76,三野宮
83,176,小田村
108,222,上住
170,229,信清
135,120,森畑
47,165,成子
174,195,清久
34,129,生見
53,4,雪
20,7,千徳
89,176,千ケ崎
77,50,草村
226,103,滝崎
33,234,辰島
88,205,中畝
128,179,鶴身
197,233,土永
13,168,東嶋
46,138,迫本
130,16,標
8,170,福手
105,218,福羅
47,245,片方
37,129,北国
244,204,牧園
28,159,柾谷
41,155,木尾
52,8,野出
1,67,邑上
192,63,和嶋
243,93,亘理
131,75,鰐淵
167,22,楡木
247,57,齋木
172,249,伊本
23,160,伊禮
238,227,井手本
35,250,卯木
201,223,延山
170,79,桶
132,194,乙井
139,82,家木
72,146,巻野
230,83,金見
54,84,古滝
139,131,戸本
2,66,才津
235,17,坂林
229,138,志子田
59,248,持原
249,39,寿福
124,81,小池田
177,53,小藤田
250,234,小木田
189,215,植岡
214,238,杉立
127,2,西谷内
82,29,仙名
187,38,東屋
182,238,東ケ崎
237,167,朝本
115,144,猪坂
49,90,中別府
132,115,池江
37,57,沢瀬
27,231,大清水
42,250,泰山
5,220,打木
193,187,倉方
6,68,千場
86,129,碩
161,167,青笹
160,170,瀬高
106,22,神定
82,150,当田
83,65,道口
36,88,徳毛
105,112,内山田
255,220,南都
144,215,二平
215,244,飛川
247,91,尾迫
112,165,平津
45,14,方山
77,55,北藤
214,118,牧井
225,8,矢敷
229,35,和田山
181,228,脇園
203,152,濱岡
91,243,安竹
175,170,伊場
34,138,伊南
134,190,一政
184,130,稲守
171,23,越前屋
216,100,奥松
56,92,奥木
106,211,荻上
112,2,外
29,87,角浜
168,50,瓦田
254,234,丸塚
145,62,兼武
195,218,戸畑
239,242,弘
126,147,神下
69,158,新門
247,161,城戸口
41,65,城丸
115,214,勝海
79,14,重住
161,207,主浜
114,199,篠森
221,163,実重
220,232,志喜屋
61,178,司馬
161,201,皿谷
16,154,高園
164,84,荒崎
55,120,綱本
107,253,江山
114,177,初野
176,195,小棚木
164,61,小鳥
22,76,上吉原
124,201,信末
197,249,須佐美
33,162,静野
237,177,川内野
174,199,大目
89,79,中河原
159,40,丁子
216,53,槻
62,171,貞永
228,248,堤内
244,25,殿塚
230,100,冬野
122,207,能口
185,196,馬本
156,59,白本
218,247,迫川
149,62,畑上
3,246,浜家
243,111,本倉
14,151,末包
215,171,明地
203,57,野代
123,32,矢城
240,71,友澤
255,37,有銘
45,98,棗
129,231,若海
234,254,阿竹
115,65,案浦
82,239,井黒
174,127,井坪
112,136,磯西
219,14,芋川
96,168,鵜山
170,128,鵜澤
228,121,閏間
84,100,影沢
91,64,岡和田
204,13,嘉門
31,83,岸江
192,62,岩宮
246,232,鍬本
75,108,芝村
24,252,竺原
246,122,志田原
159,167,三津山
234,143,坂和
158,65,左高
47,126,佐怒賀
221,74,根村
12,17,今治
247,142,高埜
11,10,高館
57,231,高越
213,154,弘光
186,89,光部
213,89,戸内
41,24,上方
193,76,森石
22,210,親富祖
172,196,針田
46,134,成原
92,154,生水
253,32,西道
148,137,石立
33,243,雪竹
95,132,大知
255,238,竹渕
239,57,中祖
175,40,仲神
185,176,唐戸
217,145,徳嵩
247,188,任
165,241,波形
152,1,尾園
115,255,柊
248,86,表田
72,153,武生
143,244,枚田
113,167,満仲
79,102,有浦
66,149,有瀬
98,93,袰岩
234,238,阿久
10,0,逢沢
157,213,伊従
88,212,一円
22,46,影島
199,127,沖倉
140,61,海賀
58,241,貝野
153,27,樫
106,145,蒲野
162,218,牛膓
192,247,玉石
209,77,金江
164,100,金政
196,98,熊王
118,231,桑内
70,43,月舘
60,77,戸所
109,186,荒深
150,69,高堰
162,207,高宮城
110,130,山末
142,124,秀平
236,177,秋広
62,122,女鹿
81,39,小根山
166,91,森蔭
38,35,須加
225,230,曽野
142,33,相吉
242,13,瀧下
28,215,淡島
73,76,竹熊
140,70,朝熊
41,226,天童
155,36,殿山
143,124,田立
148,115,土合
128,77,徳長
140,229,日栄
22,177,韮塚
216,234,濃野
161,243,白木原
44,148,八重沢
238,244,尾之内
50,142,風張
227,145,片野田
217,240,墨田
229,126,無津呂
62,65,明楽
226,119,木ノ本
39,235,木次谷
85,238,友保
21,57,利部
152,56,留田
165,218,阿原
113,141,安延
93,109,為広
218,67,印田
79,9,沖浦
2,181,改発
82,117,皆元
221,101,角館
99,38,掛本
99,76,梶屋
233,155,茅場
183,128,丸亀
227,227,久喜
53,114,宮宇地
64,61,宮河
10,76,弓立
233,243,空田
70,48,空本
108,78,原澤
100,9,戸舘
168,200,五十君
222,151,幸保
216,31,恒田
137,37,忽滑谷
92,201,糸長
73,20,宗安
101,61,勝元
104,152,上河
222,254,埴田
240,176,新延
188,204,新富
23,86,神納
189,216,須甲
47,42,嵩
10,198,石巻
155,39,舛屋
239,186,属
97,196,村津
202,161,大岩根
7,41,大毛
107,37,池平
206,249,竹蓋
217,92,竹節
247,85,天方
138,28,藤友
76,252,配島
210,164,鉢嶺
135,45,畔地
140,64,冨
158,198,武上
221,193,武貞
229,93,法貴
234,43,堀出
70,142,桝屋
166,213,木倉
179,1,阿瀬
74,10,阿波野
104,18,岡芹
115,66,沖井
181,163,仮屋崎
134,58,家島
224,123,垣尾
44,133,角石
121,6,角木
114,103,魚井
236,108,熊山
175,182,欠端
67,101,兼沢
82,249,原之園
119,173,戸泉
239,220,御幡
20,57,広富
157,109,今任
5,86,佐孝
135,188,三由
167,155,四
50,33,宗重
132,165,小堂
123,212,小薄
59,204,沼辺
253,40,信定
211,213,塚村
158,183,仲澤
204,61,中住
126,109,中軽米
103,69,増満
5,121,増戸
69,57,相子
103,44,早勢
22,17,早間
229,0,前門
129,122,千須和
158,249,石貝
195,99,斉野
172,174,生亀
34,47,清友
160,76,瀬々
226,38,辻坂
67,168,鶴淵
5,199,田町
189,228,道木
130,205,栃内
90,137,内潟
42,113,能塚
232,172,畑地
109,166,富江
118,84,浮ケ谷
127,187,譜久村
144,32,風穴
231,143,芳崎
34,255,蓮子
215,181,和才
207,128,壺内
97,155,神場
134,191,井ノ川
2,246,羽中田
74,173,永宮
6,80,越坂
197,140,越路
67,134,塩手
161,246,奥口
74,63,沖口
5,236,下石
206,0,覚野
228,229,葛迫
15,118,鬼形
109,170,義永
226,121,宮重
238,154,京本
7,65,仰木
118,140,新戸
1,91,新井山
41,83,小牟礼
254,42,狩生
68,192,守下
125,175,篠浦
57,61,自見
168,170,市野沢
108,35,三登
74,71,三丸
172,240,今栄
98,106,高矢
105,133,厚沢
143,232,原尾
87,161,兼近
143,135,月城
183,13,杉政
155,93,瀬脇
15,152,折谷
210,140,船石
39,4,倉下
150,114,村方
181,187,多村
168,7,沢幡
121,254,炭竃
97,76,池羽
35,244,中見
37,4,忠鉢
196,208,朝
20,231,楢橋
64,202,南端
47,141,日比生
43,104,波木井
62,218,馬
115,18,樋下
187,187,敷島
219,164,本澤
16,158,末冨
74,119,名幸
180,130,明日
52,137,綿屋
38,103,来馬
174,231,安冨
62,61,伊豆丸
226,100,宇賀田
236,173,宇和川
164,132,羽広
190,43,下澤
192,1,嘉手川
194,188,柿
197,232,栢
11,253,岩品
104,177,吉新
72,118,久米村
173,198,絹村
114,209,古塩
122,114,江浜
115,147,国行
236,230,座喜味
129,85,坂越
219,244,坂藤
251,66,小荒井
212,176,小片
148,119,上農
182,125,森寺
2,46,甚田
132,106,水貝
150,146,杉安
80,146,鹿住
128,201,寺越
222,95,左
108,117,黒鳥
46,91,糠信
152,183,幸谷
62,217,幸前
21,221,金広
250,170,久良木
216,162,吉林
14,213,喜久川
55,18,関向
54,153,貫洞
120,235,掛
51,244,過足
183,66,下岸
2,167,横前
89,162,押村
116,57,永守
170,239,永仮
225,29,井橋
85,196,椹木
140,40,葉田
123,208,弥
58,18,又村
182,15,北舘
240,192,美濃輪
209,43,半杭
200,143,筏井
83,24,畑内
76,85,萩中
161,118,日笠山
220,75,藤末
3,116,土性
116,202,鳥島
85,172,長房
50,224,長洞
143,181,知見
117,23,大尾
76,78,西場
14,112,清住
237,109,小野関
156,169,小屋松
137,67,女川
113,143,重水
11,101,重元
109,248,芝口
182,214,小田巻
92,196,生垣
95,160,千草
162,110,倉西
154,133,足田
26,213,大花
208,17,鳥屋
136,77,塚川
108,73,南平
212,11,尼野
165,122,繁本
13,251,府中
174,106,豊間根
152,109,末房
179,77,湊本
81,229,友次
145,139,揖野
195,252,鰐川
224,196,圓山
3,168,小段
213,191,宇谷
105,28,宇野木
73,131,横嶋
192,115,舘内
72,104,喜安
238,12,寄本
101,53,杵鞭
67,228,久保庭
90,220,漁
13,222,金堂
102,124,戸栗
43,26,鼓
99,104,荒砂
107,186,荒蒔
178,164,四分一
92,162,糸久
237,56,汐田
248,207,舟坂
109,165,勝屋
65,110,箭野
65,3,草谷
126,237,太田尾
47,64,大笹
2,129,鷹田
221,43,沢下
188,90,谷向
226,36,谷保
199,46,長須
51,50,長代
227,56,長末
217,131,直島
232,11,直木
149,187,塚平
66,207,田名辺
78,220,嶋守
34,241,桃園
86,13,堂崎
154,43,得居
176,26,鍋嶋
143,245,南埜
57,201,梅景
134,240,飛高
44,93,本瀬
147,245,岬
180,88,明道
252,209,木野田
220,56,木葉
77,143,門原
45,89,野端
116,163,邑田
0,33,藍田
235,158,六反
122,139,眞野
177,218,阿波連
109,110,安久津
248,2,安道
254,208,芋生
244,22,越後屋
156,39,温品
222,33,下河内
215,204,加美山
184,94,家子
224,40,灰塚
19,47,関家
219,171,岸浪
204,66,喜入
5,143,久留米
137,139,玉根
6,7,金近
246,61,栗
240,254,川里
43,178,千手
185,119,石瀬
134,68,瀬村
151,181,仁熊
181,39,真城
161,129,出蔵
178,247,祝原
167,129,秋島
101,39,種山
127,41,室原
21,192,時光
179,113,三武
174,41,坂神
140,246,高荒
117,121,御供
60,20,源馬
175,78,小野澤
94,216,庄崎
55,28,盛満
79,148,切替
12,46,足沢
4,20,大縄
95,148,大日
197,81,淡野
121,74,地本
211,142,竹田津
196,156,中易
236,33,中束
140,138,長場
47,55,追田
184,115,東端
106,238,藤富
54,203,堂
14,69,得地
213,234,徳嶺
72,238,内ケ崎
136,115,南茂
197,135,能崎
186,210,能宗
169,33,伯井
142,49,白築
214,16,米長
13,124,本館
199,205,友谷
164,68,友末
15,147,落石
184,117,路川
107,187,篭田
186,62,小財
206,217,芦辺
98,150,安居院
201,152,井指
122,253,雲田
39,179,下手
217,63,外処
140,0,垣崎
86,227,間地
45,246,吉宮
152,235,久常
187,142,休場
198,59,牛草
239,180,橋向
136,231,曲渕
126,205,玉代勢
16,22,金嶋
234,245,栗元
179,47,原内
224,108,古杉
166,126,戸苅
210,227,戸矢
70,115,光原
231,164,江並
149,164,砂子田
155,215,作元
116,49,氏平
146,161,糸島
178,207,至田
161,124,鹿股
165,151,謝
189,205,種井
125,161,鋤田
74,51,清河
72,36,生藤
60,92,倉敷
54,178,早出
255,225,相河
240,88,草ケ谷
79,61,太幡
94,225,大砂
108,223,谷出
45,114,池場
142,5,貞
153,250,東地
249,102,藤ケ谷
209,246,内舘
27,65,福角
181,103,福庭
66,79,平倉
179,169,片口
2,202,保積
127,16,末続
140,80,万屋
148,120,面
252,193,伊与部
81,118,宇陀
13,90,永栄
116,30,塩越
70,50,奥江
155,31,奥森
255,211,花咲
30,105,花松
204,114,亀元
191,181,久寿米木
154,2,弓岡
12,242,玉虫
78,237,見越
95,143,戸越
207,146,黒目
19,86,汐月
181,151,種子
178,92,諸伏
191,55,小神
28,228,森角
139,176,須能
61,240,菅山
110,3,灘本
74,13,道谷
221,177,道越
68,112,藤墳
36,21,田西
0,222,鶴海
68,140,中寺
23,169,鍛代
103,57,沢西
96,7,台丸谷
220,13,盛谷
176,135,雀部
133,221,杉淵
36,166,水杉
90,217,神子島
5,203,森前
128,57,新館
223,150,南舘
141,88,日戸
117,64,馬籠
58,178,白男川
230,234,繁原
56,235,比気
131,236,尾ノ上
19,176,美谷
120,223,冨金原
72,196,武樋
112,53,柄谷
237,241,保岡
8,140,芳
137,71,堀北
5,163,矢永
148,28,薮谷
42,199,鷲
160,221,濱谷
105,49,城口
160,13,阿世知
215,31,稲員
126,85,栄藤
38,162,遠西
40,240,奥元
38,132,岡前
95,192,仮屋園
207,178,加塩
25,112,歌
238,150,花倉
3,231,芥
182,119,外塚
212,182,釜堀
69,111,吉柳
57,229,久林
156,4,宮窪
3,39,曲淵
230,252,玉森
2,171,鐘
191,71,鋤崎
72,241,守友
140,36,漆田
109,40,左藤
15,168,佐京
38,184,今池
235,22,今口
42,48,高馬
149,171,荒津
6,210,広長
13,239,幸内
227,158,御代川
170,23,五反
148,38,古部
189,22,熊取谷
255,106,近村
96,125,森作
4,158,杉平
95,21,船附
227,192,前久保
21,224,倉澤
103,144,大永
68,133,大喜
31,20,段上
103,64,長渕
223,177,鳥光
228,107,津軽
26,170,天草
241,116,田野尻
227,29,田脇
182,219,飛塚
215,75,尾瀬
173,84,浜木
240,115,風呂
47,148,平垣
169,48,平久
171,128,平片
0,195,鱒淵
19,81,茂川
118,146,野首
132,107,友川
232,13,溜池
242,55,濱川
65,72,阿山
58,5,穐元
94,157,伊丸岡
153,235,伊勢山
187,135,稲穂
169,55,隠塚
107,189,宇多村
228,213,宇内
237,206,永縄
108,11,押井
12,76,笠村
109,143,樫根
131,142,吉嶋
220,194,宮塚
183,149,京井
238,8,近嵐
102,224,串山
180,153,湖山
225,144,広滝
215,146,高相
231,163,黒下
150,91,根城
179,196,佐浦
41,197,山先
167,200,秋草
142,154,重高
92,240,上関
247,140,山水
107,123,秋林
121,67,振角
231,46,森津
40,201,真杉
0,71,真銅
70,133,赤壁
191,219,扇山
28,252,船江
56,237,多井
145,169,大工園
162,202,大当
245,124,棚野
120,123,池ノ内
39,136,坪崎
127,8,土戸
67,46,白塚
37,152,八十川
250,190,菱井
132,131,富里
161,155,布上
30,74,平櫛
71,129,妙中
72,210,木澤
25,183,矢端
215,72,来嶋
203,111,両川
203,139,姜
193,95,為谷
171,145,印出
19,153,宇栄原
153,67,宇田津
46,209,塩野目
164,53,岡出
143,158,河治
188,147,河名
247,89,華山
68,214,岳本
44,240,葛井
96,208,丸内
90,226,喜多山
41,167,亀高
217,175,吉楽
9,150,吉持
181,64,吉信
235,77,久司
220,224,京塚
252,84,慶長
59,176,古都
219,209,五関
28,40,公門
17,251,今戸
3,59,根建
3,50,細根
158,253,作佐部
108,0,三幣
247,153,登藤
232,38,田之頭
164,148,中室
153,190,棚谷
252,225,蔵座
241,2,曾雌
198,185,川間
169,170,千本木
187,181,仙崎
3,164,西小野
65,250,盛重
65,146,生内
252,46,生津
179,210,成迫
203,132,東家
36,8,道永
84,242,徳倉
28,97,内宮
146,85,二沢
108,134,白潟
228,42,畑辺
242,19,浜永
131,116,福薗
171,105,北洞
101,121,茂谷
214,228,木戸脇
154,38,木寅
253,147,矢久保
183,126,矢戸
117,233,勢田
170,195,安済
142,207,羽岡
41,96,浦津
221,155,延沢
254,56,屋久
50,26,下吉
133,23,下竹
229,190,下別府
76,175,蛾川
137,0,閑野
5,12,駒走
244,126,古谷田
11,167,向谷地
35,38,行実
226,14,腰高
127,67,鷺山
185,152,三塩
53,31,三日市
224,122,山登
158,252,枝並
63,38,鹿熊
91,102,出張
172,94,諸
169,47,小曾戸
227,146,上段
40,82,植平
210,80,植林
58,52,殖栗
28,128,水柿
152,168,田縁
147,30,定久
121,91,中濱
204,135,中瀬古
97,17,竹津
179,61,竹国
50,157,竹園
108,97,大澄
224,209,大胡田
109,227,大玉
194,210,大宜見
67,214,蔵下
48,251,早馬
145,189,倉智
215,93,曾木
175,189,切田
56,9,切原
78,30,徳差
239,25,南風原
170,149,能条
62,106,八十田
116,224,八瀬
26,191,八町
141,79,比内
65,226,冨満
195,11,武舎
119,165,福多
0,161,末平
45,97,名須川
99,43,茂村
220,121,薮木
40,190,遊
13,238,立和田
100,19,當銘
134,46,贅田
235,149,石藤
75,247,安波
77,11,伊比
129,13,井家
217,118,越井
199,122,何
121,20,加賀城
232,34,開地
243,23,貝賀
190,236,梶並
245,166,官野
253,30,丸吉
183,139,儀武
123,104,菊崎
15,12,吉房
84,177,弓
217,221,金敷
88,184,駒ケ嶺
177,219,戸原
123,156,胡内
5,113,後久
201,109,幸福
229,10,行平
34,99,国川
59,161,佐中
181,76,済藤
196,1,堺田
157,11,三津
218,11,三觜
83,29,山来
112,0,柴内
49,34,松風
17,155,仁田脇
90,248,是石
152,90,正能
19,106,清光
44,121,東明
209,114,田光
251,73,槻田
234,233,鳥屋尾
59,110,中後
14,254,鍛治谷
105,68,大麻
136,11,大川戸
24,251,草
79,116,倉住
89,246,川藤
185,105,折小野
137,140,数原
135,127,水守
230,34,垂見
250,180,真仁田
251,188,新蔵
29,130,常藤
253,196,道村
163,48,内桶
237,81,内布
188,38,凪
100,241,南海
220,249,入
179,40,伯耆
79,101,八藤後
118,86,浮津
135,163,北東
111,119,埋橋
243,24,末盛
197,186,味戸
168,15,野勢
250,2,柚
236,110,和久利
60,118,籠島
186,23,藪井
185,142,藪谷
37,60,井爪
214,109,稲坂
122,49,稲住
168,69,永礼
202,140,延時
205,72,岡沼
32,161,荻生
40,252,加覧
217,229,花戸
93,222,皆田
133,69,柿澤
101,16,掛村
84,110,瓦
206,195,館脇
142,7,岸端
239,91,岩嵜
240,245,喜屋
231,13,宮東
34,152,金ケ江
111,178,松嵜
194,47,小原沢
121,98,小薗江
167,82,酒房
167,34,若旅
165,215,実平
208,33,糸岡
207,242,四反田
21,130,桟敷
241,236,佐柳
101,114,紺井
191,200,根川
240,0,今浦
9,144,戸森
134,177,原光
135,86,袈裟丸
114,76,隈崎
180,6,金須
138,140,大多
228,1,沢近
170,20,中右
44,83,中臣
73,230,町村
164,98,椿谷
35,77,鶴町
77,223,貞島
68,123,塗師
170,237,土坂
220,108,刀禰
223,214,内垣
244,4,馬部
42,223,伯川
247,123,風
238,86,福内
84,16,平床
148,67,平鍋
157,32,宝珠山
56,98,本行
187,11,本明
158,127,鱒
107,1,桝永
215,58,桝村
144,33,綿
33,244,矢治
178,38,矢地
163,1,有尾
211,131,余郷
8,159,揚村
219,48,立藤
148,98,良川
14,184,林道
81,38,廣中
158,43,大司
247,233,鞍田
195,87,稲越
142,213,永幡
91,133,家元
130,62,河原畑
139,7,河邊
77,182,外立
229,240,釜口
46,239,舘下
16,191,喜来
12,92,紀田
154,39,橋下
232,44,曲
57,19,熊手
235,140,桑岡
99,232,景井
247,218,犬竹
147,44,多勢
169,161,草葉
151,26,曽原
222,195,川滝
110,203,雪岡
250,43,正宗
27,62,仁志
47,174,森富
34,178,上高原
68,51,勝賀瀬
65,6,柴坂
76,63,実吉
35,29,三島木
50,82,財間
84,50,今宿
72,211,国嶋
185,163,戸成
12,148,切明
196,45,浅枝
224,175,前間
103,234,草津
106,60,束野
70,92,大岳
166,207,炭山
34,49,茶
78,48,中妻
108,72,樗沢
238,203,長間
42,80,津隈
173,155,塚尾
150,236,都野
218,69,湯佐
219,31,南義
95,74,二股
225,213,能登原
134,59,半野
26,215,肥山
61,62,風祭
29,110,福久
73,59,豊蔵
118,1,堀水
238,116,妹川
18,80,名手
57,127,名木
197,172,野稲
197,46,友竹
180,221,螺良
36,129,和賀井
1,202,石曾根
12,122,井澗
99,202,宇留賀
202,80,奥屋
107,38,下屋
51,61,加曾利
140,127,貝吹
200,7,楽
111,155,間仁田
160,68,牛村
110,188,近堂
190,233,桑
187,72,薫田
115,131,兼岩
243,81,弦本
184,67,古郷
159,187,杭田
239,172,須内
87,15,上浜
110,235,上之薗
144,51,沼部
48,32,小路口
210,27,小槻
171,230,小銭
170,169,勝畑
180,150,諸原
210,38,秋口
96,177,七五
104,194,志柿
11,159,山迫
5,111,坂見
27,210,江熊
178,20,仙北
170,78,川縁
156,199,浅黄
66,252,大安
66,132,大箸
220,160,沢尻
233,224,地蔵
89,118,竹友
168,187,中舎
139,187,津末
229,204,渡橋
137,152,土
195,76,内館
194,108,楢林
43,89,二藤部
208,36,拝野
21,116,舞
110,7,豊丸
176,152,坊田
176,69,堀河
129,192,名生
41,170,茂田井
43,153,木虎
156,18,野堀
5,45,由里
202,61,和出
180,172,檜田
161,88,仁宮
82,225,愛敬
54,172,安重
238,238,陰地
22,152,奥下
169,37,沖見
86,236,下大迫
223,134,海本
120,124,岩沼
232,145,久坂
125,48,弓座
247,163,桐明
129,130,桑元
234,6,見並
249,132,虎沢
196,58,五代儀
61,218,向吉
75,51,高関
125,58,佐次田
230,109,左川
30,11,咲間
254,133,賛田
213,236,師田
229,2,支倉
115,106,守時
138,255,秀野
2,54,小波
237,43,森杉
14,129,藤定
253,190,田副
232,12,田付
248,140,田寺
162,253,田岸
8,192,蔦川
155,192,直川
232,222,長里
141,229,中冨
38,80,中川路
218,100,地濃
19,155,丹伊田
17,114,太斎
67,8,蔵持
82,246,早福
139,41,善野
183,127,奈木野
133,158,南澤
95,183,二川原
212,223,入間川
196,47,菱本
208,71,浜沢
224,211,富木
93,156,冨家
52,150,浮谷
133,27,平森
18,70,峰岡
169,132,末元
86,192,矢野目
123,162,油木
23,113,湧井
202,26,立間
63,24,濱島
25,197,赤名
115,129,安坂
28,56,一氏
176,246,一力
182,241,宇江城
7,9,羽吹
230,198,園尾
60,143,奥隅
169,171,岡江
153,252,下浜
107,110,鴨野
231,38,瓦林
223,152,関光
194,139,貴
215,2,吉盛
37,204,宮長
20,30,牛房
39,255,九谷
166,144,見延
92,84,五條
76,18,光嶋
251,111,桜内
161,161,志治
240,178,示野
50,186,鹿角
250,243,種池
132,123,勝永
247,116,小井沼
111,205,小坂部
159,53,焼山
33,157,焼肉
58,196,上芝
133,193,真行寺
118,44,神屋
152,203,縄稚
111,44,内芝
222,91,道津
59,144,道祖土
240,235,湯前
146,246,渡島
100,145,田積
93,34,定免
181,136,鶴来
178,135,町永
29,230,忠内
195,178,仲光
216,135,中邨
176,251,中久木
90,170,築野
225,149,沢根
105,33,入木
246,246,埜田
150,217,樋下田
174,49,尾道
82,222,姫島
114,83,富満
116,231,北裏
64,234,牧谷
72,175,茂利
205,231,門池
69,217,野久保
49,80,野俣
87,67,柳崎
68,91,涌島
30,211,用松
84,71,篭宮
35,76,糀
107,8,阿蘇品
15,238,綾井
24,61,稲毛田
244,180,乙守
184,63,河森
54,65,花尻
39,113,海山
29,54,儀賀
25,243,吉増
223,211,久保埜
34,198,月橋
86,219,原瀬
69,60,戸波
62,208,五箇
145,202,国中
192,30,今元
17,10,佐々部
17,87,大櫃
4,200,大船
5,209,則岡
154,247,倉園
253,78,倉益
133,156,扇野
36,140,西面
242,247,上栗
189,170,小舟
237,45,小家
108,27,十田
185,63,秋江
177,225,寺薗
53,3,志塚
160,108,四日市
141,148,才本
54,110,小曽根
65,137,小道
8,13,城代
191,199,条川
175,165,深美
162,53,神高
185,201,赤塩
156,133,箭原
32,73,善如寺
218,85,祖川
215,172,東矢
235,56,湯木
105,202,堂地
181,118,発生川
251,170,隼田
18,160,彦野
38,47,桧
46,104,福嶌
116,178,平向
237,3,片
44,198,宝井
38,213,放生
49,85,芳中
138,123,房安
231,77,茂見
61,38,矢神
61,203,雄谷
15,27,良田
20,15,林保
166,13,茗荷
136,187,阿尾
204,103,芦高
253,20,磯目
108,138,栄永
147,158,横大路
149,10,音地
18,155,家弓
40,23,家守
248,176,家泉
8,199,君崎
1,237,見野
140,141,光内
177,95,厚井
136,145,荒石
16,224,高野橋
24,96,国料
119,39,今森
238,22,今和泉
252,100,根布
11,172,佐取
94,31,山条
61,7,七宮
143,236,柴森
50,3,芝地
138,153,射手矢
24,187,手登根
209,56,秋澤
194,203,春日部
108,253,小宮路
109,130,小石沢
234,7,東泉
230,199,都地
146,29,仲渡
168,209,中野目
127,151,中農
44,218,丹山
109,69,蛸島
77,189,滝ケ崎
127,244,大築
230,144,大谷津
131,251,太原
179,224,多島
43,40,多根
136,26,川沢
126,115,川神
147,139,川阪
107,214,千枝
188,240,湯下
51,4,藤竹
155,22,内井
68,172,内富
211,215,楳木
165,15,八ケ代
132,68,八方
5,19,尾倉
64,135,桧皮
118,184,百地
254,252,武輪
86,142,友久
243,89,由木
64,104,頼本
112,94,檜
34,187,秡川
115,158,蓼原
164,166,藪木
125,70,伊多波
198,234,宇津井
155,77,羽間
62,191,浦出
42,110,延島
45,146,乙藤
89,93,下川床
151,68,河盛
32,51,柿川
178,142,冠野
18,183,舘沢
6,218,亀原
147,82,久古
24,228,久保沢
152,163,居内
152,140,強瀬
201,238,栗又
217,135,糊沢
90,146,西野入
181,156,西手
165,100,正治
178,252,深坂
17,33,新小田
2,19,信野
128,55,秋浜
60,234,宗平
101,223,守内
123,157,鹿島田
231,250,持塚
240,122,持地
23,193,市口
134,56,佐子
185,84,国
131,73,高向
4,62,行正
221,128,手銭
89,226,舟瀬
132,1,重倉
182,56,深本
57,221,真岩
185,35,須々田
245,143,菅江
75,196,瀬名波
233,196,征矢野
69,24,倉前
77,204,大内山
37,170,大用
38,29,池野谷
174,25,虫賀
219,123,丁田
109,208,朝稲
246,194,町川
70,130,町頭
28,218,天尾
181,200,田邑
169,51,東樹
8,249,筒木
230,74,藤貫
174,125,徳里
159,196,八丁
201,150,板岡
103,186,樋原
80,136,尾股
198,210,米子
41,72,万崎
52,91,密山
237,121,目加田
140,121,揖斐
41,45,惟村
228,230,一ノ渡
236,235,猿子
245,207,於久
21,50,下井田
161,26,加用
27,179,河俣
190,124,貝本
69,135,外賀
201,205,角脇
224,22,椛本
94,75,釜萢
55,188,苅米
16,49,吉迫
124,76,吉備
12,173,久保内
55,158,櫛淵
217,162,経沢
110,62,月見
160,148,兼信
254,83,建山
43,201,源野
9,204,古久根
21,203,御田
101,144,光明
142,63,好永
107,196,佐高
15,98,坂主
253,77,笹内
230,18,山隈
184,109,市位
45,109,市森
133,189,柴倉
5,210,貞清
253,127,津呂
168,231,中新
1,112,竹辺
141,120,知崎
234,181,谷ケ崎
18,180,大礒
150,251,大栄
105,109,打川
209,252,多羅尾
103,72,船ケ山
34,134,浅里
159,168,杉生
156,248,真角
77,172,信木
39,105,沼宮内
17,28,沼館
166,48,東中川
3,151,頭師
233,92,得平
29,140,日南田
46,242,能野
61,64,櫨山
24,181,八崎
180,128,板尾
133,38,飛知和
40,8,浜頭
125,18,武森
136,129,福石
202,115,宝蔵寺
248,246,名和田
16,12,籾田
222,213,由上
217,97,落田
31,64,梁本
88,221,粟島
202,180,安堂
1,187,伊里
13,248,越原
17,211,越戸
125,125,横
76,135,柿森
94,82,寛田
49,113,机
82,68,菊武
89,169,吉宗
23,20,京藤
154,101,桐淵
82,93,琴寄
93,120,権野
240,33,古旗
217,122,口野
60,214,恒藤
28,112,小元
158,50,小垣
138,190,周田
38,96,守分
248,76,識名
239,47,鹿戸
242,171,鹿原
203,60,寺畑
15,121,糸屋
140,227,山嶋
29,179,山永
181,62,三海
169,109,作井
24,147,高池
250,75,高群
102,244,綱田
239,111,溝
1,171,川ノ上
41,252,川頭
145,176,草留
153,210,大小田
123,213,滝吉
168,3,地原
54,2,竹ノ谷
15,157,忠津
46,228,長砂
55,42,津浦
25,13,坪松
33,165,鶴尾
1,253,吐合
153,139,唐
159,242,徳力
253,210,内畠
48,222,日根野谷
112,30,納見
92,119,能川
15,214,八須
152,67,平西
163,240,北垣内
26,175,本所
146,208,毎床
146,35,又平
77,177,満石
165,108,矢葺
70,154,友池
41,203,流郷
69,58,廣谷
198,172,濱地
238,52,逵
194,91,阿美
83,222,伊郷
82,75,永滝
193,49,益原
27,205,奥浦
173,172,奥長
138,146,岡一
73,149,岡倉
129,154,河守
193,141,花屋
34,204,笠石
130,43,岸尾
165,197,客野
58,213,救仁郷
126,148,居原田
119,109,古根川
175,111,後河内
238,164,江谷
163,153,肱黒
252,204,枝野
80,173,秋久
172,168,習田
175,22,住原
188,45,照本
181,27,森里
145,210,須和
126,248,瀬津
86,30,清治
175,33,西守
148,3,西頭
169,172,折元
255,136,千代川
80,47,鉄谷
221,165,程野
67,218,貞安
220,18,津
136,239,鳥村
110,32,忠田
36,66,中代
103,207,中多
106,128,大信
156,148,大山口
16,162,大古場
212,60,台野
200,17,村七
189,77,曽布川
228,57,千布
170,209,石渕
197,181,斉尾
199,252,菅澤
186,97,砥石
36,213,土家
187,156,播田
23,2,飛世
240,118,富浦
90,94,布施谷
47,101,布瀬
160,193,武松
246,107,平船
49,158,保屋野
127,68,穂高
240,191,北越
63,15,蓑和
198,228,野嵜
110,98,矢下
83,116,有門
145,112,篭橋
50,135,鷲北
61,115,櫃本
238,174,諏訪園
114,123,安長
173,32,右京
23,147,臼山
240,104,永露
115,171,横橋
103,192,下田代
184,6,加々良
54,165,加集
159,195,歌津
74,58,蟹井
218,112,鎌本
19,102,管田
171,204,鬼澤
168,223,境井
177,6,橋中
236,153,熊上
23,111,元家
149,61,古和
145,179,胡桃
179,249,仁後
145,49,人西
10,215,城森
181,67,小根沢
15,40,小吉
170,139,初貝
117,77,出路
90,247,出店
35,145,宗正
6,43,種子島
186,52,七森
174,111,市ノ川
227,255,彩
129,251,佐賀野
96,128,黒森
112,226,黒金
65,67,弘岡
235,107,康本
216,49,土原
222,180,土井田
4,87,潮平
137,63,張谷
226,198,仲前
160,157,中能
100,165,竹倉
25,242,竹光
111,254,樽沢
110,213,只隈
238,32,多門
184,145,曹
128,231,膳
43,142,川守
40,69,石久保
236,79,石屋
58,82,西別府
172,198,水戸川
90,242,陣川
253,36,真鳥
118,230,土取
81,218,桃
156,71,徳冨
198,130,日巻
9,19,日諸
42,217,祢宜田
147,26,梅地
190,22,白原
120,132,幡本
133,77,飛石
156,72,尾和
133,65,表谷
71,220,冨成
161,54,朴沢
79,130,堀一
18,152,本蔵
40,27,万福
103,30,網島
225,198,木付
220,115,矢古宇
239,116,伊永
241,213,宇木
210,101,永宗
74,111,越湖
31,34,越尾
240,65,王野
219,173,屋宮
40,160,嘉成
9,98,河住
111,236,柿岡
6,114,釜屋
180,212,甘田
162,187,舘川
65,179,丸小野
77,114,魚地
133,6,玉里
139,2,金垣
211,69,犬島
188,156,古根
225,20,虎尾
130,144,新久保
238,18,信永
25,70,城塚
211,29,上領
139,228,沼端
120,180,沼岡
157,126,小合
27,120,小境
182,86,小賀野
228,113,寿賀
118,120,寺家
80,215,榊本
115,101,砂崎
170,85,佐納
222,58,佐々江
174,84,高出
59,229,江河
143,178,厚田
103,174,光枝
203,48,五十幡
115,51,生本
138,27,赤本
77,156,善林
139,194,楕松
132,220,大立
227,17,谷道
43,127,丹所
55,225,丹村
51,58,智田
156,11,池城
109,50,築谷
233,129,竹地
208,255,沈
167,141,東館
43,90,東垂水
166,177,棟
106,80,湯田坂
233,250,豆塚
85,251,栃倉
76,235,萩坂
100,61,浮辺
132,67,武地
165,88,北元
222,139,末金
114,108,紋谷
31,49,矢羽々
120,16,涌嶋
243,87,葉梨
16,167,國吉
146,169,栫井
215,7,水浦
99,191,鮎田
205,40,安喜
230,162,井汲
34,207,宇宿
51,96,鵜久森
23,127,堰合
16,223,沖谷
186,74,佳山
196,175,会見
191,34,角替
235,211,株木
178,170,起田
85,112,金守
225,205,狗飼
17,237,熊林
17,241,溝本
14,5,高附
190,150,高牟礼
182,41,崎岡
152,187,三国谷
134,186,志甫
99,82,室津
68,251,出縄
238,147,所沢
103,59,諸泉
134,7,上新
248,42,上坊
180,71,新鞍
177,55,新玉
39,14,新治
55,252,粕田
106,149,梅基
143,254,波江野
115,240,道地
185,178,道久
220,99,藤綱
27,183,嶋尾
147,176,田才
238,104,定永
148,54,坪島
223,0,津熊
57,26,中藪
93,86,中土井
99,67,中陳
234,109,中阪
246,44,池之内
141,110,旦
141,255,大美賀
233,121,大兼
82,190,瀬筒
185,125,半間
198,175,尾美
134,23,冨士川
250,1,布沢
135,61,福坂
251,63,福木
2,191,片沼
92,71,穂谷
218,212,飽田
20,197,鉾之原
103,157,末柄
134,82,蓑口
37,39,目取真
128,35,野一色
14,76,矢幅
4,116,友杉
26,47,有方
7,124,竜門
12,132,六浦
41,128,六笠
255,232,安信
114,129,安増
160,69,安富祖
107,161,伊佐次
1,192,伊豆倉
215,133,移川
118,189,磯永
133,231,宇恵
121,159,益戸
73,235,加賀爪
4,189,嘉陽田
121,199,花尾
169,99,外木
112,204,関元
35,168,喜多野
43,57,久守
129,185,京屋
61,97,古井戸
147,22,古積
152,217,古浜
13,231,世木
162,108,仁瓶
199,9,常国
3,17,上吹越
56,111,上ノ原
81,12,松迫
13,192,小師
101,239,重宗
230,211,秋重
224,75,時山
199,79,寺杣
252,11,紫竹
53,30,志鷹
101,245,山火
104,71,三桝
255,144,薩田
39,78,砂永
66,5,高丘
136,230,御代
2,36,戸堀
74,24,大風
172,131,池町
47,15,中塩屋
170,152,中木原
126,170,長楽
220,239,都志
86,107,嶋林
44,210,東風谷
147,246,当
20,148,日川
110,142,忍
25,81,馬路
103,106,八原
111,249,発地
38,150,尾竹
37,169,美濃口
57,13,菱倉
57,233,姫嶋
253,64,片嶋
207,96,宝泉
154,177,豊平
162,115,鳴坂
137,153,門真
102,107,野浪
19,133,油本
77,169,立井
51,162,漣
166,32,樅木
128,3,礒山
233,2,籠田
26,212,伊与
253,248,井水
40,92,井辻
93,242,引木
23,25,下永
51,40,下玉利
14,55,架谷
199,24,居山
250,122,境沢
240,170,恵本
143,176,五位野
203,94,向井田
115,217,向本
62,220,江西
120,187,荒垣
166,218,行谷
218,228,鴻田
226,42,佐々川
152,23,佐木
121,203,柵島
197,31,実森
6,144,小立
105,228,新上
170,230,神宝
23,227,政氏
214,5,清信
176,53,西富
164,9,多賀野
71,36,対島
117,176,大頭
161,232,阿戸
226,214,伊海
65,161,升岡
177,175,小田代
235,159,松蔭
95,50,松任
85,127,上河内
12,0,上和田
192,225,尻無浜
152,116,新田見
179,198,水草
167,91,菅川
131,80,星宮
160,53,石北
67,149,石躍
232,2,前井
144,80,滝北
168,83,築地原
7,63,竹長
113,15,蝶名林
68,43,長良
92,187,定平
202,0,藤渕
149,54,鍋野
137,40,日熊
80,104,八村
77,10,八板
194,167,樋脇
223,13,冨士本
44,42,武縄
142,159,平阪
48,119,母里
0,249,埋田
152,135,満行
172,30,茂住
226,17,木場田
116,51,野満
173,254,檜野
126,7,渕崎
253,19,蔡
173,205,助永
91,229,伊佐山
157,208,為近
157,116,永水
21,167,沖藤
73,21,下沖
78,66,可部
117,189,河邑
23,226,潟山
116,229,勘場
157,62,貫田
211,153,岩朝
218,214,吉実
85,215,久利
96,69,魚返
116,124,駒居
241,251,櫛橋
96,238,栗岩
130,180,継田
97,253,見世
189,138,初
206,85,秋里
49,209,実光
137,222,鹿本
205,218,山館
169,63,三分一
10,208,三田寺
61,101,三窪
184,189,坂之下
166,11,細畑
59,75,今牧
235,62,黒神
164,195,荒家
29,242,光瀬
172,75,戸巻
72,188,古知屋
71,10,古性
146,88,古金
53,24,鍵野
39,178,仁多見
74,161,吹谷
5,81,瀬倉
27,40,石掛
61,83,赤島
87,172,染葉
142,228,早渕
81,227,袖野
18,42,谷津田
209,141,樽田
59,14,池北
130,58,仲尾次
19,234,津金沢
252,16,津々見
135,165,貞苅
129,138,貞野
238,250,渡沼
5,223,桃坂
143,165,楠生
142,112,能代谷
114,139,萩村
90,85,白羽
81,192,判田
150,241,本元
208,89,又賀
133,207,免田
44,33,木邑
137,217,矢越
189,158,友滝
81,181,利倉
113,177,和平
62,237,鯰江
245,226,神河
153,178,安恒
135,71,安澤
156,91,伊差川
114,156,井七
2,164,宇座
86,103,羽子田
160,100,臼谷
28,216,塩釜
122,150,荷宮
247,128,外所
131,96,橿淵
26,53,刈部
22,129,苅野
111,251,簡
78,131,興
93,198,局
175,27,畦田
101,43,綱沢
215,186,佐護
162,185,山畠
175,66,市園
203,209,時村
244,219,鹿庭
30,35,若栗
119,123,守井
183,11,秋穂
248,133,重城
92,172,諸山
71,86,小松本
144,153,常
220,216,新栄
164,228,真岡
61,245,鴇
49,184,藤門
27,181,田染
80,153,田室
176,80,坪口
223,25,塚腰
125,182,槌本
53,89,朝日奈
23,203,中洲
71,9,中角
112,231,谷添
14,198,谷掛
151,216,棚辺
137,229,瀧野
174,21,続橋
9,8,増倉
31,146,霜崎
131,27,早木
12,239,曾根崎
53,243,西矢
7,195,須尭
16,182,神品
122,81,栃下
215,248,楢館
10,25,南幸
88,190,南葉
2,218,二郷
184,99,日江井
131,15,尾之上
3,63,菱
203,101,富浜
238,46,宝木
93,180,芳地
33,178,堀見
88,148,鳴田
207,8,毛戸
78,62,木我
79,5,木水
37,70,木方
192,89,門出
215,8,野海
131,110,与沢
88,94,里館
239,102,榔野
135,177,國本
10,253,阿内
161,177,井中
203,223,羽尻
236,118,羽尾
201,218,永迫
31,211,覚前
137,169,角中
159,252,叶谷
217,93,亀之園
20,184,亀澤
51,229,宮館
29,142,牛ノ浜
58,207,居森
143,248,居倉
95,147,権丈
56,145,古結
109,39,戸水
108,181,五所
254,87,光元
85,181,広神
78,25,江国
209,245,紅露
87,185,荒町
187,240,真栄里
250,163,新枦
179,44,新飯田
215,25,常広
162,46,小武海
86,151,小鉢
171,96,小猿
38,253,小引
255,224,宿野部
74,231,秋満
198,217,手倉森
18,18,篠井
44,204,漆島
116,254,寺岸
255,92,四田
48,111,三國
105,216,在家
144,7,佐名木
107,138,佐戸
74,239,今仁
138,221,国塚
66,105,高正
54,13,萩平
157,1,波照間
222,70,南岡
200,10,内平
130,81,徳升
224,132,島浦
72,57,田子森
106,37,伝野
34,205,鍔本
126,130,鳥内
214,88,朝来野
144,227,朝重
119,83,中正
59,45,段原
206,119,谷一
169,20,大宝
229,6,大倉野
251,121,大幸
87,143,荘野
132,191,草竹
182,223,八上
160,19,八波
117,166,繁
235,167,飯牟礼
154,94,尾曽
117,154,尾澤
121,24,富士本
40,17,布藤
112,164,部坂
109,83,宝利
125,44,芳尾
162,84,豊満
83,5,北門
221,49,名嶋
139,180,木目田
173,132,油座
250,25,龍頭
5,197,廣嶋
32,38,籠橋
97,55,鰺坂
95,23,川倉
41,179,伊勢亀
62,19,伊草
99,70,井ケ田
209,208,鵜島
88,40,下木
91,168,角町
125,229,角矢
26,60,掛江
228,165,釜山
125,158,関澤
100,111,吉識
165,153,芹ケ野
204,121,芹口
162,85,近川
212,130,金持
163,242,銀山
68,225,熊添
79,178,茎田
41,206,兼丸
224,45,鯉渕
77,90,石隈
45,4,生松
103,107,畝田
1,59,杉光
134,142,須賀原
235,80,上広
126,159,小泊
159,85,小田井
73,66,小袋
91,25,小瀬良
147,128,出納
159,209,秋末
98,207,謝敷
25,95,実近
39,241,時実
193,48,市吉
48,170,国次
194,165,高志
191,214,高見澤
124,156,高沖
121,155,飯久保
38,104,馬道
168,243,波々伯部
221,176,能登屋
82,57,土平
94,176,田制
195,83,堤野
131,155,蔦野
233,132,朝尾
21,195,中川内
199,239,滝尻
79,92,大仁
68,125,相
129,176,善財
110,227,川場
12,230,切石
237,155,水摩
6,31,信江
79,151,樋村
151,103,浜添
105,11,冨尾
58,177,舞木
93,67,平道
35,42,片浦
61,44,母袋
248,166,峯下
61,48,牧迫
119,57,本広
29,222,満保
40,63,味園
191,229,問田
48,220,野々瀬
241,203,弥吉
19,243,祐成
166,156,淀野
9,15,和波
91,240,伊塚
55,155,井幡
109,220,一本木
186,182,宇美
19,226,羽坂
237,75,浦越
170,242,横越
177,186,黄田
117,72,岡屋
131,246,下田平
67,121,海口
140,241,角鹿
186,240,掛野
240,15,喜久
143,252,貴堂
177,26,牛原
12,88,鍬崎
136,167,兼石
246,242,見市
137,15,源島
93,93,古波津
122,187,広居
15,17,高秀
132,28,今立
5,229,三日月
249,124,市ノ渡
212,97,鹿屋
238,119,宍道
54,193,酒井田
25,67,酒部
43,108,住村
56,10,楯岡
161,213,諸冨
193,254,小友
206,5,上神
57,217,植嶋
109,71,津々木
68,93,町島
67,206,朝間
77,12,大塔
97,158,大土井
128,124,大竹口
197,147,大後
109,80,祖慶
89,86,善福
71,131,千嶋
152,159,赤西
102,30,石走
110,10,西信
213,215,盛武
166,115,生長
124,22,水倉
132,15,須子
65,5,針替
5,150,秦原
174,254,天下井
35,146,道辻
32,213,徳尾
28,34,幡司
47,121,畑木
69,107,発田
175,244,繁沢
74,146,飯生
162,44,肥川
98,247,美村
136,223,幅野
250,120,峯岡
116,47,房
101,197,北木
16,41,目沢
139,107,薬袋
139,134,由水
74,167,浴
184,119,浪瀬
160,242,鍜治
2,93,伊美
178,195,井前
96,195,井柳
197,173,一家
195,122,宇地原
70,1,越善
17,184,榎森
251,253,延本
62,14,猿木
7,53,奥苑
34,53,岡信
138,26,沖西
196,108,屋嘉部
170,115,音無
67,57,加留部
13,106,河副
124,84,荷見
233,41,角元
115,167,管家
172,21,原良
138,73,神田橋
187,62,神守
110,110,真谷
74,80,真栄平
192,219,信谷
218,142,上田平
226,217,上江田
2,34,松薗
103,78,小八木
113,24,小端
24,74,舟井
236,56,三津橋
147,8,頃安
32,172,高名
241,189,高知
2,146,綱嶋
45,113,甲佐
127,83,江後
19,208,広海
189,226,釣田
143,212,鳥羽田
222,48,中保
173,101,蛸井
112,129,太野
163,32,多賀井
59,32,蔵方
254,50,倉吉
226,24,善明
89,120,浅島
11,225,川木
28,155,赤峯
147,33,石ケ谷
113,65,西奥
91,11,雀荘
203,215,仁野
196,102,上牧
122,33,小手
8,132,小下
6,59,程原
1,220,天崎
124,52,登丸
6,38,藤脇
120,40,堂浦
105,43,禿
36,89,日沢
104,148,能地
120,53,畠本
138,157,八倉
130,207,尾籠
187,37,表野
182,110,風野
170,90,法師人
147,9,牧嶋
62,66,末谷
12,158,味方
160,247,野明
45,21,揚
138,49,國枝
135,196,宗行
115,33,阿佐見
88,168,依知川
76,43,為井
29,166,井地
249,212,磯ケ谷
182,220,一石
127,224,右手
64,6,鵜浦
42,25,浦尾
171,16,浦林
220,139,越間
33,168,猿川
0,125,奥埜
137,142,王丸
189,184,下市
69,155,加東
187,161,廻谷
13,66,海住
161,173,貝島
76,170,角戸
243,113,柴沢
172,10,漆川
211,117,次藤
24,202,時久
196,230,鯖戸
92,127,作原
225,229,堺沢
111,232,細原
75,178,済木
30,16,高貫
235,44,光木
254,151,五十島
148,107,懸田
64,208,兼頭
232,160,畦崎
49,205,君田
2,156,玉野井
120,205,関沼
22,232,釜江
77,251,楢木野
97,150,島立
50,95,島地
165,106,土島
184,250,都沢
179,195,田中丸
14,109,長弘
192,192,中栄
237,141,茶野
21,58,沢尾
165,113,沢向
226,157,大洲
102,100,村北
106,125,祖山
203,26,楚南
12,187,前木
123,120,先川
182,207,生頼
220,66,勢井
72,71,諏江
55,221,神杉
203,179,森行
109,8,常森
18,74,南坂
130,201,二藤
161,115,能
26,76,煤賀
164,81,白形
181,237,白杉
88,176,尾頭
174,131,尾白
173,114,浜石
111,161,浜渕
228,44,布宮
9,161,敷根
12,70,平舘
216,7,宝崎
216,216,宝達
132,118,本並
183,168,末重
126,101,野道
20,67,友弘
54,82,有阪
72,157,嶌
45,229,嶽山
16,115,枡本
55,59,阿部田
30,147,芦部
245,130,安国
159,26,伊ケ崎
157,70,稲家
192,246,宇南山
189,169,永草
173,168,永畑
57,43,応和
23,242,屋
104,80,乙武
66,100,下保
159,111,家坂
152,202,家塚
101,152,冠木
30,27,岩吉
20,213,亀割
180,220,久津輪
37,180,宮一
62,127,橋原
162,122,金瀬
130,120,桂井
242,38,古小路
53,191,上重
194,60,松垣
54,70,床波
115,176,小日山
204,129,小谷地
118,254,渚
150,206,春永
165,245,取違
124,133,芝内
219,170,芝谷
159,239,柴口
139,100,実井
43,73,室星
134,126,式地
235,23,志牟田
60,15,山保
151,21,柵山
203,7,作村
185,217,砂畑
128,225,今釜
55,240,国房
183,77,糠塚
63,144,後根
22,111,田松
253,22,田郷
198,249,泥
14,233,椎津
232,93,仲秋
30,161,中来田
244,183,池長
59,207,大坂谷
77,14,帯津
69,117,増地
10,225,倉片
234,116,前川原
93,74,先本
238,16,石木田
236,201,水森
159,245,須知
56,100,辛嶋
82,86,湯ノ口
61,233,南薗
238,249,乃美
137,54,尾垣
120,194,福増
98,149,米今
69,18,米増
129,48,保刈
79,232,北神
6,166,堀永
7,202,明本
53,203,弥益
150,190,矢畑
142,117,由布
248,173,用田
129,67,利重
95,149,梨子田
218,95,澤地
99,93,新良
135,215,阿左見
250,184,伊野部
171,242,井瀬
94,209,宇治原
84,136,宇杉
230,22,屋部
107,63,恩塚
112,24,蟹
247,92,関尾
115,28,丸口
122,213,丸森
226,138,亀子
227,19,吉益
213,91,堅山
150,174,原尻
94,77,御木
29,38,綱脇
139,185,国木
174,109,上加世田
70,107,松盛
8,11,小土井
87,75,小水
206,43,種部
190,88,蛇口
180,187,紙
68,7,桟
225,212,三膳
136,247,三住
92,99,堺井
129,245,細渕
112,85,砂子沢
19,168,佐名
197,71,佐枝
104,140,今塩屋
1,117,此島
75,80,内場
99,150,刀川
125,243,田木
38,41,田面
89,29,田儀
225,96,庭月野
24,172,陳野
166,175,鳥居塚
33,140,猪浦
16,55,竹岸
78,204,池邊
66,232,池守
61,106,鍛治屋
63,62,谷利
47,210,大美
32,167,大田和
243,120,大生
116,227,駄場
198,179,太刀掛
97,82,多谷
56,39,村治
112,23,束
130,55,草開
234,16,惣万
63,84,曽根崎
32,70,前阪
108,248,二山
26,168,波塚
119,122,楳原
119,163,箱島
225,166,板子
61,126,般若
50,245,桧物
177,223,品野
43,23,浜高
151,15,冨村
115,80,風晴
164,18,平古場
191,8,豊坂
73,187,豊重
22,4,北川原
226,108,堀間
180,100,本内
147,106,名井
100,110,名渡山
29,194,柳屋
214,209,友兼
128,14,有倉
99,169,与五沢
203,219,陽田
82,36,来住野
174,230,呂
187,13,和川
147,239,川音
47,253,一居
212,91,稲角
77,28,羽瀬
15,20,丑山
234,8,碓田
189,106,栄井
127,235,永妻
44,113,円城
252,13,嘉味田
133,114,角道
127,163,梶沼
185,114,株田
12,194,釜坂
208,52,久馬
206,40,境目
47,199,橋長
49,95,狗巻
240,116,堅木
208,45,古厩
196,178,古水
4,36,五十木
3,210,御法川
217,75,荒張
227,235,高柿
152,61,高洲
133,13,佐長
162,107,砂
73,234,雪山
101,227,石富
60,163,石江
220,195,清板
114,241,成冨
55,250,是常
7,87,瀬原
74,52,須浪
138,72,神郡
122,11,森数
116,215,新潟
0,248,植元
62,86,上奥
20,159,松淵
132,244,小出水
33,27,出間
189,35,宿南
61,180,洲浜
181,94,守野
24,184,芝垣
228,115,室塚
146,201,鹿俣
168,22,次郎丸
105,5,山分
193,77,山前
105,206,傘木
236,212,鳥養
97,3,竹西
56,74,丹呉
243,115,大須田
255,196,大垣内
227,23,増富
7,79,倉口
27,144,川船
231,52,川高
35,103,川居
251,43,千代島
179,10,赤熊
218,204,石館
209,32,盛内
113,183,成枝
58,211,是澤
52,233,寸田
208,246,水庭
164,214,水竹
47,73,針金
95,110,真光
234,219,新池
77,94,辻永
148,68,釣巻
179,185,田野上
66,115,都井
79,128,嶋沢
121,27,峠本
228,140,徳渕
21,106,半戸
234,211,板
78,119,稗島
138,79,桧谷
4,43,福海
29,105,平等
207,217,保戸田
132,226,宝積
112,1,縫部
219,174,北奥
90,139,堀松
237,242,名内
39,177,目見田
247,125,弥田
224,234,有国
165,36,篁
152,115,逢見
176,106,安齋
225,189,伊左治
39,65,伊与久
6,137,井窪
148,48,一重
181,178,宇留間
220,57,越中谷
89,24,押
57,54,家門
55,47,歌丸
183,22,外野
85,166,垣沼
156,217,柿塚
48,137,葛綿
194,97,苅屋
9,153,苅山
132,218,館沢
63,127,岩里
63,93,貴家
13,1,久留須
165,196,居林
134,90,橋迫
12,167,上町
79,140,焼田
220,80,松良
174,248,床並
121,118,小野尾
110,141,時永
39,10,紫原
128,41,四海
162,103,三砂
71,21,三ツ村
26,41,鷺森
153,110,細目
96,155,砂長
83,158,今安
198,159,耕田
140,243,江津
124,29,光浪
191,155,五宝
144,225,五十住
174,179,古溝
175,144,粂谷
49,157,橋目
118,54,同前
14,88,東門
91,245,東梅
11,95,東辻
216,154,東上
133,239,辻畑
248,55,塚島
164,91,津元
87,229,仲泊
33,233,竹宮
126,203,大都
216,101,草水
118,165,早原
227,121,曾原
147,137,前芝
28,44,石束
101,22,石王
139,110,星見
3,62,堂端
165,18,堂満
14,78,奈良坂
239,169,能祖
127,234,八木岡
117,207,飯竹
172,250,尾北
126,3,美島
148,109,富士田
246,213,武津
12,39,舞原
96,21,幅口
214,101,柄崎
255,153,北側
171,151,北道
33,229,門上
247,196,野浦
247,54,野々田
31,10,栩野
106,195,成吉
240,140,安曇
119,13,井寺
145,197,益崎
241,122,黄金井
215,196,下杉
107,47,河野辺
228,93,鎌原
174,178,吉荒
41,71,吉名
44,150,久下沼
162,146,牛野
164,45,金長
212,40,兼
211,2,元持
135,187,戸頃
91,221,菰渕
64,195,広住
225,206,江馬
248,219,国塩
92,192,瀬本
141,113,水門
40,231,森金
49,19,常葉
183,38,床島
184,137,出津
108,166,宿院
47,178,重清
84,99,秋篠
82,60,宗友
254,72,宗内
205,148,鹿村
177,19,寺居
221,164,飼沼
79,55,山塚
84,128,山外
5,95,三家
75,117,今徳
219,141,日尾
245,88,二杉
49,5,徳植
159,253,藤園
121,9,藤栄
88,133,東福寺
51,38,島戸
248,112,田茂井
50,176,田名後
196,226,天倉
103,148,貞国
19,19,椎塚
122,25,調子
70,101,仲平
78,226,中門
43,38,谷仲
107,248,滝花
93,173,大茂
254,118,大肺
231,133,村戸
42,111,草部
246,83,組橋
201,151,善養寺
58,34,千代森
115,53,石淵
107,163,生永
193,158,日並
48,235,迫村
68,160,幡井
74,188,八馬
255,14,髭
111,114,百村
157,220,浜路
115,212,冨士野
120,231,武口
189,153,武広
140,172,柄澤
242,48,豊国
217,76,房本
179,16,本図
200,155,毛見
215,183,矢納
112,4,柳詰
169,32,薮井
150,135,油屋
171,255,里岡
156,89,良永
150,92,嶺村
154,229,鈴谷
11,24,六郷
1,176,和食
195,82,梛木
204,187,水留
72,183,井生
66,158,宇仁
55,173,永家
42,188,榎屋
121,52,遠原
242,30,応本
173,53,下位
122,60,下吹越
63,255,家根
226,236,皆葉
74,232,外狩
79,220,樫内
79,64,間杉
84,57,関守
226,8,岩手
141,100,岩畑
98,1,喜岡
66,234,喜名
168,153,菊屋
22,101,吉岩
52,103,玉浦
244,229,金場
14,167,古我
64,150,古清水
39,46,御子神
118,115,広垣
214,212,植栗
152,59,上之
81,234,小瀧
250,245,小佐田
209,137,小潟
92,198,書上
91,65,初川
207,94,酒居
20,27,柴宮
63,107,治郎丸
26,45,時安
234,105,寺沼
117,239,氏野
130,18,志磨
246,93,山子
185,234,山奥
232,124,三保谷
62,170,三熊
203,185,三園
34,107,作花
100,220,細
89,37,座光寺
114,7,高野瀬
106,201,高熊
10,130,香島
170,143,広吉
191,95,田篭
42,226,田多井
23,122,田切
65,87,殿井
44,202,天達
140,187,定井
157,13,中礼
203,156,辰馬
192,206,但田
206,127,沢浦
210,57,大條
94,96,大箭
54,72,大廻
1,235,待田
94,65,対木
161,249,多良間
171,49,村長
124,30,泉名
79,215,川池
235,212,川喜多
44,98,切山
226,69,赤藤
189,76,赤垣
166,106,赤井田
163,94,石破
204,67,星光
26,43,成戸
56,123,瀬角
36,55,杜
85,233,礪波
79,110,媚山
62,40,六
214,84,鈴東
204,46,裏川
39,200,野渡
88,7,野間田
95,35,門西
56,119,門坂
115,60,杢田
46,6,末澤
199,132,末兼
198,149,峰川
84,170,米道
226,191,富阪
86,201,表原
245,71,俵木
146,83,百目木
194,155,桧作
80,72,畑間
143,16,梅屋
128,210,馬立
226,147,日野浦
172,47,曇
150,20,徳淵
46,30,藤由
163,149,東保
122,123,渡谷
62,190,椙原
190,252,橋垣
36,157,境原
199,107,宮添
73,87,菊森
155,94,岸口
150,81,丸崎
223,93,割烹
59,57,樫葉
134,172,外城
200,177,介川
128,131,河室
165,174,嘉代
255,121,加茂谷
52,31,加藤岡
69,15,加勢田
32,146,加悦
65,144,音
167,121,屋鋪
229,48,横小路
236,151,横屋
216,71,奥澤
83,179,栄野川
200,252,卯田
123,200,羽矢
152,219,稲林
165,231,稲庭
97,16,井向
9,109,安部川
127,75,粂原
215,28,森岩
170,11,松里
84,199,小鷲
67,12,小永井
68,20,諸木
98,33,諸貫
136,191,宿野
56,166,種橋
104,28,若見
76,234,社
106,73,実成
154,47,鹿子
141,58,紫牟田
106,189,志熊
226,158,市嶋
31,228,山竹
146,69,山陰
210,119,作
92,25,佐飛
235,105,今島
199,5,今園
255,7,紅野
60,74,古南
47,60,古巣
80,77,原茂
165,26,原国
30,114,鯨
209,122,荊尾
168,25,添川
205,255,定光
29,12,椎田
0,182,鳥毛
210,42,長西
40,141,仲根
44,225,中柴
178,177,茶原
108,90,竹信
35,0,谷治
45,34,谷吉
14,168,台場
1,218,霜
65,119,相津
96,20,倉木
53,158,前盛
199,203,前花
152,211,浅坂
4,223,折内
127,97,切手
221,8,西賀
167,78,清尾
101,107,清元
61,36,水池
72,11,田湯
116,133,土元
244,159,島松
10,46,頓田
28,84,内ケ島
237,6,内浦
89,20,薄根
65,54,八木澤
50,49,飯出
178,215,美留町
227,244,苗木
146,199,品部
156,5,布施川
104,61,福王寺
193,36,兵働
19,39,本崎
12,195,末信
190,70,箕川
247,41,密本
31,37,木造
189,183,矢辺
14,20,友渕
76,14,鈴岡
46,169,枡谷
23,198,阿曽沼
202,238,安仲
208,83,伊地智
135,2,井西
136,215,唄
225,173,榎島
1,98,奥尾
42,31,下農
90,195,柿村
101,1,笠崎
87,169,環
220,134,間世田
250,14,関西
10,188,岸畑
24,161,久崎
145,129,鏡山
13,15,巾
186,25,金中
141,0,隅倉
15,36,元原
225,128,原戸
123,74,吾田
254,167,好岡
213,59,広光
7,84,尋木
117,148,神澤
204,80,神月
121,132,埴生
200,194,上国料
238,44,上楽
162,143,上仮屋
239,131,松茂良
187,140,小草
59,98,春元
182,37,手川
130,244,室越
111,90,室永
125,5,七瀬
3,80,七崎
228,216,児矢野
200,90,枝木
9,245,司城
92,227,三竿
219,187,鮫田
188,189,細美
91,175,根
31,227,高舘
160,61,行村
65,232,奈木
131,130,栃山
234,97,当瀬
125,251,唐井
143,234,田靡
127,137,田甫
157,204,槌屋
102,81,仲元
7,82,竹場
135,162,端本
250,188,只石
197,180,大埜
20,153,大浅
91,173,村坂
218,87,千喜良
151,18,石迫
110,193,青本
254,163,請関
228,246,畝川
111,175,瀬田川
54,194,菅佐原
124,224,水関
71,242,厨川
96,86,波木
33,68,挽地
199,2,尾浦
208,12,美濃羽
218,70,浜園
168,128,兵動
194,4,縫田
129,235,本門
245,182,蓑
55,200,名切
174,186,名知
197,130,明里
34,5,木戸場
172,212,問谷
31,52,野久
154,166,野畠
92,179,矢矧
189,6,有ケ谷
60,157,柚田
69,12,里野
19,209,鈴間
231,73,簾
173,118,浪口
144,66,神波
251,132,綾戸
223,116,伊早坂
187,148,磯俣
183,198,羽仁
101,162,円道
46,119,奥内
187,159,沖園
38,62,屋嘉
161,199,乙田
117,184,恩村
198,191,音部
64,155,音野
233,255,下笠
154,30,下木原
184,186,加原
227,91,加木
135,240,河鍋
62,161,海地
4,251,笠尾
4,210,鬼久保
192,145,吉利
177,221,久保下
243,121,金月
123,47,真間
119,218,信平
55,58,上篭
249,87,松方
126,191,松浜
65,145,升
40,182,秋光
209,217,酒村
186,27,芝木
174,165,司
43,128,崎尾
238,109,坂斎
13,161,佐能
65,173,国京
251,127,行司
234,2,荒俣
170,249,広常
118,191,広安
65,42,光橋
101,230,見藤
55,105,権瓶
234,120,穴久保
41,200,桑幡
213,131,東風平
10,97,奴賀
205,152,都鳥
197,171,登根
160,113,田住
60,226,殿内
107,36,鉄井
33,222,提橋
23,114,鶴永
83,181,辻西
72,207,長張
243,40,猪倉
250,116,仲倉
218,32,仲居
232,255,中大路
176,204,中川西
157,7,池堂
241,223,谷塚
165,162,大槌
198,117,大湖
115,95,大菊
131,71,蔵園
214,221,増
49,25,桃山
73,142,祷
87,233,頭川
188,117,道倉
215,157,灘井
199,64,日夏
97,57,日方
199,170,納庄
136,111,馬殿
131,147,八倉巻
2,197,尾賀
25,8,美原
156,65,百川
250,133,保戸塚
195,237,甫立
137,12,宝迫
71,228,北之園
10,21,本目
207,13,名尾
225,60,明平
245,212,門戸
144,86,弯藤
130,78,枡井
215,249,萬年
90,8,相笠
89,145,一二
134,205,羽根川
147,161,押江
250,111,横沼
155,97,下辻
164,94,家治
114,125,貝
14,89,外口
107,10,垣
240,20,管谷
220,97,菊水
114,180,宮宗
245,15,弓納持
202,142,業天
121,38,金道
184,91,原重
112,199,古下
74,53,古作
55,63,古住
232,213,古倉
50,62,呉田
44,183,鯉田
117,210,江中
239,130,甲高
241,145,早河
224,227,撰
191,221,摂津
51,71,正中
193,197,成ケ沢
216,186,是木
61,87,新船
104,30,新生
25,215,色部
51,140,場谷
81,113,城前
170,40,上屋敷
151,191,漆沢
198,215,七字
145,78,山梶
46,251,三津井
242,18,三枝木
168,168,左近充
175,38,今久保
137,79,香椎
211,97,荒竹
156,198,荒海
219,19,甲州
253,192,藤多
60,2,藤阪
239,246,田京
25,138,堤谷
194,102,鶴村
202,10,長吉
24,166,中水流
116,37,地曵
157,37,谷重
43,126,只松
243,57,泰中
255,46,帯谷
37,121,太地
145,253,多々見
239,21,倉貫
87,151,前津
131,97,船村
6,198,川嶌
181,65,積木
61,107,青沢
37,120,西表
41,109,生子
49,145,清水口
189,32,道幸
218,127,徳見
192,232,灘波
102,58,南橋
108,65,二浦
54,89,二部
188,43,入矢
107,147,禰津
160,92,八ツ田
251,159,八重畑
137,221,菱岡
45,178,百沢
214,237,平橋
192,241,米久保
31,216,牧之内
139,48,木野下
53,140,門木
196,248,矢壁
202,84,夕部
75,58,葉狩
24,176,淀谷
96,131,立仙
140,180,留場
128,89,篭原
216,220,安栖
53,187,井戸沼
129,236,一万田
2,24,宇留島
140,170,栄山
5,253,延川
217,61,岡野谷
237,35,下仲
45,99,下之薗
220,210,釜付
169,176,間辺
158,189,舘石
39,109,久内
229,61,久保河内
207,124,久木崎
69,254,串原
123,166,源平
6,184,後沢
155,15,鯉川
69,221,更田
207,224,江城
113,37,香原
21,83,合木
243,221,国実
16,34,須部
131,115,仁枝
20,23,仁賀
170,73,仁
124,107,神力
8,165,森池
203,146,城守
0,200,上船
246,155,小梨
101,134,小樋
143,75,升川
197,9,春岡
203,72,出水田
148,95,秋成
51,83,秋鹿
75,155,修行
107,223,宗実
12,40,実田
120,21,鹿子嶋
62,137,山松
101,178,阪西
164,8,今地
219,178,国上
17,74,大粒来
36,0,太郎良
66,202,足高
229,45,水之江
22,188,水見
97,154,仁井谷
168,100,針貝
97,172,森宮
103,7,新竹
163,104,新口
96,136,植川
222,93,城台
94,70,松比良
160,105,初岡
171,80,出渕
226,190,寿美
48,13,若畑
16,3,車塚
106,226,漆館
188,214,大六野
63,111,丹部
45,244,竹綱
171,3,中佐
142,215,鶴久
10,179,田玉
8,90,東脇
71,67,堂口
48,101,堂谷
176,30,道崎
108,29,二場
116,121,能津
80,40,番野
29,164,樋泉
27,170,菱刈
98,167,冨久
152,155,武捨
191,43,平久保
165,111,片尾
158,138,粟
195,116,以倉
116,87,伊佐野
168,193,井戸口
218,120,井手元
114,196,井出口
167,10,井城
98,14,稲玉
208,97,羽金
27,140,永平
39,8,円
79,242,塩冶
19,70,加太
29,39,夏梅
235,218,賀戸
173,30,賀茂
137,155,貝津
134,139,角舘
73,144,角丸
217,219,柑本
60,229,間口
219,150,喜々津
41,186,橋脇
251,219,筋
21,239,金賀
52,189,原見
100,121,広坂
57,51,江郷
209,51,荒殿
214,33,行政
65,247,高盛
63,33,高土
115,45,此村
124,125,砂口
195,21,三ツ
90,131,三浪
197,178,賛
204,40,市道
121,41,豊久
254,210,満塩
149,88,木明
59,68,野条
144,53,矢向
23,215,藍野
48,90,廣本
156,112,枦元
218,246,葭谷
150,120,嶋山
69,113,党
216,15,天見
12,166,中所
154,70,谷所
84,184,瀧沢
83,254,大澗
125,191,西側
37,235,西ノ原
30,12,生貝
233,231,星尾
200,125,植森
238,159,植永
16,207,常塚
39,181,城岡
36,210,上宮
141,104,松芳
76,221,松好
94,214,小田口
32,69,匠
170,101,若岡
143,148,楢島
201,247,二石
135,15,飯作
210,76,百海
210,83,氷上
59,22,浜洲
92,152,武澤
178,193,片所
170,112,保野
222,239,俣木
50,0,末成
219,45,名達
3,75,明見
60,46,明治
243,180,矢根
12,7,矢野川
87,117,友貞
94,109,有信
162,240,落海
181,37,輪田
179,183,鈴木田
43,148,阿久澤
191,127,粟生田
40,144,安城
159,103,伊勢川
105,16,一楽
40,116,羽月
206,36,永柳
207,148,衛本
43,155,園井
150,228,塩沼
12,68,塩生
216,218,岡嵜
194,66,沖広
212,109,屋木
8,87,加護
94,163,我部
171,13,芥田
201,226,笠羽
68,46,釜下
163,30,萱間
133,130,岸辺
50,100,柴草
81,16,七五三木
247,227,紙野
92,13,枝本
35,7,子川
113,241,山鳥
46,148,沙
104,54,左座
103,89,黒渕
250,97,国師
87,62,口羽
41,10,後神
38,128,見波
123,125,桑井
162,168,隈田
202,148,串橋
254,170,玉泉
183,136,橋坂
245,20,供田
227,178,居相
14,96,気谷
103,120,徳能
233,66,筒渕
105,162,東丸
189,195,嶋宮
218,46,土金
229,228,田多
105,91,天雲
89,154,坪沼
125,253,蔦原
92,117,塚下
93,54,長和
96,89,長牛
197,101,猪沢
214,250,中立
45,103,筑木
38,13,池知
118,52,鍛治田
246,192,樽木
114,247,谷輪
166,141,鷹合
231,110,大名
53,95,大亦
252,239,大谷木
206,30,足立原
86,209,相方
42,148,前尾
180,75,内崎
240,248,内出
197,85,乃万
105,147,倍賞
191,164,梅戸
70,82,梅枝
146,143,飯国
68,70,尾井
90,157,尾嵜
158,194,浜吉
83,195,浜町
64,146,武嶋
133,243,分銅
146,121,片峯
55,178,磨田
135,41,名坂
154,189,矢菅
161,191,有
63,224,有延
179,155,葉坂
163,134,陸野
234,252,立畠
72,133,力
252,230,恋塚
36,242,和佐野
187,213,廣
52,180,葭本
217,39,伊織
212,10,井守
246,237,井比
215,56,浦東
175,117,雲藤
103,202,越膳
194,206,榎坂
30,165,燕
108,150,奥戸
11,232,乙訓
178,210,加古川
61,53,加須屋
134,246,加茂野
118,157,花堂
208,63,賀山
149,59,皆方
186,18,葛葉
105,80,岩撫
54,56,久野木
75,87,朽名
166,239,元石
214,125,原部
109,94,古薗
45,22,古守
133,141,虎岩
126,98,五頭
138,251,荒滝
141,131,石若
2,149,西川原
85,146,瀬越
27,78,菅俣
184,147,杉園
49,156,水無瀬
227,89,神子沢
239,231,真屋
186,141,森薗
165,202,上館
199,126,照田
253,25,小岡
9,177,升野
103,180,酒出
220,145,紫
96,240,三馬
162,223,坂大
102,125,細間
233,161,左合
161,31,佐立
163,186,佐直
238,117,根ケ山
243,6,国竹
173,170,高張
215,4,香本
78,210,行沢
54,184,徳松
89,253,道面
54,8,堂後
246,36,藤樫
86,243,東畠
26,205,鶴林
168,36,坪上
79,103,津久田
76,6,中軸
24,34,中隈
213,40,知野見
179,80,谷郷
55,233,沢津橋
9,116,大立目
41,6,代島
60,188,鯛
148,156,早戸
16,218,曾川
248,229,西一
174,207,水長
59,153,深村
80,238,森好
123,153,新飼
93,38,奈尾
153,21,内方
220,123,南地
87,78,薄羽
112,72,畑添
207,164,彼末
239,101,飛騨
102,192,桧尾
210,173,百野
95,229,浜林
78,31,伏野
64,163,文谷
20,12,別部
94,173,保月
248,194,本舘
125,134,野家
59,127,野頭
24,44,有持
86,182,陽
245,251,梨田
175,232,林元
37,96,簑口
83,235,薊
174,40,浄土
89,122,鞍掛
75,153,井戸端
3,0,井達
74,199,右島
66,151,越崎
85,246,榎沢
4,79,延安
130,172,延広
105,119,岡城
153,80,下馬場
228,92,海鉾
26,253,海老江
235,238,外海
76,77,角江
164,215,葛尾
137,85,鎌
108,226,鎌井
48,44,茅
50,159,菊名
71,145,宮吉
173,28,九野
27,209,窪津
224,252,月形
77,42,常谷
139,78,乗附
121,206,小薗井
225,136,小芦
197,219,勝家
130,7,十枝内
31,136,樹山
22,228,釈
173,130,七木田
71,164,時野谷
172,126,志賀野
134,35,山舗
221,80,山床
170,15,山海
194,105,三町
194,101,斎場
254,84,黒政
248,136,国居
80,62,国丸
51,212,高儀
69,136,恒次
196,36,五家
85,25,建川
250,129,椎崎
127,48,朝海
32,251,苧坂
109,198,忠政
108,41,中堂
136,51,中切
238,75,中岩
22,112,竹野内
36,207,池藤
217,217,段林
140,176,辰尾
39,43,沢石
221,181,大籠
41,87,大和屋
195,27,大無田
19,231,打出
187,136,太治
228,151,川腰
45,196,仙
157,226,西良
148,74,西保
17,1,登田
184,178,内嶋
142,251,南竹
182,28,埜中
186,231,八矢
9,145,板宮
124,74,尾碕
196,220,美谷島
248,167,福ケ迫
242,199,壁
96,24,宝蔵
206,187,法邑
1,240,北牧
56,212,木花
135,219,木竜
15,28,目原
56,192,門藤
22,242,友本
35,129,嶺田
7,204,廣江
98,210,檜谷
197,131,西多
179,184,案納
132,247,伊瀬谷
25,85,伊豆川
95,102,伊豫田
147,19,宇於崎
242,190,永良
196,54,益成
224,100,益野
151,109,奥名
209,177,黄海
193,252,黄地
14,31,下津浦
227,105,河根
204,1,鎧塚
223,222,鴨谷
16,151,蟻坂
219,252,吉用
227,241,杵築
119,138,弓桁
198,248,金曽
120,22,玖村
141,57,水飼
81,91,甚
210,28,新目
82,245,上拾石
247,238,上久
71,109,障子
212,199,小谷松
203,200,小鯛
155,141,小見川
60,76,篠谷
164,141,鹿久保
96,143,鹿
49,28,山足
109,192,告
80,248,高多
208,231,弘重
111,23,口井
114,211,古手川
251,17,元尾
26,1,月東
220,202,桂原
63,177,土淵
150,144,田渡
208,153,鉄野
90,193,塚根
51,145,長曽
209,225,竹達
203,116,谷迫
25,251,谷永
229,239,鷹栖
184,27,大古田
159,235,太井
185,190,相上
233,124,早尾
212,192,蘇
120,219,前堂
155,18,浅草
65,45,浅貝
232,155,石子
211,196,西羅
202,49,西影
246,208,正代
233,220,正原
241,67,勢川
7,240,瀬良垣
166,225,瀬利
119,189,摺木
155,12,厨
57,72,須黒
74,2,神座
99,163,檜枝
246,215,篭
209,165,冷川
120,60,利波
214,21,由
90,167,有隅
231,56,油科
144,28,木邨
109,163,満崎
146,202,万治
113,234,本河
75,146,北居
11,107,北久保
42,135,宝福
247,7,戊亥
121,21,米口
239,114,淵之上
77,104,福上
211,88,譜久山
208,202,冨名腰
186,30,富盛
86,22,板越
129,28,畑迫
174,54,迫野
181,2,白鞘
39,17,楳沢
139,171,入道
241,82,南勝
130,197,東前
81,73,真柳
115,203,荊木
120,86,栗井
104,47,熊懐
71,170,駒見
209,2,桐岡
25,104,牛垣
174,246,牛
247,158,吉政
157,87,義沢
240,154,亀和田
74,142,季
238,239,岸和
4,56,樺澤
201,202,椛木
20,119,角沢
70,54,角正
30,205,鈎
186,178,海鋒
22,14,花枝
170,41,家森
90,61,加賀沢
45,168,屋島
120,43,横崎
49,185,横井川
94,239,雲丹亀
203,198,右山
45,71,稲畑
238,177,稲増
25,116,為貝
43,50,森福
216,215,森成
205,88,乗越
10,23,上川路
20,214,松木田
22,32,庄谷
195,162,小柳出
89,135,出貝
158,32,秋国
249,188,酒主
172,157,若子
53,41,七浦
226,72,寺道
85,65,寺腰
4,4,児野
13,3,山泉
10,53,山垣
213,8,細部
75,218,歳森
121,248,妻神
222,19,佐野木
17,84,佐郷
153,169,佐喜真
99,173,江泉
11,18,江元
221,0,呉藤
176,118,鍵村
215,44,軒
90,244,穴瀬
210,165,殿畑
208,21,鶴窪
22,165,鶴屋
168,203,津畑
66,15,直本
60,178,竹野谷
62,182,池光
12,52,池延
178,53,沢津
176,253,沢川
147,169,大木場
37,146,大底
120,234,大石橋
76,207,大庫
189,52,対間
179,200,蔵岡
124,26,草尾
21,236,倉藤
115,229,西木戸
122,72,西分
122,67,西鳥羽
59,13,西重
118,132,数納
129,141,渡仲
62,155,土佐林
45,122,島畑
150,84,藤畑
252,181,道方
5,70,筈井
145,33,幡中
198,113,八太
158,209,比田
162,10,尾河
141,150,桧原
138,57,百枝
98,27,夫津木
130,166,普川
125,132,淵辺
215,48,本塚
118,125,桝山
203,32,門島
68,11,由元
88,141,立柳
201,23,了戒
118,116,鈴見
105,253,眞木
182,167,嵩下
140,221,安濃
122,180,伊勢野
124,167,井根
132,110,井野川
92,97,一花
98,94,右川
34,202,浦志
96,111,園生
216,208,横室
131,107,岡武
165,173,岡峰
241,173,下高原
4,44,嘉野
145,98,河鰭
6,165,角和
131,245,葛上
112,191,岩前
36,9,吉年
49,107,杵島
123,187,金住
169,41,隅内
31,61,栗巣
150,18,鍬形
129,30,須坂
250,224,真栄
79,237,深迫
19,5,新舘
199,38,上瀧
81,68,庄原
40,254,小野垣
41,233,小栗山
254,242,勝吉
23,105,十島
113,173,志原
109,190,山滝
146,37,坂牛
164,78,斎間
227,170,最勝寺
86,96,合六
8,102,高槁
101,180,午来
207,44,伍賀
243,91,五位淵
135,85,古根村
53,186,古我知
55,89,穴口
204,118,竹味
221,48,地野
25,173,達城
34,30,沢橋
67,32,瀧上
212,71,大嵜
11,246,大牟礼
168,149,大社
122,143,大光
196,67,大給
80,241,太平
111,72,村藤
115,83,村枝
86,228,草別
3,250,倉兼
32,104,前東
208,239,前羽
142,96,泉口
129,58,青原
49,244,西風
94,150,西入
28,152,西堂
51,25,清水谷
241,129,正富
249,144,人野
89,125,神先
38,164,森奥
202,17,新松
139,211,触沢
31,105,六波羅
156,28,湧田
222,159,門別
229,147,箕島
144,42,桝川
144,168,鉾立
171,40,鉾田
231,71,宝代
43,175,穂波
71,195,幣
238,192,武友
1,189,冨嶋
106,223,富倉
27,198,尾出
75,209,白津
1,99,日和田
75,245,日野沢
168,141,楠根
89,45,鍋沢
151,37,内西
254,0,道正
126,142,道坂
156,54,土出
100,228,田野岡
41,162,田名瀬
235,130,田中館
67,255,田地野
238,141,槻舘
26,119,槌野
60,167,月居
172,195,桑平
202,65,熊地
161,36,曲尾
30,217,牛頭
59,126,宮鍋
115,161,宮橋
23,223,吉郷
210,93,岩腰
58,120,岩ケ谷
19,191,岸名
115,55,外輪
58,118,家山
46,124,下水流
26,4,下高
172,73,桶野
15,14,岡中
14,71,浦里
34,48,浦久保
51,210,羽谷
106,97,宇和
129,147,右松
242,107,茨城
93,239,一の瀬
8,98,磯沼
156,46,伊辺
79,97,伊堂寺
251,103,庵下
166,136,粟沢
197,51,城戸崎
252,131,上堀内
176,66,上場
157,64,床
127,120,尚
163,200,小斉平
219,137,小永吉
136,45,出永
88,88,鹿瀬
53,39,志太
28,85,三治
9,21,阪尾
152,41,佐々原
58,27,佐桑
35,119,佐久山
119,217,根深
139,148,高久保
45,209,荒毛
157,197,荒西
140,5,溝垣
92,145,江浪
241,232,江東
254,41,江沼
216,206,恒本
101,203,公家
226,152,古町
66,209,古跡
75,12,原永
139,218,犬走
86,212,茶本
40,44,中子
110,128,中津井
148,177,仲野谷
95,92,長畠
22,114,鳥浜
34,119,鎚持
245,37,蔦井
182,88,釣部
223,46,鉄田
247,136,天摩
97,83,伝宝
86,56,田胡
241,50,土佐谷
48,206,東武
15,149,大矢知
236,175,大江田
195,227,袋谷
157,121,村垣
224,109,草分
24,231,倉冨
148,166,船久保
35,108,洗川
150,223,泉保
50,152,赤瀬川
61,30,正山
130,30,畝原
144,64,杉保
9,70,水吉
167,50,針木
178,233,湯
210,144,熨斗
182,186,廣畑
202,224,脇中
180,46,慮
29,177,立澤
150,129,有年
19,221,薮口
100,18,矢中
149,100,門畑
242,74,名古路
190,144,無藤
144,163,湊屋
237,190,宝亀
31,53,平国
22,95,冨木
233,177,冨上
210,240,百本
79,139,美並
255,251,飛鳥馬
98,171,繁山
20,203,繁岡
241,53,八重田
11,164,八高
54,243,八軒
10,201,拝郷
164,38,馬鳥
7,231,能渡
111,65,南塚
127,103,南中
33,116,藤賀
184,79,森道
6,129,桑迫
95,222,沓間
245,102,隅山
44,186,空井
210,1,競
131,218,魚川
245,72,居波
22,131,去川
27,173,牛尼
112,61,久語
35,57,吉儀
173,58,吉延
83,217,岩代
203,95,岸和田
159,28,鴨沢
189,8,叶田
79,22,楽満
173,127,柿並
27,75,夏木
22,83,嘉茂
251,56,下川部
47,40,遠江
200,123,榎波
215,166,永屋
135,183,瓜生田
111,104,宇垣
43,181,一ノ木
255,45,磯畑
27,195,衣畑
246,204,粟竹
6,4,後口
208,183,信
6,79,常富
135,81,常沢
38,237,城元
1,216,城越
16,106,上澤
234,49,上泉
127,194,菖蒲谷
77,142,小飯塚
119,113,宗山
95,11,宗光
122,86,糸井川
230,254,氏部
251,124,志戸
205,87,四十万
110,76,弘川
231,76,更井
6,169,荒地
195,71,高輪
164,95,今上
9,75,今嶋
166,147,根角
81,101,佐潟
122,137,在津
115,208,坂路
122,20,笹俣
142,84,三ツ山
199,4,三和田
213,140,山舘
33,198,山入
141,253,柏岡
194,12,播野
19,118,二野宮
168,232,鍋
243,169,道籏
161,251,堂森
114,4,藤広
72,209,島藤
59,219,田福
73,183,田中井
186,225,天水
12,232,追木
242,56,津組
174,215,長与
14,99,長命
141,231,樽野
175,227,谷勝
252,22,大木戸
61,35,大附
96,33,大条
198,2,大守
150,36,増澤
118,73,倉村
73,200,前寺
113,0,浅上
199,104,先名
46,205,石寺
107,119,西中川
14,82,檜皮
213,93,脇水
142,197,林中
118,144,里本
235,76,夕
109,146,有城
71,88,友塚
99,2,木又
128,213,明壁
210,106,又井
131,255,麻場
128,212,北江
0,102,北隅
0,138,鋒山
192,242,芳我
129,205,平永
33,220,鮒田
10,231,淵岡
9,250,武南
209,54,布引
5,96,桧野
63,59,尾首
31,232,飛谷
112,249,番沢
220,11,飯
51,13,八藤
138,116,八久保
33,64,箱根
89,105,熊部
34,242,隅川
233,245,空野
166,5,金栗
225,105,旧井
87,12,宮負
82,128,久保薗
38,195,久々江
129,0,久一
216,19,吉城
208,235,岩久
123,58,館崎
200,204,岳下
51,245,外林
178,150,貝阿弥
10,203,花渕
236,43,家住
150,193,沖吉
137,246,横須
238,132,奥見
188,209,越口
49,1,越河
31,74,雨池
189,56,一島
255,72,一ノ谷
58,1,伊久
29,125,安庭
46,170,安杖
121,51,西小路
214,229,西幸
164,250,生
168,178,清都
13,183,水流添
37,65,吹留
120,200,須賀川
117,182,森治
62,207,新宮領
178,141,床枝
58,159,庄林
144,124,小屋野
92,168,重友
182,42,渋佐
107,218,洲之内
111,74,宗沢
28,101,宗円
178,50,四角
197,230,山富
16,228,坂瀬
153,163,佐土
150,214,佐仲
231,54,高長
12,11,高寄
240,240,光広
78,106,玄間
215,61,硯
247,90,郡谷
9,22,中津山
15,53,長綱
64,209,釘島
43,203,鉄尾
249,158,殿谷
19,27,田橋
134,6,田名
29,141,登立
12,85,島下
172,33,藤次
195,14,徳中
219,142,徳門
163,227,敦沢
139,132,繁松
152,46,筑摩
199,192,智原
31,202,知原
239,140,谷辺
193,230,谷後
7,144,瀧山
127,33,瀧井
14,2,大墨
208,152,大達
140,140,倉賀野
4,201,千足
249,221,仙葉
255,78,石畠
166,222,青柿
91,63,薛
208,205,檜尾
48,91,戌亥
46,240,國武
140,123,國田
102,148,脇内
86,240,和宇慶
255,10,六本
142,218,良元
62,130,頼実
91,180,友山
56,12,勇崎
188,11,野洲
8,188,木滝
4,159,木郷
14,171,毛木
192,57,亦野
44,194,北庄司
240,5,峯苫
27,104,保土田
127,237,米納
36,184,米沼
37,93,平盛
52,224,福平
52,247,福松
247,197,武方
133,49,冨手
235,28,樋園
202,8,西園寺
94,12,隅本
110,160,具島
91,247,駒橋
97,214,金関
61,200,近見
100,63,玉澤
6,250,郷地
161,19,牛塚
134,183,久々宮
248,144,吉浪
243,30,亀口
93,46,希代
170,33,岩河
12,252,苅宿
230,90,鎌内
15,184,叶井
36,249,覚田
105,193,街道
170,167,皆上
237,207,花宮
155,148,加計
173,75,下雅意
139,178,永嶌
56,141,影本
84,241,運上
177,182,磯松
218,251,井宮
60,216,安塚
164,135,正谷
18,227,成行
219,180,須方
92,200,陣
142,118,神丸
102,52,信楽
152,243,上舞
32,7,松繁
66,225,小浪
240,253,小徳
85,53,勝地
90,37,勝丸
92,230,出下
45,208,住元
129,84,式
190,16,糸野
25,4,才賀
86,122,黒巣
213,194,高嶌
248,47,弘永
176,161,広林
61,252,互野
49,63,互
145,221,元安
174,83,兼広
75,158,月野木
169,75,祁答院
132,76,栗間
130,70,天畠
189,241,田原迫
52,20,田谷野
75,198,東清
241,181,藤久保
95,108,道城
11,235,栃久保
247,29,縄井
31,223,南家
67,80,南日
153,81,二宗
146,213,納土
22,255,梅永
154,193,粕尾
72,230,箱岩
151,124,八郷
255,100,坪江
20,41,蔦本
120,146,辻阪
225,28,中留
226,133,中新井
19,179,竹江
169,155,池信
246,157,樽角
209,36,谷亀
73,86,泰田
170,84,村畑
72,74,善岡
156,99,前岨
197,43,舛沢
24,154,舛永
200,185,赤畑
219,11,赤波江
117,8,半村
81,63,饒波
230,17,藏本
68,146,櫃田
93,98,檜物
187,108,拵
16,215,嶽野
126,120,脇原
29,148,和手
219,211,冷牟田
118,104,領木
209,106,余頃
139,13,由佐
246,146,薮原
181,141,柳場
165,246,矢元
57,23,野又
169,64,門垣
214,132,目木
68,36,名淵
84,95,万場
97,200,末山
139,38,麻井
151,25,本上
55,134,鳳
198,4,抱
39,2,福積
116,203,冨所
73,121,浜戸
77,170,蛭沼
61,223,枇榔
99,255,肥留間
161,3,比毛
184,25,比田勝
78,91,石灰
224,125,鍬塚
183,161,桑高
28,186,熊迫
33,40,熊内
73,72,沓澤
40,79,串岡
87,123,金縄
182,17,金清
163,184,京免
228,102,弓手
45,188,久米井
73,0,義山
189,102,義
158,17,儀同
227,225,岸中
143,225,樫浦
42,59,角家
109,30,河見
6,232,夏
236,178,加茂田
112,194,加井
83,113,下入佐
191,125,下栗
240,43,屋形
133,201,岡住
13,247,越賀
144,87,永溝
194,136,影近
105,189,印東
159,18,稲倉
231,108,稲妻
20,19,衣鳩
157,68,安部田
16,15,古株
246,16,青天目
115,22,声藤
16,235,清浦
161,78,星場
6,136,世田
62,197,水之浦
70,208,仁戸田
190,75,真水
77,66,森孝
255,164,新夕
59,192,新ケ江
68,162,上良
210,53,上南
199,235,上寺
67,240,上角
35,3,小佐
200,255,小屋畑
232,142,所司
135,40,出宮
171,186,秋富
165,227,宗清
253,251,宗崎
195,251,宍野
240,29,式町
136,58,算用子
206,223,山邊
142,21,山洞
194,187,山頭
5,200,崎久保
84,164,弘末
233,29,広町
122,183,御簾納
224,190,五十田
42,153,島部
227,44,棟居
54,241,湯峯
160,206,道古
231,12,奈良場
157,202,鍋内
50,111,楠村
42,181,二重作
138,71,入枝
205,157,入本
138,24,年岡
30,86,年見
209,161,能任
110,30,櫨
157,232,畑江
40,49,飯渕
83,199,飛弾野
160,139,塘田
214,53,唐松
52,57,唐下
167,84,土蔵
15,93,田之脇
136,246,天春
212,29,的井
83,126,定政
9,246,堤本
6,189,辻松
209,147,朝比
64,118,中野谷
229,24,中磯
162,169,谷高
55,110,太楽
13,184,蔵根
70,36,早
88,3,前角
118,181,尾畠
183,138,與那嶺
213,242,脇沢
159,237,錬持
27,163,蓮岡
201,115,練木
95,236,簾田
171,9,立
130,8,里深
173,235,葉賀
230,85,有嶋
36,76,唯木
193,241,油利
147,13,矢北
161,231,矢武
230,122,矢郷
114,250,目羅
236,222,明村
107,43,柾
236,96,堀信
169,106,牧野内
76,195,牧之段
181,235,牧石
189,42,北守
142,133,方
166,237,穂山
159,162,片峰
120,3,米嶋
74,225,平久江
221,187,平安座
238,126,福和
148,178,福部
19,55,府内
130,61,冨迫
88,136,富増
229,143,枇杷
102,234,船
253,26,橋渡
2,174,橋永
135,111,居原
72,154,宮之前
14,150,宮ノ原
211,48,久保崎
71,12,久重
118,241,久吉
64,91,久楽
154,165,貴戸
172,234,雁瀬
186,169,葛間
241,151,梶島
233,206,角出
189,79,貝嶋
22,120,絵面
193,52,海内
7,250,嘉
44,68,加倉
216,237,加瀬沢
22,170,下之園
201,61,岡鼻
21,220,押上
242,233,奥河
73,111,延谷
42,238,永濱
240,190,浦橋
12,44,一方井
172,74,井添
36,232,為末
161,99,伊勢脇
216,27,伊師
78,99,伊香賀
200,210,阿津坂
248,179,阿
186,132,狭川
153,209,泉地
62,219,川成
147,138,仙場
114,131,切畑
125,212,赤路
176,61,青屋
206,117,西国
249,179,清長
151,159,須恵
204,116,真室
141,122,新発田
201,181,城門
136,24,小馬
189,238,小若
207,234,宿沢
167,7,住広
80,175,宗高
46,39,朱雀
1,122,鶏内
165,146,欠畑
143,24,月元
144,11,権正
181,66,胡本
51,192,虎井
239,255,幸脇
80,25,広畠
109,229,江積
65,243,行岡
251,178,穀田
249,254,砂庭
150,110,三奈木
194,78,始関
136,178,枝吉
141,162,芝宮
27,241,主
208,172,湯脇
177,224,棟久
89,170,土畑
213,255,土地
112,244,登石
167,195,天瀬
250,5,辻武
103,164,津ケ谷
211,57,長滝谷
169,108,仲屋
201,191,中野内
227,47,池沼
55,163,炭屋
51,41,谷矢
124,157,大鳥居
207,102,大下内
135,58,村井田
61,201,祖堅
155,147,千阪
234,118,赤岸
170,219,石埜
4,199,石床
210,152,西宇
249,62,生部
40,64,新甫
35,125,小梁
111,133,小澄
226,33,小寺沢
18,244,小鴨
114,151,饒平名
250,53,搏松
214,193,和田野
145,124,和沢
155,20,立場
3,105,友景
170,216,矢合
124,112,野表
133,48,木口屋
81,212,民
137,33,麻木
21,237,北永
125,192,柄木田
151,145,武塙
157,178,冨士井
125,10,婦木
15,80,百鳥
195,94,鼻崎
190,25,樋詰
70,167,肥留川
153,254,飯酒盃
165,120,繁村
170,198,柏淵
127,186,波
23,46,日小田
83,132,楠葉
147,247,奈倉
171,217,道法
223,81,堂込
186,95,初瀬川
29,201,金浦
100,131,近成
109,92,居上
215,80,牛見
104,234,丸下
118,6,館洞
84,28,間城
49,2,釜元
141,180,角銅
115,39,角橋
129,191,家富
116,188,家納
151,246,嘉指
161,111,翁川
68,189,横出
151,93,遠見
216,168,永重
16,232,永住
88,45,宇江
202,50,一海
51,6,磯道
223,92,井野元
50,128,井手野
190,190,為本
32,254,伊元
199,217,伊規須
133,185,伊賀崎
130,129,安慶田
15,165,阿知和
211,58,舟岡
152,208,秋竹
249,8,若命
207,109,斜木
146,197,漆坂
0,136,蒔野
81,211,山波
119,48,三堂
77,52,三鼓
34,112,窄口
91,200,済田
73,216,最相
173,225,佐味
29,159,今居
67,72,黒塚
104,196,国平
194,52,光行
244,227,御牧
62,117,御山
199,148,戸賀沢
43,64,見付
157,31,見尾
147,213,見川
74,255,犬石
73,163,穴倉
51,246,軽石
4,174,畦元
187,67,栗俣
212,27,熊見
14,24,仲埜
21,44,長幡
27,64,長淵
99,27,長林
253,87,坪池
83,13,鶴若
106,94,貞金
16,54,定広
71,20,田作
87,35,渡村
20,187,都外川
212,95,土岩
163,59,土松
58,205,土生田
187,158,土内
191,86,桃川
118,210,中材
246,97,中玉利
213,213,淡中
23,159,谷木
210,59,棚内
188,113,濁沼
149,156,鷹紫
144,247,大蔦
16,21,蔵光
53,49,早房
147,101,早井
86,202,倉迫
16,45,曽利
20,77,禅院
243,177,千鳥
75,210,切江
33,14,藤久
89,195,椚
198,139,良原
94,152,揚石
92,130,与安
50,52,由藤
121,83,有重
90,194,有近
62,242,矢井
28,174,木曽田
162,26,名定
199,0,万城目
151,228,本條
31,1,本合
135,205,北間
68,81,房田
96,68,傍田
134,4,芳垣
135,227,壁屋
77,56,兵道
7,189,武道
134,244,不二
175,54,飯澤
91,253,畔川
144,65,八賀
218,243,幡手
63,215,伯野
198,13,萩岡
215,53,日野林
65,183,二本
49,120,奈佐
217,52,洞山
240,173,藤近
59,111,原明
44,165,見立
132,241,絹笠
157,112,月
88,201,恵比須
105,138,郡川
198,78,栗塚
48,41,宮繁
58,218,久冨木
88,227,久富木
144,89,久宗
99,231,吉波
0,169,吉添
50,136,鴨狩
37,56,滑
148,164,掛巣
224,208,家藤
133,159,加谷
68,8,加崎
193,175,下畠
23,209,黄金崎
207,82,押目
226,59,塩足
164,21,榎林
254,205,越高
222,170,永桶
34,85,引場
103,52,稲付
127,108,井鍋
86,53,井花
63,115,飴田
232,138,阿萬
103,214,古頭
100,53,石成
208,44,請田
78,71,西嶌
139,191,西高
86,223,清澤
63,57,勢理客
61,183,杉嶋
109,238,水馬
239,146,真玉橋
42,14,森見
164,186,植手
152,252,乗原
187,59,上舘
242,181,小田崎
211,83,小船井
120,48,小正
123,141,戸野塚
255,41,五輪
1,177,光増
163,214,左納
62,78,在本
180,174,坂柳
69,7,四村
43,85,志場
123,11,志渡
192,112,氏橋
36,220,時長
200,8,種石
14,200,渋野
98,194,重栖
78,134,出谷
22,171,小井川
244,71,築比地
164,22,淡田
167,222,達家
122,61,沢永
66,81,鷹嘴
87,244,大泊
201,72,待山
128,107,太崎
207,175,村脇
34,238,村浜
52,65,赤井沢
120,18,石踊
212,238,西吉
60,128,盛野
80,31,清国
213,74,政時
24,45,成末
235,11,勢
139,250,陣田
42,103,真次
229,12,新浪
160,1,新平
225,231,新迫
221,90,城殿
116,16,上ケ島
11,68,中洞
52,72,中浴
148,233,塚辺
106,198,釣船
16,227,田雑
83,49,土井原
76,104,土濃塚
146,113,土部
36,142,島仲
194,28,東京
138,88,東木
221,38,湯治
45,174,奈良間
84,25,楠崎
76,106,納戸
97,129,能丸
20,164,梅根
152,193,梅藤
89,132,梅里
80,18,白村
67,84,畠井
225,41,飯井
97,122,飯利
159,39,樋掛
147,73,美浦
13,111,筆谷
87,25,阿田
177,144,粟津原
42,208,安味
254,225,伊良原
132,10,稲又
230,177,瓜谷
172,100,雲林院
51,34,越部
136,204,榎村
93,45,塩口
178,181,塩脇
70,173,恩賀
228,159,下堂薗
122,118,嘉部
25,119,角坂
189,128,葛和
158,182,甘中
42,202,丸上
124,219,岩端
195,129,亀丸
66,194,吉種
97,45,宮保
154,76,橋都
206,216,玉地
32,65,金室
27,22,駒澤
134,92,見浦
253,138,後明
200,71,碁石
232,134,光定
167,236,綱井
187,166,行松
69,223,国奥
249,20,根矢
151,232,笹林
101,118,山敷
198,5,市居
10,102,市石
79,147,志谷
184,202,糸沢
222,199,漆野
212,25,芝沼
149,236,宗森
80,19,宗前
214,105,十代
168,216,初崎
177,164,諸根
225,224,小股
170,62,庄本
239,36,松門
102,80,照
157,4,鞆
240,98,蠣崎
158,94,臂
75,95,綛谷
73,196,簗
85,62,渕之上
241,177,櫟原
24,78,梛野
102,139,廣部
11,196,鎌崎
162,68,力竹
203,40,両国
141,221,里谷
159,2,与口
150,231,柳葉
132,21,薬真寺
166,24,野正
211,23,木橋
154,106,密岡
126,121,麻尾
121,23,弁野
125,77,平八重
72,212,兵田
68,169,兵
62,42,福倉
89,49,百石
226,254,塚沢
209,223,辻子
69,74,潰田
39,151,鶴森
10,149,庭木
247,165,田根
25,86,田瀬
173,34,田中島
26,95,渡士
190,53,東別府
108,193,藤関
232,179,堂面
252,141,徳納
161,65,奈良谷
90,203,那知
161,77,南利
205,105,猪腰
65,223,谷名
67,243,棚網
173,66,滝ケ平
84,140,大味
212,74,大冨
166,45,大井戸
29,42,多武
127,174,多気
41,18,村武
203,39,蔵品
24,215,相武
245,1,倉八
194,38,倉坪
23,208,蘇原
56,132,前元
56,101,節田
153,255,能海
159,174,簗取
166,8,廣松
3,79,廣重
149,254,有滝
175,67,勇元
95,65,柳武
187,22,矢巻
228,136,門平
63,246,門多
193,39,茂刈
245,136,綿本
105,54,本白水
132,7,保富
105,46,保土沢
126,103,保沢
127,250,片畑
183,17,壁下
247,234,平渡
226,165,平河内
99,60,福垣内
199,176,冨士谷
60,51,富平
58,71,富長
83,178,不藤
152,236,浜見
226,252,俵田
162,81,桧木
168,206,美沢
144,220,備
199,115,畔津
171,124,畑林
135,102,粕渕
192,173,梅月
127,72,江目
26,222,広庭
200,50,口脇
95,83,後長
157,133,古屋野
146,133,現王園
3,161,原藤
73,225,鍵井
60,83,見角
115,186,熊瀬
254,129,串
65,115,近持
90,57,玉内
75,251,吉形
47,22,亀永
78,189,亀ケ森
51,195,紀川
64,36,喜多島
221,243,滑田
141,214,梶崎
118,255,海端
173,190,菓子
163,58,河藤
202,127,下堀
230,111,乙成
206,121,押岡
133,16,延近
131,216,益谷
17,165,鵜戸
40,211,一藁
247,8,井之川
202,189,安房
40,111,安吉
202,208,高鷹
22,125,西川路
44,182,西成
56,137,西庄
235,142,杉垣
234,69,仁川
179,138,真原
132,85,深道
21,14,深沼
100,157,新改
61,191,信長
25,171,上敷領
247,117,上大迫
192,46,松留
132,40,小豆
6,174,小椎尾
58,31,小鍛冶
74,204,小蔵
135,43,小飼
223,245,周佐
44,140,実盛
192,185,室住
179,15,鹿野内
211,234,汐谷
1,43,指出
205,225,四季
74,235,山蔦
159,0,山光
185,104,三毛
107,225,三高
216,181,笹垣
173,232,座覇
109,153,佐嶋
219,208,高鶴
144,198,棚部
79,141,地頭
255,86,中兼
0,82,中谷内
9,89,中里見
171,155,仲町
212,226,忠岡
166,27,昼馬
4,38,鳥元
44,58,津越
17,185,椎本
93,252,鶴元
58,206,土渕
56,63,湯崎
230,151,栃窪
173,105,椴山
40,36,大極
139,141,大我
48,217,大榎
58,69,袋田
12,82,苔口
132,102,太島
53,35,孫崎
113,174,草次
117,234,倉ケ崎
44,244,川之上
181,133,川延
211,130,千年
137,81,千光士
97,236,雪松
50,92,赤丸
17,164,生木
139,120,神社
224,39,南元
192,65,與儀
75,253,六井
32,154,両瀬
73,84,龍口
73,146,竜川
27,247,立平
120,33,立中
228,218,与川
2,91,由村
100,172,涌沢
213,115,矢鳴
203,10,野母
132,87,面家
199,211,鳴嶋
204,204,名古谷
72,253,蓑部
89,42,麻谷
195,39,片多
19,13,米玉利
218,65,平綿
244,119,平仲
154,130,仏円
109,56,福万
57,71,服藤
142,182,武波
140,173,浜先
237,113,浜咲
169,140,品村
229,51,反中
151,63,柏浦
212,61,博多屋
228,220,楠林
30,229,南幅
164,28,月永
10,119,金上
248,224,金氏
166,125,蕎原
142,225,橋満
229,191,久々湊
183,245,関端
183,121,間根山
41,227,梶内
44,35,垣口
252,213,賀村
42,89,花巻
97,121,花ケ崎
182,91,河東田
232,227,家久
209,53,下神
68,33,岡成
134,209,押鐘
117,229,押手
173,246,遠目塚
178,99,延田
145,24,越場
149,173,羽澄
137,244,宇和田
219,22,右城
234,151,胤森
222,208,稲用
79,253,一藤
47,78,井津
1,54,井河
101,71,伊代田
42,214,伊妻
197,205,阿子島
57,250,兼藤
111,42,真本
177,180,森鼻
48,17,森新
65,230,織間
249,100,常包
118,83,松冨
245,49,松ケ迫
186,223,松ケ谷
6,171,小緑
153,211,小嵐
9,207,小谷津
41,67,小原田
58,156,春見
17,135,重実
6,128,宗吉
180,228,朱宮
217,154,手代森
219,121,湖城
210,73,菰原
11,148,御村
26,46,広納
57,79,鴻江
58,170,黒越
29,100,今利
211,172,佐渡谷
90,228,坂橋
163,151,市崎
6,148,志津野
12,229,糸村
73,34,寺瀬
127,177,七五三掛
235,254,尺田
199,50,若城
4,147,田部田
18,95,田之岡
204,24,店橋
3,13,天宮
149,112,辻出
247,1,槌井
173,71,椎貝
13,225,中明
219,80,竹盛
66,212,大硲
226,142,大智
213,75,大志万
156,160,束村
81,253,浅沢
158,113,川底
199,159,千倉
136,107,石代
109,213,斉喜
100,108,清水田
78,23,是安
163,60,瀬戸島
195,135,進野
146,245,神達
141,119,上向井
255,200,沼野井
126,54,小野江
144,199,小名川
79,24,小筆
203,233,都合
132,242,眞崎
99,213,嶌村
246,219,國澤
135,178,落水
111,181,有久
221,99,友坂
97,235,柳川瀬
171,85,矢野間
243,37,木藪
138,176,木戸岡
173,179,明尾
83,120,椋橋
25,227,本持
24,159,堀坂
130,44,北湯口
50,119,淵崎
233,104,福智
101,156,布井
159,95,富名腰
164,119,富上
230,189,浜守
134,165,半
251,3,八頭司
247,210,八家
115,155,猫塚
162,220,内納
243,84,嶋屋
94,182,土工
220,203,小田上
114,33,玄田
210,185,原富
117,7,月成
211,45,窪添
51,26,駒瀬
180,119,九沢
184,24,金馬
169,13,郷戸
153,236,弓倉
100,166,宮宅
82,20,宮久
236,112,岩柳
140,10,漢
4,21,貝山
121,173,皆倉
190,46,海渡
176,2,賀久
215,148,岡副
255,130,遠入
82,188,園辺
174,122,園城
2,119,悦喜
134,204,浦畑
23,100,姥貝
246,184,鵜崎
123,44,井面
201,15,井馬
246,40,粟原
229,104,古用
242,196,小谷川
219,6,小斉
223,77,春谷
162,111,戎本
142,14,戎崎
116,41,若桑
178,140,蛇石
45,198,蛇沼
54,254,式守
139,170,児林
133,124,資延
94,123,枝尾
91,188,子田
155,3,四橋
243,148,山枡
94,27,三冨
39,173,桜野
80,233,佐世
45,85,佐久真
125,37,今平
35,248,今部
41,11,黒水
203,167,国金
174,78,行森
95,190,甲斐野
239,24,公手
109,91,菰口
84,174,戸沼
168,89,谷敷
39,172,端場
28,225,知場
7,77,池成
153,102,築紫
156,116,竹高
236,48,中一
129,62,中畔
47,32,仲家
25,79,津秋
89,126,渡沢
15,60,島嵜
143,243,嶋森
143,146,藤芳
217,22,道元
8,12,道免
117,91,二関
164,83,二重
125,240,二之湯
114,231,日出山
53,175,谷内口
174,133,谷知
5,159,大中原
66,28,大谷地
212,201,大松沢
122,88,大字
107,93,大桐
172,56,大王
14,3,泰楽
83,129,太村
25,240,多留
77,108,多並
97,230,多ケ谷
251,161,足木
36,64,相谷
100,175,前塚
43,18,船屋
224,95,浅野間
14,80,泉澤
113,97,仙庭
159,151,年代
242,29,濱元
188,162,渕瀬
77,238,榧木
168,4,竜本
32,156,裏田
244,170,頼住
195,125,邑本
226,129,友廣
218,234,友宗
210,156,柳山
213,186,柳光
145,54,野嶽
39,124,満重
223,96,万羽
249,121,万井
54,120,埋金
72,21,北古賀
40,213,北潟
144,164,峰沢
51,29,鞭馬
188,207,平良木
108,47,福頼
53,183,幅崎
135,99,浮貝
171,63,浜比嘉
39,32,浜館
25,91,美野田
73,165,美尾
57,89,樋谷
96,53,比企野
34,124,飯本
64,250,繁森
44,149,反橋
155,98,八色
77,181,八十嶋
175,228,八汐
167,168,迫中
172,255,馬塚
24,160,馬場口
135,105,納屋
53,254,摂待
207,50,高広
64,65,講神
13,27,行元
48,162,綱渕
114,27,広間
148,87,向当
116,190,互井
82,195,古正
231,17,原槙
149,9,恵川
89,13,隈田原
243,238,金矢
82,159,金太
58,250,金星
21,63,玉ノ井
41,78,久泉
249,64,丘
83,77,義田
135,116,寄木
195,132,丸瀬
98,99,丸岩
115,188,舘脇
153,142,巻渕
23,248,釜賀
40,234,葛田
151,147,垣迫
189,101,外内
55,10,横水
72,66,奥友
161,158,永芳
82,242,永間
37,5,雨野
25,192,宇久
28,16,伊平
87,222,伊高
80,57,以西
197,165,鞍本
238,219,阿諏訪
74,74,阿式
85,194,阿久戸
163,143,高世
97,193,跡治
52,86,赤祖父
7,191,西納
240,232,西長
106,169,正藤
34,160,水書
110,17,水主
134,173,針間
176,63,辛
237,37,親里
104,210,森豊
95,239,森康
192,43,織川
91,255,植崎
143,191,上向
130,179,上岸
245,151,上丸
38,147,小野地
85,230,小蔦
207,173,小谷中
193,65,国正
255,35,此川
247,20,今住
73,182,差波
4,237,肴倉
210,135,崎下
57,240,崎口
170,121,鯖江
35,134,志倉
43,162,時国
97,177,時里
252,132,若井田
204,248,主田
251,113,蹴揚
116,86,十二
141,109,出居
75,176,出塚
170,161,除村
76,201,勝治
63,53,小荷田
214,181,中向
236,160,中新田
162,188,中鳥
210,205,町原
57,195,津屋
222,166,辻栄
201,176,貞政
212,35,定国
48,151,天河
152,110,伝刀
191,254,殿本
158,158,田居
84,9,田嶌
212,206,渡野
218,245,土館
191,184,東堤
200,149,鍋井
21,145,鍋岡
10,14,南林
132,197,波切
46,133,煤田
254,104,筑間
158,59,地道
237,76,炭
178,24,谷萩
134,147,谷垣内
219,113,辰村
27,255,沢野井
185,121,大辺
2,125,大背戸
159,250,大津賀
240,223,待場
44,138,太田和
166,169,多々野
198,225,則定
245,46,蔵地
163,157,早部
245,139,操
209,68,想田
57,245,倉俣
134,231,前屋
209,247,舛森
87,231,眞島
45,126,濱名
53,112,劒持
76,57,鷲足
248,78,脇崎
126,235,李沢
135,175,来本
126,146,柳舘
70,193,矢能
126,76,矢延
120,169,野脇
24,136,野木森
246,57,門元
129,197,杢野
176,202,木津川
131,157,毛井
241,229,茂出木
150,247,鳴井
75,88,密田
210,150,箕野
232,0,麻生川
59,226,本房
26,24,本迫
250,255,本津
99,41,牧坂
55,85,宝槻
172,5,穂園
79,115,片出
236,144,片居木
110,185,米吉
48,241,兵後
31,200,分藤
181,108,福若
58,51,福持
236,27,福垣
129,108,福下
255,58,風呂本
74,211,布浦
130,23,百万
217,83,尾亦
133,43,八津川
247,247,伯田
0,30,川堀
29,180,五百部
70,110,顧
185,195,菰池
14,19,戸敷
112,176,古上
133,129,古賀野
201,217,元平
88,210,元嶋
4,143,犬田
89,190,権頭
115,150,懸樋
127,119,兼氏
80,135,金次
232,66,金宮
180,47,玉屋
178,204,橋沢
243,210,牛玖
155,9,久保江
75,134,久保原
202,56,久国
124,70,吉脇
112,64,吉部
15,130,吉玉
23,253,義間
26,107,寄藤
37,147,岩織
238,72,緩詰
224,180,蒲倉
66,205,外松
15,6,海老田
254,231,下代
36,243,音瀬
56,186,王田
15,195,曳田
174,160,鵜狩
154,50,宇津山
120,241,茨
238,183,稲島
20,78,磯中
92,23,伊尾
148,215,伊勢島
56,204,渥見
166,182,石政
12,124,西渕
82,215,西盛
22,115,政二
135,96,是則
53,198,垂野
142,91,仁上
146,73,神沼
241,180,神子田
132,252,森枝
112,195,新長
98,239,信高
219,94,松西
56,136,小浦方
126,206,宗次
170,72,手計
29,119,篠根
84,3,実政
121,170,室矢
90,250,寺司
159,210,氏江
149,76,孔
204,168,荒矢
138,191,高日
44,43,国土
57,145,黒後
141,73,黒仁田
150,45,今重
117,11,佐次
207,71,左口
135,184,砂井
64,45,最上谷
222,142,細道
26,152,札野
61,153,三ツ川
107,143,三栗
251,221,三味
138,166,始沢
78,68,市尾
128,164,師
90,77,志築
16,92,志満
39,123,南嶋
242,239,鳶
126,122,道島
2,210,藤正
234,191,筒口
122,109,田茂
195,26,田勢
179,168,田安
65,63,釘村
23,247,鳥川
132,80,鳥家
132,60,長副
162,228,朝戸
138,168,猪苗代
175,145,仲保
240,73,中和
140,17,中山田
238,92,大呂
146,118,大豊
78,127,待木
219,18,太鼓
124,197,前堀
218,8,銭田
172,177,舛野
138,37,赤林
194,8,西槙
99,34,西滝
237,236,水頭
109,218,水久保
163,220,須納瀬
94,138,須河
117,102,須井
134,180,真謝
107,57,南良
28,247,葭川
245,252,澤畑
47,162,朏
188,236,廣渡
253,151,國廣
108,196,六平
192,255,料治
192,194,立蔵
6,176,藍川
131,169,柳井谷
223,103,野々内
106,131,問山
131,238,明利
143,114,明城
124,33,湊崎
164,6,本屋敷
204,47,堀毛
59,172,豊富
27,154,峰下
123,235,平木場
84,86,福澄
140,51,俵本
254,119,百留
86,210,稗貫
215,216,美浪
44,49,美代
214,173,鳩谷
0,184,鳩岡
84,159,白籏
21,60,配川
130,249,波津久
234,129,波佐間
216,235,入里
18,223,深野木
188,158,畦原
115,10,恵村
58,53,郡田
156,15,錦野
162,87,暁
102,49,橋津
104,62,去来川
62,162,弓崎
13,127,吉敷
149,224,紀村
158,117,稀代
106,112,岸信
181,173,間鍋
216,201,刈間
112,69,樫部
211,163,階戸
126,65,皆瀬
76,130,海村
147,89,賀島
200,92,王生
62,108,塩森
130,229,栄本
4,186,栄福
31,191,雨川
140,233,羽迫
53,160,宇畑
112,110,宇多川
102,123,井合
240,126,為重
228,196,安和
198,96,梓沢
130,182,葦原
142,163,阿島
83,68,計盛
239,133,深須
17,2,新毛
248,25,織
16,179,植戸
59,233,植井
47,140,上肥
29,245,上ノ園
201,44,松房
50,108,小用
138,21,小松谷
123,27,小妻
25,78,小井出
171,114,出家
160,124,十林
179,85,守沢
54,93,主代
117,134,実本
46,84,寺東
30,34,獅子内
155,34,指山
232,216,山佐
153,74,山根木
27,68,山ノ上
155,160,三柳
242,41,座古
251,79,根守
130,242,江洲
0,135,江向
120,83,江隈
227,12,後岡
240,123,五十公野
106,55,原薗
208,56,元重
232,198,大朝
200,235,大馬
139,50,谷生
217,143,谷米
72,204,樽石
114,96,鍛
148,78,段下
112,230,池貝
104,115,池迫
25,97,築沢
79,192,中央
81,222,中元寺
0,7,朝広
88,122,長曾我部
25,191,定成
107,121,提中
86,132,田原春
55,53,登口
187,165,土手内
58,74,大宗
240,24,蔵並
127,95,善光
113,181,前垣内
181,95,前屋敷
228,240,川那部
122,201,千尋
249,67,千竃
119,104,石搏
122,91,石城
116,242,青羽
76,191,西水
219,135,西垂水
205,199,正城
221,186,瀬ノ口
204,57,水地
247,22,水ノ上
58,161,推名
191,142,須田山
83,145,繞波
183,116,廣崎
125,128,鈴島
254,224,力田
20,72,立嶋
69,238,雷
96,38,頼永
248,70,淀縄
68,245,余宮
119,23,涌本
15,197,有波
238,61,友石
145,156,柳森
24,122,矢埜
94,5,餅井
92,34,餅
114,43,木月
2,44,桝見
18,36,槙谷
220,40,本常
241,250,北小路
118,62,望木
188,82,法量
181,236,尾篭
186,252,尾角
138,7,肥高
245,80,幡山
112,220,白島
165,136,波呂
168,173,二井谷
208,143,楠森
30,67,南孝
189,111,那谷
200,18,那倉
172,236,銅谷
124,189,藤白
132,205,藤兼
159,146,嶋元
187,121,仁張
149,188,月崎
121,214,駒板
93,2,桐木平
190,137,玉理
45,144,魚山
36,179,宮之脇
182,21,久保市
245,137,久部
21,8,鬼本
119,82,喜藤
102,62,岩住
210,136,萱
12,61,釜瀬
85,137,海下
5,21,花盛
107,85,花
178,174,河浦
255,202,家
251,133,佳
65,103,下向井
30,146,岡利
184,65,岡治
160,18,延与
142,236,雲雀
14,60,浦地
97,179,臼本
80,163,宇郷
195,9,印部
129,234,一本松
45,235,井苅
45,73,伊大知
235,47,伊世
51,2,伊尻
211,85,伊舎堂
204,238,安良田
5,153,旭岡
72,101,葵
216,35,阿辺山
89,194,神橋
72,167,真篠
26,13,真見
64,232,森多
189,49,植高
43,170,上馬場
16,24,松寺
76,65,松行
2,184,松ケ下
61,197,諸正
49,187,諸我
112,212,秋尾
217,166,七枝
251,149,式見
184,176,施
84,105,志保沢
182,145,山信田
83,196,山場
253,60,山香
47,222,懸川
9,119,見形
251,109,後原
49,159,光家
211,41,厚
241,187,幸治
109,4,江嵜
192,99,溝延
34,64,香下
64,77,高花
167,16,国江
185,58,黒羽根
76,149,黒嶋
49,64,此本
211,139,今後
154,8,今澤
170,12,根笹
191,12,艮
29,203,佐津川
161,168,中善寺
23,51,中之薗
178,200,仲門
63,126,忠平
121,162,張江
19,74,長沖
11,160,長通
171,106,鳥渕
54,21,塚部
16,128,栂尾
216,209,田海
0,174,田外
2,42,田水
7,101,塗
246,106,唐笠
133,202,東真
164,66,東瀬戸
52,49,東盛
150,37,東峯
245,141,中小原
38,134,中宿
252,47,竹多
118,91,馳川
174,104,地家
118,130,谷広
81,109,棚山
107,19,大港
243,189,大兼久
11,166,大科
65,246,大益
104,219,多々
35,166,早狩
19,147,銭場
148,182,舛添
13,35,千保
84,119,青坂
30,77,西鶴
2,145,生谷
70,109,生盛
110,143,簀戸
153,203,炬口
251,139,澤部
94,34,櫃口
250,185,檜木
245,116,垰
82,74,哘
201,52,和歌山
80,240,和井
32,48,蓮野
77,89,旅
255,26,理崎
61,214,落部
72,69,矢冨
35,178,木材
155,138,網岡
219,37,堀島
92,12,堀光
6,162,蓬来
37,237,宝金
154,22,米加田
152,83,平薮
145,207,平丸
37,174,福政
244,237,富士野
133,61,浜嶋
200,126,苗田
144,148,飯富
101,235,櫨本
233,199,播磨谷
151,207,能智
192,77,年森
82,229,二色
191,24,南迫
239,20,楢岡
47,220,内牧
176,191,奈良木
104,250,徳網
171,166,藤若
184,44,正崎
186,111,五郡
165,152,胡田
149,209,胡谷
251,0,源間
203,89,元藤
230,142,月沢
234,38,金友
65,169,琴
111,43,錦古里
205,83,魚屋
238,56,宮住
36,186,久保野谷
22,143,吉方
104,184,吉栖
138,19,喜久里
118,5,岸森
158,231,丸市
208,209,関亦
223,200,茅本
245,104,兜
83,213,掛上
94,20,掛下
192,14,外西
104,217,下国
168,163,延永
191,230,越島
29,104,永添
253,45,永口
83,147,栄川
186,155,栄森
225,115,浦滝
126,32,浦城
218,215,浦江
103,88,蔭西
145,114,一
94,40,井開
151,67,為則
161,70,伊内
64,153,阿部倉
172,239,瀬戸崎
169,12,菅宮
103,221,水平
91,59,神西
227,137,深萱
88,61,森家
243,229,信賀
215,9,織野
93,149,松葉瀬
27,66,松河
224,135,松ケ崎
200,33,小梛
150,209,小那覇
89,51,小鳥居
219,20,諸本
9,156,潤間
248,11,十日市
180,96,宗原
165,74,若葉
207,255,若瀬
215,147,御守
140,42,厚芝
37,241,口村
61,186,向高
125,92,更屋
136,0,糠沢
33,75,荒波
81,93,高以良
158,178,高御堂
204,254,合瀬
0,107,国則
189,15,黒永
25,65,黒内
180,142,左山
25,139,崎向
228,74,山長
234,234,山納
38,243,寺北
56,61,実広
72,130,泉元
31,111,霜垣
138,206,村串
218,165,太箸
69,66,大衡
197,174,大波多
88,251,池和田
175,46,長能
167,98,鍔田
24,126,天道
236,38,田中舘
164,156,堵本
10,193,塔筋
107,84,藤社
38,121,堂領
40,125,道券
128,83,徳石
233,14,南明
64,158,背尾
96,54,川末
206,18,川原林
120,57,千里
163,87,千蔵
5,110,先間
170,50,石射
142,51,西仲
58,226,盛口
56,1,清嶋
239,48,清竹
70,91,清弘
89,35,正津
237,118,正池
210,251,政近
124,149,菅木
150,64,水中
118,250,水成
41,149,仁田尾
193,83,神脇
215,219,神生
93,134,梅香
81,75,與那覇
23,145,欅田
235,92,槐島
143,153,廣石
253,103,露無
200,236,廉沢
160,231,鈴石
48,164,落井
189,126,頼金
237,2,陽川
124,180,野角
153,123,杢
91,167,木目沢
155,155,木高
227,169,面来
131,29,明上
192,59,名賀
177,22,末井
173,177,桝崎
43,177,本巣
164,252,堀渕
199,93,牧川
202,223,北海
234,224,蓬原
247,246,米多
96,13,平義
95,106,武弓
45,135,浜北
115,254,浜千代
201,131,浜橋
98,235,美濃谷
190,50,番屋
220,49,飯見
63,113,伴内
216,106,八重柏
22,135,箱木
9,182,白栄
63,19,柏川
147,236,柏戸
166,70,元栄
120,196,軒原
55,65,犬養
71,254,兼弘
198,65,熊村
147,187,金桝
124,230,桐部
32,209,玉乃井
3,157,京角
183,102,居島
166,176,久良
156,42,久住呂
223,206,吉鷹
35,97,吉上
131,195,吉
187,70,岩角
103,219,貫野
165,184,笠江
42,243,街
186,146,皆良田
105,116,花内
11,186,花石
108,114,嘉島
108,225,塩木
143,159,遠松
235,15,榎下
107,170,曳野
242,23,影平
130,54,鵜之沢
25,80,羽持
89,245,稲澤
14,241,稲瀬
177,201,一郷
53,27,一浦
179,162,井寄
47,65,井丸
145,252,伊勢木
177,138,安松谷
65,30,粟ケ窪
35,28,原竹
26,16,埴渕
79,95,上蔀
30,87,笑喜
153,195,松裏
189,145,小谷部
203,213,小水流
222,132,小鹿野
24,149,升沢
152,134,宿田
201,133,寿松木
190,3,社領
141,116,持井
215,233,枝久保
68,16,四野宮
206,125,四ツ橋
210,153,三中
107,232,三階
44,132,三王
88,248,細口
127,14,才村
165,161,古浦
112,44,古岩井
185,130,古吉
4,39,古玉
224,229,古堀
23,88,五郎
37,194,御影
103,199,向口
155,177,弘島
203,38,恒木
11,76,江指
38,163,江辺
101,30,荒江
0,227,高鍬
42,160,高智
13,185,高和
217,95,黒古
5,79,頃末
17,21,今奈良
166,21,蔵富
170,235,太野垣
151,32,大桶
71,250,大薄
105,45,鷹橋
188,104,鍛治川
153,75,中木屋
170,200,仲手川
209,218,仲瀬
123,206,朝霧
72,134,調所
182,242,鳥崎
167,6,鳥部
235,246,鳥野
182,109,槻館
159,183,田後
124,161,土森
61,189,島末
208,121,東司
192,152,荘加
5,214,糟屋
45,7,善利
133,155,前馬
12,33,川連
249,176,川尾
247,198,川述
113,49,千本松
168,112,跡辺
228,36,石堀
250,248,西竹
25,17,西古
172,246,秦田
196,69,真志喜
2,82,深滝
172,78,森澄
246,56,森腰
85,16,森外
173,38,新澤
70,165,新阜
74,19,礒脇
131,119,濱松
75,171,忰山
130,125,廣橋
98,8,来須
87,204,葉石
57,98,与賀田
100,44,有宗
181,91,友繁
53,29,油
128,15,薮上
67,235,矢野口
208,77,矢寺
35,152,弥園
145,233,野久尾
139,136,門本
224,88,門之園
88,100,綿木
34,149,万歳
195,8,本平
3,109,本浦
130,123,牧子
207,218,豊竹
120,59,法島
189,60,平識
101,126,平垣内
52,129,彦
152,209,尾宮
81,70,尾潟
203,124,樋尾
68,216,飯崎
189,235,畔見
41,79,箱谷
227,114,迫井
239,127,馬飼野
191,156,波方
86,237,日朝
112,115,徳良
238,20,東馬
43,221,古張
203,245,兼谷
165,242,形岡
56,62,隅岡
105,203,九
188,7,金吉
112,100,橋塚
108,111,京島
208,210,居藤
236,10,弓取
26,251,宮子
41,185,久長
210,5,杵山
175,102,蟻塚
143,66,紀之定
36,41,苅和
212,51,開本
223,146,海平
95,24,家口
171,111,岡埜
214,50,王子田
107,181,堰
94,72,永柄
92,16,永翁
88,36,瓜本
44,227,浦賀
250,156,浦下
206,54,右原
31,233,引本
100,82,稲丸
117,106,磯岡
145,161,井渕
162,154,井隼
91,0,井手之上
63,49,井戸上
196,103,伊尾木
183,176,庵谷
55,255,安戸
255,33,粟木原
163,173,浄法寺
109,168,常世
39,41,上小路
252,91,上所
237,63,小足
113,194,小酒部
12,45,小夏
227,73,勝藤
39,29,女部田
66,41,舟窪
104,6,秋松
102,246,室沢
99,229,宍田
204,53,時森
14,65,市戸
220,193,市浦
107,75,四枝
188,89,三徳
2,244,三道
41,225,三守
73,243,股野
135,217,吾孫子
24,51,御子貝
27,168,護摩堂
51,176,向瀬
56,197,好光
123,69,高富
152,49,高落
46,13,国持
253,171,国東
62,15,黒上
183,216,腰本
221,94,根布谷
37,172,佐羽内
245,45,佐々倉
44,51,砂生
137,135,宰川
230,158,作永
19,190,札本
207,238,前鶴
228,219,曾谷
68,147,組坂
180,134,倉中
19,78,早島
132,96,相井
82,156,則末
14,6,代谷
141,92,大萩
130,74,鷹
27,109,沢栗
45,39,辰元
73,143,端村
96,222,端谷
221,13,地井
0,18,竹房
93,251,中黒
233,120,塚井
228,33,塚中
23,195,扇子
80,98,千木
253,14,仙北屋
92,175,石徹白
17,82,静岡
197,149,西北
178,248,西武
240,114,西博
205,202,西土
186,253,成元
75,157,杉野原
132,61,水堀
17,77,水波
201,94,須網
20,178,須河内
93,61,針本
125,225,森由
254,149,新吉
190,55,植前
40,130,和住
1,119,嶺川
180,25,裏山
139,75,余島
112,243,余越
153,101,矢立
166,133,矢津
164,1,矢浦
138,184,野底
81,80,民野
117,213,末高
13,42,北戸
18,24,蓬沢
58,102,宝地
125,202,壁田
50,148,平吉
114,52,文珠
113,247,武曽
53,253,浜子
222,43,百成
195,217,美野輪
122,188,美根
131,188,尾森
22,157,半下石
217,30,八百谷
86,161,八沢
34,43,箸尾
29,227,韮山
245,91,入木田
67,50,日野岡
204,41,二島
154,245,二川目
81,129,二ノ方
93,167,那珂
56,249,道園
192,163,東埜
214,240,伝農
116,68,辻合
53,142,桐石
202,191,居附
92,58,居場
28,45,宮出
12,86,久津見
30,46,橘和
21,48,岩神
152,169,丸畑
247,28,関茂
95,2,間弓
252,178,漢人
94,135,勘
105,238,茅森
75,106,梶丸
91,13,笠山
221,83,角永
20,96,外石
35,55,賀門
219,75,花野井
227,164,家野
8,138,加守田
215,141,下坪
224,238,乙倉
254,44,奥上
190,6,於本
86,36,園本
232,87,円崎
56,110,丑田
29,58,引原
16,144,一箭
238,1,井立
52,226,井勝
231,101,井ノ下
217,102,為藤
97,130,伊加
201,142,庵地
141,52,安方
163,99,綾香
82,227,状守
235,196,常陰
152,0,城平
185,103,上西園
135,14,小桐
187,88,春沢
114,67,春宮
119,41,宿利原
89,141,重泉
64,148,重弘
195,228,住石
50,21,種川
205,196,時盛
22,40,時見
29,73,糸崎
0,35,四竃
216,14,山木戸
125,116,山時
223,124,参鍋
32,196,金庭
38,212,犬木
101,150,戸賀崎
104,12,戸渡
84,42,湖
168,99,後潟
250,96,好
52,217,行定
5,49,高杢
152,12,黒地
251,26,今出川
187,123,今竹
122,70,根内
29,91,佐草
73,137,佐道
50,169,作左部
183,207,笹下
238,223,皐月
231,27,三田井
87,97,岩貞
9,94,岸菜
53,129,丸居
54,150,舘花
206,78,巻淵
8,83,貝出
147,72,花瀬
63,23,夏迫
53,18,沖林
146,142,横田川
128,86,塩幡
148,80,堰口
223,143,益森
128,130,永延
216,188,栄留
184,16,雲川
36,219,稲井田
244,135,一水
17,229,一守
131,72,芦口
104,233,阿利
41,150,阿草
243,245,阿児
37,75,洞井
175,236,藤冨
98,90,湯目
125,215,嶋脇
244,140,土上
182,3,土海
113,114,土井内
243,65,田又
126,213,田坪
159,91,田出
239,0,田治
58,54,坪水
5,100,坪郷
229,156,津倉
182,46,珍
225,182,鳥屋部
28,57,鳥羽瀬
79,162,長冨
86,47,長辻
78,69,長勢
138,11,町本
0,213,町元
127,176,朝吹
8,27,虫鹿
184,232,仲畑
50,41,中井戸
113,72,池増
52,148,地代所
9,228,地紙
227,249,団塚
132,249,樽岡
18,73,大槙
63,116,大財
22,31,泰江
242,246,対中
1,50,藪原
135,106,籔本
114,28,瘧師
54,179,國友
43,48,脇屋敷
192,5,落谷
40,241,友草
205,183,友延
102,223,柳園
75,142,矢田目
207,64,矢賀
205,120,野越
186,234,明崎
135,129,堀之口
216,125,房崎
82,199,豊浜
193,35,芳澤
70,179,米中
167,243,風本
80,64,俵屋
235,210,美口
243,35,挽野
86,25,八里
78,43,八鳥
255,38,八若
126,133,畑森
29,31,畑尻
112,173,幡地
203,30,梅若
11,57,馬内
236,61,年永
170,18,尼田
42,216,内生蔵
143,180,苫谷
194,59,峠岡
99,147,多原
232,163,釈迦郡
125,244,時末
110,251,児王
141,24,師橋
246,209,市根井
94,97,四関
18,92,山渕
134,13,細海
245,120,高幣
40,105,高東
10,210,貢
234,202,弘井
193,75,広西
206,154,光平
237,78,光益
120,230,戸津川
247,49,戸草内
74,215,古別府
56,37,古川原
35,199,古座
76,39,見方
142,183,兼浜
164,146,兼定
9,114,桑添
80,155,栗丸
132,162,空山
198,95,駒坂
203,162,金剛寺
157,149,居垣
108,23,牛川
102,177,宮辻
37,79,亀浜
135,169,貴嶋
145,69,幾度
163,174,岩林
72,23,則次
50,4,草道
121,19,岨
253,237,舛元
155,35,浅
225,207,泉宮
246,62,節原
30,53,西飯
174,139,西ノ園
70,8,清須
91,44,成安
151,143,諏訪下
66,43,陣之内
63,221,仁田野
7,130,神中
47,251,真鶴
174,63,織内
84,118,常友
130,76,城生
143,205,上堂薗
230,42,上殿
223,185,上笹貫
90,152,上笹
189,124,上荒磯
80,167,上ノ町
96,45,松舟
86,63,小野本
226,216,小野谷
33,60,小田内
83,79,小田長
185,80,小鷹狩
198,99,小走
210,231,重長
184,217,住安
49,131,手老
5,164,只熊
197,20,只友
1,103,中空
7,159,中座
65,221,鳥尾
163,101,津城
232,117,津脇
112,138,鶴藤
24,70,鶴迫
109,171,田桑
37,205,田枝
133,181,田野崎
254,178,田力
228,238,都藤
159,214,嶋井
149,151,湯朝
231,122,道祖尾
79,228,道塚
123,201,徳道
152,150,那覇
16,58,日数谷
131,28,沢館
216,172,滝見
251,212,大竹野
103,13,大宜味
18,118,帯屋
8,89,打保
86,26,多部
88,173,村江
9,7,走出
212,218,草階
40,114,早雲
64,213,礎
75,124,船津丸
95,161,仙野
185,19,西蔭
193,129,盛林
94,32,盛一
54,67,正月
130,9,晴披
36,238,勢司
30,235,瀬頭
95,129,世取山
70,252,諫山
97,245,藪上
6,61,萬屋
188,10,濱砂
114,17,壹岐
160,33,浪内
176,33,龍山
134,200,葉玉
191,183,唯根
245,16,矢岡
167,201,免出
239,178,蓑手
20,68,箕作
123,243,巳波
223,8,槙岡
239,153,麻柄
214,126,本宿
225,145,牧草
109,209,北邑
50,59,北丸
9,183,棒田
198,111,豊城
5,137,法山
60,0,母良田
84,246,片町
112,5,米戸
200,184,分島
148,171,淵江
64,88,武冨
130,71,布施田
49,191,冨部
119,239,冨坂
5,157,富部
114,38,俵口
80,191,美保
0,34,枇杷木
98,47,尾平
149,168,肥後橋
220,153,飯豊
78,218,板見
57,33,白草
100,153,杷野
238,40,猫田
47,21,恵利
125,16,恵中
90,0,君波
249,155,栗賀
88,25,櫛桁
151,108,玖島
117,53,金竹
237,193,金今
21,243,金気
98,4,金一
66,48,弓井
233,131,宮居
9,40,久保倉
114,94,吉多
240,168,菊嶋
138,169,記田
106,7,幾世橋
88,83,岩鶴
120,127,岩沙
2,62,岩金
223,147,関吉
24,194,間沢
120,201,鴨頭
78,221,釜台
13,155,樺田
219,29,笠鳥
179,252,皆口
127,179,我田
246,79,科野
209,185,家近
107,201,加生
112,107,桶作
201,37,荻野目
35,186,荻迫
20,144,奥成
102,189,奥城
224,3,永合
134,85,永金
167,206,栄谷
116,147,栄喜
1,144,伊野瀬
141,196,綾織
19,100,芦
3,241,水信
16,150,水ノ江
210,207,須野原
251,137,真利
104,72,森倉
47,254,新増
50,204,上矢
14,85,上之郷
214,172,上塘
249,112,上沖
189,114,沼生
141,145,小新
39,229,小松代
25,144,諸節
254,60,祝嶺
195,157,十万
84,60,舟渡
94,227,秋房
142,156,洲本
188,144,周郷
183,222,手戸
36,49,芝川
182,227,軽込
133,131,原元
0,152,原塚
85,99,五百井
80,7,向村
38,109,幸長
94,93,高縁
91,114,告野
241,74,黒髪
9,234,腰
221,2,込田
42,221,佐林
193,211,左京
233,53,砂月
100,85,才所
174,68,細倉
118,218,細堀
113,134,三ツ森
196,18,三久保
141,138,三尋木
138,8,糸田川
213,60,善村
114,101,善木
209,58,草下
224,160,多辺田
202,236,帯田
182,139,沢海
192,2,谷舗
61,211,丹菊
145,96,地神
122,238,池園
123,71,竹折
248,27,中ノ森
31,42,仲下
160,207,長坪
193,126,長埜
92,108,柘野
38,1,天藤
5,97,登島
206,254,都出
222,237,染木
54,36,赤埴
165,244,石窪
131,5,青津
36,109,西連寺
191,198,西添
221,82,西生
140,136,勢登
201,233,瀬和
120,212,杉野森
11,65,仁位
248,165,新後
1,165,常次
77,38,照岡
119,25,松木平
213,124,小矢
227,232,小松平
21,128,小更
115,230,諸麦
37,72,祝井
110,93,都島
116,158,榮
232,77,和間
85,179,龍川
213,23,隆
241,248,留岡
228,2,柚本
204,211,有迫
1,2,木綱
106,220,茂古沼
38,53,味谷
103,152,麻岡
186,26,北前
5,101,宝川
113,233,平浜
219,38,兵野
39,48,淵川
218,40,福来
164,44,福辺
89,72,福滝
202,41,部屋
82,129,府馬
130,228,不老
95,22,疋野
205,59,樋
175,254,飯銅
82,193,板林
232,104,伴瀬
26,78,麦沢
71,57,泊野
238,9,南垣内
15,208,縄本
176,142,内浜
170,105,那花
205,226,得本
216,34,鴇巣
25,37,湯越
144,117,棟安
40,164,土器屋
201,227,土井口
28,86,金色
180,2,近都
137,38,曲木
59,157,興村
30,203,興松
164,75,弓達
162,6,起塚
196,225,幾井
69,224,喜山
48,98,岩井川
152,39,岸里
70,53,丸池
164,82,関芳
205,43,鎌尾
65,108,樺
238,146,葛馬
99,201,賀内
8,177,茄子川
214,151,苛原
209,74,加瀬部
11,213,下柳田
196,217,下北
39,193,下広
226,212,乙野
184,245,横洲
61,10,奥墨
27,182,奥坂
199,141,塩賀
211,155,永目
248,244,永関
242,22,鵜篭
80,75,隠地
214,202,隠居
174,58,井頭
193,200,伊阪
136,221,伊垣
192,82,粟崎
163,201,綾城
69,196,愛原
217,157,九万田
246,171,洲上
38,3,宗雪
98,196,手呂内
210,23,実沢
229,69,鹿渡
93,224,獅子原
165,230,指吸
157,184,師玉
249,56,市野川
41,184,四木
203,195,四至本
216,20,仕田原
10,131,三宝
231,37,三波
184,134,咲本
77,217,阪内
181,157,宰務
19,206,妻沼
232,84,座馬
37,91,佐向
215,123,沓野
160,152,窪倉
101,252,隈江
23,200,桑尾
32,99,君
86,114,迎山
7,223,建
245,250,戸賀
199,51,戸木
214,27,後出
135,5,江蔵
69,17,甲良
186,32,荒木関
175,130,高治
212,112,高住
22,38,国賀
191,243,国山
154,4,今駒
168,166,今多
215,236,長窪
99,89,辻橋
232,76,辻道
144,212,鍔持
23,180,堤崎
212,207,渡引
108,55,都原
90,140,都所
209,220,土赤
30,132,島巻
78,124,東迫
199,43,藤懸
237,122,藤成
101,19,藤嵜
19,56,堂村
229,97,徳澄
5,114,鍋本
136,3,南新
228,99,楠永
186,86,日座
196,100,入海
224,25,入福
39,36,朝子
10,20,中渕
191,62,中塔
21,40,筑前
210,26,築根
225,216,築
1,208,置鮎
80,49,男鹿
16,107,谷政
88,198,滝森
27,149,大仏
89,104,大足
250,107,大小原
94,189,大歯
44,84,大坂間
136,199,大恵
199,137,泰永
20,168,増保
127,90,草井
125,198,曾篠
87,124,前道
38,137,船富
70,117,埜崎
8,203,龝山
58,175,齋
51,154,櫟
156,247,榑沼
229,175,楮原
154,233,楜沢
110,140,廣末
109,254,峪
116,154,和南城
201,254,輪違
187,100,竜山
247,167,粒良
76,181,立壁
48,224,揚田
161,46,雄鹿
158,241,薮根
239,216,矢ノ倉
204,133,木田橋
239,49,満武
30,14,末浪
247,232,麻川
250,10,堀良
34,172,芳賀沼
156,93,縫
182,111,方志
53,15,宝本
92,220,宝山
135,122,片塩
68,219,文本
222,149,分田
108,14,蕗
55,76,附柴
80,93,富嶋
139,150,樋廻
207,239,番匠谷
192,83,飯淵
219,228,鉢村
34,211,白府
16,79,白阪
122,218,博
1,63,梅影
146,57,馬場田
245,52,波止
113,186,能藤
40,200,琴浦
54,122,桐川
178,43,狭山
215,43,橋端
253,143,強力
174,101,巨瀬
108,15,牛江
32,192,宮野入
19,189,宮形
153,65,菊口
107,101,菊浦
27,124,鬼倉
135,38,起
177,135,喜連川
157,38,閑
188,87,間篠
190,253,萱津
132,145,梶栗
190,37,梶家
39,155,角園
38,85,海老谷
218,101,花登
88,187,河淵
183,244,河内谷
61,108,加森
210,235,加口
51,127,下ノ村
198,239,乙戸
154,5,沖坂
184,249,岡堀
178,9,岡政
127,161,横岩
214,167,永代
125,176,鵜口
228,56,鵜原
210,60,羽土
253,18,宇尾野
212,44,引馬
73,150,一言
118,216,井置
233,56,井手迫
8,209,伊井野
67,232,安代
70,114,飴本
188,139,近添
86,68,石積
205,80,盛下
203,27,清政
78,170,瀬来
240,225,神能
12,189,神瀬
126,226,森恒
227,66,沼川
249,209,松野尾
207,194,昭和
45,197,小槙
254,54,小武内
216,86,小丹枝
241,208,小岱
198,25,小瀬古
133,98,祝部
82,138,宿久
14,62,酒蔵
55,237,狩屋
176,186,守護
96,235,篠澤
242,123,室内
86,82,熊渕
166,129,元西
120,106,原地
21,53,五林
112,16,御厩
122,9,厚ケ瀬
64,44,幸森
83,207,甲崎
144,0,耕
20,145,荒薦
134,212,高実子
225,4,高路
105,36,今辻
48,211,佐尾山
170,190,坂ノ下
147,200,笹辺
39,135,三秋
135,148,三野輪
210,160,山咲
77,124,山澄
99,190,鹿江
75,235,執印
239,162,仲筋
31,122,仲正
231,31,仲塚
191,190,猪八重
114,219,潮来
229,116,長谷尾
223,45,津路
36,85,塚瀬
7,123,坪子
143,126,程
122,240,釘貫
214,26,田間
9,157,田前
228,78,都賀
2,117,都崎
199,236,都志見
170,35,島屋
60,179,東垣
147,5,頭島
37,186,道合
169,187,仲安
188,229,茶屋道
80,109,池住
159,90,達野
54,111,大機
229,92,太古
223,29,則政
246,172,相徳
147,204,槍田
228,224,倉渕
4,53,倉畑
71,139,前上
99,235,扇本
206,250,川熊
123,161,折登
119,129,赤神
87,191,石濱
44,124,石持
10,172,静川
60,177,西隈
104,87,生平
251,82,徳盛
185,97,蘆田
243,182,澤柳
40,215,澤入
46,50,六谷
227,94,由地
125,101,有塚
39,231,矢満田
90,78,矢舗
213,150,木戸浦
82,248,木間塚
137,186,木稲
30,141,茂籠
136,226,茂呂田
97,38,茂岡
235,82,民田
125,93,満江
158,237,満丸
111,246,万寿
108,176,桝沢
52,23,鱒沢
205,45,北室
229,18,法田
25,167,暮林
77,65,甫木
180,186,文倉
146,163,分須
88,135,譜久里
35,229,布施木
52,136,浜住
244,47,尾矢
205,90,樋元
185,228,飯草
113,196,板庇
205,169,畠岡
5,149,筈谷
204,186,白丸
50,8,柏樹
27,17,馬川
110,90,播戸
27,136,日内地
38,199,日隠
36,32,生尾
231,145,向所
171,115,向佐
16,93,口元
143,173,古家野
104,69,見学
89,197,月木
161,50,君成田
122,62,鍬
136,141,熊尾
218,157,熊井戸
127,150,金渕
92,157,金良
167,115,錦田
24,233,桐戸
186,115,玉林
162,151,蕎麦田
161,147,魚岸
243,209,居関
46,167,久澄
64,102,桔川
65,128,吉地
92,226,宜寿次
105,229,岩畔
127,193,間谷
222,190,花方
60,168,加世堂
8,118,加減
247,111,下荒磯
232,148,乙須
160,58,円福
137,192,益富
173,120,羽嶋
98,226,宇那木
7,33,一文字
186,162,一ノ倉
229,44,井須
192,187,井戸坂
189,185,井戸垣
26,206,為実
139,168,為岡
21,142,鮎瀬
191,119,幸正
241,37,清時
77,219,是津
81,126,瀬戸内
247,244,人羅
166,247,神名
198,212,神賀
119,139,神井
159,221,真籠
223,97,榛原
252,233,信時
39,97,織田沢
234,91,上入佐
171,53,上長
133,19,上四元
83,84,上吉
169,166,上下
177,248,小長光
61,75,小町谷
157,162,小原木
56,84,勝手
188,239,諸越
216,112,行弘
242,143,国津
189,197,黒肥地
234,207,今熊
79,65,根占
179,24,佐守
56,240,佐敷
102,137,細馬
52,196,財木
239,233,雑喉
80,125,珊瑚
69,173,市薗
23,34,志鳥
235,164,篠ケ瀬
79,106,芝間
232,10,宗盛
156,219,秀嶋
164,86,舟倉
117,247,重兼
2,53,潤
38,140,中世
94,144,中末
218,42,直山
200,139,津内口
242,194,的山
237,91,田吉
59,72,田伐
210,137,渡津
105,26,土器
23,133,唐谷
97,4,桃北
16,94,藤峰
43,55,道向
234,168,徳部
197,162,奈雲
226,5,内久保
145,94,南渕
74,18,日賀野
95,99,馬場先
133,112,畑仲
17,220,伴藤
200,191,中斎
216,245,竹畑
161,28,竹仲
51,47,池林
95,140,谷次
254,142,谷角
63,6,大浴
253,204,大田尾
243,253,大欠
170,208,大弓
42,108,大加
201,180,太和田
25,221,袖川
167,210,増金
68,107,増間
173,22,相松
243,179,巣立
52,116,掃部関
79,170,倉屋
183,74,善平
173,86,川迫
148,113,節安
208,208,飯箸
243,55,當眞
55,48,濱上
61,20,濱井
193,184,澤登
243,131,廣山
110,196,岑
130,37,浪辺
34,136,梁木
78,196,立住
188,2,里口
53,62,余野
85,22,余
124,96,遊津
199,152,柚留木
209,37,柚口
73,4,柳尾
54,204,矢沼
193,143,矢ノ目
64,205,杢代
79,179,木実
169,127,網永
32,218,綿村
176,221,本美
209,166,本丸
68,92,本位田
167,75,堀村
19,22,牧崎
221,97,牧角
20,61,北尻
247,231,豊澤
57,165,方田
73,61,穂崎
108,247,片海
203,192,米里
228,79,平屋
30,96,文室
51,214,福神
29,14,伏井
164,191,浜多
222,88,百島
130,225,彦久保
9,101,尾塩
148,190,飛坂
21,227,赤部
94,202,五野上
36,244,厳
219,132,見須
54,127,駒山
91,109,玉中
184,8,笈沼
226,53,宮向
188,171,宮ケ原
127,129,久多良木
71,0,吉畑
170,17,菊澤
145,18,亀里
10,2,岩地
144,217,岩阪
99,138,諌早
238,216,甘糟
38,50,樫出
22,159,垣屋
116,171,外久保
177,183,貝増
169,249,河股
70,239,河窪
120,128,家谷
124,175,家倉
151,224,家合
247,52,岡ノ谷
152,127,横市
212,4,奥橋
34,203,塩ノ谷
226,109,英保
73,116,永窪
240,61,浦丸
19,20,鵜鷹
84,75,宇和野
140,228,隠田
235,136,印丸
244,50,稲満
3,196,一町田
43,180,井貫
127,74,伊貝
226,107,安藝
60,142,阿木
109,109,阿辻
215,185,向久保
84,192,青村
29,26,是友
186,249,是洞
188,64,畝木
21,13,須古
219,68,神塚
98,95,新羅
57,191,畳谷
2,242,常吉
83,174,城定
192,240,城岸
119,18,上川床
78,122,上神谷
229,74,沼能
117,42,小鍋
86,120,小須賀
226,64,出葉
24,106,出河
57,192,種崎
160,16,狩川
213,65,若代
70,65,車井
244,161,幸池
223,85,広浦
162,76,綱分
130,218,高溝
83,236,国府方
185,148,此下
230,183,今清水
147,107,今荘
162,83,根目沢
176,113,佐佐木
17,189,坂居
142,13,咲山
144,248,薩美
253,54,三ツ口
148,250,三ツ野
72,47,山埜
71,80,山名田
207,30,四ツ井
154,44,似田貝
210,218,時谷
198,94,篠瀬
177,46,側
204,226,則友
197,39,太細
63,16,太田口
148,53,大引
188,51,大番
149,198,達富
101,106,辰岡
246,226,棚池
104,126,谷信
252,151,谷前
62,43,淡谷
69,202,地口
242,92,遅塚
121,97,中堂園
91,53,中力
173,21,朝居
159,202,鳥見
146,225,鳥嶋
126,162,津和
29,195,辻広
73,119,坪原
137,216,鶴ケ谷
234,54,鶴嶋
36,139,蔵ケ崎
10,116,霜尾
62,75,善生
244,82,前鼻
83,4,川埜
66,181,赤水
196,243,石峰
192,3,石西
24,64,生馬
246,167,生賀
43,167,正畑
215,51,正清
95,208,成広
169,216,是久
53,110,瀬合
25,98,瀬見
50,137,真竹
126,16,深
250,141,新籾
203,166,新冨
21,173,乗上
108,145,松鵜
107,95,小縣
192,72,小白
141,51,的崎
191,20,蟇目
133,92,莅戸
76,251,礒道
186,186,柬理
138,13,頼政
33,172,与島
36,13,猶木
95,196,柳ケ瀬
86,15,矢船
114,192,矢尻
139,246,弥久保
149,110,野老
200,120,木保
73,127,木之瀬
125,159,名部
47,99,摩庭
58,17,本久
12,186,堀喜
73,73,牧下
223,122,蓬
5,176,宝栄
165,59,保良
179,208,保地
237,223,米虫
112,126,平久井
249,141,文箭
173,201,福盛田
163,228,風呂谷
28,106,冨崎
125,9,冨ケ原
60,71,樋代
61,181,飛野
188,118,半貫
229,216,畠腹
116,96,波場
146,98,能條
21,141,能間
90,100,入岡
248,134,日角
91,199,徳住
240,247,筒
21,183,湯野川
82,88,湯屋
230,106,東窪
45,245,島宮
67,178,渡田
212,103,渡司
166,103,田場川
168,220,小長野
5,56,強口
84,206,享保
185,11,牛窓
153,76,牛上
77,62,宮端
195,194,久保杉
74,49,吉滝
44,163,義川
202,212,鬼追
201,71,鬼窪
212,14,記虎
227,28,紀室
84,157,雁金
168,189,岩方
172,112,岩並
33,254,岩寺
56,147,岩郷
25,248,間明田
241,52,釜中
113,48,葛木
47,44,楽山
66,121,岳藤
160,91,角畑
150,191,角津
159,136,海沢
140,161,会場
241,183,河浪
124,73,河毛
108,249,家長
203,218,家氏
136,7,加幡
228,87,何川
39,126,乙村
124,168,岡畠
8,17,黄倉
189,72,横戸
71,193,押野見
144,17,奥矢
20,245,栄徳
177,27,宇尾
228,235,宇津江
131,173,稲浦
18,213,井無田
196,106,井手内
96,17,伊納
154,92,芦内
141,193,芦浦
45,248,阿倍
109,169,橋根
119,56,小瀬戸
246,254,小松野
79,1,小司
246,135,升永
198,187,所崎
145,239,舟引
217,117,宗島
42,230,寿田
62,9,寿恵
91,80,若柳吉
189,65,室野井
236,166,七山
226,137,治
115,88,滋賀
175,158,時信
28,43,持増
180,97,紫芝
187,157,四郎園
217,241,山白
121,33,山階
138,163,三津木
243,62,三代沢
185,17,左官
62,229,紺
85,130,郷上
72,52,金定
198,164,九十九
123,78,九重
192,167,粂内
186,199,軽米
137,249,玄番
208,193,古曳
205,133,古知
238,28,古茶
142,98,古藤田
167,196,呼子
180,18,戸蒔
92,100,胡井
95,193,後安
172,3,厚美
41,62,口町
126,48,向窪
141,211,広口
68,163,甲斐谷
29,167,高殿
201,39,高辺
171,28,込宮
69,138,今冨
5,66,船城
146,220,曽
14,33,倉満
34,181,相知
71,56,多屋
78,172,大尻
3,51,谷相
212,251,中宗
73,191,中鋪
15,32,仲戸川
48,77,猪巻
68,231,長居
126,153,鳥羽山
98,48,鳥谷尾
232,81,津多
233,106,椿田
66,221,田子内
27,51,土場
109,29,奴田原
96,211,東影
82,158,東美
38,94,東部
165,167,藤極
142,128,千早
123,168,千神
4,73,折見
64,115,跡見
254,152,赤鹿
149,225,石嵜
31,14,石田尾
146,146,青竹
154,218,西町
24,5,西秋
255,221,西久
231,161,生澤
181,112,晴
116,34,星河
93,150,菅内
82,144,水足
37,31,垂門
185,55,吹春
50,23,須佐見
68,208,須金
170,34,須賀井
87,6,諏沢
217,35,真玉
139,146,森出
136,235,豆谷
43,124,乕田
152,137,綛田
65,35,渕沢
186,84,脇浜
162,163,老月
6,245,来代
221,229,浴本
176,21,揚張
162,69,遊田
25,182,遊座
234,39,矢渡
55,215,野老山
9,206,木子
236,91,木佐森
254,103,木井
121,107,鳴山
164,122,箕谷
166,80,満名
191,225,北殿
134,54,望戸
207,117,坊垣
100,210,宝沢
123,99,宝諸
82,147,穂垣
144,38,片橋
50,238,米尾
66,40,米家
238,93,平目
143,49,平高
64,46,仏坂
165,235,福土
59,117,福市
155,157,譜久島
40,242,譜久原
12,137,冨中
8,155,筆保
111,213,鳩間
141,172,筏津
189,116,八隅
161,182,萩倉
158,214,波賀
249,10,能仁
12,27,能松
120,242,二位
1,45,呑田
64,156,道源
202,28,堂岡
49,55,熊元
58,143,空久保
129,19,苦瓜
69,132,九門
109,133,汲川
170,184,宮房
237,163,宮定
40,191,久米原
156,41,吉貝
54,201,義積
167,9,鬼嶋
229,25,鬼川
222,242,貴俵
108,239,岸添
147,216,関目
30,239,観音寺
128,84,椛澤
84,66,橿村
156,27,外井
0,26,蟹田
127,93,芥子
91,127,海北
18,233,過能
209,91,花家
72,44,家常
183,87,下阪
217,202,下根
101,139,牡丹
173,221,沖浜
213,44,岡竹
143,242,岡宗
66,184,横打
22,254,横光
204,245,塩倉
248,111,演
110,246,永須
4,234,栄枝
5,154,臼坂
85,58,鵜塚
179,83,羽牟
233,127,蔭地
149,21,稲内
190,167,逸崎
147,226,磯矢
183,218,芦本
229,60,茜谷
141,147,阿部川
41,40,鍬先
26,40,新満
31,246,新多
44,70,城一
75,64,上明戸
177,210,松柳
241,86,小濃
56,45,小代田
133,81,諸口
107,67,出上
151,35,重中
22,187,住中
134,166,秋根
71,16,若鍋
247,103,車戸
153,132,治武
107,244,志小田
20,43,志貴
48,202,四津
176,77,山野下
235,217,山福
39,117,山久保
164,12,山丸
112,104,三ツ股
75,140,細谷地
152,79,慶伊
211,127,軽尾
188,237,剣
142,148,検見崎
9,130,絹見
194,182,玄葉
182,36,古源
123,241,古志野
46,189,庫本
63,180,五百崎
101,103,御田村
139,42,向日
198,80,幸重
193,188,江ケ崎
78,244,荒見
229,79,荒松
138,174,香内
54,75,国延
85,192,国峰
238,130,根之木
100,71,佐貝
101,196,佐復
189,254,左野
212,8,蔵増
152,180,則行
3,120,村住
65,1,大軒
222,4,大能
205,211,滝平
222,76,滝林
40,134,沢越
172,211,谷下田
137,13,谷富
191,249,段塚
201,249,池神
72,149,中久
103,66,中治
152,8,仲藤
71,7,津戸
31,190,津根
207,138,栂瀬
120,181,辻倉
41,240,鶴居
84,225,天花寺
171,225,蔵永
117,235,増中
253,99,相地
184,231,泉館
68,134,川邑
226,140,川妻
236,242,占野
120,29,千家
171,67,切敷
141,207,石徳
84,244,石滝
19,140,西代
67,224,成平
175,188,瀬治山
15,16,水取
187,107,仁王
167,166,深木
103,104,新渡戸
118,111,新渡
57,251,上野平
33,119,上符
199,53,萬木
194,229,粳田
235,74,當麻
76,223,垪和
98,137,和井内
172,221,蓮香
219,69,凌
240,211,立畑
221,123,湧口
161,205,柚野
129,137,有上
100,250,野長瀬
228,162,杢尾
34,111,木榑
167,225,木ノ上
197,104,茂上
147,149,明吉
237,123,明翫
29,2,椋代
114,135,北松
41,86,坊農
96,110,保々
50,153,片浜
189,28,米陀
15,143,福味
39,209,伏江
188,255,富来
236,157,肥土
125,208,板田
17,51,馬頭
149,220,波野
179,133,波戸崎
177,3,南須原
201,255,南上
237,61,灘谷
25,43,徳茂
54,23,徳成
65,224,湯座
214,191,東屋敷
106,127,嶋矢
131,83,唐見
167,234,田先
114,6,金房
238,178,橋屋
74,175,京山
45,119,宮谷内
198,209,宮階
97,64,久保出
39,223,久斗
126,84,久池井
196,11,久綱
14,104,吉道
81,74,規矩
112,213,旗谷
239,110,館川
86,70,観野
163,35,萱村
130,198,鎌村
126,52,釜我
49,137,梶西
193,185,樫崎
77,212,角前
130,67,垣上
36,91,賀本
111,129,可野
152,164,下遠野
78,177,恩蔵
98,114,乙咋
161,125,屋野
211,169,屋根
213,165,岡明
104,156,応武
158,147,奥仲
20,64,塩野崎
104,66,悦
43,91,浦住
192,23,羽豆
206,201,芋野
79,243,井能
183,43,井手田
244,45,萎
229,8,伊富貴
59,105,伊覇
216,252,逢阪
68,213,松政
151,235,小竹森
198,71,小蕎
2,143,小屋原
52,221,純浦
4,2,春園
203,121,出月
172,26,酒木
136,147,篠丸
129,128,次山
136,154,市角
246,28,四月朔日
48,114,山幡
145,23,三栗野
164,240,笹久保
144,191,佐甲
209,116,今場
106,130,国里
210,222,合野
21,223,高田橋
62,97,高守
115,103,空谷
51,111,桑形
169,4,桑原田
16,5,月旧
156,136,見富
16,16,見米
102,126,見浪
43,211,原渕
35,35,玄地
177,30,戸軽
107,114,戸伏
89,81,戸木田
108,173,菰方
194,35,呉竹
122,239,後平
43,54,御所野
246,21,工野
132,210,広保
226,253,広里
101,143,行待
141,139,高桜
87,58,真能
40,131,真宮
105,154,森子
47,196,新帯
155,218,慎
27,152,植芝
213,243,錠
228,100,畳
91,170,常定
46,20,城坂
243,186,上坊寺
2,128,松間
70,251,小納谷
39,86,小田喜
50,60,小森園
96,182,小梢
235,251,小手森
151,6,勝瑞
108,46,出見
53,199,十八
115,7,若間
31,152,次原
69,246,糸柳
160,230,志戸岡
94,89,姉歯
149,161,四日
125,151,三渡
75,105,三添
163,95,三津間
140,193,晒谷
253,219,笹渡
187,226,鷺池
123,123,神之門
182,224,壇上
39,99,丹川
165,44,丹上
87,249,沢水
34,128,滝塚
22,49,鷹松
241,143,大登
167,233,大懸
87,99,大萱
20,246,大樫
76,177,村城
231,195,村高
19,240,足代
59,130,則安
128,38,造酒
249,197,蔵薗
179,228,惣島
179,148,曽良
113,135,曽部
36,37,前仏
118,33,染
81,237,千代間
149,205,青瀬
2,241,西念
176,78,西大條
106,108,政平
214,247,政谷
57,249,菅野谷
64,60,菅長
167,85,菅瀬
3,54,杉松
198,186,数山
91,43,坂辺
19,79,巻山
78,138,鎌江
128,5,鎌戸
65,245,恰土
8,185,割貝
144,131,梶房
236,253,笠水上
162,159,笠森
210,241,角一
46,45,外戸口
21,245,海発
56,168,賀田
77,39,我有
255,109,花積
51,147,加堂
7,158,加芝
145,200,塩治
166,195,越渡
25,146,越岡
177,132,永喜
71,211,栄野比
150,246,卯都木
211,52,稲餅
222,158,井野上
77,176,為石
12,146,位下
108,30,伊勢戸
116,38,伊賀並
230,104,鞍馬
64,90,安水
210,69,粟山
250,235,綾目
203,191,観音
1,170,砂盃
199,92,砂古
150,57,佐野川
202,4,黒葛
161,183,甲斐原
215,55,江篭
7,172,恒光
154,58,光地
17,245,御所
240,4,御供田
211,239,五十野
189,207,五十井
192,190,五江淵
30,240,五井野
72,139,虎見
104,202,袴谷
196,25,古渕
11,149,古立
150,156,元良
178,27,元起
72,194,元浦
120,31,恵島
187,251,櫛本
125,140,櫛下町
54,211,近西
69,230,筋田
183,47,弓戸
92,156,宮杉
253,227,休石
197,98,久留主
132,199,菊一
212,189,儀部
243,0,百谷
173,247,富加見
62,41,舞野
168,131,保居
102,13,北清
89,36,本徳
166,71,槙塚
33,121,槙納
217,138,柾本
213,62,万本
18,7,味野
91,66,名合
147,29,明河
145,133,門家
249,6,弥重
148,208,弥生
194,126,柳井田
17,238,柳幸
77,110,有高
77,75,祐谷
28,144,揚妻
70,232,用貝
165,238,葉室
4,177,頼藤
179,128,龍見
233,61,両沢
187,101,隣
243,233,類瀬
124,62,蓮川
140,126,浪本
86,179,六倉
125,237,鷲本
47,62,圓谷
76,19,眞下
148,219,眞壁
219,156,籠
129,224,藏田
6,243,邊見
195,96,魏
103,26,疋島
107,135,男庭
58,235,茶房
5,15,中蔵
253,155,中美
131,82,長神
118,61,長多
82,65,長嶌
187,40,鳥倉
33,155,通事
136,248,貞富
83,50,殿垣内
67,252,殿田
48,131,田那部
103,11,田邉
1,30,田邨
10,44,島塚
2,140,島雄
87,170,嶋瀬
159,166,東重
225,10,東末
213,235,美土路
243,11,美安
46,202,備海
56,82,飛田和
238,218,八道
241,15,八重倉
145,31,楳村
108,58,播間
144,208,能町
2,120,入手
114,51,二唐
232,41,南藤
208,35,内波
16,123,内匠屋
86,203,内屋
37,232,銅
172,19,道喜
30,111,道願
188,37,筒丸
147,36,天根
191,123,田垣内
157,248,田生
15,99,土井良
69,77,土居原
34,71,島子
55,5,東仲
154,82,当野
164,172,藤郷
1,252,藤室
10,219,藤信
104,114,篤
110,22,栃岡
13,153,内嶺
9,60,鍋屋
83,197,日水
89,198,禰覇
212,101,埜下
136,10,播田実
207,108,白竹
63,140,畑部
47,69,八窪
86,23,鳩川
57,219,飯場
171,92,天岡
219,165,碇本
212,211,蔦田
29,250,辻生
12,162,辻喜
52,179,槻木沢
207,206,塚目
48,230,長谷目
26,108,長治
5,47,竹次
18,130,段村
209,92,鍛治本
37,161,琢磨
68,15,鷹架
125,133,大矢野
145,177,大割
220,135,大奥
103,102,大羽賀
233,8,苔縄
46,150,多嘉良
12,155,続石
240,38,相園
59,18,倉家
116,73,前神
35,34,藪根
24,57,壺屋
113,11,和唐
45,251,老久保
136,192,冷泉
28,162,林金
173,104,龍門
144,49,立光
182,252,里園
242,205,藍場
245,217,与坂
17,158,与久田
171,30,猶崎
230,182,柚谷
75,128,有居
64,109,勇田
234,159,矢鋪
219,65,矢動丸
56,89,目々沢
213,58,木檜
170,245,網川
30,215,網城
16,153,茂崎
137,21,茂永
103,191,無田
149,255,満村
118,14,本末
156,206,本尾
84,210,北俣
102,195,北仲
98,203,北芝
93,186,北根
248,185,房川
46,64,坊山
80,186,芳仲
6,62,法華津
184,126,峰平
15,243,包国
146,117,片之坂
99,114,柄田
169,192,平能
196,170,文原
226,203,福宮
93,111,浜場
233,149,尾茂田
29,139,尾塚
145,121,尾郷
79,73,尾
164,110,向川原
192,191,護得久
94,91,五味沢
143,172,五十崎
27,142,戸神
26,239,古菅
168,196,見島
166,197,見代
244,153,兼折
205,19,栗嶋
202,2,隅井
91,97,金蔵
110,189,琴岡
196,219,鏡堂
102,179,牛若
162,205,宮方
48,165,久宝
80,185,久保見
200,39,鬼
25,181,忌部
234,52,喜内
17,5,岸脇
218,74,関寺
108,208,間橋
204,182,干潟
131,220,釜土
149,25,笠貫
157,66,霞末
73,103,花吉
193,228,嘉地
39,38,加賀野
206,131,岡持
79,25,岡浦
182,4,黄前
161,23,奥邨
202,251,奥道
185,162,塩道
100,211,丑久保
146,210,井並
45,13,井美
35,151,井戸木
18,166,井岸
62,47,衣田
135,80,伊作
190,113,伊左次
2,81,伊花
255,217,阿波加
208,155,阿納
27,79,前住
139,201,浅部
253,146,千野根
1,190,石間伏
173,175,青川
125,90,西中間
78,141,西弘
167,119,清水頭
21,35,清古
66,27,正者
30,75,星信
71,199,政光
17,56,成実
201,134,瀬渡
160,216,瀬ノ上
211,39,菅和
242,76,菅島
249,162,水俣
67,199,水牧
186,236,榛地
47,104,森廣
158,137,新巻
111,199,信山
176,239,上金
90,38,恒見
187,245,恒任
16,6,江竜
51,138,高稲
52,181,高成
71,78,高達
154,149,高築
57,226,崎枝
47,97,笹江
133,203,札木
2,55,三ノ宮
182,83,三滝
56,150,三東
30,186,四役
185,54,志萱
128,189,志多
198,114,時尾
228,34,渋澤
249,240,重金
251,57,重満
110,228,春尾
225,203,小相沢
197,189,庄嶋
204,150,床尾
63,86,丹家
192,177,炭野
233,48,地挽
198,150,池奥
244,138,竹野下
26,204,中斉
21,190,仲井真
240,62,柱
233,90,長谷坂
119,117,長谷野
9,93,鳥津
20,126,鳥澤
74,185,陳内
114,86,塚岡
186,116,定家
40,148,釘丸
171,177,的羽
167,181,天地
115,238,天堀
66,255,田主
89,66,田野中
253,55,田野島
252,191,都祭
35,53,島廻
153,184,島峰
152,97,東久
30,155,東林
151,186,藤満
3,159,谷地中
217,87,西邨
11,207,静井
186,211,昔農
247,48,石向
133,199,石司
207,140,赤畠
70,156,切中
63,72,雪村
157,189,川谷内
102,82,浅埜
112,81,善塔
223,94,倉鋪
229,243,早弓
248,90,増留
104,119,則信
188,103,村富
129,11,多米
225,99,太中
10,12,打谷
136,96,泰井
5,181,大旗
218,136,大黒谷
107,80,大窄
82,59,大壁
17,132,滝頭
178,163,瀧谷
245,109,宅
33,5,沢端
52,1,童
249,29,富板
242,34,浮海
53,205,福生
12,125,別城
13,243,宝徳
154,135,牧江
252,60,本勝
162,31,又
153,128,万行
197,183,満野
7,162,鳴本
56,40,木地谷
132,127,木道
157,250,目瀬
175,28,柚上
96,1,祐野
240,227,用正
168,225,立上
108,79,立村
114,213,六島
123,7,脇岡
196,152,嵜山
121,2,楞野
245,225,欅
18,25,渕川
164,80,渭原
11,64,礒島
75,189,糀屋
209,16,富士谷
225,93,道音
46,95,独古
170,253,栃川
247,170,奈良野
176,124,内柴
107,78,内畑
113,113,南浜
218,15,南堀
242,206,楠谷
9,214,二井矢
175,104,二間瀬
242,193,日下野
164,209,波佐
63,206,波左間
164,10,馬見新
47,243,馬酔
226,237,煤孫
93,100,麦生田
45,250,箱嶋
6,164,畑澤
108,18,班目
120,207,畔木
42,139,磐井
48,126,肥前
104,181,尾ケ井
12,142,浜正
145,218,浜之上
91,159,富園
161,55,義岡
202,234,久鍋
61,182,去石
64,114,橋富
223,49,近平
96,103,桑下
179,30,恵比
208,95,兼吉
79,176,見本
148,255,元長
3,40,古家後
200,215,戸佐
207,22,枯木
17,204,光久
71,148,光林
37,150,向坊
41,158,広元
241,184,広辻
144,241,弘松
89,108,弘本
23,135,江利山
188,136,甲川
112,217,糠森
26,97,高旗
241,19,高野沢
176,231,高来
165,19,国守
25,218,佐平
65,106,亀嶋
86,111,阿古
7,217,阿志賀
185,77,阿瀬川
71,146,阿津
151,221,芦垣
150,105,芦苅
243,218,粟森
251,182,伊江
154,216,一ノ
59,158,一口
77,103,宇賀村
31,151,永林
126,2,奥冨
187,126,沖松
136,234,荻内
59,210,億田
122,36,恩河
108,94,下坊
139,162,仮家
29,133,夏伐
205,57,河竹
233,247,花生
29,152,皆森
113,55,外屋敷
201,22,梶永
158,134,簡野
157,60,関部
5,179,寄高
29,6,歳桃
71,168,小金谷
205,212,小金澤
152,207,小森山
75,168,小梁川
15,82,小和
141,244,松寿
144,60,上安
250,73,上光
177,193,上酔尾
217,4,乗金
189,96,新枝
251,155,森徳
196,246,真沢
134,243,神楽
219,103,神通
6,223,神南
62,183,神白
244,224,仁義
45,220,諏訪内
165,10,吹井
58,77,勢子
39,115,政安
97,224,正橋
184,215,正入木
176,232,正法地
217,201,清水野
226,173,生月
147,208,生和
207,3,小柿
6,111,阪村
12,183,崎坂
170,32,笹治
86,255,三井所
255,154,三喜
89,59,三軒
45,159,三原田
205,180,三十尾
136,253,三露
107,221,山一
167,215,山王丸
149,20,氏井
95,54,時友
92,194,七川
148,214,室館
6,30,室之園
91,158,実山
185,127,芝元
217,1,手操
59,20,珠玖
231,243,種沢
170,42,酒屋
195,98,宗兼
119,8,宗利
195,160,出畑
62,239,緒賀
144,21,諸頭
161,92,小曳
179,188,中作
129,151,中積
3,71,中木村
123,222,中葉
74,116,中和田
126,236,町居
100,188,長重
197,214,長水
194,36,珍竹
188,100,辻久
157,145,貞宗
228,181,程山
96,83,天日
90,74,田合
36,24,渡場
212,186,登里
5,108,島橋
228,14,東岸
128,227,東邦
205,135,徳世
88,75,奈田
103,190,南尾
225,154,楠間
72,33,入屋
56,143,納本
46,74,波留
17,40,中願寺
241,218,筑地
125,114,竹城
166,44,築茂
2,50,築出
222,176,池之野
210,46,地頭薗
159,164,谷瀬
204,165,達田
97,47,沢和
96,217,大録
201,111,大留
81,225,大導寺
83,46,大床
158,224,大汐
2,21,蔵敷
8,38,増形
222,111,走川
203,143,早志
160,182,倉瀬
191,104,倉坂
104,52,曽根川
171,32,曾我辺
150,159,浅浦
22,203,川奈部
98,175,千沢
234,32,雪吹
135,66,梅花
87,23,霍田
251,175,籔下
159,118,籠原
99,72,澤畠
98,116,澤紙
44,178,嶽石
211,151,和西
185,180,老
160,235,浪間
20,138,露原
137,35,例鎌
121,227,林屋
119,136,旅田
43,82,陸井
231,8,薬師川
165,221,野々目
140,234,杢谷
233,71,茂松
144,219,明和
233,168,明内
25,154,椋尾
18,10,霧島
189,33,民本
7,16,箕岡
38,66,満沢
9,159,万戸
147,133,末利
231,1,麻里
211,157,本窪田
47,12,堀切川
48,229,堀西
229,58,牧薗
93,59,北波
77,45,並田
43,92,文岡
198,128,物
163,177,仏願
67,165,淵沢
76,240,幅下
62,12,武鑓
218,141,浜詰
247,33,美登
109,236,尾場瀬
253,245,飛嶋
128,196,肥野
188,57,畔野
253,163,鳩宿
23,141,八代醍
103,208,畠平
72,82,白木沢
56,52,白鷺
51,11,萩永
2,251,梅坪
164,36,跡田
42,100,幸丸
152,191,光貞
243,71,後小路
16,195,呉島
51,9,伍井
121,46,古保
195,139,古怒田
147,80,古梶
44,56,源嶋
54,138,見神
152,13,兼若
23,80,月花
50,184,桂野
201,49,窪塚
31,237,金牧
66,240,玉邑
100,27,朽方
57,110,宮正
189,91,宮庄
19,175,久連山
84,251,吉雄
110,151,吉町
11,11,幾留
128,252,岩江
19,104,寒沢
111,219,蒲牟田
139,23,笠波
19,166,角上
204,154,絵幡
120,188,荷方
211,248,花泉
111,120,花浦
154,99,火山
226,132,加子
155,59,下小牧
117,219,下柿元
106,82,屋地
74,64,沖上
236,72,岡積
244,61,奥垣
189,251,遠宮
3,202,永治
230,7,浦屋
197,24,宇納
207,215,宇埜
22,20,宇津見
255,193,蔭田
7,207,稲口
199,185,井奈波
46,230,井月
136,201,安宗
58,58,粟戸
31,157,阿隅
128,101,幸良
124,210,赤時
237,197,西水流
160,71,生信
39,26,牲川
76,103,瀬戸井
161,89,菅嶋
41,142,進木
24,80,神埜
185,214,新舎
132,231,新階
210,208,振原
187,206,上端
153,1,松城
65,22,小榑
28,9,小木戸
137,174,小田橋
72,252,小砂
220,159,小割
172,136,升元
174,5,潤井
136,4,渋屋
4,45,舟元
246,112,秋宗
207,162,樹神
18,39,酒勾
214,37,若穂囲
101,0,若元
108,216,江湖
180,111,甲把
83,39,高乗
115,100,合場
233,249,合力
213,179,腰前
240,228,今間
39,0,今針山
13,191,今峰
154,111,佐野峯
157,212,砂森
178,120,咲花
246,17,三巻
153,151,三反崎
64,144,三壁
33,182,山関
94,49,山郷
61,59,山初
72,193,産屋敷
63,68,四津谷
242,159,志佐
243,197,寺江
162,190,持舘
109,147,実村
58,78,柴井
108,68,柴辻
27,81,猪ノ口
242,39,朝来
76,2,長谷地
122,161,長谷中
158,51,長徳
59,10,津堅
166,209,津乗
69,122,辻塚
61,165,鶴戸
12,139,堤原
214,90,定常
169,73,定木
35,187,天賀谷
135,34,伝川
2,193,田米
131,156,登嶋
12,2,土沼
205,85,道政
92,206,馴松
94,246,南清
124,131,二家本
65,207,二子
220,10,二条
98,233,二森
218,89,入鹿
189,181,濃沼
76,164,中通
90,20,置塩
37,87,知覧
217,104,谷石
1,225,沢岻
136,21,滝宮
37,12,大籏
0,25,大開
180,27,太子
238,182,増住
18,170,草信
96,246,相吉沢
92,62,惣慶
242,183,惣角
159,176,倉森
65,153,倉狩
170,145,浅瀬石
222,65,浅江
163,187,川那子
42,121,赤繁
74,195,生西
198,48,正力
121,175,姓川
149,84,瀬見井
253,183,須澤
189,243,須増
115,132,鈩
33,11,磧本
250,162,榧場
211,158,椨
110,145,會澤
52,232,藁品
94,228,脇口
221,159,和高
179,27,養老
236,39,陽山
154,248,用皆
192,102,与羽
240,94,夕田
92,150,友尻
158,211,矢入
33,77,矢熊
14,152,野木村
66,179,杢保
240,113,木鋪
232,137,明慶
207,196,椋梨
30,19,末留
177,1,本樫
33,148,牧添
184,188,北窪
163,106,房村
127,148,豊中
217,88,峯浦
252,251,穂谷野
76,0,保元
178,235,柄目
7,61,平福
151,223,平佐田
44,108,福竹
203,5,部家
44,91,武淵
128,160,武佐
48,4,富内
137,158,富士川
76,108,浜江
186,65,苗代沢
83,105,菱野
113,222,尾屋
62,2,飯迫
123,9,飯土井
242,185,飯柴
156,176,繁泉
255,115,板屋越
223,40,櫨川
189,132,粕井
94,219,白玉
98,67,梅中
74,25,陣場
243,128,金兵
46,121,金富
60,129,近正
231,149,玉作
168,237,京崎
213,221,弓木
182,12,宮渕
99,51,久力
213,50,久保本
220,106,久津
221,3,義経
29,163,岸崎
151,51,丸矢
199,143,間仲
53,106,間正
74,123,勘米良
12,108,瓦吹
129,203,角辻
71,19,柿倉
245,10,垣中
223,221,垣村
104,120,垣貫
148,85,貝淵
52,151,賀藤
165,134,賀好
215,237,河方
221,22,河杉
232,225,下青木
67,112,下寺
65,81,温
125,63,岡永
225,35,押条
127,13,塩内
74,190,猿倉
220,19,円入
211,231,永由
206,138,影林
95,234,雲岡
212,150,浦宗
174,228,雨木
2,113,雨倉
140,93,雨笠
38,119,羽座
73,169,宇恵野
206,70,引頭
147,220,井道
118,228,井伊谷
183,25,為川
55,203,伊代野
0,55,安陵
156,150,安政
30,18,安上
110,103,仁昌寺
167,124,真仲
117,113,森主
67,245,新後閑
196,99,新戸部
146,193,城和
237,28,乗川
166,84,上兼
213,144,松兼
139,124,松賀
198,216,床嶋
15,29,小諸
60,127,女池
78,184,重道
207,45,重丸
38,105,宗久
239,4,若曽根
181,38,漆舘
47,156,児平
73,217,四十住
21,26,山野目
157,231,山貝
152,201,三本菅
123,43,三畑
174,209,坂槙
126,46,斎竹
10,91,具
103,138,窪地
52,63,熊久保
246,189,熊橋
52,25,軍地
82,182,景浦
183,122,建入
132,18,鍵岡
215,203,源本
6,139,玄馬
36,134,古岩
159,207,五町
104,203,厚味
5,161,幸元
111,211,幸尾
4,68,綱野
185,67,荒引
35,30,行部
178,25,高鴨
237,116,高嵜
191,115,黒萩
142,87,黒淵
11,237,今飯田
156,221,今浜
223,223,佐渡島
17,218,砂留
169,28,鳥井原
70,219,長福
227,88,長正
149,5,朝久野
55,118,朝烏
173,13,猪頭
236,86,中並
220,221,中古
122,252,中畦
248,98,茶圓
108,177,竹瀬
153,42,竹氏
81,30,檀崎
213,247,谷日
214,254,谷代
84,239,直海
17,247,津滝
31,41,釣川
84,125,貞廣
208,32,定池
9,154,天下
72,189,殿木
39,207,田隅
185,90,田津原
123,224,田之倉
134,181,兎本
196,179,都川
192,24,土井川
20,173,湯汲
82,70,湯場
128,24,大梅
159,254,仁見
16,103,数
173,224,数間
35,83,椙尾
196,177,澄
154,46,瀬古沢
51,27,成家
176,176,正部家
210,118,正留
29,29,生森
165,213,盛崎
2,60,西間
116,65,西関
131,37,西子
177,52,西寺
45,40,請園
249,238,請地
124,40,石原田
154,195,石盛
171,208,石墨
11,48,切東
126,104,雪江
139,80,雪入
23,44,素野
103,215,操上
5,205,早沢
143,53,蔵川
238,228,太居
223,112,代市
30,248,大喜田
143,21,湯通堂
25,50,北峯
153,179,墨岡
151,249,本寺
140,197,麻畠
138,113,満吉
129,96,木野瀬
113,43,野竿
137,59,野住
185,113,矢羽
98,197,矢住
125,135,矢浪
153,88,友行
24,110,揚原
208,124,浴田
217,19,来夢
148,58,裏谷
173,164,立森
43,140,連川
153,208,露本
185,235,老平
162,105,蝋山
5,7,和根崎
55,35,和田森
110,205,和田谷
102,11,侘美
141,80,國方
39,171,澤辺
167,145,筥崎
211,34,罍
232,191,譚
67,59,峰元
245,155,藤政
93,72,徳家
206,34,徳崎
83,1,徳舛
185,14,徳保
105,114,寅丸
205,107,内八重
142,143,二野
77,26,日俣
202,167,能本
109,156,農本
239,124,波瀬
54,17,芭蕉
170,9,萩崎
70,4,白賀
236,24,白峰
81,14,幡多
179,45,八千
12,203,美作
171,144,俵原
28,11,瓢
6,157,冨着
241,98,扶川
227,202,斧原
128,144,武崎
83,40,武用
164,149,伏間
110,202,福別府
32,202,分
216,199,平墳
238,245,河重
55,140,河平
38,81,荷田
236,57,菓子野
68,176,海出
72,232,樫井
25,99,葛見
4,0,椛嶋
113,122,茅嶋
47,195,勘解由
62,227,舘崎
28,166,舘谷
131,101,寄元
225,91,岐津
231,244,紀太
239,247,亀貝
99,195,義家
84,220,義元
35,89,吉筋
235,250,求
191,22,橋沼
40,32,橋部
9,186,襟立
158,227,近馬
41,172,金家
131,239,金辺
194,117,串本
173,126,栗永
38,185,栗坪
156,45,結田
193,236,河向
99,254,愛宕
53,78,以頭
140,158,易
85,180,衣本
129,184,井古田
252,162,井佐
200,193,井手下
235,39,井滝
30,0,稲数
85,75,宇夫方
216,52,烏
122,214,羽住
211,87,羽納
47,5,姥谷
181,32,浦底
72,223,永椎
27,6,益尾
97,109,榎木田
144,120,園中
146,252,奥代
240,207,岡弘
6,227,岡木
193,213,沖森
34,84,恩納
122,140,下泉
119,148,下長根
200,208,下埜
249,11,加瀬田
152,239,加瀬野
195,200,家里
41,42,月尾
26,136,汐満
13,160,鹿森
172,92,鴫
221,141,鴫田
221,137,実島
121,181,篠江
20,33,芝波田
93,70,主計
100,36,種瀬
226,87,宗定
223,115,出馬
76,182,升崎
136,65,小羽
0,4,小勝負
26,0,小達
117,84,小槌
133,180,小田林
143,94,小嵜
36,175,小搏
101,218,松名
95,43,沼舘
169,180,上田井
85,38,上野谷
42,67,城月
135,134,常安
57,118,常楽
101,42,新嘉喜
178,108,森常
69,130,深渡
212,16,真渕
247,181,汐川
131,159,元上
3,3,原井川
26,197,玄蕃
49,255,古座野
115,220,古柴
103,46,御調
156,149,向仲
42,86,江俣
11,119,港川
164,47,高薄
151,158,高比
173,9,高野倉
20,170,狛
148,139,今高
24,12,今畑
132,175,紫葉
53,210,糸乗
255,227,指
169,59,志馬
73,1,志慶真
54,166,四茂野
127,229,山徳
217,178,三水
51,149,鮫嶋
158,157,作内
74,55,左子
138,35,佐賀井
198,43,紺藤
4,194,根保
29,111,今渕
4,133,仲石
163,55,猪鹿倉
204,247,猪平
159,44,朝日向
6,168,津司
12,105,津地
119,254,津尾
85,67,津木
232,111,栂井
235,172,辻屋
24,2,辻江
135,212,辻石
88,203,釣崎
200,132,鶴瀬
83,87,鶴浜
24,238,貞木
85,236,定宗
199,238,釘谷
218,232,鉄村
72,205,田見
127,113,田塚
51,68,渡守
169,81,登喜
39,132,登野城
218,102,唐須
192,0,嶋末
5,190,東栄
13,97,東向
211,40,東道
173,167,中土居
128,234,川原木
93,118,浅松
32,103,染原
160,63,舛川
75,33,船蔵
65,141,前潟
120,170,早石
15,167,巣瀬
225,76,草浦
191,172,多山
241,65,太田川
71,201,太陽
137,92,柁原
189,123,堆
221,154,台信
57,37,大岐
30,159,大継
171,241,大正
246,190,滝音
97,35,宅美
33,102,棚川
161,0,谷橋
210,71,谷杉
75,221,男澤
31,162,地場
187,110,池滝
223,63,竹矢
232,237,中迎
53,184,中陣
64,212,湯之前
121,123,万沢
156,95,明永
164,168,明嵐
55,170,鳴
144,189,茂串
213,195,木永
158,8,木町
17,95,木矢
250,45,門下
183,156,野作
202,70,野草
190,211,柳池
185,193,唯
27,128,余合
236,36,陸浦
218,114,竜谷
243,191,良本
118,201,練尾
244,111,和辻
52,93,和田守
175,161,和内
236,229,濤川
237,129,濱屋
251,4,癸生川
206,215,筌口
201,169,糺
119,151,贄川
66,90,餘目
33,8,鶉橋
12,220,本堀
152,78,藤ケ森
220,240,藤渡
183,3,洞庭
103,245,椴木
253,226,奈良沢
100,173,那木
161,216,楠浦
211,243,日橋
161,33,買手
179,136,白鷹
124,3,麦
141,243,半浦
41,93,半山
209,113,繁在家
67,161,飯降
153,192,樋崎
117,87,尾幡
144,123,美才治
88,188,氷熊
42,232,浜倉
183,39,冨宿
220,167,冨宅
193,43,福隅
146,58,平社
29,224,法元
225,103,北所
226,199,堀向
162,136,堀留
102,54,幌村
127,24,川永
197,27,橿原
96,126,葛篭
197,70,鴨林
169,56,栢下
10,77,貫戸
143,237,丸元
213,36,喜久村
201,154,亀梨
161,7,吉光寺
174,155,宮葉
179,7,牛飼
156,202,居戸
146,184,巨田
103,179,橋木
85,5,近江屋
166,114,金目
20,123,駒川
155,45,沓脱
240,125,兼川
22,53,元生
70,145,源波
192,160,古尾
162,73,公森
118,82,功
124,137,構口
255,228,甲能
168,154,高斎
9,249,高美
255,9,国玉
143,63,岳田
26,167,"〆""野"""
216,115,飴野
242,32,綾垣
154,36,鞍谷
121,8,杏
194,45,伊久間
69,16,伊豆元
97,33,伊豆本
89,236,為定
89,201,井ノ山
104,146,井角
63,237,井埜
11,97,羽根井
177,127,影
67,230,栄楽
246,13,永春
36,36,園崎
41,232,遠崎
17,169,遠渡
133,250,横峰
231,106,黄檗
9,169,岡重
84,81,岡迫
221,184,桶矢
175,57,乙女
15,70,下川路
170,255,嘉見
226,166,河久保
255,143,開沢
228,124,黒杭
160,86,小國
254,177,庄屋
89,129,菖蒲田
22,51,上熊須
193,172,上福元
16,252,上栫
244,85,上籠
33,85,城向
204,219,信井
217,2,森影
42,211,真霜
14,170,神渡
107,179,神余
181,184,親谷
89,46,須野
168,144,水鳥川
151,225,世一
190,189,瀬沢
125,98,瀬浪
109,42,政金
123,133,星住
232,132,西政
66,220,斉宮
155,222,石室
176,56,赤窄
157,54,切金
157,137,雪井
102,22,千勝
107,199,千川原
185,242,小竹原
31,154,黒浜
189,27,今朝丸
113,248,佐久美
131,250,佐幸
115,111,才門
244,48,細屋
130,126,細居
21,6,細溝
0,196,財賀
254,243,鷺野谷
128,104,作並
203,154,察
245,17,三ケ月
45,240,三津川
115,89,三内
30,97,三里
233,143,山碕
209,153,山磨
132,169,志釜
61,21,鹿子生
134,148,鴫谷
148,183,軸原
20,127,主原
217,90,宗貞
213,87,十代田
44,5,戎田
130,33,升方
200,253,小善
54,200,小只
147,150,中駄
132,255,竹木
113,252,竹洞
199,200,竹形
75,131,地徳
74,75,知田
220,226,谷津倉
75,81,谷清
62,222,達山
93,77,大眉
37,77,大堤
184,225,大久津
132,186,帯包
102,17,太刀岡
50,171,蔵藤
101,98,草賀
154,140,中津原
89,181,中添
163,72,中飯
230,238,中弥
23,52,朝部
143,86,町浦
129,4,町出
28,52,津久
67,183,通
195,30,蔦沢
85,18,貞兼
96,137,庭本
215,32,田地川
79,155,田道
109,6,田麦
135,166,登美
137,43,砥板
139,90,森實
114,40,仁子
162,130,靭
189,130,諏方
55,121,椙下
106,21,世森
250,78,瀬戸田
192,117,勢村
122,144,成光
139,188,政川
208,112,正戸
46,231,正光
184,220,生明
17,53,西国原
37,227,西周
245,66,西世古
69,175,斉間
134,33,赤桐
214,199,赤掘
160,43,赤道
73,228,折手
76,153,泉崎
69,187,洗
6,103,船沢
49,103,船登
249,90,前重
181,207,前仲
172,7,前藤
51,201,禅野
46,35,曽賀
150,248,曽束
84,36,惣門
208,38,相波
156,227,飯阪
190,156,番園
211,111,番家
226,220,美濃田
189,247,美納
205,50,百原
161,64,表西
171,147,浜安
18,66,浜手
76,31,冨賀見
229,129,冨長
124,254,風沢
211,193,風谷
232,208,仏淵
239,249,柄川
231,136,米次
251,167,米畑
227,177,米桝
206,204,宝野
116,117,豊瀬
154,60,北正
207,93,堀次
209,233,本浄
112,151,毎川
228,152,末若
42,200,味原
170,199,明官
212,133,門叶
34,18,矢引
186,175,油上
16,10,友江
200,87,邑楽
183,37,留野
47,71,東儀
22,185,湯浦
117,175,藤保
190,129,堂垣
206,242,堂道
38,186,峠谷
141,65,徳政
187,29,徳堂
174,166,楢田
149,56,南後
110,44,二井田
62,49,二田水
127,87,二條
193,12,日口
144,165,日美
179,115,入場
138,231,年神
134,252,乃木
254,148,埜本
100,154,納口
254,143,拝藤
246,165,柏屋
139,210,柏柳
186,181,泊口
216,10,迫山
190,85,迫谷
137,230,幡田
36,122,八塩
179,204,八丸
68,53,八長
236,15,八百井
100,21,八浪
155,170,半仁田
210,215,森知
108,189,下柳
118,212,下夕村
60,164,加行
183,254,加渡
18,185,加峯
65,11,家後
75,38,我彦
31,0,雅楽川
9,191,界
85,88,垣端
152,32,垣副
17,254,角平
240,175,笠上
94,212,笠畑
129,83,鴨木
10,205,寛野
138,212,館花
183,107,館上
213,201,丸山野
153,246,丸西
241,126,亀水
233,12,宜志富
82,64,吉久保
170,6,久間木
11,118,久万田
141,165,京泉
80,206,橋北
201,57,郷路
47,155,近木
250,37,金折
253,97,具志川
112,132,喰田
237,32,熊城
43,204,安下
113,171,安河
158,124,安治
84,247,安良城
89,6,伊狩
24,77,伊豆味
5,46,井植
243,15,井之脇
36,113,井納
49,179,一角
66,16,一刀
79,244,稲江
158,37,宇仁菅
175,6,羽口
183,95,羽畑
192,249,卯城
72,140,卯川
123,179,卯尾
151,222,鵜藤
59,218,鵜尾
75,76,永塩
51,43,越猪
76,183,延吉
55,27,押金
113,125,横目
126,167,乙竹
143,182,音山
113,158,音道
228,134,下羽
203,199,下形
124,57,下瀬川
179,32,下土居
167,147,下徳
138,94,作石
141,246,三ツ本
17,126,三厨
162,3,三菅
227,252,山台
129,8,山野寺
170,224,四塚
214,253,糸矢
53,25,持主
30,158,時重
131,129,悉知
226,232,篠野
173,136,射手園
43,109,酒沢
166,29,秀川
128,169,秋中
240,202,舟谷
246,169,十二村
174,61,十和
126,119,重歳
15,188,春江
99,170,諸町
217,42,小梅
38,45,小野岡
18,1,少路
73,236,松畑
220,52,松峯
39,121,上久木田
154,69,上堂園
61,29,上硲
253,131,新正
84,7,森英
214,215,森継
87,36,栗和田
226,73,桑宮
2,169,形川
135,64,恵田
18,84,慶留間
136,95,兼口
77,96,建守
54,160,研
81,115,古竹
149,141,古布
8,148,古満
70,194,五上
148,146,五百旗頭
171,109,後尾
120,239,御領
104,150,光末
243,216,光友
8,25,厚母
242,24,孝田
128,108,幸塚
164,72,綱取
166,215,荒上
56,184,高延
159,12,高羅
139,83,此上
46,196,根釜
146,26,根無
15,255,佐須
135,248,佐知
224,117,嵯峨崎
62,157,左向
135,88,沙魚川
173,39,阪崎
247,96,浪上
148,13,柞磨
254,233,與田
92,1,池根
100,223,池之谷
221,204,中恵
26,157,中盛
179,89,中逵
183,73,仲見
225,124,忠海
233,186,長潟
135,209,長道
253,188,鳥木
188,34,津雲
142,53,掴原
28,63,佃井
169,97,釣賀
101,185,鶴目
227,200,定田
92,235,廷々
207,0,釘尾
199,139,田仁
85,33,田浪
43,99,登倉
186,101,登本
25,7,土光
167,177,唐住
154,9,東後
83,28,藤解
208,67,藤肥
143,91,峠坂
21,133,鴇沢
12,224,青名畑
129,182,斉須
31,218,石川原
48,46,石牟礼
92,39,赤嶋
199,254,千古
243,12,千波
39,27,川七
190,242,川林
4,5,泉妻
12,98,浅和
130,185,前渕
171,201,曽宮
110,254,楚山
125,126,倉辻
104,187,多月
78,64,多嶋
218,188,太田良
244,255,打浪
185,191,対崎
119,247,大川井
53,11,大川口
251,84,大曾
225,170,大端
76,114,大日野
115,248,大和地
16,211,沢武
28,49,只埜
78,140,丹正
38,58,栃堀
240,171,保足
99,8,豊谷
9,215,鳳山
147,131,北野谷
18,122,堀子
151,83,堀住
88,159,本高
197,59,毎原
7,56,槙坂
20,210,末瀬
205,230,末定
139,93,名嘉原
1,110,茂本
76,90,毛下
61,68,野高
59,109,野杁
106,124,矢板橋
227,233,葉沢
19,92,頼成
218,218,立迫
29,238,流川
239,63,溜淵
252,102,溜渕
62,16,輪竹
150,252,六条
32,199,嶌津
36,57,枳穀
139,12,澤内
79,245,簗島
86,11,内之宮
156,47,内埜
58,135,二輪
48,113,日野杉
26,80,納冨
175,29,波田地
239,23,馬地
219,64,拝原
222,236,背黒
145,55,萩生
113,6,伯耆田
120,87,白柿
223,190,白須賀
91,128,白矢
182,112,八十岡
69,150,判沢
255,62,披田野
33,101,樋坂
42,195,樋木
247,114,筆本
186,73,浜窪
253,173,富宇加
52,124,富取
40,150,武見
155,152,武士田
96,215,福瀬
113,156,柄
88,138,米浜
159,109,辺春
96,157,貝渕
120,24,垣根
113,60,柿畑
215,50,角海
34,150,笠毛
196,63,管藤
128,30,間瀬田
47,13,岸間
240,138,岸裏
82,187,岩知道
14,182,岩浜
187,249,喜志
175,58,喜多田
162,141,旗持
149,149,菊楽
122,219,久間田
248,123,久保岡
124,115,久保居
18,177,宮堂
33,111,牛居
12,246,居田
159,35,桐澤
15,33,金作
105,115,駒嶺
137,107,郡司掛
249,17,桂本
129,146,畦
44,9,畦浦
160,203,月輪
255,149,"〆""木"""
114,106,安威
19,232,安賀
14,34,安栗
225,69,庵野
197,79,夷
209,179,為
7,46,井龍
87,94,一兜
212,184,宇都口
162,208,永来
3,186,奥主
75,133,横河
97,67,岡茂
186,213,屋山
114,191,屋城
254,122,屋成
234,148,下佐
237,188,下土井
152,72,下堂園
148,210,下栃棚
63,0,加々
46,162,加隈
199,144,可徳
184,15,嘉義
147,91,花桐
3,209,華岡
152,142,海老島
254,145,皆戸
253,10,研谷
255,79,秋生
180,181,秋貞
45,200,住屋
139,19,重延
37,254,重定
42,114,小ケ倉
99,87,小仁所
52,29,小多
229,114,小田和
205,70,小役丸
15,24,上ノ坊
92,246,上霜
145,180,上続
103,28,上林山
128,105,植屋
189,131,植畑
53,218,信澤
150,237,新良貴
221,208,深栖
13,92,仁谷
236,16,水無
154,207,椙江
55,165,菅信
223,210,瀬辺
144,231,成願
122,53,政池
49,240,清中
228,251,西岳
98,7,西能
111,60,見供
0,153,見瀬
211,124,見澤
249,147,鍵原
122,191,原辺
184,10,古波
220,173,戸花
246,210,湖東
71,113,呉地
251,205,後庵
121,35,御嶽
51,215,鯉登
32,175,向居
130,117,向林
160,155,荒池
15,235,四丸
161,45,志内
131,63,氏福
141,114,寺分
192,90,時乗
171,113,次井
48,249,鹿瀬島
161,141,実崎
160,52,柴生田
116,165,柴北
35,235,芝下
54,91,若浦
174,77,手水
250,179,狩場
34,174,中達
144,183,中高下
2,237,知本
117,224,端崎
45,166,炭釜
23,152,丹崎
58,216,谷野宮
85,159,谷中田
145,231,谷丸
221,39,谷ツ田
68,181,棚本
175,81,只井
222,136,滝嶋
31,40,滝根
26,158,大篭
15,96,大平原
155,232,中繁
225,49,中摩
7,68,仲津
146,233,朝飛
113,175,長平
13,9,鳥辺
121,25,蔦林
225,44,程内
76,219,田ケ谷
190,78,田極
251,214,田藤
229,109,都知木
199,216,土浦
201,237,土佐岡
142,56,唐岩
49,233,東吉
237,235,東小野
243,141,大通
242,147,須和田
68,44,水場
127,231,杉丸
149,251,瀬里
19,167,畝山
67,205,清水端
101,60,生瀬
191,145,生武
48,39,盛井
60,48,西願
11,174,西亀
5,91,青盛
216,54,石羽沢
41,123,石須
114,244,石竹
180,33,石津谷
105,41,折舘
217,119,千屋
1,207,浅図
96,98,銭
176,238,前浦
89,25,曾宮
201,166,相座
19,204,相藤
11,176,草塩
158,173,則久
65,253,村屋
182,122,村仲
37,224,多加
77,128,多地
225,251,大河戸
234,251,大好
160,208,大谷部
143,104,東新
158,93,別枝
46,7,保城
147,65,穂森
204,242,豊東
183,59,北斗
174,138,本竹
184,92,本幡
107,54,末上
132,31,満原
104,182,満本
55,20,名雲
157,135,明円
82,164,毛涯
76,88,木植
194,237,木之本
128,176,野玉
104,163,野国
80,86,矢場
196,231,矢森
177,171,矢野倉
110,75,友水
206,213,遊木
103,170,来村
22,183,裏地
203,33,良
181,218,鈴掛
255,252,六崎
0,103,鰐田
215,76,枦本
152,80,枷場
143,231,渕辺
241,243,澤藤
19,120,簑和田
86,146,平迫
92,170,東南
38,220,湯橋
19,84,頭山
225,57,堂西
93,49,洞谷
200,187,道順
93,176,道念
135,52,奈村
232,14,那
219,73,内形
183,65,南湖
23,121,二ツ木
70,217,二ノ丸
0,86,二日市
7,148,日西
61,77,日中
62,46,入学
62,114,播岡
30,218,背古
72,27,梅松
33,13,白駒
38,197,白国
180,123,伴在
113,45,板元
158,215,番井
93,153,尾間
135,32,尾近
199,214,美間
165,31,美好
90,165,附柳
41,68,伏黒
155,71,福広
180,103,平信
32,247,河木
116,63,花部
202,47,荷福
133,56,蚊野
116,114,我部山
184,5,開道
9,235,椛
73,156,寒水
178,133,関永
18,229,関富
215,42,岩黒
207,200,吉ケ崎
253,84,吉谷地
63,172,宮ノ下
228,141,宮高
126,214,宮先
39,146,京川
39,162,近喰
137,220,駒塚
180,82,窪沢
165,98,景
65,254,継枝
7,180,犬尾
250,8,元久
180,232,原品
33,18,源代
132,207,古小高
6,15,古沼
101,234,古武家
10,228,五賀
95,173,五本木
203,66,後木
41,247,江尾
33,137,河塚
226,169,阿崎
173,169,阿地
144,20,芦萱
108,162,芦間
58,191,粟辻
177,237,安司
238,217,伊中
13,119,伊都
57,252,伊嶋
28,168,伊豆蔵
207,149,一心
250,136,一幡
252,158,一林
194,253,壱崎
41,9,右谷
205,239,臼渕
78,248,永武
80,16,益池
171,229,円福寺
176,175,猿館
102,237,塩竃
68,69,塩寺
73,250,奥倉
238,95,横貫
73,96,横場
59,4,岡吉
65,196,岡泉
225,50,岡南
164,199,下唐湊
148,198,加賀江
123,126,加津
151,47,加波
39,226,歌原
113,126,甲斐崎
78,14,守島
58,252,舟
54,73,十字
236,59,重近
230,216,書川
69,68,小ノ沢
49,176,小岩屋
28,79,小見野
24,13,小山石
158,106,小切間
223,35,小浅
174,185,小谷口
100,176,小田辺
235,197,小縄
144,229,小俵
152,247,床田
191,49,松ノ木
233,27,松丘
138,47,樟
248,49,沼内
157,61,上形
176,138,上川内
28,129,上川畑
144,136,上大田
124,5,丈達
97,232,常磐
115,193,信吉
15,55,新土居
99,226,森東
230,108,森辺
31,149,深渡瀬
143,102,神長倉
168,5,須東
48,103,守上
138,2,綱崎
110,171,行光
189,163,行時
99,206,行縄
246,233,高細
243,153,鴻
98,50,合澤
4,46,黒瀧
240,241,今古賀
222,99,今内
114,141,根山
167,104,佐喜
20,226,佐田尾
102,41,坂野上
222,124,桜原
135,3,三ノ輪
159,10,三越
56,78,射延
33,73,室中
187,133,室家
144,121,七五三
83,125,雫田
184,227,鹿野谷
124,138,鹿末
45,69,時広
13,227,時井
132,223,持立
56,140,枝重
101,233,志風
51,106,志間
141,215,市林
222,49,山之井
84,223,山ノ口
107,133,谷松
0,96,谷之口
61,184,淡河
173,47,池富
99,183,竹株
32,180,竹之上
209,143,茶村
42,32,中手
128,60,中常
58,140,中幡
146,78,仲江川
154,250,天良
249,193,田志
249,175,田処
167,76,渡上
24,43,土手下
46,46,土木
204,197,島多
16,197,湯面
177,163,董
102,217,藤守
75,23,道北
122,205,那良
2,243,内永
234,221,内多
46,187,内澤
88,139,二井内
233,49,二角
99,247,日蔭
193,112,日合
203,136,祢宜
172,232,谷宮
170,108,諏合
71,173,須賀野
209,117,垂沢
86,246,数森
44,44,椙浦
10,184,世継
131,171,瀬戸本
200,157,瀬波
106,204,正影
80,118,清正
183,247,石下谷
34,93,石牧
89,247,雪島
34,168,川分
0,143,箭田
194,95,船串
6,203,船守
156,109,船塚
158,57,曽羽
35,149,惣明
28,175,太郎田
115,166,待永
209,210,代々城
69,114,大渓
211,228,大取
105,111,大川畑
176,225,大比良
61,1,滝中
234,94,沢戸
109,224,沢路
0,185,谷久
81,24,納家
97,119,万城
211,149,万浪
191,234,満薗
142,220,箕口
128,188,蓑方
165,182,民輪
73,122,鳴石
30,80,木ノ瀬
23,204,木舟
183,119,門矢
45,182,野極
3,97,野吾
197,106,野曽原
111,233,野茂
150,51,葉柴
137,137,頼経
122,220,頼光
128,228,里舘
173,146,鈴政
111,70,恋田
90,18,六渡
163,218,吽野
152,179,壺阪
249,60,嶌本
204,206,廣津
45,82,楡
7,245,澤江
116,135,籔
118,168,籔田
98,162,蜷木
199,155,贄田
75,255,末繁
185,210,梅橋
65,187,柏俣
207,16,八重島
121,36,八松
197,97,番田
10,82,尾田川
184,53,尾友
221,77,鼻戸
227,222,菱垣
78,20,姫宮
93,99,百塚
108,84,蛭町
249,203,浜小路
100,146,富窪
112,106,浮橋
73,32,浮中
4,172,武光
74,137,蕪
53,180,副
114,118,鮒子田
234,196,米城
165,240,返町
197,82,保竹
197,133,甫坂
153,8,宝島
42,239,峰脇
221,221,朴井
191,128,牧野田
189,146,本土
148,71,麻山
47,103,桝矢
91,154,神喰
11,4,加倉田
88,22,加藤田
37,229,加峰
90,201,嘉賀
177,48,家次
9,138,河和
97,170,垣木
208,72,格和
95,220,角瀬
234,107,笠作
168,119,樫森
222,155,栢菅
157,129,岩窪
122,22,輝
232,247,亀渕
174,46,吉際
173,191,久留生
91,1,宮舘
220,109,朽網
100,253,巨海
41,31,魚島
189,13,橋ノ口
72,93,玉渕
137,64,巾下
46,174,金勝
7,20,金福
254,52,恵崎
199,150,慶山
133,121,兼国
38,28,兼尾
185,219,原下
153,130,加柴
35,216,阿立
194,31,安士
68,122,安地
60,182,夷藤
88,0,井利
220,225,磯元
148,104,一門
175,37,一由
52,40,因泥
116,142,宇久田
252,79,宇留嶋
214,187,羽多
164,129,瓜阪
163,199,栄野
3,245,英賀
171,116,悦田
77,41,越光
37,157,越道
36,48,円地
122,128,遠国
126,37,押坂
179,2,沖館
63,63,下室
101,38,下新原
75,190,下清水
254,99,下大園
190,115,下谷内
184,177,下津佐
14,39,下堂
132,32,加久
103,99,加固
117,192,原畑
76,127,三河内
40,142,三宗
168,110,三笘
151,78,山肩
39,159,山桝
82,73,四十八
150,134,四野見
96,49,市ケ谷
214,48,枝崎
200,196,滋田
248,151,柴引
218,229,柴立
235,193,芝吹
11,82,釈迦堂
178,224,女ケ沢
222,105,小鯖
247,26,小曾納
11,180,小袖
10,72,小洞
141,242,小畔
219,40,松鳥
193,54,松鶴
250,131,松邑
114,204,松立
180,31,上垣外
220,146,上中野
129,119,常喜
1,55,植尾
52,113,新条
33,195,深森
4,110,真垣
49,236,三ツ田
245,119,玄海
21,137,玄場
212,148,古達
27,26,古土井
164,218,古峰
207,106,戸国
53,244,戸野本
68,85,五十右
21,1,五艘
31,21,後東
24,145,孝岡
46,113,孝子
147,88,江岡
17,207,江岸
153,113,甲部
56,81,行藤
161,40,高磯
233,142,高榎
69,153,高奥
167,51,高先
48,142,高千穂
170,48,高都
245,128,国下
173,252,今度
253,70,佐間田
67,171,佐名川
177,205,左村
86,76,細畠
254,173,坂浦
181,116,堺本
199,97,札
92,243,田材
113,220,田吾
144,223,天正
221,100,鼎
32,90,碇屋
239,45,鶴喰
229,219,塚形
203,150,椎村
108,186,津代
9,33,長瀧
210,168,長越
140,150,朝夷
34,22,猪ケ倉
39,91,中関
146,204,竹富
22,176,竹一
81,62,池宗
153,173,渡慶
229,43,登地
255,172,土釜
16,73,土切
237,142,土池
64,197,嶋名
229,166,投野
45,133,東舘
147,50,東山崎
198,12,東小薗
119,184,棟形
9,95,藤又
37,19,堂福
191,141,堂林
46,123,道藤
155,165,徳生
81,231,徳廣
249,58,那智
9,141,菅浪
111,112,世登
65,74,瀬理
229,83,生塩
150,142,盛藤
86,109,西台
134,103,石船
178,201,跡上
31,247,千福
191,88,川福
25,76,川野輪
4,34,前池
180,179,善甫
123,42,総
206,89,蔵森
153,4,蔵部
129,250,側島
43,24,村塚
54,123,太田喜
183,188,太良
48,79,替地
190,1,泰道
147,62,大河平
31,97,大梶
65,86,大迎
139,101,大見川
147,57,大黒屋
27,239,大出水
214,46,大石田
188,152,大鰐
79,15,鷹屋
108,167,谷古
242,63,谷城
140,157,谷定
3,214,谷風
162,181,二茅
83,134,法野
129,76,北宮
87,101,北之防
16,177,本領
242,175,俣江
221,56,箕山
114,206,箕嶋
44,181,名智
206,90,明正
187,237,面屋
46,238,網矢
85,191,木枝
244,241,門ノ沢
104,243,野ケ山
83,3,野賀
57,49,野邊
122,245,矢柳
37,131,柳父
62,198,柚井
201,225,遊橋
9,3,葉原
154,31,浴野
41,2,立堀
119,15,留河
135,194,梁池
197,168,麗
115,58,蓮仏
187,111,露峰
28,12,和倉
41,214,國安
59,2,澳本
22,216,籠本
90,206,舩木
231,173,鰕沢
152,124,鱸
32,186,廿日出
125,138,日岐
222,174,日恵野
146,218,祢占
244,32,波崎
123,119,幡上
234,179,八ツ繁
134,171,伴仲
137,87,帆谷
207,86,板金
27,229,板矢
27,194,繁光
228,59,釆女
212,161,飯束
119,252,番条
71,66,飛澤
81,191,備藤
85,239,尾ノ井
6,50,尾地
124,88,尾部
227,247,鼻和
106,16,彦山
106,182,浜治
1,230,浜門
229,15,布下
25,90,布元
124,104,布広
162,30,斧山
237,99,浮気
173,79,風林
38,141,福守
81,219,福呂
47,240,平重
85,164,保志場
109,12,法土
175,162,灰本
119,45,茅切
23,165,巻本
159,41,間室
253,148,間柄
176,28,関久
140,88,丸形
142,12,丸小
13,48,喜楽
37,203,亀津
86,138,吉若
32,223,久乗
104,100,弓庭
121,26,牛水
64,152,居神
29,219,橋見
85,225,玉串
45,108,近常
68,229,金和
153,177,熊瀬川
255,22,桑園
53,137,君川
212,46,計
145,182,結縄
18,208,兼西
4,125,兼房
148,63,犬嶋
67,226,絹山
69,213,庫田
65,59,戸床
25,253,戸毛
92,209,五十嶺
80,180,五内川
24,22,口分田
21,196,幸川
222,34,阿部野
214,15,芦尾
117,129,鮎澤
184,26,安宮
19,17,安黒
75,49,安次
245,106,安随
143,41,伊黒
111,63,伊石
191,135,稲松
246,231,因藤
187,65,宇草
184,50,鵜生川
82,32,丑沢
98,195,影田
95,64,園畑
149,195,奥土
28,139,王井
146,32,岡広
139,155,岡登
60,49,岡富
83,31,岡北
146,152,岡脇
103,85,音丸
31,133,下越
105,70,下仮屋
211,27,下風
206,27,仮屋薗
141,226,加舎
100,231,加世
25,92,家喜
57,8,家形
20,46,賀佐
152,53,賀上
234,199,海蔵
250,114,幸林
123,194,集貝
173,62,重沢
152,123,重末
159,30,出端
28,2,春島
217,188,助友
227,251,鋤本
199,99,小橋口
148,242,小軽米
183,147,小指
168,81,小西池
181,70,小川名
168,194,小納
202,53,上ノ薗
235,190,上吉川
57,241,上念
128,180,城福
46,160,常永
195,119,埴谷
44,217,植園
42,183,植苗
57,131,信重
235,67,新舟
112,79,森生
0,232,真上
184,209,真倉
19,48,真利子
119,58,須波
174,87,吹本
177,211,水洗
69,35,杉吉
162,214,杉枝
44,253,杉之尾
206,52,菅岡
182,206,菅居
141,167,恒遠
2,67,荒籾
112,37,高亀
231,196,穀野
207,219,黒氏
177,9,黒杉
175,217,黒太
99,47,紺頼
246,45,佐々山
156,25,佐滝
134,55,砂見
133,218,在川
30,49,薩
254,158,三賀
214,205,三鈷
119,59,三津原
216,197,三淵
233,144,山居
64,225,山懸
150,249,山黒
204,213,山田谷
38,114,山同
13,115,志道
42,130,糸見
31,180,紫関
203,201,寺光
105,71,寺方
68,42,篠畑
192,136,芝塚
204,58,射手
33,251,車崎
183,105,朱田
126,95,珠久
233,233,秀浦
127,29,秋長
160,95,長生
92,43,長ケ部
7,230,張戸
43,32,仲盛
89,12,中社
76,95,中国
229,64,筑比地
179,254,竹根
135,72,竹股
70,118,竹ノ上
69,28,池乗
9,36,池庄司
127,159,池井戸
104,173,端田
175,39,丹澤
101,198,谷内山
193,179,谷黒
121,136,津井
168,161,栂村
155,174,蔦森
158,170,鶴亀
195,22,邸
241,71,鉄穴
82,191,天王寺谷
39,102,伝谷
134,159,田井野
255,204,田越
161,215,田金
223,144,田戸岡
215,83,田鶴
101,221,田野実
114,207,渡野辺
188,21,怒和
162,217,唐金
51,28,唐原
117,146,棚岡
143,192,瀬出井
210,63,勢戸
11,60,成林
139,157,政森
54,61,星倉
152,130,星野谷
190,111,正地
78,46,西増
80,202,西亦
178,51,西野宮
48,171,西野目
206,199,西柳
135,244,西裏
52,88,斉脇
51,91,石灘
197,57,石峯
221,207,石名坂
246,160,赤佐
145,203,赤宗
226,238,赤楚
127,220,前根
214,107,膳亀
240,236,双田
4,108,槍崎
114,58,草西
151,245,則兼
51,184,孫野
25,165,多田井
208,142,大上戸
57,66,大入
153,125,大廣
146,160,鷹家
235,191,鷹崎
54,30,瀧村
238,6,只津
232,96,北場
5,215,北富
33,90,北目
153,185,牧沢
201,24,磨井
120,245,満富
8,82,味志
191,87,箕村
205,213,明川
29,233,茂又
133,103,木戸間
49,238,木太
67,155,杢屋
63,159,門園
73,130,野妻
37,78,野日
110,54,矢儀
245,6,矢嶌
108,203,柳清
78,36,柳辺
0,121,柳木
7,15,鑓野目
191,2,柚村
25,252,雄山
101,217,頼広
210,147,里脇
206,157,立古
9,176,留守
200,16,林出
232,173,老山
125,228,國松
58,222,壺坂
251,114,柞山
52,193,檜和田
178,153,條
187,227,北一
175,119,堂阪
219,34,道関
231,6,峠下
247,220,徳善
31,8,奈加
251,165,二河
217,205,日ケ久保
112,90,播谷
186,9,波越
156,162,波入
225,236,白椛
148,213,迫水
41,147,半渡
179,90,板谷越
64,14,比山
208,234,飛奈
49,10,樋尻
151,166,尾岸
137,165,尾造
14,38,美濃川
65,152,彦阪
46,144,表口
148,88,品原
4,254,浜森
206,151,富屋
46,108,福正
25,64,福有
80,84,扮
248,14,壁村
185,183,片ノ坂
98,17,片芝
155,208,片矢
247,81,菩提寺
134,96,法兼
203,70,蓬台
148,57,角光
189,20,樫下
72,150,橿尾
74,21,鴨池
252,254,茅沼
112,92,干
160,183,諌本
161,254,関町
142,41,亀浦
77,175,亀若
189,139,吉野谷
204,56,吉廣
127,208,宮滝
216,84,弓掛
135,55,給田
71,2,牛口
190,138,巨勢
172,248,京須
239,109,橋羽
152,248,橋森
181,196,鏡田
7,58,琴野
213,237,金ケ崎
200,197,金栄
25,3,金柿
81,26,金満
58,148,櫛木
180,70,隈原
171,71,形田
124,34,月坂
31,107,建井
31,75,元屋敷
189,5,元氏
154,129,元塚
104,149,原水
92,210,角花
214,116,安守
159,198,伊古田
71,27,伊多
98,209,伊與田
70,7,井殿
150,153,磯角
151,172,磯原
39,15,一ツ松
229,59,一筆
157,215,一富
254,94,印
148,165,蔭浦
159,224,鵜野沢
241,18,浦方
116,240,榎津
71,100,園畠
21,80,延江
202,104,遠塚谷
97,227,鴛淵
117,1,奥垣内
24,8,奥野木
90,159,恩智
93,223,音村
214,197,下関
157,75,下成
93,131,加
212,37,加代
173,40,河目
234,167,火口
116,118,花北
159,54,雅
227,203,海戸
179,165,貝守
20,146,外門
38,198,垣生
29,98,時武
250,216,爾見
13,36,篠辺
169,199,車地
91,248,若吉
23,13,守橋
147,183,手嶌
54,154,宗元
13,187,宗万
204,232,秋戸
216,56,舟場
163,126,舟尾
106,30,十津川
232,161,十和田
148,21,戎屋
182,229,出淵
57,148,春海
8,142,勝良
210,50,小知和
216,28,小野上
105,151,松海
53,57,松嶺
188,142,梢
237,102,沼村
211,102,上鵜瀬
26,10,上温湯
126,19,上神田
245,54,常原
212,73,織裳
82,157,新井川
77,205,森棟
91,155,深港
230,15,真喜
73,69,進村
46,43,水道
209,214,士井
24,132,古月
108,100,戸北
30,102,虎口
69,139,護守
2,186,光信
147,171,光長
33,97,光冨
230,76,向阪
142,229,向坪
243,251,幸岡
126,62,康原
186,4,香河
70,200,高津佐
13,204,合掌
163,183,国尾
69,72,黒屋
99,9,黒枝
159,238,黒長
56,59,佐下橋
217,50,佐古井
5,122,佐々尾
141,197,佐沼
156,87,佐舗
88,155,砂越
206,55,妻野
76,35,阪井田
97,101,崎濱
119,160,笹竹
249,52,三大寺
219,192,山下部
151,204,山国
205,170,山取
23,48,山砥
144,44,山鼻
3,103,四郎丸
19,134,斗内
139,165,塗谷
220,209,田並
37,0,天保
10,154,天ケ瀬
142,136,鉄羅
191,79,坪野谷
248,240,辻堂
16,155,辻真
246,78,椎林
240,157,朝村
134,154,中払
253,85,竹知
236,228,池地
164,193,池杉
205,46,池主
100,158,地藤
11,27,谷家
37,17,島先
100,138,嶋木
232,35,東照
204,31,東馬場
112,9,藤王
38,17,藤東
61,221,藤来
95,153,堂河内
163,152,堂谷内
207,129,道信
58,147,銅山
218,199,銅直
187,26,栃折
225,1,苫野
227,195,内屋敷
172,69,南宮
91,58,南向
65,228,楠下
7,201,菅能
107,152,是井
31,183,成房
177,11,政宗
83,30,星長
207,240,正源
181,121,生源寺
142,108,盛根
224,38,西屋敷
148,20,西清
221,178,西立野
49,11,青梅
156,222,石住
240,185,雪上
0,0,千貫
62,64,千装
23,252,千歩
55,107,川田原
205,222,川奈野
64,254,川門
62,6,組谷
34,137,倉町
231,84,蔵城
160,135,村佐
197,240,村並
197,87,多田出
144,113,太期
225,40,太山
116,130,太尾
199,241,太布
106,137,泰間
140,101,大篠
157,123,大杖
61,124,大津谷
251,35,大囿
49,252,竪野
192,165,楠神
93,245,蜂
85,224,望岡
205,103,北阪
30,70,北泉
72,110,堀栄
198,252,本中
72,46,名郷根
157,74,名口
112,8,名子
59,214,木ノ元
31,120,木吉
63,4,木佐一
149,223,木阪
15,68,野涯
216,36,野岳
28,65,野馬
242,245,野萩
97,12,矢田谷
84,115,矢留
69,140,由衛
198,224,由岐
68,170,遊免
223,194,淀瀬
70,245,来生
187,192,里島
97,223,立垣
218,111,立身
103,95,留奥
68,209,良峰
18,234,林郷
111,136,林辺
172,193,六原
14,110,峪口
245,62,杣
86,193,澤邊
247,129,饒村
192,80,日上
212,50,日野田
2,170,能木
112,130,楳本
241,174,買場
43,27,白馬
92,120,箱井
206,149,幡川
55,217,畠添
161,49,八亀
8,213,鳩崎
245,127,繁富
254,159,樋沼
221,33,美園
119,72,桧和田
127,155,百合本
177,49,品地
180,102,富元
223,235,武雄
107,231,伏山
68,88,副枝
196,48,福喜多
152,146,分野
88,123,文字山
128,161,平康
248,81,平脇
205,229,米蔵
90,17,碧山
15,135,片岩
57,143,返田
66,170,保山
4,163,補永
31,199,宝子山
152,216,宝示戸
159,144,抱井
21,31,芳倉
47,24,杉瀬
198,153,外越
27,145,垣井
86,171,柿坪
142,23,関河
175,178,館坂
245,152,岸浦
29,115,岩生
237,203,岩富
6,194,喜多尾
106,35,幾見
9,184,旗生
1,245,祈
183,29,亀森
135,173,義原
20,42,吉清水
36,153,吉和
187,128,久恵
51,180,久保坂
172,11,久保塚
228,215,久木留
151,140,魚
31,163,橋階
27,39,橋辺
84,48,興山
131,192,郷之丸
172,178,玉貫
199,181,熊取
138,133,熊中
83,90,隈川
151,250,鍬野
166,132,恵南
121,189,慶
246,43,繋
177,125,月脚
8,198,建元
228,126,権上
180,194,愛葉
110,67,葦田
186,191,伊五沢
122,185,伊佐見
187,6,伊柳
144,143,異儀田
156,193,井手原
138,17,井星
136,207,一鍬田
120,151,印出井
0,191,蔭谷
234,237,宇沼
11,255,宇吹
39,163,宇坪
25,211,永井野
42,50,益塚
171,199,延寿
43,213,遠海
53,12,塩水
201,252,奥州
148,196,奥信
74,179,岡道
18,153,荻根沢
71,178,下賀
250,59,下津曲
237,161,加羽沢
49,22,加々谷
160,188,加庭
198,180,加茂下
217,106,夏海
155,249,家吉
233,26,河喜多
133,219,稼勢
158,185,華井
5,42,海福
147,112,外浦
119,111,源口
196,160,寺社下
75,45,寺輪
64,206,時藤
181,29,治部田
66,87,室坂
221,126,若浜
148,199,手鹿
222,125,秋藤
118,229,重坂
77,230,重西
163,89,重茂
21,61,小旗
164,124,小春
252,241,小早瀬
184,192,小田根
222,253,小葉松
107,34,小篭
245,125,昌谷
89,87,松葉口
162,189,松嶌
51,142,沼賀
91,2,沼袋
118,79,鐘撞
61,195,鞘野
139,240,上郡
107,134,上之山
3,195,城木
79,186,常行
59,148,常徳
1,166,浄徳
17,163,植浦
224,94,植沢
205,235,信坂
180,169,真村
29,24,真野目
224,73,数本
236,69,古城戸
7,35,古暮
91,47,戸野部
228,143,狐崎
106,132,呉原
144,196,呉林
150,24,御囲
0,54,交野
113,137,公庄
212,52,向井地
112,239,康村
78,232,江内谷
116,64,行俊
151,153,高栄
210,64,高間木
121,190,高金
246,84,高植
97,31,高楠
223,79,氏林
85,185,氏永
84,26,四ツ田
130,49,三佐川
99,115,三永
232,164,三ツ屋
141,97,皿良
207,167,札内
131,40,笹峯
182,95,鷺原
207,100,細波
91,226,済川
127,62,左居
217,211,左右木
239,225,佐々布
67,96,根比
245,98,昆布
142,224,高茂
244,137,花俣
221,37,海方
17,62,海老子
185,47,垣東
230,249,角内
216,69,梶上
224,30,梶藤
84,175,割鞘
118,174,釜島
255,250,苅安
121,151,巻下
55,244,貫和
146,94,喜嶋
161,174,基村
6,240,希
51,219,亀園
50,76,亀坂
40,238,義則
200,205,吉海江
38,136,吉目木
114,35,久蔵
94,86,久保浦
24,224,久保西
128,106,久湊
25,72,宮首
221,131,宮嶌
15,245,魚躬
125,233,花淵
68,199,河知
128,59,嘉津
207,24,可世木
14,175,加葉田
5,222,加見
204,33,下田中
109,217,下込
53,90,乙供
164,116,桶口
53,235,岡花
70,140,遠谷
73,65,永多
219,126,永杉
241,13,羽良
139,35,羽場崎
249,226,蔭木
61,8,印口
100,216,一本鎗
182,76,一星
219,104,井ノ元
202,237,為成
203,1,伊折
133,188,伊盛
32,11,安部井
55,36,芦埜
73,206,阿津沢
250,51,土喰
227,39,東滝
30,212,東頭
235,221,当銀
93,91,藤口
174,239,豆生田
76,15,堂尾
158,42,道盛
120,46,橡尾
232,193,奈良迫
251,72,内見
232,167,楢舘
41,105,楠亀
97,213,二ツ橋
22,128,二枝
107,145,二又川
182,178,入間田
125,120,能勢山
104,144,波川
250,34,波頭
103,198,拝田
172,116,白久
175,76,迫平
116,198,箸本
210,206,八月朔日
71,17,隼瀬
135,0,帆士
209,232,飯口
109,75,磐田
182,247,樋之津
242,90,多田納
247,236,対尾
224,29,大椙
195,144,大曽
243,4,大明
18,116,大木島
238,215,瀧石
148,52,宅石
107,230,宅田
191,153,達脇
192,253,竪道
153,0,谷岸
24,150,谷孝
185,56,鍛示
117,30,地頭園
179,239,竹清
6,117,竹生田
108,54,仲戸
100,209,猪下
93,12,勅使
18,138,津間
70,72,津梅
78,165,槻山
57,16,辻ノ内
82,155,坪屋
139,173,定形
163,212,田知行
133,225,田之口
144,35,菟原
60,97,土開
101,99,毛笠
162,102,網蔵
182,236,木勢
203,251,目賀
191,90,目戸
232,127,門阪
206,248,野津山
33,221,矢須
168,48,柳坂
238,127,友実
75,59,有熊
106,241,利見
175,68,里木
71,38,龍神
248,75,嶺本
15,65,老谷
162,75,和泉谷
71,55,和村
39,54,脇迫
31,26,蕨岡
30,61,國見
30,163,國島
175,69,垰田
21,39,嶽下
53,17,槐
231,183,渕原
37,61,澤出
196,227,濱畑
42,173,袰主
4,148,陌間
121,229,尾込
250,236,美頭
0,211,髭野
106,177,桧本
192,254,蛭牟田
107,77,夫
45,218,風神
6,11,幅岸
38,26,仏崎
215,143,文平
144,72,平末
231,135,米積
65,129,峯森
197,90,法本
224,188,豊森
96,58,坊坂
176,108,坊上
10,42,北下
100,156,北峰
146,36,北明
235,70,本越
116,137,本瓦
123,28,本出
39,103,槙井
32,138,万里
64,99,蓑浦
59,36,牟禮
216,153,名地
14,136,名迫
175,24,明谷
231,104,村場
73,45,黒明
50,64,今寺
120,4,今脇
158,167,根倉
188,135,佐越
186,20,佐賀山
196,173,佐藤根
202,156,左部
239,198,座親
31,82,才口
95,157,在木
36,6,坂谷内
187,8,鷺島
141,96,三潟
85,15,三栗谷
138,155,三舟
179,91,山合
145,113,山植
100,191,山裾
232,249,山荘
176,62,仕黒
33,201,市下
144,108,志気
250,246,志堅原
114,205,志渡沢
104,237,紙崎
146,173,寺辻
106,75,鹿嶽
5,175,釈永
223,139,手間本
211,38,京嶋
149,174,近道
19,156,九田
86,28,駒原
129,94,沓内
90,227,渓
131,79,畦上
135,113,結
15,107,月見里
205,236,見木
183,196,元脇
232,185,古姓
232,115,古代
153,232,古宅
33,44,戸澗
103,37,五野
38,22,幸嶋
103,50,構井
108,75,耕野
114,73,荒澤
93,154,行貝
72,3,行場
73,77,行野
80,188,高三
104,77,高棹
195,167,轟原
221,230,国好
175,35,国仙
206,255,国峯
144,81,黒阪
94,251,瑞
226,233,杉ノ原
109,34,星村
44,144,星野尾
38,218,栖川
125,68,正瑞
28,96,正徳
157,140,正部
251,220,清水石
34,58,清杉
254,35,西垣戸
35,219,西紋
171,136,西濱
216,166,青藤
119,208,斉部
145,171,石根
157,84,赤代
142,86,仙福
163,188,千速
134,97,川羽田
48,136,川浜
231,155,泉二
142,198,箭本
178,225,前倉
100,239,前木場
209,168,倉脇
211,92,惣川
158,145,相須
160,37,袖本
120,103,村若
160,156,戎子
142,113,重平
125,190,初井
205,6,初島
222,189,初又
0,100,小竿
5,124,小水内
221,15,小土橋
51,255,小奈
216,22,小保
36,229,松茂
97,132,樟山
18,250,上溝
195,44,上長根
163,191,上東野
20,236,常重
26,114,織金
9,129,織山
59,17,織田島
191,132,織辺
31,177,新井野
205,65,新河
11,112,新東
138,82,新敷
143,190,真手
213,244,神笠
208,104,神鷹
231,14,仁禮
211,82,須志田
4,178,水脇
219,160,谷延
99,224,辰沢
130,184,沢間
11,81,宅原
195,19,瀧内
236,224,滝野沢
127,167,滝日
140,69,大平落
115,54,大景
26,12,大鎌
68,104,対田
156,210,打本
46,139,太尾田
12,6,他谷
137,154,続山
111,31,草崎
166,178,草岡
173,18,倉留
103,8,倉場
130,111,素川
194,227,曾和
188,191,谷東
142,164,谷淵
255,226,丹木
125,103,中郁
47,169,中才
181,7,中小田
37,168,虫本
12,97,潮木
110,237,長雄
154,187,陳場
224,35,津中
82,135,天神林
168,204,殿崎
175,87,田古
185,168,田底
30,29,田那辺
86,24,登崎
234,80,登日
121,176,冬室
112,63,塔野
64,125,湯田平
115,207,薦野
4,22,松岩
44,87,松木園
48,0,鐘尾
223,47,上夷
108,93,上宇都
195,110,植上
180,204,新井谷
3,203,新楽
63,71,新久
95,245,新豊
7,122,新實
167,65,森冨
96,94,真狩
118,138,神領
51,164,仁坂
159,247,須鎌
180,155,雛田
166,95,杉水
138,39,杉前
151,88,瀬楽
62,100,畝岡
30,125,正根寺
182,132,正川
83,20,正島
192,202,正満
31,231,生魚
53,28,生玉
253,142,西ケ野
80,201,西芝
225,245,西雄
93,119,西連地
6,47,青枝
247,151,青西
129,46,斉場
76,167,石前
124,154,石鳥
220,143,赤羽目
90,234,折
38,160,千知岩
120,35,川石
75,17,川端下
31,142,浅瀬
98,225,藤乗
252,218,北部
232,59,北邨
74,191,堀澤
28,141,本浪
89,254,槙口
155,206,末下
220,223,万江
224,64,味呑
197,129,蓑谷
146,75,名桐
227,13,綿内
88,240,茂津目
63,168,木闇
187,144,餅川
75,222,門名
31,59,野市
126,29,野田口
18,63,弥政
30,32,矢賀部
62,50,役田
156,57,柳津
194,129,友好
92,224,遊部
33,105,余根田
68,184,余西
21,164,嵐谷
80,205,裏辻
25,117,立切
66,165,力安
97,186,輪千
143,150,嶺野
125,85,六鎗
182,245,六辻
224,189,脇黒丸
34,247,鷲岡
7,107,實川
26,39,枡沢
208,167,檜佐
31,29,櫃野
135,46,潘
116,243,祓川
160,116,臺
77,113,棒谷
178,15,藤滝
36,191,藤和
176,211,堂城
174,252,徳持
5,148,徳和
36,165,奈須田
28,195,那和
44,193,灘吉
22,85,二坂
35,66,猫本
242,148,農中
104,116,波賀野
224,96,派谷
190,23,背戸田
202,99,梅堀
217,235,白枝
38,61,粕加屋
170,220,八柄
201,105,番所
51,126,比留田
236,104,樋ノ口
33,92,尾古
11,33,尾子
179,154,美船
0,112,蛭子谷
194,131,富士井
28,54,冨倉
12,131,冨来
168,117,布木
251,190,伏貫
226,222,平緒
25,114,平得
92,182,保家
40,100,甫仮
171,38,補伽
105,214,穂戸田
13,195,穂田
172,8,宝里
158,6,峰久
221,61,峯重
73,138,峯木
128,243,豊間
89,136,松陰
86,18,撹上
159,127,角頼
239,195,岳原
175,20,岳川
54,248,梶沢
177,102,梶芳
158,18,潟永
27,53,釜渕
238,158,茅山
167,126,刈茅
148,22,刈米
203,35,幹田
41,39,竿田
60,185,竿本
100,62,岸見
75,180,岩穴口
53,233,岩持
130,196,岩宗
105,145,喜早
110,15,喜沢
197,164,義若
182,55,蟻田
198,182,吉秋
209,201,久継
128,216,久保敷
154,72,宮浜
26,232,牛迫
233,170,魚路
172,4,興田
6,235,尭
232,182,錦木
37,220,金河
96,172,金只
141,111,金砺
94,133,金万
235,94,隅屋
237,214,沓川
136,216,熊高
24,134,桑森
161,25,郡家
75,154,恵畑
74,160,畦内
104,220,柿林
190,193,茜
135,226,悪原
206,163,飴井
226,150,安栄
70,111,伊保内
91,147,為沢
35,141,井腰
56,70,井実
241,61,井登
25,102,井堂
50,244,井箆
211,242,井俣
80,8,磯木
168,53,一之谷
52,255,稲荷田
214,44,右藤
40,146,宇賀持
81,142,宇津巻
197,122,宇津原
54,41,宇渡
101,69,雨甲
171,112,雲出
91,105,雲類鷲
77,63,栄原
46,68,永泉
128,195,詠
4,78,益城
235,73,越浦
215,36,越坂部
35,208,堰沢
221,138,塩江
135,54,塩梅
1,226,横藤田
65,26,沖屋
55,235,沖平
19,121,乙崎
217,45,下境田
27,121,下嶽
159,50,嘉生
222,37,河畠
170,225,会原
53,68,垣渕
91,35,計屋
157,101,桜下
154,42,笹館
186,71,三光
98,52,三澄
49,9,三本杉
118,180,山久
57,215,山次
32,142,市脇
177,21,志津田
232,141,志民
96,74,指村
57,129,枝常
68,9,獅子倉
232,98,紙村
101,3,寺次
45,36,七久保
170,164,実兼
247,144,篠尾
190,235,射庭
71,33,謝名堂
193,222,若嶋
254,228,守木
84,15,手取
139,60,朱山
196,74,酒林
121,76,宗永
198,53,重白
5,73,宿屋
252,8,縮
200,216,出丸
215,254,出良
122,250,春日谷
220,120,助広
193,255,勝城
47,70,勝冶
159,117,小儀
126,178,小宗
241,195,小松山
69,91,小中野
96,34,小豆島
87,164,小武方
194,254,尚和
87,157,坂輪
181,106,桁山
219,231,兼杉
72,102,兼瀬
206,233,犬亦
171,44,見吉
142,122,見元
16,77,元矢
100,232,原西
159,226,原林
11,162,源元
94,210,源氏
129,88,源藤
240,39,古井丸
224,176,古迫
37,99,戸賀瀬
95,209,戸間
24,15,戸口田
82,120,戸恒
58,200,戸部田
70,169,湖口
143,170,胡口
161,149,坂辻
15,43,坂松
113,74,菜畑
21,34,砂土居
14,157,左近允
99,174,佐部利
29,175,今正
56,148,今垣
51,234,合庭
215,3,高天
43,214,高手
119,197,高畦
137,243,行宗
50,20,荒倉
6,22,広芝
63,211,幸泉
117,85,幸光
72,158,公原
166,216,御座
151,184,五木
212,72,五幣
237,153,禎
90,115,貞谷
171,79,鶴石
15,2,坪見
10,138,辻角
9,231,辻垣内
52,178,直村
54,253,長太
142,170,長根山
7,60,仲達
123,0,中堤
215,212,中澄
34,253,中砂
183,210,竹牟礼
121,185,竹枝
168,0,地頭江
239,93,地代
111,204,段本
200,159,釘嶋
95,117,天ケ谷
137,191,田片
189,156,土斐崎
45,112,怒賀
211,118,島辺
156,22,嶋吉
97,249,嶋添
124,117,東日
224,54,東泊
185,224,桃尾
184,151,道仙
40,195,徳正
155,150,徳木
135,36,奈切
246,220,鍋川
233,64,南石
233,102,南武
151,99,日改
19,253,端無
244,57,瀬元
134,195,瀬分
69,56,成影
140,65,星元
169,165,正見
86,178,清水上
46,28,生村
183,100,西廼
155,226,西美
122,44,青代
79,39,斉内
2,64,石家
217,254,石長
27,63,石邑
217,74,赤泊
185,49,仙敷
100,76,千釜
167,11,船口
176,194,船積
5,232,前後
206,230,倉館
109,36,相村
30,82,蒼
129,77,鎗野
118,179,村河
40,20,村土
181,229,多幡
72,202,打道
134,160,大佐
83,23,大鍋
130,20,沢松
31,18,竪谷
49,248,谷守
194,6,樽口
175,44,樽美
97,212,淡井
86,254,淡川
188,29,保正
151,220,保津
218,17,芳司
28,19,萌出
164,143,本武
22,56,桝元
149,250,麿
11,26,万膳
169,72,満川
251,110,満谷
109,24,味噌
184,140,名
156,201,綿島
224,2,野垣内
224,127,野付
239,232,野別
188,196,野々原
58,171,弥勒
254,196,矢ノ口
222,17,友政
242,232,有津
240,78,祐森
4,164,与世田
2,208,与猶
253,179,藍葉
42,44,利谷
104,228,李家
152,205,練生川
109,11,和貝
85,92,和志武
56,20,傳
220,103,國谷
241,90,圓藤
34,27,櫻澤
224,166,礒井
221,236,肆矢
46,107,萬野
209,221,保見
166,17,日東
126,208,日迫
197,142,日野山
75,229,如沢
231,249,埜沢
165,195,納藤
152,119,波柴
195,222,梅辻
42,155,梅邑
176,134,白窪
192,34,白迫
162,176,迫城
231,47,櫨木
162,8,八ツ井
82,223,八条
114,172,八武崎
111,85,鉢木
160,81,板楠
37,247,板部
86,101,畔原
209,24,範国
209,248,飯住
217,194,飯名
157,39,美奈
175,168,百富
1,89,百冨
120,199,俵迫
118,170,品沢
100,234,浜重
60,184,冨賀
101,179,布垣
101,111,武蔵野
0,14,風呂迫
0,206,分林
79,57,平埜
26,195,別司
120,134,辺
184,60,水篠
193,225,家根谷
188,88,河嶌
18,149,花口
240,179,蝦原
2,37,海見
79,126,海治
197,114,海陸
218,236,貝畑
146,15,外浜
134,60,垣地
139,245,柿園
16,14,角保
15,156,掛樋
105,207,橿本
20,10,鴨打
242,204,管井
50,118,間塚
64,224,間明
154,234,閑田
178,59,岩長
167,32,旗本
178,209,旗野
11,241,吉馴
219,242,吉國
130,96,久我谷
243,8,久元
85,178,久水
73,247,久田見
102,253,久保嶋
1,141,宮尻
96,28,宮毛
2,166,曲谷
79,206,錦部
27,58,金湖
174,56,熊須
46,75,慶田盛
134,21,健
205,32,夏賀
57,1,阿野田
131,158,旭野
96,253,梓
59,187,綾川
105,85,鮎ケ瀬
190,2,粟田口
172,153,安則
127,38,安辺
96,180,伊形
84,142,伊戸
101,95,伊良
223,140,伊豫
227,127,為平
157,91,井賀
137,91,井桜
194,55,磯端
118,17,稲実
41,176,稲里
11,157,羽江
114,226,雲津
131,117,永地
10,226,越名
73,157,榎薗
173,197,円光
129,71,猿舘
73,109,猿丸
129,195,遠畑
229,49,塩家
142,205,於曾能
185,27,往田
2,6,横上
137,106,横銭
157,72,岡名
198,157,荻荘
1,179,下敷領
139,70,下簗
231,170,可香
118,21,鴫山
114,178,鴫野
47,182,芝高
189,234,若王子
150,56,若名
166,124,秋井
178,234,十野
134,245,重河
130,106,重竹
238,125,楯川
144,146,助光
190,182,小阿瀬
156,140,小永
59,164,小机
173,55,小笹山
187,95,小瀬沢
160,115,小田沢
66,119,小柄
186,69,小野松
12,157,小矢野
36,82,小籏
108,91,上海
238,225,上宮田
41,137,上砂
165,17,上松瀬
71,64,乗鞍
116,111,城座
3,26,城迫
222,244,杖村
222,14,植津
238,214,信部
173,90,新酒
38,231,人山
202,94,須加崎
114,249,須栗
101,251,水安
244,243,水河
132,46,鹿井
249,213,建野
70,18,硯川
38,76,見戸
65,25,見取
250,91,見鳥
82,62,古田部
94,126,戸柱
233,16,戸町
55,44,五味渕
48,138,御厩敷
88,60,御宮知
105,67,広方
190,94,恒屋
228,103,荒古
203,133,国長
109,26,込谷
204,253,佐鹿
36,111,佐谷戸
132,53,砂尾
238,175,治村
64,83,時野
211,37,時庭
49,105,寺奥
23,143,児谷
16,60,児浦
128,91,四国
24,112,四栗
48,185,山矢
46,105,三郎丸
82,250,三簾
17,105,三木原
40,62,三摩
103,45,三沼
34,31,笹方
212,137,坂水
163,19,細澤
40,122,細水
251,97,唐木沢
188,61,唐司
92,11,刀谷
170,37,土口
18,150,土見
31,145,渡戸
67,159,塗矢
154,14,田能
75,15,田埜
233,88,田津
71,30,田組
72,56,田篠
197,158,笛
192,113,鶴蒔
203,210,辻之内
220,42,勅使瓦
71,70,鳥瀬
196,15,鳥集
62,70,頂
92,31,長土居
157,14,長谷波
149,91,町上
135,150,朝久
221,169,東永
161,60,東川内
47,52,東度
249,55,東富
45,132,東風
232,89,東房
45,110,棟朝
241,219,当金
143,101,筒川
96,18,藤宗
177,153,藤明
186,148,鐙谷
208,140,堂腰
58,101,堂川
241,104,道庭
132,253,徳和目
117,6,内窪
214,6,内津
56,118,南屋
100,144,南江
68,65,楠畑
76,28,楠八重
71,234,二挺木
54,148,仲重
58,144,水光
111,52,水向
68,218,水師
133,28,水端
0,20,杉阪
48,245,世並
159,47,瀬戸谷
208,238,是恒
121,121,勢能
113,255,星賀
168,208,正角
58,11,生間
188,110,声高
140,133,西花
166,145,西喜
95,214,西中村
224,49,青波
83,37,石指
16,39,切詰
214,40,節政
191,10,千代原
44,104,浅畑
116,110,薦岡
244,193,前窪
14,188,前内
163,147,祖開
80,35,霜下
172,140,蔵迫
35,9,村家
163,168,多加谷
150,25,多野
212,68,太谷
57,38,太郎浦
196,237,駄原
239,14,泰松
60,148,大天
50,206,大呑
91,218,大木田
91,230,鷹西
239,137,谷繁
83,22,樽屋
70,221,地蔵堂
111,208,池高
146,129,築舘
213,47,中曾
182,218,中萩
14,28,本森
222,42,本東
176,226,麻和
96,77,末守
225,225,末神
202,29,満倉
200,249,名富
176,139,命苫
40,48,明光
71,179,明知
62,251,綿岡
21,129,木通
29,160,木野戸
225,174,木嵜
174,18,紋川
111,215,門部
106,188,野儀
36,96,野瀬田
165,131,野土谷
252,167,柳戸
203,97,勇川
249,5,有道
70,119,柚沢
6,70,由比藤
24,33,余座
94,187,与野
9,181,要藤
18,57,嵐山
199,244,梨沢
24,62,粒崎
220,161,林見
102,46,林竹
137,163,輪玉
2,133,嶺岡
98,228,浪野
18,89,和久野
174,44,屏
178,186,杠
73,26,枡
23,156,檜作
13,33,桾沢
136,161,榑井
123,254,當房
169,135,篝
105,142,葭矢
34,17,饒辺
243,158,本光
213,100,廿日岩
72,221,入子
80,230,入内嶋
236,193,入来院
221,96,能正
99,90,波紫
160,122,波村
137,9,波能
184,69,馬見
7,93,馬場添
244,251,梅ケ谷
41,53,迫園
255,219,畑岸
135,242,畑福
151,196,飯ケ浜
149,55,飯守
113,145,飯畑
90,189,飯嶌
90,219,盤若
92,159,磐城
108,240,比留木
79,59,枇杷田
3,229,美座
44,205,菱村
184,110,菱池
130,53,筆
121,171,百岳
149,120,百束
73,176,浜近
221,62,浜埜
33,179,布瀬川
166,230,敷村
46,235,武花
255,54,風口
29,118,幅上
202,227,福真
154,66,福波
216,248,兵井
176,237,米丘
168,198,片小田
180,201,弁
136,249,穂阪
69,80,宝楽
110,12,峯垣
29,108,芳林
45,190,豊武
166,135,水引
14,25,歌崎
153,48,河尾
60,9,花下
88,243,会
151,240,外枦保
196,56,角勝
88,91,角西
37,92,笠継
136,114,樺木野
120,185,巻嶋
102,221,官沢
249,77,官能
203,102,干山
90,251,間田
251,142,丸杉
194,176,丸鶴
57,170,岸塚
136,23,喜連
65,174,幾世
187,74,旗
102,36,貴伝名
202,178,菊月
67,75,吉薗
202,76,吉母
234,130,吉良山
97,8,久賀谷
174,105,宮ノ前
164,204,宮所
46,69,宮袋
15,19,宮町
155,220,宮野尾
50,36,居初
128,249,居谷
20,229,魚瀬
252,103,胸元
200,61,郷六
106,49,玉樹
247,138,金水
10,73,九貫
223,125,駒屋
54,26,沓水
150,234,熊島
29,150,熊脇
86,90,栗花
120,107,栗垣
28,151,栗畑
244,6,家迫
206,96,阿良
245,215,愛智
205,21,愛田
30,90,穐葉
219,184,安盛
237,189,安堵
164,153,伊海田
21,33,為久
232,140,井海
215,194,井若
67,211,井立田
19,213,磯嶋
137,134,一宅
3,44,一丁田
135,73,一坊寺
41,13,稲飯
167,138,蔭
222,205,宇喜多
241,76,羽飼
220,71,羽澤
149,103,雨山
211,36,鵜城
68,220,臼崎
169,124,浦波
36,14,雲越
126,135,永高
93,177,越宗
39,250,越替
166,155,榎内
137,51,円仏
141,33,園元
235,171,猿賀
5,240,奥窪
22,222,往古
183,253,横引
110,169,横浦
42,68,横飛
51,241,黄原
83,83,岡阪
231,19,岡咲
218,146,岡峯
54,62,音揃
227,147,加志崎
11,39,加唐
37,116,嘉瀬井
179,43,家垣
43,49,寺嶌
34,56,時原
228,20,次郎
61,187,室林
61,216,柴下
83,210,射越
212,166,手代
171,89,手沢
208,114,酒入
255,168,酒野
111,147,宗佐
32,235,秋道
116,145,舟波
229,5,渋市
175,172,重綱
249,164,重親
141,135,楯石
91,181,初道
60,240,初本
222,1,升屋
229,209,小阪田
97,26,小上馬
60,213,小白井
129,78,小野林
113,235,松儀
239,64,松古
65,116,松樹
142,161,松多
26,250,沼間
135,131,渉
6,77,蒋
97,237,鞘脇
218,21,上河原
55,82,城戸内
103,226,城畑
29,209,織方
41,251,食野
101,132,新畠
64,217,新槙
36,68,晋山
244,165,神舎
15,44,身吉
196,9,進来
154,178,甚内
5,182,諏訪辺
174,245,吹沢
123,164,寺浜
171,101,迎里
84,141,月安
245,95,見手倉
20,84,元満
214,170,古園井
139,6,戸井口
2,27,戸林
150,26,虎本
136,156,五郎川
50,229,呉松
7,62,後井
22,193,幸道
107,61,広友
230,102,江水
23,190,江野村
209,212,江野本
170,227,溝杭
178,16,荒戸
153,183,荒光
4,140,降田
11,52,香水
174,22,高久田
142,92,高北
87,49,寺垣内
201,54,紙透
161,39,志鶴
45,44,山加
102,128,山ケ城
221,95,三盃
186,189,三土
84,98,三上山
77,82,三居
218,121,柵
178,61,作美
88,216,作見
36,144,坂野井
80,37,坂屋
176,79,細本
226,144,細入
144,36,済陽
23,196,佐田野
255,84,根口
206,235,根〆
140,37,今春
151,244,此木
136,18,黒肱
