146,162,佐藤
169,31,鈴木
193,79,高橋
221,44,田中
245,82,渡辺
92,88,伊藤
130,32,山本
11,15,中村
238,153,小林
74,97,加藤
36,124,吉田
204,201,山田
211,248,佐々木
224,107,斎藤
252,119,山口
48,61,松本
16,142,井上
170,148,木村
138,210,林
237,16,清水
43,87,山崎
106,130,池田
151,121,阿部
27,183,橋本
49,212,山下
48,186,森
12,116,石川
136,96,中島
238,18,前田
223,30,小川
30,172,藤田
38,155,岡田
1,111,後藤
135,95,長谷川
124,199,石井
91,38,村上
214,100,近藤
67,12,坂本
65,11,遠藤
199,83,青木
14,181,藤井
174,239,西村
243,209,福田
138,146,太田
29,18,三浦
24,176,藤原
138,136,岡本
97,222,松田
144,220,中川
41,239,中野
20,31,原田
84,109,小野
228,62,田村
234,227,竹内
231,187,金子
109,187,斉藤
29,208,和田
99,77,中山
187,153,石田
234,156,上田
160,158,森田
82,129,柴田
250,166,原
208,78,酒井
87,228,工藤
83,9,宮崎
91,143,横山
11,232,宮本
107,153,内田
8,175,高木
184,92,安藤
232,234,谷口
188,123,大野
62,253,高田
44,126,丸山
116,45,今井
119,58,河野
233,62,小島
251,61,藤本
49,194,村田
188,91,武田
226,25,上野
252,214,杉山
77,240,増田
175,97,小山
77,197,大塚
191,46,平野
203,127,菅原
136,121,久保
49,19,千葉
172,219,松井
73,171,岩崎
115,82,木下
220,113,野口
66,74,松尾
123,135,菊地
57,7,野村
139,50,新井
74,13,渡部
24,109,佐野
235,77,杉本
5,215,大西
41,162,桜井
180,53,古川
32,41,島田
66,147,市川
54,146,小松
213,129,高野
222,157,水野
29,14,吉川
48,138,山内
199,48,西田
50,0,浜田
57,101,西川
207,4,菊池
87,246,北村
201,156,五十嵐
21,253,安田
112,226,中田
29,195,平田
56,13,川口
0,196,川崎
26,136,飯田
113,157,東
103,252,本田
159,129,久保田
151,97,吉村
127,68,福島
43,77,中西
93,211,岩田
105,242,服部
207,43,辻
225,148,川上
114,179,関
211,102,樋口
156,167,永井
44,32,松岡
36,101,山中
64,173,田口
186,170,森本
191,197,矢野
240,227,秋山
77,146,土屋
190,36,石原
11,160,松下
168,188,馬場
127,95,大橋
131,10,松浦
98,183,吉岡
36,241,荒木
30,249,小池
126,138,大久保
175,242,熊谷
92,150,浅野
71,71,野田
201,179,広瀬
48,23,川村
113,133,星野
230,109,大谷
73,152,黒田
203,229,沢田
207,104,尾崎
152,206,田辺
216,110,小沢
63,68,永田
107,141,松村
241,56,望月
66,174,内藤
92,140,菅野
2,129,西山
205,157,堀
76,104,大島
88,117,岩本
73,205,平井
59,213,片山
4,10,本間
60,250,横田
213,167,早川
254,235,荒井
74,58,岡崎
2,163,鎌田
188,45,小田
93,74,成田
87,66,宮田
83,150,大石
226,202,石橋
129,34,篠原
102,196,高山
222,180,須藤
58,0,萩原
131,128,小西
212,255,栗原
79,184,松原
79,104,伊東
165,91,三宅
187,181,大森
130,211,福井
140,179,南
175,174,奥村
252,13,富田
121,194,松永
254,113,片岡
182,73,桑原
141,205,内山
65,231,関口
51,203,古賀
156,178,奥田
141,200,岡
217,28,北川
188,28,八木
149,66,上原
178,103,吉野
96,161,白石
26,103,今村
47,127,川島
26,59,小泉
248,134,上村
35,195,中尾
14,178,大沢
236,239,平山
46,64,青山
55,14,牧野
77,230,岡村
221,143,渋谷
207,124,寺田
25,94,坂口
166,30,児玉
75,202,大山
81,246,河合
79,14,多田
76,50,竹田
220,94,宮下
169,173,小倉
238,102,小野寺
92,142,小笠原
61,141,足立
24,143,村山
71,48,中沢
78,189,天野
97,88,坂井
218,171,杉浦
7,211,西
125,159,坂田
53,230,小原
138,169,豊田
29,222,角田
51,25,武藤
17,35,河村
77,131,根本
30,246,関根
104,189,水谷
37,218,田島
164,19,中井
213,253,森下
180,248,神田
188,20,塚本
206,163,佐久間
129,64,植田
132,116,飯塚
174,65,安部
235,29,前川
58,221,山根
48,145,浅井
124,28,白井
70,194,宮川
136,33,岡部
187,127,大川
210,16,長田
173,131,堀内
213,139,榎本
179,189,松崎
192,212,稲垣
112,8,若林
81,9,森山
204,245,江口
23,101,神谷
98,239,中谷
164,50,畠山
4,141,谷
248,40,細川
62,54,及川
212,81,安達
44,187,今野
31,254,三上
219,127,飯島
123,225,西尾
216,177,田代
171,79,石塚
155,111,岸本
138,45,津田
149,43,荒川
236,151,中原
215,147,長尾
16,248,戸田
211,74,本多
40,156,森川
236,55,土井
74,101,三好
136,34,金井
177,155,松山
247,110,米田
200,73,岡野
177,157,金沢
161,62,稲葉
80,45,村松
243,143,甲斐
179,182,西岡
86,248,佐伯
158,210,岩井
84,14,星
9,175,金田
254,189,黒木
1,95,堤
75,68,滝沢
57,248,落合
163,228,野崎
22,109,泉
223,179,堀田
101,186,中嶋
91,209,西野
199,68,町田
96,116,古田
88,174,徳永
29,250,新田
27,109,山岸
179,138,黒川
71,40,山川
55,65,川田
86,223,藤沢
1,146,杉田
24,74,奥山
144,222,土田
158,135,三木
217,68,村井
239,205,笠原
130,103,須田
0,122,梅田
119,53,大竹
99,11,野中
246,35,吉沢
80,177,広田
189,251,宮沢
131,137,柳沢
148,224,堀江
52,247,川端
247,150,大村
69,240,日高
103,46,梶原
144,26,岸
22,86,西本
212,116,黒沢
16,96,井口
141,191,大木
93,45,向井
34,49,松島
152,239,大場
207,228,竹中
246,27,藤川
93,61,安井
47,223,榊原
83,153,川原
218,91,吉本
89,163,大内
29,165,竹下
106,128,吉原
140,105,藤岡
34,54,庄司
160,113,福本
49,133,塚田
79,137,高島
162,137,宮内
176,218,小谷
195,120,緒方
10,211,谷川
202,95,下田
250,206,竹本
214,95,藤村
124,184,奥野
80,171,宇野
113,192,窪田
99,110,北野
21,248,栗田
160,189,石黒
166,143,長島
240,132,亀井
13,176,長沢
184,32,平川
146,194,長野
85,52,宮原
222,119,山村
160,129,藤野
207,172,茂木
73,2,川本
81,12,深沢
122,230,下村
250,209,丹羽
204,56,西沢
8,176,青柳
254,159,竹村
165,142,古谷
187,173,三輪
157,92,出口
36,222,高井
189,252,荻野
22,59,嶋田
80,74,大城
97,33,田原
2,187,野沢
67,252,相沢
213,132,高瀬
96,62,小森
228,205,稲田
191,53,宮城
19,62,筒井
212,107,富永
138,192,福岡
191,25,大原
79,90,福永
143,196,林田
11,31,横井
222,251,大平
4,94,金城
102,178,篠崎
252,218,溝口
109,46,長岡
69,0,平松
168,6,山岡
185,88,浅田
103,92,越智
78,221,北原
217,121,永野
6,64,武井
160,69,鶴田
45,194,柳田
90,50,大田
126,206,入江
182,154,湯浅
0,26,相馬
180,239,園田
34,145,高松
161,221,二宮
11,19,石山
179,211,堀川
121,23,手塚
239,37,川野
228,81,沼田
30,126,比嘉
162,226,臼井
209,201,石崎
158,117,平岡
254,205,池上
217,26,花田
18,106,瀬戸
87,85,谷本
197,235,西原
130,150,小出
237,176,篠田
56,211,浜口
242,118,杉原
9,84,志村
70,185,根岸
252,121,田畑
84,222,笠井
200,4,大槻
247,212,矢島
135,89,倉田
66,112,福原
108,208,片桐
182,145,日野
2,197,小坂
196,17,菅
212,187,加納
156,21,堀口
174,46,河原
122,139,新谷
14,114,千田
192,83,徳田
114,87,松野
190,182,田上
15,145,吉井
68,153,浜崎
240,173,森岡
18,210,柏木
60,149,浜野
173,75,村瀬
79,122,島崎
72,45,内海
62,11,北島
109,254,白川
4,251,畑中
199,25,秋元
204,47,中本
39,162,冨田
213,207,小柳
159,151,大崎
61,31,岩瀬
45,33,原口
207,219,秋田
31,217,三谷
162,150,松沢
170,235,木原
173,40,大井
120,209,川畑
68,171,福山
24,206,米山
180,0,植木
13,197,岩下
65,41,難波
105,23,今泉
78,201,三井
0,251,辻本
236,96,芳賀
36,77,坪井
239,59,井手
124,7,吉永
179,217,河内
46,172,畑
212,165,磯部
206,43,長井
110,37,荻原
45,15,大坪
150,142,塩田
50,86,岸田
97,100,皆川
219,178,細田
60,19,大友
140,2,細谷
143,149,植村
239,156,佐竹
23,63,河田
2,93,古屋
78,14,相原
247,0,若松
53,117,三村
91,157,遠山
170,186,村岡
20,245,真鍋
163,36,橋口
140,17,松川
204,108,平林
188,75,草野
9,11,川瀬
239,173,栗山
56,38,三島
19,18,橘
202,243,有馬
141,29,井出
63,131,保坂
62,148,早坂
228,208,瀬川
34,224,志賀
223,25,高岡
121,106,奈良
216,215,半田
48,32,亀山
8,147,高村
182,59,堀井
126,187,清野
33,253,玉井
156,47,神山
43,213,朝倉
231,164,米沢
123,155,寺島
62,95,水口
27,75,河本
232,50,進藤
213,21,中里
36,24,立石
174,203,葛西
114,122,水上
153,182,藤森
133,128,柳
68,221,川合
144,146,島村
99,144,古沢
88,128,亀田
66,209,織田
144,171,武内
23,219,宮島
127,167,有田
54,191,三原
242,204,尾形
35,157,高見
21,26,狩野
16,88,宮地
216,157,大津
95,240,寺本
230,230,植松
166,230,市村
175,14,坂下
158,93,平
68,236,大江
142,132,板垣
156,149,毛利
25,158,江藤
44,98,那須
143,150,藤崎
134,176,北山
123,157,小嶋
231,137,高柳
101,34,下山
166,48,滝本
153,93,高原
249,26,大沼
194,207,三橋
28,69,立花
176,47,浅見
177,17,久野
184,102,松木
192,204,木内
6,159,野上
189,224,門脇
100,177,坂上
208,95,土居
43,188,平沢
155,229,中根
2,134,平尾
216,249,北沢
231,227,齋藤
106,30,牧
218,190,岩佐
34,220,深谷
208,12,石丸
128,244,阪本
178,150,田崎
9,174,市原
82,124,小宮
152,211,長谷
238,113,今田
221,65,守屋
146,177,富樫
89,218,前原
202,188,高尾
194,72,内野
111,213,柴崎
59,49,岩永
161,22,大倉
195,231,川井
155,125,滝口
33,250,金山
74,183,関谷
93,32,長瀬
160,161,高崎
253,163,浜本
118,194,正木
152,232,飯野
142,23,矢部
95,129,外山
122,177,和泉
121,28,山野
52,10,金谷
83,107,秦
2,24,島
42,170,塚原
187,204,海野
65,166,鳥居
2,252,西谷
125,81,田川
59,178,成瀬
240,120,木田
19,233,石垣
211,230,石本
246,191,小寺
29,247,坂元
206,19,門田
96,197,豊島
221,196,末永
24,39,長谷部
42,70,井田
31,34,上山
255,217,金森
59,57,小畑
44,106,菅谷
66,154,奥
48,8,乾
25,228,宮脇
117,241,赤松
3,176,相川
44,14,江川
129,172,板倉
228,30,野本
149,53,三沢
181,130,江崎
141,209,永山
82,48,三田
217,242,山上
224,31,藤木
102,98,杉村
195,234,小杉
138,126,小室
89,29,渡邊
194,202,宍戸
147,89,香川
189,195,黒岩
188,66,梅原
132,26,大滝
71,79,小関
227,246,松元
54,221,平塚
114,55,諏訪
226,94,喜多
200,96,今西
66,47,井川
198,168,生田
52,254,森谷
171,250,並木
90,69,宇佐美
43,21,秋葉
46,1,塩谷
104,183,水田
155,115,佐川
109,214,下川
249,253,富岡
16,7,細井
135,104,石渡
15,27,浦田
191,201,布施
173,248,金丸
66,120,森脇
0,51,染谷
52,177,宮野
182,203,風間
146,155,北田
129,204,川辺
229,196,新垣
145,176,梅本
192,71,山城
76,137,梅沢
8,5,中林
77,17,小椋
154,186,大矢
88,118,西口
69,64,玉城
26,139,土橋
161,133,高梨
122,24,細野
88,188,大庭
246,237,山元
40,49,都築
35,214,木本
135,138,長崎
195,79,仲田
218,203,阿久津
236,166,小幡
101,165,杉野
165,255,麻生
237,174,山形
140,142,真田
181,33,堀越
252,53,依田
75,189,小野田
46,192,梅津
27,56,羽田
217,64,木戸
244,211,野原
237,58,赤木
224,58,浅川
173,221,椎名
228,191,岩間
191,130,日下
145,36,寺尾
225,57,仲村
128,151,宇都宮
234,66,矢田
82,209,矢口
179,42,大畑
62,234,大和田
83,208,波多野
76,227,大熊
81,133,目黒
107,140,立川
117,97,菅沼
224,202,大貫
196,249,高倉
23,10,深田
171,91,池内
243,77,柳原
177,192,岩城
238,106,海老原
13,181,沢井
57,10,倉持
214,208,雨宮
102,172,影山
61,97,神野
34,30,浜
95,199,栗林
147,123,神崎
255,224,橋爪
65,97,石坂
202,2,上杉
133,206,結城
93,246,青野
0,95,川西
82,252,小沼
176,135,白鳥
120,167,西島
152,95,瀬尾
41,68,赤坂
240,135,板橋
23,64,小玉
188,76,永島
252,133,首藤
140,190,清田
87,120,合田
5,52,富沢
46,209,玉置
57,47,寺沢
20,179,丹野
16,95,尾上
122,12,角
155,48,須賀
127,154,竹原
151,146,横尾
25,148,井原
114,107,坂野
133,172,久米
110,44,森口
158,151,宮坂
238,188,柏原
74,199,滝川
126,58,三枝
231,52,楠本
20,15,芦田
42,239,妹尾
22,233,脇田
140,218,水島
20,211,手島
207,93,池本
109,227,明石
105,20,西脇
46,195,大下
135,34,北
10,195,大和
39,2,勝又
27,30,大林
212,241,国分
239,121,川越
48,74,本村
42,49,曽根
105,149,小久保
144,247,島津
241,96,小堀
94,134,本橋
142,153,石沢
232,173,有賀
60,193,田端
72,11,志田
226,198,横川
112,239,浦野
230,219,柳川
182,95,谷村
25,41,春日
40,44,富山
176,171,今
180,182,坂東
103,235,飛田
227,132,江原
41,160,児島
157,145,梅村
107,85,内村
59,92,岡山
127,4,桑田
247,117,楠
96,94,角谷
192,163,日比野
136,145,砂川
48,176,前島
202,171,益田
6,229,桜田
240,31,花岡
117,249,笹川
115,213,中塚
195,236,滝
227,192,勝田
18,166,吉崎
146,126,森永
191,190,澤田
152,52,島袋
42,116,会田
59,140,岩渕
24,91,白木
249,195,浅沼
81,210,平良
136,63,小栗
253,102,石倉
129,68,前野
135,195,小菅
44,244,高畑
87,25,井本
170,25,玉木
68,170,高谷
31,213,沖田
138,247,倉本
193,139,沖
239,42,鶴岡
248,136,大浦
242,158,宇田川
194,31,本山
165,123,柴山
177,184,城戸
149,12,黒崎
81,47,塩見
7,55,岩谷
159,135,曽我
181,70,畠中
86,245,池谷
86,93,大高
156,98,熊田
214,137,重松
164,45,阪口
238,177,野呂
5,206,八田
137,186,戸塚
166,241,寺岡
25,224,菅井
134,89,末吉
195,0,井村
146,252,田尻
13,143,石野
249,28,川添
183,30,野島
230,111,田所
206,70,熊沢
54,172,古山
224,47,南部
216,196,大嶋
13,14,神戸
220,215,丸田
139,169,福地
124,202,笹原
107,16,恩田
168,218,平賀
70,87,米倉
97,194,増井
239,171,村木
8,210,長浜
241,134,中
179,89,五味
165,22,岡島
145,129,日下部
116,145,菊田
139,25,藤島
24,200,森井
147,6,湊
124,177,秋本
251,240,磯野
236,251,寺西
12,135,沢
252,96,若山
180,18,安永
2,82,重田
187,24,新村
246,163,田沢
150,12,長友
77,105,小口
171,103,今川
62,35,井沢
200,249,猪股
2,239,深井
231,92,百瀬
118,73,紺野
239,64,熊倉
162,184,高沢
56,183,鬼頭
142,126,中岡
26,56,玉田
12,177,田渕
171,17,氏家
217,203,小高
82,170,有村
232,203,岩村
93,40,高嶋
221,125,小平
189,86,赤羽
170,63,広川
221,247,境
71,41,寺井
46,18,河西
195,99,塩沢
93,15,土谷
116,6,照井
243,110,神原
140,188,西浦
126,109,西井
81,5,牧田
114,10,宮里
251,121,相田
155,67,松谷
186,122,藤山
249,147,福士
215,229,村中
11,117,品川
3,207,伊達
149,72,新保
249,225,夏目
248,244,柿沼
211,53,西森
78,186,持田
187,9,矢沢
43,163,石岡
51,206,松橋
182,100,辻村
68,137,長坂
33,254,梶田
145,233,沢村
247,96,大関
24,18,長沼
181,219,浦
65,196,滝田
167,72,安川
185,152,寺崎
131,30,大越
244,128,柳瀬
169,119,土肥
155,155,岩沢
167,248,福沢
149,32,鹿島
219,166,北岡
32,10,磯崎
164,46,唐沢
118,65,石村
52,61,平原
73,118,古市
199,218,鵜飼
48,97,的場
151,99,野間
17,245,大前
27,249,倉橋
87,0,寺内
184,36,伊沢
231,129,対馬
104,94,古橋
27,226,小村
172,77,河上
74,123,本郷
22,37,河崎
40,27,住田
116,228,柿崎
205,42,鹿野
230,165,我妻
149,169,二瓶
138,104,伴
154,238,船越
223,184,野尻
128,87,粕谷
119,166,冨永
179,163,塩崎
20,83,船木
226,153,安東
231,104,江頭
48,92,東野
91,12,藤谷
155,114,加瀬
65,27,津村
235,189,湯川
213,84,栗本
129,93,安原
146,71,迫田
153,79,加賀
237,105,安斎
247,126,平本
164,114,真野
232,122,小俣
55,6,上岡
112,230,河口
0,222,高坂
148,38,大宮
5,71,相良
196,8,室井
188,185,川嶋
224,13,花井
6,222,仲野
187,201,新川
175,189,江田
121,145,赤井
143,209,坪田
232,194,神保
25,118,小山田
196,29,小暮
0,77,山脇
9,194,坂
127,172,梅木
74,5,保田
0,69,森島
250,3,矢吹
15,193,矢崎
121,65,森崎
252,165,金野
43,144,金
197,3,益子
201,239,塚越
241,10,伏見
230,199,中森
79,39,金原
190,189,水本
187,243,垣内
182,42,芹沢
251,80,関本
227,221,鮫島
174,76,増山
141,21,郡司
20,77,渥美
232,24,谷内
229,187,福元
13,8,松林
3,250,増子
228,122,住吉
94,94,赤塚
76,43,東山
101,120,稲村
26,177,谷田
70,134,下野
191,114,河井
181,30,浜中
72,169,鳴海
144,193,高津
118,15,村越
147,192,南雲
6,122,中道
123,255,大坂
178,19,片野
16,75,金本
155,121,久田
108,23,吉見
184,190,榊
152,123,梶山
89,235,柿本
204,223,薄井
220,242,堺
74,32,玉川
4,135,藤巻
32,20,大河原
193,61,長山
145,12,杉崎
52,4,小橋
117,40,小竹
191,69,大岩
219,149,川内
75,225,神
74,156,棚橋
102,45,梶
249,89,高森
107,53,畑山
63,195,竹沢
146,97,湯本
169,165,八巻
227,46,小山内
175,44,島本
36,250,八幡
183,243,桑野
142,99,須永
107,90,椿
79,24,宇田
70,207,緑川
88,13,下地
76,204,高須
82,138,衛藤
38,65,永瀬
172,102,米谷
249,160,牛島
244,72,竹林
157,211,芝田
81,212,伊勢
104,220,丸岡
89,89,向山
138,112,人見
19,152,安西
134,186,小田島
165,169,西崎
146,77,知念
20,167,大迫
121,24,芝
20,135,二村
33,93,小澤
87,133,村本
247,165,磯貝
116,165,山浦
28,4,木谷
228,38,篠塚
149,168,清原
149,159,山谷
238,79,浦川
35,110,吉武
14,11,赤沢
36,137,小峰
255,248,高本
254,152,桜庭
117,110,福留
238,242,植野
186,28,安岡
61,78,小宮山
92,214,勝山
166,21,飯村
120,29,袴田
139,118,高杉
23,116,岩元
133,113,川名
45,19,平石
67,3,尾関
230,227,小浜
71,164,村尾
82,161,岡林
154,236,磯田
201,203,高林
223,12,鶴見
39,136,加茂
189,234,宮村
214,12,駒井
75,172,谷山
128,105,桂
79,164,関野
103,183,岩橋
171,60,国井
17,43,仲
160,218,木島
250,107,竹山
244,239,柳井
199,132,深川
108,114,兵頭
33,98,犬飼
241,235,小崎
220,245,船橋
230,52,新山
124,20,中平
115,229,黒瀬
130,254,疋田
30,66,長屋
250,21,辻井
146,135,三瓶
247,114,竹島
233,185,板谷
127,124,早瀬
160,195,西垣
155,189,熊野
230,255,米村
26,54,小熊
111,57,丸尾
185,67,若杉
178,244,志水
133,233,平間
236,3,森野
139,139,岩切
192,27,別府
157,68,大杉
223,35,北条
13,250,上条
4,29,徳山
31,89,赤堀
216,180,井戸
41,213,高塚
52,72,佃
115,93,永松
225,120,塩野
8,89,山路
248,23,大上
74,170,加賀谷
11,129,城
174,201,東海
63,2,大屋
155,136,塩川
192,44,村川
65,116,長嶋
0,164,橋詰
105,232,鎌倉
102,248,川又
207,213,鳥越
200,165,生駒
144,253,竹之内
138,135,岩淵
75,221,広岡
0,180,保科
33,74,松葉
140,53,幸田
51,18,山西
73,219,青島
231,53,名倉
21,145,庄子
194,38,砂田
233,236,羽鳥
234,52,田淵
115,129,塙
41,53,末広
228,183,岩見
240,122,猪俣
82,169,大泉
15,228,脇
140,231,日向
33,94,荒谷
95,244,早田
15,53,笹本
171,251,柳沼
214,211,猪狩
96,139,熊本
51,46,上島
250,130,岩野
231,117,高久
54,4,時田
201,97,添田
255,193,桐山
88,72,須貝
5,181,柴
212,82,上西
221,192,上林
117,116,田嶋
252,191,飯沼
144,11,清家
28,98,五島
33,49,新藤
128,89,安本
41,83,長
52,231,土岐
196,206,藤
124,46,松坂
187,224,藤江
204,219,名取
6,130,半沢
31,246,鬼塚
80,73,沢口
173,9,長内
13,216,直井
154,113,平島
36,206,副島
66,118,深見
223,247,安江
238,60,関川
150,244,梶谷
211,195,大賀
220,47,仲宗根
45,132,新
78,176,春田
110,79,新美
95,91,広沢
76,212,山地
255,142,谷岡
235,121,秋吉
216,42,海老沢
68,0,竹井
233,131,萩野
245,105,上地
149,156,安倍
78,153,平木
141,89,竹谷
174,234,湯沢
108,117,大河内
212,152,鷲見
166,158,東田
42,187,石上
118,248,平岩
84,190,脇坂
134,196,赤間
144,47,瀬戸口
114,108,水越
149,187,塩原
198,253,宮武
186,75,一ノ瀬
203,226,大本
28,215,市橋
45,74,神尾
86,198,崎山
65,136,川尻
194,223,長嶺
232,135,近江
249,129,有本
50,160,二階堂
136,3,宗像
206,38,竹川
150,79,越川
178,248,高石
3,199,星川
231,76,石津
240,181,園部
179,244,照屋
216,193,杉谷
59,67,佐原
19,36,池野
29,35,守田
157,109,成沢
75,231,横溝
39,172,元木
157,138,藤枝
5,137,猿渡
101,162,田坂
87,219,坪内
51,57,小松崎
56,77,赤石
250,99,奥谷
209,17,菊川
199,28,大岡
131,226,長江
2,198,友田
121,39,中園
218,30,吉松
104,246,大堀
230,77,大須賀
52,107,宮尾
127,104,堀尾
38,118,姫野
173,104,井坂
251,63,有川
125,201,曽我部
226,173,小田切
103,7,須崎
46,219,川北
187,34,横内
148,187,片平
156,102,船津
231,221,真下
133,197,米川
208,73,小塚
229,69,蛭田
56,31,赤尾
165,158,鳥羽
231,8,亀谷
73,146,吉成
0,138,日置
92,183,新居
161,207,佐田
107,198,濱田
30,237,多賀
211,211,鳥海
166,27,若月
9,57,梶川
221,209,大門
0,46,有吉
46,30,春山
1,11,磯
38,93,新里
229,120,堀部
5,200,東海林
191,39,綿貫
18,240,沖野
19,218,武石
188,175,橋田
153,128,辻野
39,41,吉良
192,109,辰巳
5,65,巽
6,22,江本
149,246,奥原
132,103,田丸
216,85,高垣
154,128,北口
40,80,井関
111,239,大脇
155,160,中込
103,48,大澤
250,207,磯村
230,243,前沢
233,192,八島
26,122,田井
192,210,犬塚
43,135,八重樫
249,235,柴原
48,27,大里
79,10,舟橋
177,74,原島
33,138,佐山
104,124,今岡
186,23,須山
244,43,一戸
109,215,武山
162,5,片倉
75,198,福嶋
58,147,矢作
172,73,坂根
25,233,岸野
87,146,前山
98,176,池永
19,217,作田
131,227,高宮
59,246,河辺
127,138,中江
28,44,鍋島
43,158,江上
139,122,辻田
7,149,寺山
45,50,古野
25,5,伊原
122,175,金川
139,27,新城
251,68,兼子
206,158,若井
220,140,朝日
117,194,馬渕
36,199,北浦
78,184,戸谷
68,92,野坂
120,238,牟田
113,9,宮嶋
141,11,浅利
150,196,間瀬
130,185,高畠
84,45,芦沢
132,47,城間
130,31,河津
231,231,広野
85,69,高城
138,124,横沢
140,61,末次
225,157,景山
141,109,笹田
129,155,永吉
120,212,田山
31,218,梅野
163,136,黒須
213,69,末松
126,170,曾根
6,27,笹岡
183,52,永岡
14,109,小松原
42,243,小田原
36,130,設楽
15,189,藤倉
92,224,泉谷
236,115,下平
191,140,湯田
252,91,木山
40,222,船山
132,51,細見
27,62,国本
147,141,江尻
142,75,藤間
66,97,中崎
236,118,岩倉
142,50,錦織
42,102,中条
65,220,永尾
220,162,熊崎
231,47,隅田
78,49,石毛
14,201,戸村
159,248,石神
48,237,鳥山
190,157,増淵
226,233,白田
249,144,角野
245,250,草間
160,81,真壁
91,202,箕輪
1,195,白岩
212,219,速水
2,223,鷲尾
71,225,赤嶺
156,100,柳本
154,79,日比
239,16,西出
24,219,久松
77,73,北林
199,128,村野
64,186,新倉
8,66,糸井
48,96,品田
149,214,山際
83,197,深津
6,51,白浜
42,165,高桑
145,11,若狭
23,104,仁科
192,19,本庄
71,122,稲川
164,103,嶋崎
131,143,尾田
59,9,峯
119,209,里見
238,91,木元
204,90,飯尾
124,228,大道
46,168,上坂
163,198,阿南
84,138,福村
115,215,矢内
54,152,宮永
226,68,杉江
238,229,東条
235,207,赤池
208,52,一色
96,242,江島
3,179,小木曽
248,43,沢野
134,51,能登
196,121,野々村
116,104,早野
37,228,一瀬
166,226,大浜
76,34,水沢
102,148,大月
95,15,中元
191,61,正田
180,150,桝田
39,106,仙波
84,48,宮部
149,120,宮岡
141,176,立野
241,21,戸沢
204,31,谷沢
242,71,山県
238,128,堀之内
161,33,香月
6,136,宮前
51,151,菅田
54,110,井野
43,194,羽賀
81,167,中瀬
139,8,古家
142,250,岩上
1,207,河島
87,128,上川
46,173,国吉
140,77,鳥井
118,133,勝野
125,253,伊賀
188,246,嶋
221,80,水戸
145,30,迫
253,39,間宮
208,15,古瀬
49,144,赤川
40,170,木場
208,4,岸川
25,63,阪田
175,178,浦上
185,104,桐生
157,194,野瀬
28,223,柳谷
243,226,中橋
25,229,斎木
244,101,田部
250,192,逸見
26,154,中垣
52,244,松倉
170,88,山室
163,59,白土
233,106,門馬
69,85,諸岡
137,20,山木
180,141,安保
144,66,小柴
63,32,溝上
88,247,勝部
236,250,永沢
152,213,檜山
184,239,柘
230,89,岩尾
210,31,立山
50,27,新妻
166,203,北尾
228,216,小野塚
226,6,別所
240,71,榎
92,17,戸川
167,30,津島
224,0,田野
103,54,石森
28,56,石谷
129,76,栗栖
158,213,丹治
170,112,竹野
110,161,楠田
94,121,内川
16,225,山添
28,219,金光
119,207,大串
228,10,三角
153,224,永谷
200,36,深山
35,140,笹井
130,209,碓井
216,201,猪野
212,136,笹木
177,35,笠松
88,78,島野
242,107,柏崎
66,143,椎葉
151,150,池原
105,153,中澤
123,144,津川
55,7,桜木
42,181,二見
177,49,桑山
32,64,山名
14,32,木暮
1,64,山之内
131,34,四方
177,93,小黒
215,104,岡安
73,138,宮井
84,165,柏
161,85,大垣
24,130,君島
164,164,羽生
12,174,奥井
123,44,深瀬
75,130,杉岡
78,137,柚木
219,83,伊丹
102,83,青田
112,174,遊佐
87,153,猪瀬
206,102,梅崎
72,62,広井
140,143,引地
179,226,真島
150,247,杉森
33,95,小牧
242,239,八代
196,38,向
34,78,高浜
189,64,菱沼
178,251,廣瀬
41,79,北本
110,218,折原
113,223,二木
110,65,亀岡
197,191,津久井
150,64,川久保
130,29,浜村
148,148,室田
215,237,浜島
236,191,肥後
27,17,中畑
33,78,峰
157,168,谷崎
147,135,山辺
10,164,神林
178,84,西嶋
230,43,橋場
40,9,清川
81,57,樋渡
105,245,石島
53,228,藤平
30,63,梶本
105,52,兵藤
136,78,小河
247,171,藤永
41,72,桑名
154,31,手嶋
219,97,野津
74,36,根津
18,31,船田
150,66,諸橋
117,198,安里
200,5,浅岡
157,94,伊波
236,167,能勢
211,208,東谷
48,200,穂積
97,228,津野
48,95,板東
154,151,青井
143,31,藤代
128,8,宇都
54,131,中津
173,64,嵯峨
44,225,木崎
177,182,所
99,75,小早川
60,17,新野
90,10,浦山
186,55,朝比奈
97,187,松藤
136,52,岡元
137,42,土方
110,152,森沢
170,48,吉住
170,60,大町
83,162,原野
111,10,中上
176,186,田宮
152,200,春名
90,228,泉田
27,228,喜田
245,69,佐瀬
195,211,池沢
72,243,真木
109,169,李
107,241,東郷
98,62,大黒
196,132,今津
110,18,平出
58,209,中屋
128,196,堀本
128,71,嶋村
62,22,寺門
241,87,寺嶋
9,87,中居
88,76,武市
50,236,吉富
148,81,櫻井
115,163,和気
135,114,高
124,64,竹森
79,30,森内
125,105,門間
25,75,坂巻
196,57,仲川
233,200,綾部
234,102,奥平
33,52,杉
223,128,駒田
217,135,増本
97,121,田頭
39,71,宮口
141,85,高良
169,5,仁木
144,75,沖本
228,128,木野
217,156,粟野
13,200,加地
92,57,森元
232,78,日吉
154,83,倉島
38,222,道下
208,42,井内
157,176,栄
64,56,関戸
38,91,助川
183,139,西内
45,73,露木
86,29,古本
69,206,小野沢
150,128,木幡
51,125,荒田
235,34,陶山
129,222,折田
124,57,奥本
30,59,守谷
225,19,兼田
87,78,大隅
252,55,谷野
183,64,常盤
66,195,白沢
169,8,菱田
9,56,浜岡
107,43,田仲
34,96,香取
81,166,武本
87,62,谷中
170,231,茅野
229,192,牛田
198,243,佐々
8,48,北井
205,60,瓜生
101,148,羽田野
52,160,山越
2,31,福間
14,202,岩川
130,117,櫛田
98,232,久我
168,64,松平
76,64,赤星
235,75,坂内
39,197,鵜沢
232,190,千原
56,157,安野
185,149,布川
219,59,荒巻
79,245,前
241,226,大窪
230,235,笹山
169,249,中辻
133,163,信田
122,242,米本
137,188,金崎
236,138,飯山
128,138,佐古
206,97,新海
167,186,館野
149,199,内堀
148,134,川岸
197,137,稲見
60,8,牛山
174,15,桐原
111,225,福崎
233,97,綿引
104,1,漆原
35,69,渕上
145,227,伊佐
146,117,城田
133,230,大東
49,134,花房
123,191,入沢
174,181,岡沢
86,231,永原
2,228,熊木
211,135,向田
224,222,川俣
14,159,鈴村
215,191,松丸
180,127,白崎
52,204,井藤
97,254,豊岡
97,185,阪上
96,249,大藤
41,37,徳丸
224,91,田沼
121,214,柳生
51,245,西条
137,164,大畠
35,60,田岡
169,171,三野
179,14,涌井
52,119,三田村
201,150,丸谷
165,155,武村
227,201,溝渕
69,11,千野
87,97,蜂谷
106,215,米原
220,38,臼田
208,38,川中
121,128,寺川
188,230,大家
151,138,川下
69,126,古木
2,65,松宮
62,109,安村
208,201,正岡
65,142,野元
135,50,三国
1,205,武智
184,91,宮腰
64,139,新開
70,227,新家
22,144,河端
164,223,吉元
246,11,彦坂
198,21,宮
20,91,市野
233,51,曾我
8,234,坂倉
205,14,田部井
103,22,大出
79,246,市田
143,123,浜谷
196,238,桧垣
175,6,大池
150,87,押田
11,96,宮越
91,73,板井
45,236,丹下
164,64,脇本
43,20,遠田
67,158,越田
179,168,淵上
128,193,坂部
155,179,中間
207,130,魚住
135,155,江村
8,106,今枝
236,36,肥田
230,105,山森
172,154,小滝
222,65,仁平
235,184,小田桐
231,193,森重
45,56,盛田
15,108,水落
160,174,仲井
36,29,宇佐見
131,114,田内
89,135,最上
136,120,中出
185,60,宮木
206,100,福富
98,135,白坂
107,64,甲田
198,103,三戸
42,159,川元
99,211,牛尾
207,115,白水
36,175,表
147,244,四宮
223,194,又吉
34,156,新宅
201,207,木口
179,144,南野
46,214,小貫
170,133,加来
57,240,豊永
56,225,寺村
75,251,安武
229,174,右田
233,135,新屋
132,78,荒
143,146,深野
6,146,谷藤
11,76,吉山
41,116,杉沢
43,167,冨岡
120,46,春木
210,126,権藤
106,176,蝦名
62,242,小岩
42,161,藤尾
228,195,宇井
242,15,柏倉
123,211,小路
136,41,荒牧
144,236,池
11,141,三森
190,247,長倉
160,101,中内
181,25,寺下
251,167,上谷
145,35,戸高
115,94,柿原
97,179,高安
109,170,南川
214,198,権田
197,82,秋月
218,58,古林
5,240,豊川
36,154,古井
94,102,住友
74,254,植竹
51,183,山尾
196,69,仲谷
186,195,小笹
73,177,中浜
56,255,古畑
178,220,武部
85,99,野地
78,185,永江
180,144,古閑
112,25,池辺
208,184,芳野
242,137,稲本
8,232,笠間
8,142,新原
7,109,深町
118,210,三嶋
213,191,広島
229,140,茨木
152,223,畑野
160,251,本木
230,85,一柳
135,220,住谷
204,182,畑田
79,167,桑島
244,213,石松
239,32,金岡
141,254,平沼
190,154,大口
4,233,仲本
39,34,白戸
227,122,新堀
159,10,藤林
136,171,蓮見
2,34,辰己
46,25,勝俣
177,109,宇津木
176,115,相場
11,17,花村
128,179,木藤
210,219,丸
72,36,弓削
219,15,浅倉
195,153,小谷野
94,175,松枝
221,207,槙
152,227,小野瀬
79,199,両角
99,154,尾山
3,191,沼沢
205,220,折笠
68,223,加島
121,103,新名
62,87,草場
24,225,久世
58,234,箱崎
212,232,衣川
147,167,熊井
119,221,仲山
157,61,東川
209,139,阪井
226,215,香西
243,91,館
126,233,越野
101,234,深尾
218,96,蔵本
47,56,柳下
8,167,辺見
139,49,種田
203,150,清
58,152,笹野
115,170,十河
226,108,外川
167,95,冨山
37,253,今中
11,60,片田
233,150,渡瀬
131,238,藤城
138,76,生方
77,13,蔭山
134,30,上松
32,68,島谷
96,68,峯岸
232,147,外崎
56,114,兼松
249,114,土本
248,225,清藤
231,139,谷津
7,152,武川
135,12,白倉
0,228,樫村
24,81,宮西
75,77,盛
219,58,福森
192,232,光田
65,18,芝崎
27,197,浜川
97,105,浅尾
32,55,稗田
132,170,佐賀
20,110,大角
112,224,新宮
129,115,熊坂
49,244,国枝
248,233,稲岡
134,173,梶野
144,227,吉留
250,182,江沢
207,106,勝見
7,203,可児
81,170,室谷
73,41,丹
232,132,馬渡
173,202,北出
12,182,寺坂
216,202,蛯名
32,51,小南
84,252,峰岸
158,26,花木
39,87,大
158,44,真崎
77,23,森村
169,177,具志堅
204,98,向後
231,159,荻田
194,164,尾野
185,193,岩木
188,221,三崎
125,71,廣田
125,85,倉沢
162,239,日浦
52,194,尾藤
62,151,尾島
22,161,斎田
230,226,祖父江
96,3,三品
143,70,郡
224,9,徳重
230,196,瀬野
214,180,瀬谷
111,5,岸上
143,190,松江
176,168,赤崎
28,48,谷脇
87,169,池端
7,64,浮田
183,241,野川
139,89,丸井
11,140,横手
189,114,浅香
185,105,小形
233,114,安孫子
55,9,谷田部
95,248,長塚
221,169,福谷
185,131,岩原
193,116,小針
160,114,轟
212,61,浅原
85,161,弘中
12,121,軽部
233,41,穴井
97,119,上本
108,113,生井
141,190,仲間
13,134,金澤
46,45,舘
240,41,寒川
169,130,本城
153,201,成川
39,132,押川
203,42,磯谷
1,13,会沢
253,188,南谷
58,253,種村
137,214,大北
77,91,香山
122,25,山沢
237,95,瀬田
88,198,宇山
95,88,清宮
113,52,椎野
249,12,水村
78,62,小畠
23,226,蒔田
93,116,木津
165,15,松嶋
234,28,丸本
120,193,油井
109,49,増永
193,86,関田
206,177,原山
102,92,根来
72,248,永見
1,173,藤吉
212,157,北谷
126,254,荘司
51,237,薬師寺
52,32,細江
176,154,井元
109,129,河瀬
236,47,瀬口
77,187,竹尾
234,176,東原
144,69,武居
45,200,中武
21,220,鶴
10,47,土山
46,225,笹森
148,151,掛川
211,214,渡
208,6,八木沢
220,223,北見
243,192,曽田
81,201,衣笠
195,69,堀野
216,52,井下
205,86,堀切
141,204,山家
20,62,竹崎
30,94,楢崎
221,165,西畑
214,46,西塚
140,171,酒巻
232,66,尾花
43,176,島貫
60,59,平瀬
56,156,仲西
217,159,横江
116,72,久保山
81,74,浦崎
195,1,花沢
164,110,古村
86,191,徳本
168,209,木全
87,239,井筒
34,121,深堀
11,252,箕浦
159,16,葉山
195,77,玉村
126,117,綱島
195,175,中條
212,66,田浦
164,234,吉江
245,235,坂入
24,26,柴野
115,153,逢坂
195,138,渋沢
253,177,近田
129,30,倉内
12,199,福西
159,226,笹島
11,181,雑賀
24,22,藤堂
89,15,野見山
232,58,藤元
27,159,矢萩
118,102,金村
39,177,古城
228,178,陣内
130,22,鬼沢
60,23,沢木
241,237,南出
62,108,山北
81,202,只野
27,167,鴨志田
61,85,剣持
236,79,広木
47,167,市岡
78,223,北條
84,204,須川
93,109,名越
80,210,串田
155,42,岩松
120,130,羽山
111,187,西坂
8,137,奥川
197,142,下条
236,231,舟木
26,238,稲毛
22,91,鶴巻
73,125,古庄
199,72,諸星
141,145,西中
139,113,鷹野
97,221,白神
192,206,成島
53,197,出井
156,32,近野
245,58,横地
145,159,倉林
77,14,恒川
172,244,久保木
128,79,俵
106,191,武
184,227,上間
156,185,畠
153,226,辻川
82,234,名和
141,50,高見沢
133,39,管野
40,10,今関
153,47,播磨
135,203,番場
90,146,赤津
178,231,北崎
0,60,熱田
98,148,穴沢
170,255,小磯
87,171,竹岡
242,20,藤沼
82,155,田尾
40,88,猪又
63,56,水沼
209,127,野々山
24,90,宗
43,17,神村
11,56,生野
27,206,各務
205,102,船戸
106,208,猪原
227,169,松森
124,103,中矢
213,193,小河原
1,70,田子
18,122,岡井
178,47,糟谷
115,139,長橋
139,41,古藤
190,138,渡会
253,230,石飛
76,185,猿田
132,3,比留間
41,112,柄沢
214,245,越後
136,232,光永
42,197,谷井
52,48,伴野
34,184,仲里
238,247,関山
181,147,室
171,8,庄野
60,121,成松
118,105,城野
180,106,浜辺
237,134,豊福
161,88,里
13,132,家田
4,5,久富
86,164,中越
28,94,八木橋
171,116,土門
110,214,大塩
28,115,黒坂
138,50,佐治
33,156,大室
245,30,横谷
251,145,若尾
145,5,田平
99,226,長原
219,191,川勝
68,42,東出
110,211,伊井
123,21,高岸
45,99,前村
193,164,岩根
232,110,小向
108,220,藤波
175,177,繁田
56,249,由井
38,231,朝田
90,24,興梠
71,233,飯泉
120,197,菅沢
72,239,加古
240,142,戸崎
234,217,桃井
12,224,北嶋
221,170,新見
180,62,長峰
171,171,八尋
108,63,大戸
194,75,占部
10,93,茶谷
228,249,薮内
168,246,戸部
237,253,福家
53,227,縄田
44,142,宍倉
24,14,丸橋
95,43,小園
239,84,樋田
178,243,一木
201,172,奥津
216,146,尾方
82,222,徳留
146,168,滝野
12,98,富井
212,80,城山
15,215,戸井田
102,228,浜地
110,114,山梨
55,116,有沢
5,167,三宮
139,154,友野
255,106,与那嶺
45,107,池尻
64,216,鳥飼
240,56,不破
83,198,野木
94,19,日暮
182,228,笹谷
154,137,稲吉
182,54,百田
131,61,溝田
35,136,矢代
231,69,蓮沼
186,11,新沼
243,142,西元
219,197,中丸
53,55,梶浦
108,196,君塚
97,11,勝
141,238,蒲生
94,245,宮園
223,161,西郷
227,148,下里
94,89,泊
52,192,木曽
162,236,吉澤
140,89,橋村
138,166,瀬下
152,5,仙田
140,14,橋野
30,140,寒河江
172,242,御手洗
136,190,西方
15,65,黒柳
133,85,白山
117,217,細木
16,89,山科
12,91,大中
87,72,嶋津
149,98,東條
226,227,仮屋
63,182,中馬
89,204,柿木
47,233,松波
226,114,天田
235,201,出水
71,39,森藤
132,175,海老名
193,115,沖山
43,129,舟山
133,7,世古
168,16,土佐
36,10,南波
95,29,粟田
207,98,永沼
203,216,郷
95,143,西條
91,172,氏原
24,25,木川
27,139,矢嶋
253,30,原沢
34,41,外間
215,139,丸野
236,37,関沢
195,86,長南
43,161,古内
162,112,本宮
235,82,立松
36,89,打越
26,173,大神
146,27,月岡
95,4,利根川
19,88,脇山
108,158,夏井
50,15,元田
33,239,幸
179,35,増沢
149,100,築山
184,118,榎田
210,216,宝田
113,242,高藤
118,80,赤田
92,134,蒲原
7,80,門倉
204,69,市来
166,209,国広
80,228,吉谷
99,66,伊奈
15,68,井谷
140,165,稲井
41,178,久永
157,50,一宮
69,113,西部
21,222,高根
240,144,森木
184,69,柳橋
83,114,佐橋
8,74,野辺
51,214,植原
244,140,岩波
236,209,江森
80,107,籾山
80,100,新島
161,87,堀池
248,27,網野
228,105,葛原
25,129,山
132,232,岩月
142,96,中神
38,41,米津
156,144,鍛治
135,236,旭
52,190,佐渡
7,159,春原
244,252,金内
192,193,星山
222,156,築地
119,73,武富
161,249,上妻
213,72,美馬
180,206,宇賀神
86,214,今福
103,211,細貝
179,229,小石
146,75,薗田
167,110,瀬古
71,155,郡山
209,9,田谷
93,202,光岡
241,58,池崎
89,19,宮平
175,151,豊嶋
233,197,立木
254,126,川戸
36,50,長澤
47,55,世良
116,219,安楽
11,236,青沼
176,92,花本
156,6,沢崎
8,51,藤澤
41,69,南里
60,195,萩尾
242,157,与那覇
238,85,友利
51,73,牧原
91,20,伊吹
83,58,戸島
158,176,池口
132,118,白根
92,92,猪口
16,188,畔柳
210,56,府川
51,252,鴫原
32,190,芥川
121,215,瀬崎
204,48,小板橋
42,220,花島
95,191,辻岡
59,173,若生
70,218,八尾
151,226,財津
64,109,水間
251,144,生田目
115,205,斉木
146,176,本吉
19,83,当山
149,231,伊地知
187,238,阿比留
211,204,横瀬
138,118,崎田
62,229,庄田
12,13,大隈
71,157,竹花
186,185,源
148,20,笹尾
239,184,秋野
4,221,滑川
71,50,新井田
11,170,西林
104,235,梅谷
109,224,野末
192,57,千賀
248,227,相澤
152,82,当間
212,231,早崎
183,165,山野井
189,225,花輪
87,158,竹口
230,9,元山
1,234,神宮
205,108,沼倉
142,19,富川
70,21,円谷
33,130,五十川
48,169,高下
234,48,上井
223,231,富塚
215,131,茂呂
194,201,稲富
120,82,川津
149,94,淡路
120,3,砂原
142,92,檜垣
240,1,鏑木
53,71,宮澤
219,22,平子
65,155,末田
58,52,戸松
150,93,若宮
62,181,大渕
189,9,大園
164,249,山藤
211,106,棚田
160,103,秦野
184,106,磯辺
194,141,加川
60,55,宮路
145,37,池村
179,103,蛯原
1,200,兼平
118,131,山部
168,173,沢本
69,164,森上
87,65,尾川
143,145,宮森
159,250,倉地
72,103,福重
165,16,喜納
115,65,重村
125,230,鶴谷
246,147,干場
106,173,駒形
167,178,糸川
95,137,小中
67,39,登坂
77,48,鴇田
23,36,棟方
180,60,吾妻
92,198,今城
191,100,水木
98,53,矢倉
50,177,有坂
254,181,大淵
184,134,水津
137,36,津山
209,76,岩山
85,158,谷島
167,82,中鉢
176,195,草薙
56,115,種市
36,151,梅林
63,57,島岡
141,47,稲生
53,25,柿沢
124,55,奈須
138,37,代田
207,159,横倉
111,153,久原
16,176,笹倉
188,22,川満
153,29,楠木
245,11,鏡
161,240,杉尾
127,46,大蔵
99,205,沼尻
196,215,馬越
28,32,上平
97,229,浜名
81,101,本川
48,52,浅海
132,159,嶋本
248,81,香田
73,254,荒尾
141,228,石見
18,47,芝原
17,73,入山
56,238,中筋
126,118,梅山
101,130,楢原
143,166,南沢
143,27,荒瀬
89,171,若菜
136,14,常田
177,237,村崎
42,198,村沢
185,123,板野
17,110,潮田
9,7,広畑
30,150,古館
209,80,西海
180,203,赤瀬
30,252,新木
208,143,高間
226,213,川手
185,170,徳原
175,5,春日井
158,38,川浪
32,154,二川
137,235,神藤
55,66,仙石
144,255,貝塚
17,87,一条
59,29,栗城
33,255,蟹江
203,25,菊谷
148,193,上條
21,51,本沢
174,140,梅川
3,21,勝木
182,4,湯原
218,79,杉下
114,46,水嶋
190,160,安宅
44,163,紙谷
247,241,南条
87,142,出村
140,211,宮元
0,236,広中
194,196,今里
75,187,笹
120,88,橘田
238,182,公文
27,100,薮田
81,1,黒石
168,14,大金
5,196,水原
253,247,沢辺
134,136,高屋
19,17,重野
42,140,入口
16,227,黒沼
158,14,秋谷
152,113,蓑田
174,186,横堀
128,221,道上
174,81,滝井
45,241,小野里
52,129,高取
227,124,植草
240,170,鍋田
31,253,外村
153,34,諌山
73,233,増川
20,73,村島
196,188,高口
28,25,近
47,57,中家
243,14,亀川
88,37,古里
70,166,込山
17,187,出原
188,153,三石
153,244,横関
28,173,秋庭
7,218,杉井
223,248,増野
9,26,打田
138,162,稲森
243,0,山道
241,83,増岡
15,219,猪飼
21,94,小浦
120,66,糸賀
203,152,磯山
52,3,伊田
118,125,橋元
53,223,立原
43,251,笹沼
48,3,守山
193,87,上中
228,217,谷垣
188,25,萩谷
180,20,若原
53,242,西平
222,21,下原
31,65,川部
74,220,林正
141,124,美濃
179,222,横塚
122,68,室伏
185,214,神代
137,175,上月
100,138,末岡
10,215,楠原
203,178,津崎
92,186,渋川
229,136,酒匂
207,127,江戸
96,151,下岡
89,123,座間
56,85,石堂
48,84,岡嶋
132,207,植山
117,175,霜田
165,195,吉浦
174,95,国松
220,58,小国
34,18,木部
248,110,前畑
18,58,渋田
206,136,市瀬
41,204,堅田
120,108,赤沼
98,119,柏谷
248,176,満田
66,41,鴨川
184,171,石戸
140,173,立田
250,252,間
49,228,直江
45,83,六車
49,27,西澤
224,159,鹿内
51,246,角井
219,192,永石
235,129,川路
231,46,油谷
1,45,安間
215,141,玉野
208,145,小阪
133,115,魚谷
68,184,新津
196,59,片寄
157,107,久下
196,175,弘田
239,110,赤城
247,100,藤中
37,92,張
159,175,唐木
112,247,三代
122,9,小見山
68,84,高部
45,226,重本
25,6,樽井
23,237,湯山
196,193,新庄
59,37,宮谷
12,5,倉岡
103,253,中口
132,187,新納
245,123,樫本
44,233,館山
232,23,細矢
91,43,戸倉
230,185,安富
54,238,下島
135,214,水元
98,2,堀場
126,207,間野
243,121,喜多村
216,173,国武
7,249,蔵田
183,191,有山
58,172,岩堀
168,103,昆
231,89,柿田
219,110,美
79,38,弓場
212,63,上園
239,235,新岡
10,104,五月
160,105,与儀
212,230,八鍬
98,153,神沢
171,38,十川
244,3,舛田
83,115,堂本
238,3,粟津
61,41,窪
28,34,周藤
49,2,蓬田
240,133,井ノ口
73,105,樺沢
99,228,五藤
122,235,生島
31,219,津曲
79,33,永嶋
93,71,久慈
232,113,柴垣
6,8,牧山
157,142,久住
155,223,高平
136,200,三吉
71,218,船本
103,47,吉池
106,164,隈元
179,192,藪内
149,153,白幡
156,110,海藤
51,210,桂川
250,150,知久
227,227,木沢
14,25,小城
87,117,大八木
127,14,広谷
171,85,森安
141,174,張替
151,215,飯岡
69,210,金成
25,236,山賀
4,51,桶谷
7,110,水井
250,34,草刈
101,122,大瀬
54,182,毛塚
120,133,花谷
113,183,森園
160,58,北爪
104,152,上
188,170,門
192,178,高階
228,229,梨本
122,16,四元
180,92,江端
109,52,江幡
6,211,安島
136,65,加治
32,167,苅谷
179,66,田窪
244,85,菅生
80,6,八谷
137,184,臼杵
252,47,鮎川
98,206,三塚
251,197,室岡
22,6,神長
196,161,小枝
212,199,森原
159,171,関原
126,71,沼尾
3,139,浅賀
147,186,水川
206,230,沢山
53,218,先崎
87,110,藤丸
241,227,池下
27,233,寺口
66,83,岩岡
112,183,浦本
198,141,大地
60,242,足達
224,167,黒野
103,152,池島
4,201,深水
108,182,久本
229,248,由良
126,165,芦川
183,252,浦島
253,88,奥沢
77,47,国田
177,2,島川
159,233,楠瀬
33,123,樫原
249,203,山原
66,239,阿保
242,196,郷原
124,98,永友
11,146,上出
234,196,山里
172,26,藤浪
16,194,藤生
179,250,浦部
141,166,羽根
146,35,横野
50,225,針谷
31,63,大住
199,109,長村
200,52,吉森
103,98,上嶋
148,200,城所
108,241,下谷
176,131,西堀
220,152,嘉数
83,209,上遠野
110,154,仲沢
223,145,浜松
101,220,綿谷
210,15,京谷
191,122,儀間
29,233,菅家
107,56,千代
224,55,池山
54,48,長縄
131,64,和久井
168,221,中司
183,201,有働
67,143,本谷
157,184,喜屋武
90,144,下沢
46,42,古澤
170,34,栗木
206,26,江畑
94,166,峠
247,77,薦田
135,60,横島
194,189,吉尾
56,2,宮林
244,8,荒金
128,182,出田
102,95,入谷
17,173,寺地
246,73,塩入
124,44,黒澤
5,16,明神
218,51,丸茂
185,178,折戸
232,238,東本
136,97,橘高
38,203,瀬戸山
16,51,横須賀
216,208,松隈
251,163,陳
135,162,丹波
26,189,増尾
57,238,高須賀
209,202,斉田
197,70,池戸
137,107,東口
254,5,市場
145,85,芝野
166,25,松居
152,125,西上
97,32,大類
44,208,池川
109,16,安食
193,175,万代
209,102,安河内
227,199,小野崎
198,245,国友
219,7,三本
223,209,椎木
242,173,鴨下
73,185,門井
229,22,有井
93,169,戸井
103,23,小尾
226,131,小峯
206,147,島根
42,113,本島
174,191,倉谷
213,222,井崎
182,10,溝部
143,37,高月
87,220,多胡
241,5,今林
240,81,上甲
66,160,深澤
30,139,花城
106,134,川鍋
109,175,天羽
135,245,蜂須賀
65,1,神津
194,27,大薮
249,1,滝上
85,131,尾高
122,38,纐纈
202,14,刈谷
16,104,大柳
27,185,滝下
167,45,飯沢
149,87,桝井
191,44,川澄
42,184,中務
204,30,熊川
178,8,三尾
16,249,森光
210,144,箭内
135,182,光山
86,208,大松
170,24,塚崎
247,19,嘉藤
205,58,高江洲
115,142,重岡
71,2,江見
216,160,小清水
246,139,武政
116,26,間中
39,152,田巻
2,72,有泉
24,211,福川
216,183,本岡
91,84,桝谷
5,184,鵜川
251,34,沢谷
83,65,峯村
76,76,豊原
239,190,徳岡
69,199,都筑
43,227,森正
127,89,迎
6,181,安
218,240,島内
86,147,外園
239,172,諸田
221,105,河原崎
40,96,堂園
163,66,近沢
45,147,出雲
91,138,畔上
2,213,小塩
253,167,寺谷
35,130,勝村
248,116,城下
94,146,進
202,5,西宮
116,222,石部
232,104,竹元
200,98,勝本
1,106,日笠
59,139,桑村
240,75,大嶽
50,36,都丸
148,46,園山
72,69,槙野
167,85,大嶺
104,254,大辻
132,119,戸嶋
78,156,坂崎
33,218,上垣
221,252,桃原
252,237,内間
110,34,尾沢
55,232,野添
136,250,門野
239,248,関屋
123,219,塚野
174,243,永富
53,249,土江
145,8,柏田
103,58,若木
80,3,甘利
35,62,漆畑
254,36,森屋
32,183,吹田
7,195,山井
221,151,榛葉
75,167,大日方
235,123,冨沢
91,250,穴田
62,233,石河
147,198,間島
161,185,笠
140,186,押切
3,14,古河
98,131,檀上
198,82,刀根
40,250,飯干
60,223,友永
102,77,三富
112,249,市毛
156,239,篠
227,212,大重
178,72,屋代
14,140,桐谷
224,16,建部
79,218,古舘
50,232,村下
137,38,大河
78,142,米澤
4,121,名古屋
71,64,上木
98,246,黛
81,18,藪田
175,113,稲木
32,119,藤瀬
60,217,二神
72,165,大川原
177,86,永森
196,36,池ケ谷
136,169,鍋谷
24,215,薄田
126,135,椛島
32,50,鐘ケ江
80,72,東村
135,223,志摩
1,55,松久
111,88,上野山
75,103,重信
224,158,羽柴
101,66,照沼
232,38,津留
255,211,印南
141,110,広江
187,55,大羽
121,147,反町
10,231,花崎
231,22,浜砂
113,151,冨樫
154,2,久家
228,187,国沢
145,215,三山
9,126,勝亦
186,12,東島
194,6,大曾根
152,3,下元
78,11,安斉
49,122,金尾
103,240,深江
153,86,碇
178,97,田邊
169,64,尾本
233,251,浅山
63,74,平谷
34,133,桝本
36,94,知花
116,8,長門
144,164,羽根田
71,254,寺前
65,193,藤塚
27,31,納谷
237,221,三重野
77,42,小見
126,204,馬淵
215,46,林原
90,199,石関
12,2,上里
81,73,金木
109,150,吉水
136,16,海老根
192,77,井尻
74,243,呉屋
196,233,森戸
209,81,翁長
237,6,貝原
74,249,堂前
159,89,堀米
247,40,愛甲
207,29,稲場
118,187,阪野
181,7,宮入
195,210,花野
196,77,棚原
191,214,駒沢
5,40,西牧
46,182,百武
83,34,北畠
93,233,遠矢
198,123,森尾
202,237,島倉
26,151,朴
35,148,力石
60,133,西園
31,44,黒島
164,174,押野
46,36,三河
55,179,宗形
62,243,栃木
18,78,小淵
248,190,川地
0,64,嘉村
169,59,川原田
164,55,昆野
2,55,大成
177,200,箱田
39,45,蛭川
43,108,玉山
150,184,勝間田
206,12,松戸
188,67,真部
220,145,笠島
188,113,久保寺
128,177,紺谷
250,151,信太
188,155,江連
155,211,小瀬
64,251,若槻
189,152,紅林
158,80,新崎
182,239,澤
168,175,今橋
176,133,加賀美
72,85,安彦
149,48,国府田
0,130,谷上
184,94,金坂
88,173,桧山
83,204,今本
221,57,桜沢
91,185,酒向
225,102,壱岐
38,162,糸山
158,199,中前
205,25,中倉
65,255,庭野
20,79,羽場
67,214,戸張
164,106,西藤
66,50,海津
52,179,川人
139,200,泉川
111,174,幡野
253,14,里村
191,30,簗瀬
119,68,糸数
178,122,貴志
74,40,神吉
248,37,小方
113,213,真柄
106,78,安福
228,158,中城
77,121,天谷
161,163,田久保
164,217,峯田
142,67,由利
232,177,中台
192,240,郷田
222,58,駒場
248,73,秀島
148,8,真弓
11,233,末武
70,113,葛城
71,65,壁谷
140,177,角川
30,17,初田
176,112,針生
61,148,真砂
15,28,小長谷
224,86,高地
62,46,江良
246,87,松澤
125,60,元村
17,237,柳澤
165,48,山平
67,227,蓮井
160,90,南山
173,82,帆足
172,227,鎌形
141,246,篠木
201,85,神部
184,83,野宮
10,167,花柳
120,120,貝沼
150,65,黒滝
97,239,天川
227,80,田之上
241,249,藤内
63,194,池畑
45,160,玉利
236,78,貫井
54,236,諏訪部
106,225,土川
113,218,浜井
85,227,猪熊
19,167,丹沢
59,242,小田部
72,73,後田
213,214,安沢
111,115,円山
190,144,三川
148,173,沖村
142,237,京極
21,117,執行
187,91,田本
25,169,小木
193,129,神永
225,83,五嶋
75,16,西城
140,135,土師
127,112,宇治
241,184,降旗
248,148,市丸
126,127,大見
120,218,安芸
146,156,染矢
132,233,光本
221,17,米満
120,93,片柳
43,138,鈴江
64,46,東浦
124,123,大武
214,202,沓沢
123,126,根木
59,255,中路
143,39,宮浦
64,199,寺脇
62,124,川谷
203,20,岡原
174,130,柘植
128,14,南條
171,173,麻田
162,251,木寺
69,146,徳光
126,226,龍
55,207,村石
230,55,立岩
121,96,戸上
245,32,山戸
31,6,山瀬
247,164,藁谷
5,224,古池
70,17,三苫
82,78,住本
173,86,豊崎
28,177,国島
69,188,尾原
209,176,中下
172,37,西久保
127,232,菰田
189,139,光井
216,131,高比良
76,48,実川
120,1,大草
48,163,永倉
155,56,桂田
68,193,小鹿
93,26,澄川
117,193,菱川
101,118,阿久沢
39,67,宇高
132,15,舘野
235,31,早乙女
156,208,友松
105,30,蓮池
150,122,森中
131,134,井手口
159,54,梶村
90,111,三船
108,255,朝野
227,20,輿石
232,182,清沢
34,219,村林
243,16,徳武
99,40,仲島
114,193,徳井
165,251,重森
106,145,和知
100,15,菊本
14,137,青砥
202,127,井浦
105,87,南口
165,59,中安
3,220,中藤
171,97,三瀬
208,136,倉知
67,157,下坂
239,251,桜本
156,109,平嶋
87,207,宗田
176,210,秋沢
86,235,室屋
209,117,鴨田
198,242,今吉
110,41,上久保
13,3,竹腰
204,68,藤下
150,164,相内
210,80,沼崎
214,126,広部
69,93,古宮
215,10,横浜
5,88,小野木
115,81,長畑
51,8,徳島
11,42,出野
120,5,藪
247,33,酒本
163,138,久木田
241,191,幸野
94,176,坂爪
223,158,竹上
71,20,市山
154,161,相楽
145,242,九鬼
32,95,広本
152,161,日原
42,179,新地
100,71,鳥谷部
89,93,川副
88,215,野澤
146,118,櫛引
84,200,平戸
210,213,中北
20,72,相羽
64,110,是枝
199,16,古関
29,158,狭間
227,103,芦原
132,239,加治屋
196,39,黒河
134,203,陰山
149,185,久島
54,214,岡戸
114,208,溝端
83,142,高市
206,245,井伊
107,243,橋川
19,8,交告
79,161,藤嶋
121,51,樋上
27,65,牧村
91,128,笠木
200,112,出川
228,64,薮下
187,11,八百
92,161,洞口
79,241,笛木
75,111,鶴崎
206,218,坪倉
61,208,江間
147,3,貝瀬
54,15,桑本
85,230,上江洲
210,95,峰松
134,22,澤井
83,191,鵜野
74,121,榎並
221,205,鹿田
216,191,西江
156,74,木嶋
47,117,梁瀬
30,14,稲沢
55,198,奥西
181,71,篠宮
48,225,小日向
133,129,小湊
47,189,上口
183,178,飯高
39,12,北中
125,22,村橋
106,163,大館
206,79,土生
54,212,町野
194,26,酒見
96,120,古郡
18,212,芦野
212,105,王
146,241,岡庭
76,196,駒崎
195,4,戸辺
41,179,釘宮
87,94,奈良岡
24,67,加山
157,213,坂西
51,233,南田
48,230,矢田部
161,167,古江
61,227,諸井
34,125,東城
24,214,安積
99,2,桑畑
122,240,刑部
217,252,得能
221,79,三須
131,42,川渕
69,96,谷地
171,23,芳村
167,131,湯口
231,189,大宅
42,20,金高
20,207,永峰
216,205,新本
23,173,中野渡
18,44,福住
229,59,鯨井
239,253,子安
159,92,倉光
216,137,砂山
243,229,有木
251,51,横森
167,2,屋敷
8,126,泉山
215,31,北垣
98,247,興津
105,7,寺戸
166,99,御園
204,18,貴田
221,121,樋川
194,12,伊礼
251,87,貴島
14,99,三根
224,108,増村
7,8,浜元
146,92,北脇
47,11,仲原
252,0,山端
29,145,吉中
29,4,栗崎
150,229,原子
113,245,中川原
123,83,藁科
177,127,澤村
102,198,渡井
159,52,呉
79,217,吉橋
66,19,伊野
177,139,永塚
162,85,橋
253,70,元吉
38,127,田路
160,92,薗部
93,139,岩坂
131,247,三坂
6,209,白谷
224,205,志岐
27,13,古島
57,151,国安
234,89,杉木
109,121,和久田
77,21,池松
142,40,村元
216,185,額賀
247,139,入野
218,178,阿久根
187,23,崎浜
217,146,川東
117,210,増谷
131,78,多和田
137,21,萩田
74,73,風見
197,18,丸川
133,73,今成
26,211,石浜
113,42,足利
26,127,角南
201,1,図師
104,119,秋場
250,152,田添
220,128,垣本
124,243,射場
105,164,倉重
253,89,久山
243,251,行方
167,170,俣野
73,244,笠谷
29,235,塩月
220,93,伊部
94,178,川平
91,205,納富
245,232,原川
222,80,黒井
177,247,幸地
108,219,古俣
217,70,野畑
100,56,延原
15,6,宮良
142,4,沼野
209,78,新留
60,95,中桐
92,31,小金沢
237,202,当麻
198,94,波多江
43,145,白須
196,110,井岡
171,89,作山
4,20,中津川
96,84,横道
195,122,重富
17,226,村口
142,147,綱川
35,123,宮山
119,189,榎戸
44,182,塩塚
7,111,海田
164,241,須原
8,204,扇谷
103,156,森部
23,69,池部
140,156,馬上
63,120,矢木
21,109,片瀬
117,77,茂野
220,138,西浜
151,84,有岡
223,198,河部
179,36,袖山
192,199,羽石
209,151,橘川
1,85,宮代
188,7,薄
51,222,浜上
109,88,光武
250,104,飯森
120,216,麓
35,57,明田
134,248,新関
148,83,釜谷
231,145,吉竹
154,201,栗野
205,251,飯嶋
255,157,伊集院
19,25,井島
145,174,英
69,73,坂梨
244,249,新沢
50,77,森泉
86,204,木佐貫
117,79,目崎
114,20,羽原
85,96,下西
170,150,井
248,132,吉木
129,147,高萩
53,178,山野辺
153,19,清瀬
129,153,生川
236,245,和久
194,122,芝本
66,40,末光
5,242,藤松
139,135,蒲田
15,73,永坂
91,228,安立
42,234,酒田
52,214,池亀
184,217,日向野
244,234,八坂
141,81,武者
76,20,稲山
9,249,佐倉
110,144,滝谷
100,12,槙原
137,179,友部
174,114,林崎
0,93,榎木
116,82,下
50,9,海老沼
43,107,前橋
170,175,安住
47,216,上森
218,65,福光
190,31,伊庭
32,172,勝呂
187,189,川
151,191,米良
139,95,半谷
140,255,藤戸
30,188,仲地
212,192,前嶋
70,14,星田
42,200,吾郷
139,6,富松
183,226,下園
68,62,洲崎
159,64,小須田
24,122,天満
98,215,野内
232,46,那須野
36,118,谷原
221,214,高川
74,82,松浪
46,87,醍醐
62,110,田熊
89,106,楠元
32,26,塩屋
118,31,岡谷
186,18,岩島
121,140,礒部
9,228,峰村
122,125,藤居
24,201,渡久地
63,46,角屋
83,127,賀川
244,109,江草
205,57,竜田
36,27,金指
48,82,徳久
36,105,岡松
106,85,黒部
74,74,波田野
37,250,亀沢
111,151,乗松
50,33,有元
225,175,梁川
198,252,叶
68,176,釜田
221,226,松前
9,70,網谷
119,186,玉那覇
48,101,仁田
55,249,千代田
156,24,滝山
222,95,椎原
230,177,南方
124,88,武笠
8,96,東江
220,97,中溝
122,222,五木田
163,225,乙部
171,146,大鹿
106,233,守
250,102,重永
3,164,尾畑
133,87,和賀
221,128,境田
222,165,芝山
2,131,常松
136,51,萱野
126,133,行田
4,14,高砂
102,110,国重
230,169,小堺
12,157,小田嶋
225,6,薮
117,150,喜友名
241,243,近森
223,103,丸子
125,169,染川
236,186,坪根
108,29,植本
150,222,穴見
14,40,軍司
15,1,梶井
247,23,時任
101,235,竹永
92,169,浦辺
102,132,小此木
9,178,多賀谷
37,22,嵐
126,145,虻川
63,42,見上
71,217,溝江
178,28,滝島
226,132,有光
147,252,仁藤
63,247,永浜
40,66,山手
20,169,小森谷
98,94,染野
119,137,武蔵
116,128,木庭
114,45,藤橋
177,62,千島
81,228,是永
4,42,沼口
120,244,奥寺
39,123,塩津
109,205,井山
132,46,槙田
109,41,鷲野
115,70,永木
62,2,小橋川
18,32,泉沢
253,168,朝井
51,192,野下
7,15,坪川
48,166,登
75,30,安松
159,232,鶴野
1,138,笹部
110,254,船水
222,215,米井
131,221,伊豆
135,193,七海
113,64,伝田
58,41,布目
61,82,本
37,186,天本
37,52,赤岩
54,101,牛丸
171,34,椛沢
234,32,下出
142,52,境野
128,194,江角
51,218,赤平
82,133,三和
72,170,勝浦
70,12,内
183,19,上沢
14,226,阿曽
192,25,越前
125,175,恒松
141,185,桐野
255,73,鈴川
18,193,苅田
98,130,松瀬
127,60,大藪
153,195,百々
71,33,引田
18,137,入倉
156,29,波多
223,115,富安
92,36,有松
132,148,福
132,127,城本
1,126,重藤
147,61,黒住
3,6,浦谷
232,41,安中
229,80,鬼木
159,13,山畑
156,168,萩本
245,176,浪岡
227,254,海老
167,228,角本
126,172,田場
65,118,門口
225,66,吉満
72,35,江波戸
18,88,沼
122,223,千
26,202,前谷
46,240,谷合
199,130,鷲田
137,126,芹川
78,255,北畑
155,130,萩
159,204,岩脇
144,83,五反田
232,210,内木
150,131,須佐
106,183,升田
54,38,花山
26,133,浦井
42,240,甲斐田
137,70,塩島
7,86,茶木
145,46,中浦
54,9,吉越
67,117,坂尾
203,177,板坂
69,131,牧内
63,108,瀬山
193,25,二本柳
251,5,伊崎
157,106,伊勢田
239,6,光安
248,71,北上
156,89,来栖
187,232,小柳津
57,121,池添
47,124,恒吉
191,218,作本
8,165,倉科
164,139,竹部
185,20,柳楽
189,157,徳野
14,249,天沼
217,149,樽見
11,89,倉
111,207,宇賀
182,51,金杉
6,86,秋永
107,251,鷹取
16,90,辰野
204,213,長根
25,80,岡川
30,179,三神
35,206,青戸
38,29,矢川
104,176,粟飯原
247,101,玉谷
119,70,国見
22,47,指田
15,232,持丸
73,91,白尾
150,94,新出
102,44,穂坂
5,91,斎
163,169,神成
165,141,荻
35,119,糸永
220,85,御厨
73,178,河北
40,104,古矢
186,138,生沼
200,92,鄭
94,206,藤掛
21,255,徳竹
194,248,高根沢
122,192,倉石
117,72,保谷
165,28,堀込
39,99,礒野
100,92,芳川
11,185,晴山
37,156,元井
101,217,亀崎
100,129,越
142,235,沖津
34,17,蒲池
90,45,勅使河原
221,231,名嘉
186,200,外岡
169,251,仲尾
109,6,当真
96,55,来田
183,29,弥永
14,151,蓑島
167,21,波田
192,192,杉林
32,118,下井
128,90,石綿
141,148,扇
99,236,前岡
236,15,坪谷
72,206,北郷
128,57,卜部
253,53,左近
152,12,崎原
57,72,清永
219,169,西河
127,34,草川
231,54,鳥
58,130,園
52,92,樫山
152,191,森実
251,223,川向
223,95,羽野
152,236,十文字
100,35,利光
250,211,茂田
174,214,日隈
134,223,大寺
213,166,赤司
60,122,蒲
82,51,宇佐
103,103,久保井
105,183,松石
177,252,赤穂
176,34,末木
134,156,児山
158,94,苫米地
52,69,二上
40,134,隈部
142,173,柴谷
31,237,蓑輪
206,71,寺林
39,121,屋良
130,99,青谷
214,115,町井
171,35,友成
119,153,荻島
46,200,森松
29,47,星加
27,150,泉水
147,11,松見
142,234,力丸
93,235,勝間
111,233,立岡
94,193,堀岡
76,209,小屋
38,157,坂中
159,98,開
148,133,鮎沢
173,134,金平
192,17,小田川
110,55,安居
19,188,塩山
11,230,久高
164,165,久村
185,165,布田
237,159,葛谷
190,228,細山
140,164,石元
242,122,千明
127,149,柳町
106,45,黒羽
36,38,寺原
77,5,可知
77,66,鍵山
212,27,大元
125,147,大川内
49,199,尾下
118,253,菊井
8,212,茅根
164,195,伊与田
11,248,皆木
110,195,石戸谷
201,14,村谷
30,214,伏木
47,153,児嶋
129,238,上石
89,230,大部
250,9,田近
39,50,田北
182,109,米森
51,139,進士
124,129,樋野
25,72,大国
4,88,朝山
57,58,石尾
231,197,牧島
72,184,犬伏
43,24,坂川
215,3,三澤
184,154,芹田
51,76,小野原
216,41,朝長
53,122,八塚
69,13,松長
231,4,戸口
67,140,山神
246,62,川浦
34,59,徳江
99,209,網代
244,121,奥出
234,19,鍵谷
169,202,大根田
139,184,福浦
142,111,平手
70,56,阿野
204,123,穐山
163,181,垂水
185,182,水流
211,109,濱崎
178,102,西巻
1,6,石郷岡
199,154,池浦
166,62,白藤
229,98,和島
73,216,美濃部
245,248,朝岡
135,171,仲松
77,216,森嶋
93,155,鹿毛
53,6,師岡
248,206,光野
219,171,柿内
172,66,三留
2,37,城島
238,10,木俣
75,74,庭山
111,152,矢原
196,150,輿水
71,156,並河
49,174,二井
103,149,大曲
20,143,車田
143,108,四戸
156,242,古堅
166,126,荒武
177,148,高草木
135,174,中町
211,168,長堀
93,206,牧瀬
240,117,筧
206,32,黒江
220,103,山縣
73,9,名村
198,30,野平
45,189,木立
161,44,網本
131,201,粉川
68,97,大栗
47,37,成岡
58,149,菊島
93,128,県
84,177,鴻巣
164,51,渋井
21,74,藤浦
134,92,柳内
185,244,岩戸
35,124,城内
20,247,丹生
192,55,井之上
38,154,稲福
3,57,海江田
47,5,楠見
180,125,北澤
4,226,有野
144,33,加田
151,16,三ツ木
249,181,白取
205,2,野々垣
38,115,北里
238,187,川出
21,3,江部
235,111,下津
79,116,阿武
37,14,出羽
21,151,政岡
39,42,島原
54,30,成毛
149,165,内倉
81,146,福丸
251,235,宮垣
140,145,功刀
110,193,多々良
16,136,北園
247,185,江坂
128,67,柏村
19,133,久光
210,74,狩俣
79,134,松延
90,219,正村
159,190,津本
74,99,木南
231,252,水内
98,242,大柴
137,150,姉崎
79,140,今堀
103,205,高辻
81,207,浦口
0,49,宇根
138,121,松
177,22,乗田
241,103,見目
135,4,早乙
179,237,大丸
106,44,田名部
62,83,戎
194,11,正井
205,195,清岡
150,140,宮国
59,129,後藤田
7,157,重光
30,254,清本
220,253,門屋
2,153,金津
135,61,西端
55,98,棚瀬
20,102,近松
27,90,山寺
238,167,真子
240,46,西牟田
35,159,増原
245,51,成清
82,157,杉元
220,48,佐保
223,48,駒村
129,48,渡嘉敷
152,164,茅原
158,129,久留
95,34,板津
222,236,阿川
158,145,寺園
6,98,竜
40,14,永川
102,59,高波
187,180,藤坂
218,214,武岡
229,184,一井
84,218,室橋
66,3,竹之下
140,36,番匠
114,14,米岡
227,77,黄
41,35,関塚
20,180,広橋
108,51,笹崎
61,30,圷
90,132,津金
123,27,原崎
248,64,家村
160,216,河原田
103,59,鎌谷
33,36,岩男
233,183,西木
82,67,椿原
177,152,嶋野
248,63,徳増
37,207,本松
116,49,江副
217,88,坂場
137,183,潮
161,84,竹市
20,6,鴨井
195,249,向江
33,202,降矢
36,143,重久
226,224,銭谷
245,234,瀧本
222,218,武末
170,90,平澤
214,24,武沢
254,246,畠田
167,201,敦賀
144,145,霜鳥
128,214,成井
108,77,佐多
247,37,牛込
61,159,高岩
106,82,中坪
173,24,鳥本
139,128,渡口
126,171,南原
35,129,関矢
201,119,細越
192,151,鳥谷
19,253,万谷
107,227,久岡
111,220,三隅
213,106,七尾
160,24,梅垣
177,68,福江
235,65,伊能
228,204,小串
163,248,浅間
100,91,万
76,154,勇
199,110,杉内
138,81,枝
199,38,黒宮
145,244,金久保
59,99,古森
216,97,小藤
179,24,辛島
9,171,片上
213,130,豊村
137,170,稲熊
165,246,瓜田
245,207,竹松
22,195,長部
205,24,鈴鹿
5,103,塩井
191,129,我那覇
155,215,桐田
127,201,国谷
51,47,今尾
35,199,平方
29,38,椋本
59,51,濱口
169,38,管
213,28,岩館
253,41,大日向
49,33,米野
8,111,富谷
31,135,成富
11,80,小又
162,102,小佐野
249,133,根間
127,205,奥島
8,39,額田
112,220,宗村
183,23,篠沢
34,84,松並
138,219,大田原
189,253,中河
243,87,中泉
26,164,吉丸
218,173,逆井
93,92,溝井
44,173,跡部
151,12,武知
86,161,矢後
129,126,尾中
76,147,池間
204,19,森高
153,217,渋江
75,242,久木
100,253,海保
23,176,城谷
57,201,大内田
77,9,武下
167,74,脇谷
116,172,矢ケ崎
36,43,門前
136,29,十亀
195,255,若本
164,175,鎌野
37,74,稲永
160,241,一條
128,251,税所
54,83,中地
7,66,畑本
66,168,藪下
168,42,岡内
167,197,久間
75,152,川淵
203,254,長町
29,30,殿村
152,228,道端
143,232,徳村
236,117,尾西
17,153,福吉
150,49,国光
81,124,武野
88,121,平栗
235,181,坂井田
246,108,今坂
64,31,古泉
69,198,永易
53,47,井手上
224,81,伊川
163,33,下浦
163,232,館岡
95,52,熊代
209,130,馬田
251,162,平柳
129,66,北森
101,80,薮本
132,92,永安
133,134,竹ノ内
161,67,与田
182,62,友寄
134,152,本井
16,220,幅
116,176,長船
86,181,在原
34,141,苅部
251,177,屋宜
94,153,鹿又
47,50,酒谷
77,99,水崎
151,67,千坂
123,196,蛭間
174,121,名田
243,228,平泉
199,241,土手
17,105,新貝
184,129,伊佐治
163,109,作間
86,253,鹿山
152,27,小宅
105,68,南場
187,51,出崎
11,159,前中
197,149,和智
110,4,越山
31,138,吉光
8,160,尾池
147,145,江守
169,93,吉冨
211,199,間山
77,211,重山
183,6,小
201,43,島尻
114,128,冨士
124,97,西館
219,185,円城寺
144,233,鯉沼
156,127,中松
221,219,本藤
15,163,米丸
251,170,宅間
115,98,則武
59,159,水町
197,129,水戸部
160,208,三矢
31,75,阪下
218,179,加々美
79,151,右近
230,178,押尾
201,251,沖中
51,167,蒲谷
25,248,真辺
108,173,長久保
240,138,下條
212,58,藤根
205,94,本名
182,200,会津
249,102,広
149,137,柴本
58,10,岩出
205,93,金島
67,225,三ツ井
55,88,新堂
70,250,立沢
23,234,崎村
33,237,山方
212,68,瀬沼
88,211,能美
106,70,熱海
210,248,田和
8,58,中東
247,74,広崎
193,64,向原
71,134,牛木
219,47,早津
137,225,嶋岡
153,147,守安
101,172,幕田
209,135,小堤
34,171,野路
62,158,犬童
101,47,辻内
57,14,田井中
149,99,道家
173,242,枝川
54,87,舟越
40,165,長森
60,46,田倉
50,43,飯坂
131,100,竹越
57,96,森一
60,113,松中
231,219,出島
74,206,細沼
244,154,奥富
237,223,吉津
108,249,山倉
200,206,豊沢
183,54,源田
186,162,三堀
138,158,真坂
229,67,仁井
24,95,大柿
144,137,兼重
143,224,秋田谷
90,56,真山
131,181,椙山
27,137,前園
185,74,村
253,179,引間
142,124,梯
237,56,飯盛
80,50,岩坪
131,98,菊永
41,155,中石
152,218,渡慶次
173,111,富本
96,95,小薗
186,160,玉岡
214,57,久川
41,17,稲嶺
59,42,狩谷
99,115,諏佐
217,46,赤羽根
198,246,前崎
206,56,越村
151,170,下薗
238,251,下釜
116,10,韮沢
92,46,木塚
180,94,橋谷
35,236,沓掛
252,75,壬生
176,175,大仲
20,88,豊泉
143,20,阿波
183,175,千種
58,82,昼間
199,129,二ノ宮
191,131,附田
48,222,時岡
13,193,米須
154,62,里中
105,92,竹
100,165,沢登
7,116,鯉淵
66,188,宮寺
173,128,炭谷
190,165,尾辻
199,105,布村
25,85,平下
187,129,木戸口
113,166,木曾
131,160,粥川
197,2,鬼丸
141,94,牛嶋
45,16,細淵
114,212,栄田
238,225,奥崎
202,31,嘉山
221,13,丸林
54,240,山出
202,72,船井
124,3,津波古
102,209,河嶋
52,151,岸下
122,238,三室
132,99,本堂
222,2,尾谷
159,109,肥塚
42,43,椎橋
169,196,竹前
134,110,相坂
186,39,川角
81,131,守本
96,193,江成
14,213,温井
154,207,小嶺
154,243,千村
53,204,大枝
126,229,伊倉
2,68,塩飽
179,72,高羽
157,91,小松田
108,155,田鍋
164,94,畑井
210,29,七戸
63,106,楯
248,123,小野山
233,178,堀籠
199,119,苗村
29,51,硲
118,26,折井
207,81,粂
130,242,河添
13,232,井澤
161,209,河南
154,175,久末
127,13,上戸
23,252,曽根原
98,50,大海
105,191,津守
222,224,武島
195,111,根田
87,139,森広
233,144,力武
254,1,御子柴
130,177,松吉
209,101,上羽
51,127,浅水
57,156,峰尾
85,203,澤口
147,164,蓼沼
9,138,笹村
117,250,西潟
214,139,礒田
75,69,堀木
1,156,樋山
209,143,飯倉
142,130,倉富
145,185,須郷
78,141,笹生
33,162,寛
194,49,稲留
244,1,財部
9,233,小岩井
63,101,合原
2,39,時枝
6,201,神本
198,31,泉本
44,206,平口
159,183,竜野
7,74,羽藤
137,155,奥間
79,74,岡西
72,225,若田
81,130,小坂井
138,97,親川
179,235,積田
200,223,庭田
176,97,露崎
193,215,石嶋
250,78,幸村
229,220,七田
6,120,小楠
27,92,地引
44,136,佐合
238,249,才田
181,157,小鷹
133,161,須沢
44,158,大吉
237,80,仲村渠
144,210,二俣
151,225,井垣
210,225,角山
50,193,畦地
33,124,鍋倉
211,147,伊神
228,202,浅羽
144,111,副田
155,213,田伏
158,208,鶴丸
112,178,長妻
87,156,竹重
126,166,倉井
169,131,酒寄
100,185,古謝
12,17,栗岡
171,39,佐々野
24,217,祝
95,224,石内
162,57,尾林
211,116,並川
99,36,紀平
131,149,山腰
251,182,肥沼
186,109,布野
213,220,長谷山
224,77,新実
179,120,後閑
155,28,磯川
223,96,下司
22,34,久場
94,116,広重
94,80,寿
162,128,地主
7,101,牧口
120,165,匂坂
73,169,湯谷
43,62,都
117,211,中薗
165,112,川窪
171,177,小笠
70,10,根上
235,26,高場
46,139,古口
38,42,弓田
74,223,佐貫
110,86,坂谷
125,4,勝井
46,92,神垣
131,182,石澤
154,3,草柳
211,30,樽谷
137,127,大輪
49,242,浅子
146,116,向川
140,88,玉手
144,138,下山田
55,45,鍵本
183,58,川見
178,66,能登谷
78,241,井桁
80,214,金塚
74,76,高浦
63,125,財前
14,204,宿谷
51,156,満留
114,47,平見
226,63,松家
193,244,山東
26,184,岡上
81,216,亀島
153,134,朽木
154,228,戸梶
125,50,尾身
26,53,野嶋
201,16,臼倉
234,178,吉浜
215,193,原井
22,85,広渡
28,145,三笠
250,153,常見
30,133,町
192,88,内橋
181,197,永末
194,57,岸部
219,204,港
178,228,但馬
64,152,竹迫
57,17,長津
74,122,余田
140,134,六本木
119,104,内原
174,120,村西
127,88,秋間
164,36,垣花
46,235,益山
55,219,一之瀬
133,88,屋比久
163,16,下川原
253,47,具志
36,168,古久保
4,60,三藤
216,40,平崎
156,96,橘内
172,254,本荘
128,118,余語
46,53,笠野
53,221,寺澤
144,157,松重
210,233,赤荻
22,93,八木下
108,39,富
142,249,穴吹
135,218,絹川
164,86,渋木
226,72,庄
132,172,矢尾
37,1,立崎
252,89,竹石
241,106,寺野
123,24,枝松
188,108,位田
197,216,榎原
55,250,岡橋
205,252,桶田
145,127,下瀬
250,57,江里口
124,6,寺元
111,31,生出
182,43,倉野
101,250,中牟田
97,81,本部
135,93,木之下
51,99,塩尻
114,165,渡壁
198,174,片井
41,248,永峯
8,91,早見
110,74,鵜木
64,86,塩路
116,41,辻口
95,5,田下
36,120,徳元
250,217,野山
235,33,保井
4,247,八角
227,45,萩野谷
143,158,仙頭
120,98,井戸川
131,9,阿蘇
127,250,小金井
84,213,石
160,157,大多和
69,127,池之上
134,3,釣
100,180,鶴川
200,252,良知
204,39,日景
62,216,湯村
139,53,長峯
69,20,大路
121,44,佐久川
90,192,高浪
61,189,芦谷
137,58,井波
112,150,三次
132,104,小町
239,199,浜畑
41,111,手代木
122,42,政木
81,50,青池
244,143,八嶋
234,126,有我
83,18,坪
73,80,西松
251,28,重見
136,101,国方
76,201,磯本
57,118,下中
164,125,新屋敷
247,75,津谷
24,252,浜西
225,130,伊坂
209,141,沖原
42,57,近内
118,103,寺師
19,173,上屋
7,177,木林
36,90,露口
194,46,永橋
243,214,亀本
162,114,勝原
229,216,森江
87,179,深作
219,71,蔵元
129,96,二口
194,235,鷲津
136,189,和地
134,225,瀧
91,88,荒関
2,220,溝川
76,46,月田
233,233,吉倉
152,120,吉開
45,96,梶間
45,103,加部
36,83,金藤
6,32,駒木
29,98,小長井
23,137,神里
78,121,大渡
59,229,藤牧
115,60,馬込
152,160,萩森
30,200,伊澤
62,10,奥脇
82,128,花見
127,12,広松
31,5,伊関
233,95,磯島
97,10,久貝
121,208,荒山
101,205,樽本
222,175,中屋敷
246,250,槙本
54,254,濱本
93,60,茂手木
84,87,北方
84,157,飛沢
12,43,天内
149,133,朝川
88,74,竹嶋
112,83,国定
147,251,井ノ上
16,139,塩出
176,37,押谷
16,101,岩部
201,39,溝辺
124,229,小石川
108,224,星原
30,65,西里
41,133,平元
220,246,稲津
99,191,嶺井
37,195,鷲巣
28,193,濱野
119,249,二橋
138,178,藤咲
133,21,丹後
49,193,古西
161,68,因幡
9,182,古寺
173,92,甲賀
182,123,高屋敷
181,99,坪山
25,18,尾坂
78,41,輪島
146,133,粟井
249,164,永渕
61,213,須長
188,181,鶴原
176,60,芳田
20,32,麻野
98,229,久郷
240,216,星名
84,206,折本
34,132,太刀川
168,247,福尾
69,132,捧
219,36,小手川
200,235,黒谷
229,64,桂木
143,45,岩藤
157,178,加藤木
67,104,井戸田
88,38,宮迫
104,23,早水
91,251,椎谷
228,104,白子
135,128,宇藤
219,131,園原
218,121,桑江
20,124,行木
218,21,轟木
144,190,天笠
148,12,梅澤
152,162,綾
3,54,笠川
34,227,関岡
212,253,寺町
1,206,小迫
50,195,菖蒲
164,37,大向
56,188,米内
209,51,茂原
146,4,津波
172,217,続木
74,227,石間
77,41,神園
88,136,今藤
92,245,桐村
59,55,永戸
164,204,見城
207,187,今崎
241,182,四方田
217,16,川岡
242,200,谷畑
71,136,宇都木
42,59,越後谷
104,18,下道
14,240,御園生
203,222,今江
79,169,大桃
44,31,米盛
95,120,北風
142,222,矢谷
151,245,名波
71,80,北河
135,25,保泉
231,153,米島
189,153,田
48,142,竹添
201,147,曾我部
38,201,鹿間
244,19,治田
196,105,岩越
85,196,菊原
116,217,後
143,239,今別府
163,188,崎野
9,12,神宮司
228,165,日野原
227,64,平中
176,250,立道
153,254,北浜
18,248,片貝
89,160,鎗田
138,212,今出
60,162,原本
198,1,永留
228,232,久保川
218,136,池尾
182,57,布谷
103,238,今宮
165,241,朝妻
181,116,堀家
17,24,門川
54,64,徳
126,129,石口
90,242,真栄城
68,9,山宮
67,95,古岡
14,189,井畑
28,2,一丸
41,171,出町
207,99,小田倉
90,48,中俣
74,248,有薗
177,204,浪川
130,187,侭田
103,131,柏井
91,54,貞方
202,167,船岡
34,213,上床
149,175,指宿
192,98,三部
93,251,坂詰
217,83,吉国
166,127,笈川
204,233,沓名
110,209,松竹
29,33,都甲
112,192,馬屋原
146,21,飯室
85,224,矢本
117,195,有江
127,93,白砂
7,254,馬野
82,109,大洞
193,156,大久
237,137,駿河
198,111,萱沼
69,98,古味
106,165,舟田
179,140,小田中
129,167,栃原
141,231,蓮田
39,73,伊勢谷
117,112,井阪
208,204,高嶺
100,228,砂子
161,1,盛岡
255,241,折口
227,125,川波
177,179,道本
15,166,牧本
223,87,目時
30,43,淀川
179,128,銘苅
233,93,嶋谷
104,193,長本
215,94,倉永
247,162,仁井田
247,163,小越
153,38,坂木
169,81,広山
107,24,家入
6,237,安元
10,170,雨森
93,127,瀬上
72,107,成尾
124,60,田形
247,56,嶺
191,236,富士
182,37,八戸
138,215,長戸
24,157,其田
121,12,真保
162,173,山代
176,199,掛水
198,23,増島
90,66,天間
32,89,隈本
115,4,広兼
61,179,室賀
233,100,田鎖
32,101,浜端
76,77,富高
51,82,平光
206,87,福野
176,16,田森
204,13,鳥巣
151,87,菅波
73,208,神前
70,112,熊切
133,154,空閑
62,103,芦刈
236,119,京田
220,56,広石
232,219,松沼
106,93,石栗
143,109,天池
234,160,藤重
156,245,反田
77,221,澁谷
206,161,藪崎
19,232,宇津
142,74,岡留
105,77,古場
41,215,持永
211,124,田名網
68,188,蛭子
255,225,馬庭
86,170,都留
202,244,但野
225,196,政田
213,15,春口
157,220,讃岐
153,6,恵良
166,192,秋岡
186,152,押見
28,139,蒲地
199,78,菊野
15,170,兼本
255,218,才木
15,164,姉川
114,54,志方
176,225,小渕
11,66,中庭
83,255,小北
28,121,沼本
26,79,神馬
233,30,福満
61,24,碓氷
200,239,小野口
91,220,猪田
162,21,土倉
244,22,八木原
211,253,北橋
27,66,渕田
39,170,富島
112,188,白
238,136,石附
12,142,久門
196,213,柿島
26,149,開田
17,229,横木
103,233,阿藤
157,201,奥園
66,245,海谷
139,43,行武
181,17,小金丸
243,242,森住
56,227,猪子
190,99,安形
105,98,盛山
251,181,西永
190,225,中富
165,201,都竹
23,167,堂下
139,70,浜尾
143,84,片渕
5,236,的野
199,4,多田羅
214,76,砂金
32,235,高内
204,143,行徳
72,209,垣田
156,7,家永
69,70,下垣
209,40,臼木
99,252,下林
60,65,京野
178,253,須磨
202,234,徳富
254,209,藍原
87,249,井芹
116,151,永村
255,184,塩野谷
35,77,奥住
142,160,荻山
101,84,海原
51,168,久米田
237,64,金築
143,187,重原
1,172,水江
121,133,大保
246,91,友岡
157,56,米
240,50,福冨
178,155,槌谷
17,0,中嶌
235,48,中堀
255,104,滝村
204,99,宇土
60,67,下間
47,0,高吉
232,216,三平
57,206,秋保
241,41,勝谷
166,34,植月
117,82,南村
177,190,岩室
142,148,菊間
140,70,戸来
169,209,鹿嶋
202,142,春本
32,219,勝沼
110,19,小内
65,51,大胡
170,32,谷水
60,71,蜷川
210,86,蛯沢
191,42,与座
212,156,末沢
15,218,当銘
190,123,辻中
12,15,川井田
29,203,小酒井
121,93,初見
218,191,山鹿
114,86,饗庭
31,163,関島
116,234,海沼
47,96,帰山
13,212,国崎
165,90,船場
31,32,鶴井
198,58,南本
43,177,能見
216,161,豊留
66,0,矢ケ部
69,43,狐塚
76,175,住
77,238,大植
7,230,辻元
22,48,峰田
211,50,末藤
38,89,長川
201,65,端
40,107,大水
98,127,大磯
111,3,松上
39,192,宮津
67,93,橋立
157,139,熊
93,12,幸山
138,125,今沢
239,74,三池
143,29,信岡
181,164,真家
193,43,折橋
254,243,倉元
126,200,豊里
37,227,劉
14,224,下崎
31,153,吉瀬
8,19,宮上
246,113,金安
83,139,真中
75,27,谷尾
79,210,長久
28,101,道田
96,217,浜屋
145,47,福寿
151,28,滝内
41,188,村重
71,66,佐武
241,150,河地
9,114,阿知波
68,43,岩屋
246,114,唐津
236,248,畑沢
19,69,柿元
54,177,赤峰
135,156,前多
204,35,田澤
170,194,蕪木
232,59,門松
157,32,水城
185,107,早稲田
126,40,大鶴
232,43,鳥沢
129,252,湯地
232,40,梅岡
221,108,八木田
243,95,壺井
25,59,濱
172,191,箕田
234,115,堀沢
26,183,刀祢
150,153,中木
249,131,川野辺
245,65,松園
35,45,坂間
48,155,見崎
54,161,河尻
101,10,鵜沼
121,38,岩森
236,26,吉賀
252,186,原嶋
217,133,上代
202,24,黒山
168,232,今永
202,198,十時
44,222,神内
235,23,水橋
29,220,大喜多
251,0,内本
61,46,牟田口
240,236,本江
105,13,米持
228,70,板山
75,188,巴
174,48,常岡
88,191,小海
143,186,車谷
13,85,高西
226,102,高江
7,208,弦巻
146,210,粂田
84,68,錦戸
107,34,蓮尾
207,229,沢畑
148,226,相浦
240,139,前里
232,75,諸富
134,41,柴沼
207,112,五十畑
164,62,一村
48,10,安室
152,216,安木
196,28,錦
155,195,色川
200,229,菅本
11,167,日山
151,211,富所
64,170,米永
100,106,嶺岸
123,92,枦山
239,134,鷲山
103,64,味岡
152,74,末安
10,31,米元
82,154,天木
52,97,津森
60,42,石浦
234,247,静
191,205,植西
96,132,志波
58,1,兼城
246,240,玉沢
239,193,向野
225,134,高麗
134,138,社本
47,229,若園
196,99,松場
255,190,上薗
139,29,武中
156,101,稲原
74,72,吉藤
226,246,空
57,204,江橋
180,105,坂村
62,211,正司
73,225,飯川
225,226,名畑
20,119,添野
156,182,山之口
41,88,笠置
112,254,河越
84,23,井形
143,140,下江
165,211,垣見
26,66,根井
233,12,漆山
9,102,森竹
169,160,成宮
170,105,相本
182,72,大政
39,94,知名
106,204,友広
239,67,鑓水
144,207,法月
243,207,白畑
174,158,小渡
61,206,柴尾
161,69,江木
149,171,阪
44,190,小曾根
98,21,征矢
48,73,西辻
170,229,村里
127,94,徳川
89,77,武原
159,231,物部
76,22,矢頭
208,72,南保
203,16,是沢
187,27,志茂
78,80,丸木
177,15,貝田
115,69,岡下
48,187,賀来
21,240,高鳥
234,11,坂牧
117,94,小間
95,67,瀬島
126,100,入船
99,133,飛松
109,239,武元
124,102,名久井
114,71,野里
122,227,外谷
86,15,熊澤
34,42,広津
213,163,室山
189,10,五月女
49,91,富崎
100,70,藤縄
36,155,星谷
225,223,新免
169,28,松内
16,242,重政
133,168,国府
78,133,菊岡
32,155,宜保
62,105,猿橋
101,102,宇留野
211,218,加村
91,70,久徳
187,13,高寺
132,171,三善
216,170,山門
184,169,鋤柄
217,191,正野
122,162,折居
142,236,尾前
186,16,有路
28,7,福居
151,189,尾張
119,46,柏葉
85,108,日浅
241,209,竹平
162,121,滝澤
94,44,加野
90,188,岡地
128,190,羽沢
61,73,岩澤
113,199,吉里
67,150,上滝
153,116,真船
143,48,石鍋
73,240,楠山
43,241,柏本
193,123,万田
141,153,須江
68,211,小郷
220,64,丸島
109,63,梶岡
58,138,押山
236,57,永淵
219,114,坂手
198,73,上畑
97,66,槌田
142,114,渡利
43,91,徳満
207,131,白瀬
229,0,東方
162,98,唐鎌
83,211,鳥取
106,179,大野木
49,48,新福
165,170,三林
171,140,奥泉
155,106,粟屋
94,218,一場
131,218,情野
130,147,川森
37,87,東尾
38,241,永本
144,187,加治木
12,140,加登
99,99,歌川
171,72,葛山
54,5,甲木
173,233,国生
23,172,住野
35,3,常川
108,90,神川
239,118,神門
118,59,大長
191,179,田守
244,44,峯尾
60,37,穂苅
54,116,鶴本
77,198,行本
218,185,岩立
237,87,加門
128,158,下口
239,143,井町
104,5,広原
102,246,若森
82,25,兵庫
210,214,永里
35,127,佐久本
237,24,佐谷
33,127,佐塚
86,255,生沢
147,143,井端
28,156,下城
6,95,葛巻
124,95,吉次
144,150,市井
88,27,神農
255,214,千崎
146,115,前本
86,205,中曾根
229,222,帖佐
207,32,能瀬
41,34,野々下
96,142,大湊
156,155,大房
185,37,森和
33,217,外薗
191,125,井草
100,164,榊田
104,39,志垣
200,250,庄山
103,5,雪田
198,39,大薗
76,149,尾内
235,61,武谷
241,219,芳沢
65,8,齊藤
109,53,鈴田
180,220,米崎
162,190,薄葉
203,123,谷元
66,94,上浦
139,57,山嵜
124,70,元永
114,204,久恒
38,15,浦沢
58,192,今北
212,9,山影
246,224,上尾
229,155,友沢
253,206,比良
79,3,柏瀬
197,61,土持
211,207,長木
244,193,大手
204,180,大形
92,113,杉島
94,186,鴻上
100,32,萱場
1,129,井門
114,191,下畑
164,6,江越
110,83,小井土
150,174,小野川
70,206,深海
42,25,二田
59,239,能村
183,240,馬目
143,221,福里
230,171,冷水
91,206,鷲頭
177,151,澤野
99,239,武久
65,67,梅宮
241,177,道脇
192,133,鳥原
253,62,中世古
198,160,川松
143,214,上倉
59,83,小辻
96,54,市沢
80,77,甲谷
62,73,栗島
162,90,宇津野
83,31,伊熊
153,233,嘉陽
232,64,萱原
125,197,京
201,238,恵
248,203,鯨岡
159,241,蒔苗
169,230,小檜山
104,103,成本
51,32,千々岩
140,34,大舘
145,123,津嘉山
13,248,平形
151,25,保木
177,97,湊谷
11,30,楊
193,83,亘
238,193,藤高
201,250,知野
20,204,神庭
199,135,計良
235,71,花川
0,40,羽生田
151,253,宇川
102,32,原岡
245,170,斎川
88,126,小和田
13,21,池元
109,172,明
215,140,木皿
103,132,有留
37,117,一杉
152,186,西丸
100,38,豊
121,116,雨谷
89,182,崎本
123,105,長竹
186,76,藪本
82,168,榎園
83,218,駒谷
80,146,高丸
114,150,真嶋
87,251,霜村
165,220,長岐
97,171,富澤
17,5,奥秋
151,63,樺山
207,80,樺島
199,161,高澤
129,114,勝目
119,100,西倉
8,145,鍛冶
81,144,百崎
161,36,阿達
2,84,吉塚
112,118,出浦
237,71,千石
84,193,竹安
124,164,楠井
14,199,萩生田
101,98,鈴
220,0,老田
138,17,尾木
179,26,楠美
175,118,浅木
167,79,出来
114,2,岩丸
142,11,監物
121,163,広末
227,153,佐脇
192,144,四家
215,243,住岡
105,199,森垣
179,58,森義
220,148,森長
94,78,尼崎
8,18,片川
206,30,野々口
148,235,末原
93,187,本野
118,136,文屋
85,254,日田
250,155,多久和
134,197,瀬藤
18,206,常木
232,71,守永
244,11,紫藤
72,253,国弘
128,218,厚地
219,43,芹澤
44,214,南木
95,148,見田
159,91,吉羽
21,92,岸岡
189,136,葛岡
68,255,開発
40,22,家城
169,45,吉島
233,138,山住
51,27,勝島
33,47,小田垣
182,158,大間
36,166,瀧澤
81,28,矢羽田
47,75,簗田
129,205,野間口
108,240,樋浦
111,7,白波瀬
169,102,塚口
243,49,棚町
114,36,前坂
45,121,石下
159,203,吹野
6,189,山ノ内
143,76,坂原
171,176,佐村
22,105,溝畑
164,191,古原
24,255,串間
39,102,菊沢
196,46,岩口
34,160,永長
88,140,安谷屋
47,44,川守田
161,27,波平
173,91,馬原
240,28,和栗
214,85,多川
213,148,今瀬
147,23,金武
172,196,橋岡
196,194,岩浅
211,157,佐宗
152,246,西迫
169,2,蔵野
229,49,太田垣
82,10,台
35,112,朝生
79,142,殿岡
73,128,伏屋
16,16,柚原
51,148,脇野
250,173,堀篭
133,127,船坂
12,151,西ケ谷
233,43,瀬良
14,63,上崎
223,70,謝花
161,196,篠山
19,31,蔀
41,250,元島
197,140,栗村
171,78,佐井
146,96,鹿倉
81,239,瑞慶覧
77,69,船渡
93,208,中津留
36,115,名城
92,249,音田
75,39,柿谷
220,150,吉兼
42,104,光成
117,90,七里
25,71,小保方
60,7,織戸
71,45,大伴
4,122,門谷
238,15,北西
171,132,西郡
62,104,時本
111,72,枝村
15,242,坂尻
163,153,橋浦
238,20,横畠
244,245,萬
77,236,友井
184,98,末崎
160,98,菱木
142,155,白野
174,161,忍田
217,250,入佐
112,104,猪爪
146,43,大楽
2,2,上東
234,37,七条
78,85,春川
18,45,徐
198,195,須釜
183,28,青葉
184,42,村杉
244,231,大桑
223,55,中迫
131,69,籾井
131,56,栫
32,40,浪江
122,113,平内
37,70,分部
57,150,入部
60,104,徳弘
107,10,西前
240,183,織茂
135,158,三条
153,7,井土
162,246,月野
172,62,国貞
169,33,黒原
242,54,根元
189,90,常世田
100,249,本保
192,207,類家
185,199,栗橋
143,49,沼山
212,119,曽山
97,84,巣山
43,13,藤盛
113,81,本杉
195,28,名嘉真
28,55,淋
3,167,鈴本
70,81,六川
11,139,楢木
139,26,栃尾
214,67,竹ケ原
73,15,川根
166,134,舘山
195,47,宇梶
84,188,宮岸
168,36,戸次
208,16,荒沢
233,149,小川原
111,157,深浦
76,27,西下
16,190,西橋
90,89,倉原
185,242,瀧口
175,130,朝原
218,98,末富
54,234,趙
22,220,廣川
127,227,万木
121,195,堀端
203,251,別宮
246,36,平坂
245,136,大根
189,244,真栄田
168,41,信沢
129,45,小木曾
105,206,降幡
200,161,鍬田
146,26,駒野
215,148,橋井
216,68,岩浪
205,239,伊敷
102,193,伊村
46,11,桐畑
39,55,金児
62,201,黒岡
254,17,照山
212,32,森平
209,115,峯崎
35,181,鳴瀬
224,34,方波見
245,117,尾村
127,178,柏野
216,74,乳井
219,87,辻原
75,66,竹澤
91,194,大波
219,109,赤野
255,212,吹上
204,172,佐々田
110,121,好川
178,186,五明
181,105,皆藤
190,64,宮北
32,90,国岡
247,81,山林
139,54,信夫
197,15,草粥
248,36,富野
101,167,冨士原
47,115,蓬莱
230,116,富原
5,229,八柳
79,21,等々力
93,10,津幡
197,196,中小路
103,174,端山
83,39,早船
222,136,惣田
226,95,石賀
167,158,佐俣
107,26,合志
97,115,紅谷
208,237,下斗米
133,179,益本
215,249,野方
73,99,納
30,158,田附
90,101,大岸
192,140,香村
42,135,桑木
42,254,粂川
95,211,加賀田
198,193,浦中
184,5,我如古
80,197,戸室
217,6,秋好
241,158,重
213,53,前場
242,199,竹浪
194,195,中塩
251,18,風岡
191,156,夏山
112,72,樫尾
248,20,吉安
3,29,溝淵
50,209,白方
22,108,野寺
172,118,枡田
100,9,和
32,9,内沢
106,75,唐川
211,161,新明
253,0,古谷野
104,185,霞
202,111,伊芸
168,86,乙川
87,208,栗谷
181,162,船曳
61,127,箆
20,21,本永
223,86,左右田
246,177,三間
86,171,大鐘
116,225,釣谷
246,230,吉積
63,0,忽那
15,13,松阪
247,131,霜山
71,140,谷田貝
242,43,池見
151,172,比企
83,160,飛弾
37,66,片淵
79,65,福澤
94,68,藤見
217,43,鶴山
226,125,蔵
246,40,三ケ尻
255,63,吉弘
163,234,岡藤
12,195,稲野
106,41,加賀屋
179,170,城崎
190,28,扇田
105,142,能島
70,147,堀合
38,242,末廣
170,7,薬師神
147,47,花塚
77,15,関和
1,237,久井
106,147,佐土原
210,253,糸瀬
69,217,時吉
91,66,車
193,132,若野
58,249,星子
178,52,八杉
52,255,有富
111,93,木岡
219,10,入田
133,40,瀧川
189,113,森末
22,187,四辻
0,125,桐本
31,208,横村
150,232,原木
174,152,古宇田
4,55,五井
55,60,小穴
241,139,善家
20,115,大南
8,223,中脇
160,238,東岡
18,103,満永
101,37,粟村
54,50,下重
199,175,亀尾
152,48,森貞
127,194,大菅
180,194,竹鼻
210,24,竜崎
208,209,有島
245,204,矢橋
125,75,池末
78,12,前迫
83,100,青地
100,216,盛永
182,69,杉坂
79,56,神岡
84,117,松根
67,40,小門
254,56,古屋敷
138,184,巻島
239,194,益永
200,134,高品
6,77,寺倉
28,97,勝川
147,14,小梶
31,157,小船
77,215,相島
25,115,則竹
121,68,大釜
240,82,貞広
125,28,野
241,60,木梨
111,12,田向
253,172,大網
169,4,草深
109,164,正垣
68,17,松代
175,142,種子田
201,183,三ツ橋
224,190,戸叶
99,219,角張
135,212,海上
160,252,間嶋
190,195,久次米
112,148,許斐
110,14,時松
171,16,石出
92,72,川幡
77,111,桃田
122,160,玉寄
82,236,宗石
198,125,秋丸
36,15,諸石
108,9,赤阪
170,173,赤山
96,207,長見
97,149,粕川
148,4,祐川
217,24,猪木
168,66,樗木
145,203,信国
30,128,志藤
116,171,黒子
165,89,牛久
165,203,運天
35,61,立元
8,213,末本
146,237,田家
49,171,滝原
185,233,森信
92,60,上辻
97,15,鹿沼
30,89,三俣
46,109,三本木
27,155,高槻
34,217,五日市
141,230,加倉井
206,11,安生
250,35,伊木
2,89,依藤
10,96,稲谷
37,170,花形
50,250,荒野
6,241,重川
249,157,森西
101,41,西銘
72,15,當山
79,55,平畑
247,254,樋本
98,170,八城
13,255,千々和
2,106,瀬賀
172,199,三星
15,159,荒居
161,117,古見
173,12,郷間
85,221,関崎
247,16,花里
97,174,関井
205,47,更科
59,170,四本
51,6,十倉
197,27,杉中
83,102,清松
175,73,曾田
190,218,棚木
114,17,梨木
239,139,門司
81,221,北角
16,202,飯原
125,204,尼子
3,159,田屋
170,115,谷平
236,50,川面
140,240,千木良
227,215,西片
63,93,清末
222,255,小柏
213,150,諸藤
20,108,寺中
127,181,宮成
116,199,丸目
154,85,間部
215,162,稲
156,238,玉越
88,151,光吉
182,33,赤岡
199,162,中埜
27,129,町山
151,112,矢上
89,17,柾木
162,202,冨塚
154,124,洞
212,171,相木
216,99,若柳
54,109,山見
88,104,隅
152,245,梶尾
59,77,梁
40,17,要
98,86,末長
124,43,嶋貫
45,70,竹淵
218,165,船崎
69,99,赤澤
158,96,生形
7,139,親泊
142,129,坂戸
239,214,犬丸
185,224,九島
95,242,金重
225,155,玉腰
242,38,花園
133,12,稲益
18,200,加世田
243,66,桑子
144,122,篠永
226,104,新町
21,25,大亀
198,37,白江
250,38,白柳
170,117,浜脇
245,188,木浦
182,45,宝来
65,12,池森
225,171,団
190,58,丹内
174,90,孫
246,78,増元
158,73,神子
206,172,植杉
53,52,似内
253,119,外池
214,178,横坂
3,9,引野
254,106,加賀山
105,104,菊山
161,103,三科
165,3,実方
38,71,森林
154,169,大作
219,190,潮崎
224,102,長松
240,247,篭谷
17,64,詫間
162,56,与那城
220,146,満尾
136,26,北代
87,164,豊住
69,201,冨安
82,74,菱山
32,159,八十島
129,82,八子
5,126,堤田
59,141,千秋
44,57,小糸
96,96,高阪
199,116,永久
127,33,古海
199,111,小代
246,236,千住
180,33,倉上
104,180,大工原
184,137,団野
169,241,能戸
211,16,里吉
72,133,朴木
28,250,比屋根
151,242,草苅
129,28,菅間
153,207,真貝
35,128,次田
112,58,今山
46,253,溝呂木
164,162,溝手
169,85,戸羽
128,48,奥地
189,124,永津
7,170,矢澤
81,165,大鳥
75,220,森茂
68,159,新道
160,186,上門
173,228,春藤
69,6,根橋
2,85,岸原
49,181,夏原
206,126,庵原
90,113,羽深
108,45,奥中
75,121,割田
48,208,関村
164,140,岩垣
134,238,甲
254,71,佐光
97,21,青江
141,22,沢柳
181,158,都倉
97,16,東根
19,97,木股
115,75,木上
88,230,平城
176,114,蔦
116,184,前林
255,76,植
110,239,小野村
49,32,諸見里
215,205,降籏
250,202,伊集
247,208,小金
204,236,小桜
34,71,赤根
235,55,倉嶋
152,142,勅使川原
131,22,尾嶋
143,245,米林
244,67,脇川
165,140,角倉
26,20,鬼束
84,223,久留島
228,86,細山田
215,68,堂山
98,14,武林
59,153,誉田
246,98,笛田
179,137,津坂
17,121,大井川
63,239,相山
115,58,生嶋
204,14,水出
54,114,真藤
8,68,松口
23,40,小東
37,38,山屋
57,169,幸坂
206,49,元川
131,175,橋上
97,253,巻田
114,126,糀谷
73,124,畑谷
104,137,奈良崎
174,162,鶴間
88,69,滝波
26,245,大楠
177,87,村形
126,252,石嶺
172,126,石居
83,239,瀬間
241,215,水野谷
171,178,雫石
193,163,阪東
71,117,佐々井
163,158,佐口
193,189,腰塚
46,247,恩地
0,146,嶌田
80,142,野月
43,122,木屋
170,106,島中
254,213,田畠
154,96,塚元
63,79,町屋
63,204,中曽根
154,184,谷奥
123,217,待鳥
98,60,相崎
31,41,実藤
193,34,今谷
203,192,越前谷
19,182,安光
42,92,蛯子
239,98,冨川
242,161,大峰
34,212,蔵重
38,27,曽和
200,129,船引
71,220,森清
21,205,松久保
228,96,向坂
217,141,桑沢
208,198,金刺
123,86,有原
108,193,矢幡
123,131,米屋
39,83,梅井
162,34,仲道
216,226,筑紫
67,170,草地
238,16,西薗
157,134,仁尾
182,30,松塚
252,193,小助川
224,234,小安
95,168,志知
128,28,薩摩
238,224,樫木
4,74,横畑
252,2,脇村
145,184,柳岡
179,172,浜津
223,189,尾松
8,209,比留川
64,162,湯上
116,0,早藤
110,97,千本
1,25,石場
77,173,三栖
49,180,牛久保
111,235,紀
173,173,喜多川
165,87,安慶名
134,142,金田一
166,37,窪内
109,44,甲野
201,28,漆谷
160,211,倉崎
55,136,倉部
194,32,蔵谷
7,29,坪野
76,189,飯間
92,127,平居
49,12,片木
51,108,傍島
84,118,木船
78,50,鳴川
32,35,東井
193,103,唐崎
236,131,城市
126,197,小里
64,222,市東
7,34,坂庭
27,235,佐波
59,167,向笠
38,251,古波蔵
70,201,金浜
250,235,掛谷
148,48,下鳥
71,180,井部
129,102,卯月
166,140,永冨
140,208,笠岡
193,219,隅谷
100,27,山日
199,201,戎谷
90,233,庄村
241,173,織部
202,166,森合
226,151,丹保
122,232,段
23,79,都田
43,46,藤垣
175,254,富村
219,60,北内
49,103,網中
143,63,名雪
115,171,文野
3,211,辻谷
61,174,山坂
13,53,山角
54,242,高道
11,59,喜瀬
40,83,阿多
209,21,岡根
9,148,海東
155,15,荒木田
127,115,森政
253,238,杉戸
91,116,清木
132,142,草田
12,236,谷内田
206,123,池水
194,216,米光
151,249,民谷
223,204,立脇
156,192,和崎
114,16,野仲
200,172,氷見
87,151,池宮
127,71,草島
243,148,新間
55,173,今道
19,190,久芳
249,81,岩成
248,210,塩満
61,125,吉葉
6,191,弘瀬
39,160,船倉
197,229,中釜
101,95,長安
173,11,天
100,205,灘
121,127,鷲谷
88,167,弓野
245,104,胡
57,104,江刺
229,202,国富
110,165,桜岡
126,51,小巻
18,35,成相
121,105,西窪
244,224,白銀
82,66,氷室
120,95,平河
248,241,長滝
123,124,大福
132,90,浅村
34,134,篠村
71,124,黒河内
184,197,轡田
118,169,花畑
60,124,宇良
130,157,園木
210,36,河又
135,52,葛野
194,100,岩船
187,7,高峰
8,155,宗野
112,1,小本
252,131,森近
23,215,中坂
254,128,藤ノ木
91,94,板屋
96,19,豊山
11,44,林部
115,118,堀山
68,218,宝
154,38,奈良部
182,84,道場
24,185,鳥丸
238,154,猪谷
245,9,清山
93,242,森久
234,62,作野
85,167,高巣
95,111,広永
90,20,元岡
128,17,玉垣
6,18,岩垂
188,106,岩重
212,59,稲尾
170,118,沖永
17,194,下部
29,133,岩附
131,11,慶野
13,93,荒岡
202,87,鹿志村
50,116,上別府
28,141,須見
36,231,村永
201,7,理容
181,72,樅山
60,108,木坂
11,77,柄本
92,87,日沖
20,142,東恩納
53,133,塚谷
2,102,小粥
113,193,小花
49,223,荒島
4,79,光畑
191,54,犬山
130,34,熊原
109,125,近岡
121,242,鏡味
213,246,岸井
165,51,河
200,72,片岸
129,57,文
20,191,福中
151,151,福場
68,195,谷端
20,223,大溝
19,193,大工
205,1,星島
133,103,住川
77,209,鴻野
176,134,古平
150,138,月原
21,12,沖島
236,152,浜浦
240,69,飛永
26,195,麦倉
4,13,白髭
144,97,栃本
215,51,仲程
130,112,辰田
244,156,大瀧
110,17,江刺家
208,93,光森
66,121,古居
175,65,久納
184,237,沖崎
227,177,奥畑
172,20,猿谷
17,139,鵜殿
81,122,綾野
74,134,肥田野
158,110,白滝
85,244,渡邉
218,130,定岡
14,170,石水
111,54,石亀
108,185,松屋
95,6,鹿子木
210,61,志野
154,69,三牧
161,49,高鍋
82,173,宇部
194,173,一ノ宮
162,72,有森
216,123,矢藤
135,55,野谷
53,169,万年
232,111,別役
79,223,津嶋
71,19,中戸
189,248,女屋
165,188,諸戸
59,62,高雄
183,61,古崎
139,69,橋倉
168,202,久木野
84,137,幾田
29,175,河東
53,76,衣斐
145,22,恒石
143,25,江花
248,129,国政
163,229,宗方
30,67,升谷
45,251,上阪
155,69,多久島
127,196,木須
163,117,老川
230,160,嶽
185,113,塗木
133,99,長池
237,195,大芝
106,148,泉原
203,60,森尻
126,98,城井
40,247,昇
173,100,小津
205,76,勝股
30,71,鴻池
77,122,広森
222,242,岩楯
80,12,益満
251,250,畑下
206,92,梅内
166,233,田野倉
19,123,中吉
180,25,前出
82,231,石月
249,139,新橋
119,8,斯波
52,100,四谷
221,98,三樹
108,187,戸丸
42,124,古荘
221,68,月森
60,143,宮城島
82,47,吉広
206,149,河相
112,189,嘉手苅
185,239,横幕
127,116,永池
65,205,井場
3,163,有水
73,52,明星
84,172,冨高
89,4,鶴留
107,196,棚沢
108,207,川股
192,56,西根
183,167,瀬戸川
224,128,神島
75,135,小薮
58,155,糸原
219,168,氏田
83,28,山守
85,180,刈屋
80,128,岡久
89,226,宇多
165,125,礒崎
141,232,豊増
84,147,片原
21,33,武永
161,138,内谷
172,35,徳安
85,16,嶋中
142,8,大峯
97,209,守口
38,88,志津
80,174,山近
127,101,江野
214,114,江面
41,143,向出
64,218,安森
220,96,荏原
25,136,越水
134,153,三代川
171,138,紙屋
63,78,小丸
233,158,小坂田
67,14,深草
84,168,早矢仕
219,12,鷹巣
217,27,仲嶺
38,23,東森
130,100,内匠
218,255,南浦
169,42,能田
181,250,美藤
33,64,龍野
205,122,立本
238,226,木浪
213,36,木瀬
29,69,姫田
51,144,水尾
11,23,高戸
7,96,穴山
38,135,奥瀬
186,234,塩本
221,202,間所
185,0,溝内
139,103,高祖
165,143,水永
67,31,西舘
169,253,大盛
1,52,直原
170,4,天久
217,201,塘
201,50,峯松
199,121,浪花
246,208,油布
217,211,茂垣
71,179,内尾
98,13,天津
27,166,釘本
22,69,猪岡
168,194,男沢
178,71,船見
28,19,真喜志
90,122,砂押
203,50,今木
143,161,高玉
225,115,戸山
139,111,橋間
46,61,安見
213,80,安蒜
55,53,見沢
248,108,柵木
131,202,舟津
228,16,出山
41,50,上手
220,73,滝浪
3,140,長束
79,191,島沢
3,104,餅田
100,193,八木沼
215,97,日沼
15,167,仲上
114,140,丹藤
85,136,曽川
163,68,水岡
196,192,佐久田
230,176,原園
126,30,桑折
214,5,九里
83,147,居村
126,205,永利
223,164,岡見
184,16,蟹沢
216,213,桐木
174,104,三岡
242,116,実松
12,26,宿利
68,41,新国
111,247,新林
0,119,森久保
91,155,菅藤
60,35,青
5,81,沢藤
139,94,置田
48,250,網
181,35,領家
9,77,鷲沢
250,94,中須賀
184,49,大勝
159,145,相葉
158,161,松室
65,38,重吉
175,184,金海
40,209,久能
202,132,杵渕
234,77,鴛海
17,75,阿井
153,184,皆見
84,85,柿野
172,32,樫田
45,40,岩津
128,213,三友
47,151,糸谷
199,95,重枝
160,118,上利
216,103,成山
57,159,石光
44,53,村雲
42,74,津留崎
242,104,福盛
184,225,来間
124,47,薮野
117,248,福良
220,3,箱石
118,233,滝瀬
96,77,大徳
88,139,大星
194,214,陣野
6,133,新子
111,182,菊
1,125,嘉納
114,234,阿曾
48,64,虎谷
226,156,糸田
108,102,滋野
119,23,重谷
148,143,小屋敷
207,253,大瀬良
158,41,長藤
20,131,堂脇
94,99,道野
158,241,平江
47,201,中垣内
172,215,築田
243,64,多湖
56,83,西塔
138,111,紫垣
55,82,枝広
153,15,御前
104,187,栗生
166,6,館田
250,163,加嶋
159,79,下河
130,107,岩
58,115,桐沢
52,251,荒堀
77,166,星崎
135,167,盛合
176,203,舛谷
239,229,前平
82,242,多々納
146,250,太田黒
250,55,美野
249,74,来島
52,128,龍田
223,146,矢花
118,4,末竹
79,20,芳本
89,131,兎沢
53,7,田実
168,180,中邑
100,134,上垣内
218,197,小坪
6,66,洲鎌
165,134,若島
215,91,原谷
216,1,元谷
83,237,干川
86,19,刈田
148,82,天海
15,176,釜井
117,30,印藤
149,69,乙黒
211,181,河谷
146,6,肝付
159,122,間庭
234,202,残間
248,59,宗宮
81,173,小館
26,144,沼上
234,220,津江
6,100,椎屋
183,26,内門
171,254,浜渦
25,22,椋木
242,28,木野内
195,121,牧之瀬
95,100,尾家
161,223,松成
119,16,崎谷
58,250,古園
13,136,櫛部
220,238,永作
73,188,稲積
34,100,福屋
53,211,浜下
73,54,島添
43,34,伝
179,159,相賀
105,6,神木
19,104,森定
173,142,新森
34,139,上北
29,13,守岡
53,206,七條
23,205,根崎
116,254,岩内
101,229,岩中
213,239,曳地
132,162,礒
105,44,豊浦
20,36,福武
206,54,武安
106,101,二反田
21,98,天神
99,37,直野
167,173,池側
221,76,続
229,109,生越
172,238,松野下
38,80,小守
179,155,初谷
254,85,三井田
233,20,細尾
68,154,向島
245,173,古越
78,110,牛越
210,196,吉長
231,126,葛生
55,68,加我
134,159,苑田
211,129,永崎
199,172,井深
1,67,鈴野
244,150,武重
1,10,白旗
129,99,南郷
231,100,徳橋
32,226,谷澤
65,203,川脇
63,89,常本
8,102,城石
26,58,国場
102,88,源川
157,6,家本
80,198,永盛
34,39,安平
0,28,五百蔵
98,144,鷺谷
176,243,三小田
67,24,若佐
229,58,森国
242,19,針ケ谷
172,120,大阪
165,76,猪本
67,149,朝見
30,102,道山
168,151,野林
51,98,鳥塚
118,245,長利
134,154,大和久
99,230,切通
1,7,清村
180,249,荒生
146,212,五味淵
71,87,亀村
130,161,鬼島
93,13,蛎崎
197,71,河中
179,25,永藤
116,239,釼持
223,14,麦島
6,143,谷下
121,135,大田黒
62,23,浅谷
199,61,成澤
174,80,信藤
206,134,江渡
220,83,光藤
24,56,駒木根
217,9,下本
156,147,荻沼
202,230,伊良波
142,191,伊橋
104,50,鷲崎
249,63,蘭
239,216,有福
190,158,木ノ下
6,38,本坊
70,77,梅森
63,73,鷹見
22,191,千頭
149,173,石合
176,219,新坂
47,220,諸隈
147,235,若
220,89,四釜
31,68,五ノ井
37,24,居石
230,170,亀野
78,71,稲荷
121,125,掛橋
96,75,黒松
246,19,笹沢
144,158,市木
182,112,篠本
39,108,若泉
85,193,春野
154,1,須合
19,21,西角
92,9,馬島
63,137,内林
78,92,土子
214,41,孫田
41,200,須之内
250,197,真柴
157,131,諸沢
179,8,広嶋
252,27,月井
128,53,吉海
3,145,亀石
171,55,葛島
33,20,角村
45,79,河岸
132,243,加治佐
220,194,塩澤
65,187,越中
12,92,浦西
255,219,羽毛田
108,189,一山
224,101,伊予田
22,176,渕
135,73,峰島
239,126,薄木
254,252,鍋山
108,54,道広
3,28,檀
184,122,谷田川
47,41,相模
57,112,西家
147,121,清島
24,232,政
246,154,図子
70,36,上窪
134,102,間下
28,206,安在
27,28,安丸
25,210,喜井
113,66,小板
69,241,数井
47,242,青塚
26,216,泉野
175,79,東内
98,24,日塔
56,33,迫間
15,58,箱守
20,255,帆苅
57,127,冨吉
72,3,斧田
144,70,蜂屋
82,179,立見
97,22,鳴島
84,232,中窪
241,0,前泊
100,77,緒形
98,17,寺部
143,11,香野
11,166,喜
65,171,花上
210,218,永堀
209,224,浦木
67,107,井野口
201,107,阿形
150,88,岡垣
39,116,花原
213,178,海宝
251,69,古門
65,250,御船
56,64,七野
54,89,瀬畑
228,35,田河
143,164,林下
79,162,畑瀬
68,56,内島
140,150,藤津
30,161,東元
0,177,田城
8,205,鶴園
147,139,中久保
43,8,池井
69,30,厚見
104,82,吉沼
203,44,野副
221,93,片島
249,246,夫馬
187,38,俵谷
106,106,泥谷
215,250,石和
73,180,清塚
133,213,小副川
54,29,室園
172,251,在間
80,105,兼島
101,208,久冨
166,91,艶島
162,39,友清
166,218,末石
79,154,淵
98,42,神作
152,130,小波津
157,52,勝岡
207,117,山ノ井
254,92,腰越
106,23,近本
78,21,郷司
200,171,遠井
115,243,浦岡
66,101,稲辺
177,129,櫻田
27,213,冑藤
40,126,六角
195,25,友枝
18,97,薮崎
51,103,矢山
219,61,野手
204,134,坊野
30,239,菱谷
73,255,板敷
222,131,東畑
238,144,曽根田
105,83,折茂
234,49,瀬木
254,146,森吉
13,68,上藤
112,139,宗岡
74,210,宮瀬
49,241,萱島
101,63,於保
159,165,薬師
163,176,堀崎
186,184,北岸
56,154,物江
243,130,不動
15,104,番
37,125,田高
154,93,中戸川
234,190,村吉
133,249,前浜
116,161,漆間
189,166,国領
180,158,広戸
175,200,幸喜
66,20,熊丸
177,240,宮竹
77,228,吉屋
170,137,苅込
152,32,荻本
76,65,磯江
232,169,伊山
92,54,立林
155,5,米内山
218,243,幡谷
31,66,藤上
161,57,鳥生
80,141,鷹尾
209,75,照喜名
125,148,甲藤
250,176,江下
226,195,原村
250,127,吉居
201,222,柿添
96,180,下妻
20,50,安納
95,160,益岡
240,136,桶川
68,124,丸藤
10,55,元
174,55,合津
18,37,佐方
209,236,信原
154,146,森瀬
165,190,増渕
177,197,沢畠
71,76,島元
215,26,東藤
142,195,楢山
150,55,部谷
82,224,木次
235,36,網干
190,91,本池
24,204,内城
254,199,椿本
114,214,倉又
55,199,桜
142,212,久賀
96,246,吉久
231,141,夏堀
97,71,下久保
5,98,宇治田
222,71,岩舘
41,11,饗場
178,153,秋枝
72,56,重盛
175,10,城川
198,107,村岸
100,197,築城
228,250,釣井
5,4,柏山
84,11,富吉
197,166,風早
193,72,由田
22,99,藪野
64,185,野町
145,141,面川
186,172,堀畑
130,227,福迫
254,44,波戸
136,119,南井
35,226,池淵
177,243,川並
224,10,織笠
229,19,室崎
231,161,佐古田
78,187,古田島
212,221,桐井
64,30,下向
240,80,伊豆田
31,159,安念
136,164,横矢
194,113,月足
193,26,原武
40,235,江夏
123,200,国原
103,51,桜谷
210,146,秋森
231,124,藤家
60,50,白樫
76,17,脇元
216,18,利根
217,37,淵田
69,24,彦田
21,137,反保
184,156,辻尾
156,165,中須
198,42,竹脇
51,232,曽谷
175,7,染井
253,144,川橋
58,22,小比賀
124,69,小勝
192,158,鷺
156,39,五十里
131,90,栗下
174,125,林本
25,53,茂山
157,88,浜里
107,180,東中
162,84,田草川
189,0,青松
104,53,成合
167,111,森友
223,215,出沢
31,118,舟久保
199,124,秋津
157,43,坂寄
225,192,高柴
86,65,光
185,112,宮古
203,227,久代
173,144,嘉本
248,83,愛
235,5,和木
0,139,本林
40,106,畑村
165,121,中竹
83,225,大音
57,19,小牟田
116,124,升本
83,67,勝連
147,16,宮治
221,62,稲野辺
221,194,愛沢
103,192,柳平
135,152,風戸
210,215,大図
116,4,多良
251,72,泉井
238,34,数野
86,162,神坂
171,151,上沼
24,181,若村
14,69,柴村
75,165,漆崎
51,79,高塩
58,229,吉牟田
45,38,鎌塚
36,119,荻谷
1,100,沖元
222,135,羽渕
215,33,伊瀬
105,48,野倉
244,238,毎熊
36,14,北堀
138,102,天井
254,211,大坊
88,63,政井
203,201,住山
234,40,細島
162,215,戸澤
96,175,吉仲
188,14,笠倉
186,42,下前
99,126,里田
23,113,二谷
158,192,東正
102,165,沢里
26,153,鷹羽
59,43,川南
140,19,小佐々
118,229,市之瀬
162,0,細沢
23,56,原和
52,108,建石
160,50,紀伊
213,82,加勢
235,227,加戸
143,12,依光
86,246,安池
118,185,渕野
61,183,浪越
190,147,油田
128,82,富森
106,103,村居
177,39,相磯
220,197,赤地
185,38,星出
169,74,上枝
192,53,江平
17,65,桐
223,230,岸村
47,83,管原
204,232,烏山
44,227,稲月
206,116,井倉
220,211,岩泉
152,97,櫛谷
54,52,窪野
226,48,船川
168,240,大津留
134,28,畑岡
68,149,木伏
186,157,矢次
191,254,稲元
204,27,温水
244,58,加畑
205,117,気田
20,51,周防
134,233,初山
142,158,新郷
226,234,請川
46,125,舛本
185,56,増成
8,254,樽川
71,145,津上
88,89,日向寺
15,138,平安
0,127,末政
73,245,脇屋
15,55,梁取
58,29,明瀬
210,127,名島
255,167,堀上
123,78,淵脇
38,48,登内
156,122,伝法
209,86,川和
87,13,青嶋
161,116,翠川
133,142,妻鳥
215,129,戸枝
191,84,穴水
145,105,窪川
122,194,関藤
65,63,関森
148,101,横林
215,161,脇阪
162,187,福見
233,92,内園
184,186,谷貝
33,178,舛井
218,97,市島
49,129,溝下
204,136,更谷
71,200,広内
180,3,玉本
165,163,久保村
164,152,奥薗
44,94,羽村
236,121,宇城
93,18,湧川
149,213,冨谷
153,251,板本
226,13,竹藤
116,5,太
240,14,倉掛
112,200,松土
5,191,佐東
44,242,後山
61,1,海部
162,99,奥永
193,240,猿山
238,71,隠岐
27,243,一関
173,15,井塚
80,55,有竹
131,255,名古
58,103,味村
215,244,八橋
64,102,田栗
227,25,長濱
115,150,草木
17,251,相見
20,231,浅生
224,249,石脇
198,35,星井
159,239,菅崎
102,33,垂井
27,128,森分
164,178,小比類巻
150,27,寄田
113,38,岸根
201,167,下池
233,142,井高
93,48,楡井
82,210,木脇
235,117,木ノ内
143,100,保立
45,75,平村
111,66,福代
197,12,比護
146,0,仲座
95,154,中曽
244,106,谷部
45,134,大阿久
17,230,世羅
210,113,神薗
122,73,小吹
100,95,周東
106,218,貝森
141,165,下尾
153,154,伊津野
97,215,平郡
162,203,柏尾
120,104,仲摩
94,139,上橋
86,117,好井
67,55,下館
251,113,岡坂
199,138,宇戸
144,100,六田
108,67,畑島
53,104,梅北
231,41,田牧
70,98,静間
175,46,生熊
169,175,小溝
147,70,小井
215,254,柴岡
133,248,室本
205,173,三溝
215,64,笹目
209,121,栗尾
44,90,桐島
125,97,叶内
81,214,煙山
157,157,永澤
150,92,伊牟田
44,22,嵐田
187,165,蓑毛
144,59,末森
22,77,堀谷
37,143,峯島
220,174,米重
222,48,白橋
34,79,忍足
50,153,南崎
238,105,辻山
185,212,成重
122,35,小鮒
184,117,小井戸
224,236,肱岡
93,33,江黒
103,234,金久
132,60,杵淵
54,253,吉平
86,110,岸波
69,106,関上
16,210,瓦井
66,27,蓮実
229,44,木野村
54,229,尾曲
188,197,播本
76,83,二本木
219,126,楠野
27,172,頓所
147,127,道川
195,37,唐橋
187,119,川道
139,44,真方
12,11,小窪
217,21,志和
147,111,佐生
88,82,古高
52,166,宮之原
41,145,岩塚
25,209,樫野
176,224,円尾
241,112,益井
165,55,背戸
36,79,堂田
6,75,田賀
149,123,虫明
116,208,竪山
79,83,三城
137,92,佐和田
24,248,高師
100,244,金盛
13,179,桐ケ谷
131,211,汲田
117,119,外尾
85,199,外館
52,104,横路
79,17,一谷
38,68,筬島
178,227,名原
168,33,牟礼
7,146,能城
208,217,徳地
226,221,椿山
85,155,通山
16,87,仲林
187,6,大利
201,217,浅場
161,202,石木
140,245,生天目
155,41,助田
170,52,住井
127,235,山極
168,22,岸谷
88,21,榑林
64,160,目良
36,195,南園
104,77,得田
237,120,生山
82,156,真庭
154,130,舟生
31,169,高妻
114,24,金親
252,69,岐部
209,215,釜野
178,92,下垣内
70,80,岡森
53,36,伊福
160,231,豊口
216,150,平地
243,38,桃谷
174,113,田ノ上
91,236,宅野
133,52,西間木
94,67,深松
137,26,森勝
12,8,色摩
253,142,山石
153,218,座間味
173,227,宮石
29,238,河江
46,171,羽立
171,92,渕脇
45,108,来山
151,75,柳野
45,158,南島
237,247,当房
25,141,湯野
191,152,鶴島
188,21,猪鼻
186,165,中部
29,197,竹端
31,92,浅葉
120,219,政本
9,41,常山
195,230,上柳
222,160,周
57,78,三津谷
139,108,合沢
213,38,合屋
201,21,橋山
88,111,吉行
98,121,来住
119,87,入川
35,83,日詰
114,85,島井
68,119,張本
208,203,大神田
18,178,水品
180,219,七沢
201,202,山入端
64,73,笹子
222,141,作道
153,168,国仲
221,85,金元
49,53,宮中
98,216,河内山
184,214,井堀
103,30,井熊
119,0,矢尾板
201,195,明智
59,132,桧森
167,172,村嶋
22,180,浅石
89,217,菅村
161,52,椙本
222,67,宗近
74,169,国村
95,181,古坂
124,143,岩満
242,192,黄木
66,54,稲石
32,178,木許
25,243,穂刈
107,60,福長
52,145,梅島
3,12,田林
168,12,大段
72,6,盛本
25,60,舟本
137,251,佐分
88,203,甲村
166,173,窪谷
156,252,窪寺
123,208,牛窪
101,82,角岡
200,102,横松
113,76,羽成
63,25,堀ノ内
153,70,北平
180,143,北地
35,105,平根
46,250,東間
3,76,貞包
128,159,大方
123,159,帯刀
146,89,蔵原
91,245,前西
225,182,千歳
1,79,初沢
37,19,三本松
138,31,蟻川
57,5,釜本
30,164,黄瀬
236,122,為我井
107,107,友光
221,45,坊
244,199,冨井
176,234,匹田
229,101,備前
6,71,那波
81,11,大峠
199,118,松添
34,101,小長
49,146,持木
207,142,江嶋
67,167,塩浦
217,98,木越
54,23,保住
167,6,縄
101,253,島影
70,51,定森
9,163,村椿
27,16,小野島
52,218,高司
26,14,熊岡
162,47,久保谷
210,39,花坂
96,173,乙幡
140,48,桶本
163,44,井戸本
131,94,伊林
24,166,穐本
112,138,阿佐
235,17,安土
9,125,井東
116,79,河原木
214,7,関東
100,53,秋友
44,193,諸角
125,21,小藪
47,140,成塚
98,160,唐牛
18,218,日渡
38,209,美山
62,222,馬場崎
155,177,定方
65,119,辻林
42,28,長浦
106,242,壇
72,119,前地
26,27,西東
107,38,森迫
9,188,小豆沢
46,227,小篠
248,30,宮嵜
3,81,釜
37,113,海瀬
50,25,塩貝
92,143,伊賀上
30,205,有安
205,192,友近
149,54,野々宮
243,198,野水
237,145,美甘
142,192,二階
209,112,島口
197,212,天白
54,216,沢部
105,84,造田
36,17,雀
76,249,床井
79,175,桜川
158,243,紺田
143,235,高際
163,31,郷家
213,48,岸山
197,48,舘岡
122,102,間藤
22,61,塩瀬
220,192,遠島
240,15,芦塚
142,83,野部
116,159,堀金
169,216,板村
103,223,二又
42,229,二戸
80,51,田幡
105,63,塚脇
189,84,世古口
11,183,神鳥
95,113,森保
189,28,信川
159,247,城後
159,104,小角
130,52,戎井
220,198,栗須
235,130,灰野
35,25,河原井
226,157,當間
150,206,与那
139,157,門林
40,225,樋熊
251,172,二本松
101,251,奈良原
32,188,宅見
12,176,折出
157,84,石畑
64,246,水鳥
248,208,鹿児島
32,137,今富
205,107,牛沢
154,81,宮間
70,175,皆本
107,36,海老塚
168,17,我喜屋
166,194,越谷
227,18,友納
231,31,夜久
162,7,椋田
166,156,梅
184,66,日当
21,179,内木場
126,122,竹久
214,158,足助
158,107,前薗
84,162,上迫
195,165,上道
46,65,山河
158,157,戸坂
9,224,古牧
31,244,幾島
203,59,漢那
71,54,下宮
127,146,伊佐地
102,194,名川
180,27,比佐
102,121,半場
195,184,萩元
128,91,鳥潟
174,212,長壁
66,8,竹間
243,103,大城戸
124,124,生江
48,118,新部
39,166,上保
111,32,重留
150,136,軸丸
156,170,四ツ谷
177,51,三倉
222,124,三鬼
30,124,稲崎
223,53,簑原
151,200,簾内
249,183,末村
132,81,畑佐
80,224,日紫喜
118,129,池渕
223,97,但木
240,175,初瀬
4,181,紺屋
236,105,高水
249,177,関下
118,126,磯上
104,95,井尾
246,158,伊志嶺
1,255,伊
100,123,眞鍋
113,247,和多田
9,95,槙尾
163,194,北向
161,216,平安山
179,175,樋高
18,247,猪川
203,27,中宮
5,213,谷戸
147,216,打矢
4,194,仁村
38,128,上之園
18,138,小市
20,99,山盛
172,0,久安
24,107,河戸
17,214,塩
45,181,蜂須
108,247,保
130,51,平池
1,54,入交
195,49,奈良井
158,216,沢田石
254,238,正本
136,21,水尻
105,16,神辺
127,96,神蔵
210,240,森塚
130,79,松生
126,241,鹿谷
66,77,妻木
235,51,鍵和田
53,205,穴原
179,90,栗川
157,96,郷野
31,117,宮松
250,30,永元
80,19,伊勢崎
203,22,和仁
255,48,和山
233,130,有永
195,22,麦田
13,117,猪井
70,140,中満
54,169,大空
77,159,星合
124,54,数藤
70,126,庄内
199,222,小田木
247,247,小前
150,86,柴木
224,35,光延
36,106,逆瀬川
216,132,間々田
223,167,角掛
178,210,羽島
214,69,磯和
175,33,野寄
123,209,楓
206,226,半澤
182,254,白上
5,84,日和佐
250,188,朝香
3,37,池西
81,86,真殿
67,37,森澤
160,138,上埜
18,227,小太刀
155,227,守川
206,27,四井
180,172,幸島
118,32,曲田
75,134,魚田
55,146,宮根
239,49,吉内
21,140,舘林
118,51,下方
20,225,粟国
17,151,安喰
145,153,恵美
185,65,月山
114,7,古角
183,41,洪
166,168,谷古宇
28,249,北添
124,195,木間
113,57,澤木
85,103,扛
21,91,養田
112,163,網田
62,12,北市
140,98,福徳
168,220,沢目
44,62,村主
173,150,出石
196,195,時津
81,56,戸根
201,104,栗沢
22,184,近江谷
238,78,影浦
89,246,卯野
130,142,稲塚
220,199,立入
254,99,幕内
66,237,北城
247,217,福泉
39,88,富久
54,81,追立
69,129,沢原
237,114,西門
253,170,小脇
177,213,嵯峨山
37,9,郭
232,137,角崎
228,226,河手
241,135,宇野沢
80,185,粟生
197,150,本地
84,50,伏谷
219,35,赤谷
88,79,積
98,139,杉渕
29,16,諸江
78,211,祝迫
50,186,枝元
221,58,山吉
2,244,三成
66,89,好田
50,218,玉造
241,160,奥浜
191,17,永広
182,115,友重
42,248,野々上
83,178,槙島
114,97,保苅
60,138,渡真利
74,78,渡久山
239,63,猪上
53,187,沢入
141,51,川江
224,38,石角
16,24,青鹿
255,162,上前
215,103,阪中
157,221,荒内
18,232,荒屋
248,153,月村
222,109,宮丸
117,255,吉福
179,68,斧
46,86,貞松
2,175,大須
141,42,村部
182,240,船島
153,170,水
115,201,神立
147,150,小網
95,202,秋
7,252,広浜
0,211,金岩
47,196,鷲塚
172,252,薬
2,126,毛内
26,70,明野
149,28,満
126,55,武士
159,227,富家
36,55,播摩
97,64,長渡
204,126,鷹觜
165,93,多和
4,50,小森田
127,87,三鍋
220,205,嵯峨根
161,78,佐沢
180,76,高津戸
145,206,向中野
67,210,兼光
108,170,隈
7,205,各
50,11,梁田
70,123,薮中
199,236,木名瀬
16,185,平生
62,176,浜道
246,54,飯吉
183,181,八重尾
183,84,津端
204,225,竹生
118,143,大湾
13,42,草壁
7,77,川嵜
10,203,瀬能
33,91,神宮寺
214,16,城尾
241,71,小佐井
120,83,芝池
120,191,最所
51,171,佐々本
79,73,近石
176,122,久武
112,73,掛札
13,5,夏田
145,15,羽下
130,14,和合
226,177,冨松
229,219,飯星
115,154,二渡
29,139,嶋川
111,98,登尾
120,237,天願
226,111,村社
167,25,船原
74,136,星屋
72,231,樹
176,15,手束
9,245,持留
174,197,鷺坂
35,51,今市
247,196,国米
57,239,幸松
105,73,兼山
35,178,吉家
123,134,儀保
245,24,我孫子
14,35,歌代
176,204,益川
184,55,林野
157,46,梁井
157,153,大湯
123,238,赤須
142,93,榛沢
136,191,松栄
238,1,三阪
47,101,館林
254,172,塩地
27,191,安瀬
140,5,阿万
25,56,簑島
203,131,鈴置
88,33,来海
36,122,有地
120,224,嶋倉
151,152,登山
24,89,大古
129,95,小峠
81,94,小仲
22,111,勝倉
106,247,才川
83,129,砂野
167,167,国近
108,202,関水
165,151,栢木
212,139,梶木
59,90,仮谷
153,183,奥岡
27,36,安山
37,210,毛受
210,76,本原
64,188,普天間
144,106,日名子
225,97,道中
239,55,藤池
53,141,渡来
177,56,倉津
78,239,説田
234,133,上釜
76,232,篠島
67,160,鹿取
40,185,阪部
197,222,古幡
132,178,古田土
49,237,隅野
187,41,葛本
11,218,下迫
164,80,烏野
254,9,涌田
233,76,茂
131,228,舞田
72,18,田阪
224,237,筑井
96,21,大曽根
100,28,澄田
216,228,水澤
135,10,須本
46,228,仁部
247,203,新居田
85,17,上居
114,145,春
99,93,出射
58,153,公平
188,156,五百川
84,67,金枝
217,71,飴谷
122,176,有友
92,163,有藤
188,137,木地
241,130,八束
22,83,池嶋
149,245,倉品
231,194,先田
222,122,是松
2,136,水梨
136,129,小番
179,146,橋崎
222,125,巌
191,238,下門
210,134,一森
220,217,和光
75,63,鈴山
123,34,又野
175,166,貞森
117,45,珍田
139,220,長谷井
105,133,大櫛
23,127,草山
225,98,西依
255,255,清武
196,51,上畠
55,242,三松
11,194,後迫
1,82,玉崎
88,109,角間
43,60,翁
29,97,奥宮
204,101,安次富
66,215,矢守
26,163,名塚
89,121,盆子原
213,91,福安
14,45,湯瀬
220,28,長柄
250,67,達
194,52,大広
203,6,相庭
126,43,政所
31,171,杉町
74,85,吹越
143,122,神取
210,153,新江
67,47,小濱
122,22,小県
47,12,市成
156,35,弘津
58,182,鯉江
235,50,窪木
166,120,紀藤
208,82,荻堂
102,229,永浦
203,82,一倉
105,103,安座間
139,232,老沼
115,96,林谷
161,8,野竹
125,59,俵積田
7,49,道岡
69,233,程塚
15,17,蔦谷
194,243,長迫
63,223,仲嶋
34,140,茶園
118,213,大鋸
155,137,川真田
217,102,崎
178,124,堺谷
172,161,戸ケ崎
255,1,慶田
166,93,屋嘉比
234,103,浦瀬
212,3,安留
226,226,野場
6,104,豊野
197,132,淵野
78,72,飯浜
161,218,長石
98,27,川原崎
126,121,石中
21,186,植島
64,156,譲原
63,140,山吹
76,218,高頭
192,90,原賀
100,2,見山
49,150,菊地原
201,187,韓
187,247,栢野
96,247,海道
133,245,伊谷
240,205,堀中
197,20,宝満
111,2,浜出
59,152,馬場園
95,33,池岡
135,178,沢江
237,209,宅島
216,152,大歳
191,202,西見
64,54,正
38,122,栖原
124,224,常深
227,50,宿里
132,77,秋川
180,176,汐崎
51,215,市坪
147,56,四条
252,104,讃井
107,115,黒
54,79,甲地
38,24,江渕
246,25,後村
51,132,外丸
88,90,音羽
182,132,塩浜
102,154,羽部
197,189,井辺
131,65,阿見
61,152,万野
97,106,保延
146,8,福与
77,12,萩山
231,83,堂上
173,39,土志田
194,36,登川
58,217,中館
162,126,三明
233,14,綱木
202,134,鍵田
217,169,許
227,253,宮廻
149,140,久保園
241,136,嘉瀬
197,141,嘉戸
107,130,下森
186,77,雲井
255,158,井料
99,139,礒谷
216,4,林口
229,238,流石
3,202,油野
145,248,麻植
110,93,片石
216,244,田母神
1,2,竹馬
181,181,新穂
209,43,小芝
61,51,秀
102,249,市塚
91,203,三箇
126,112,甲山
22,251,江波
124,220,兼井
55,196,金巻
253,165,近間
56,109,兜森
30,80,荻窪
87,84,横岡
69,75,押部
242,221,宇治川
73,136,安尾
105,114,里山
219,140,野溝
28,21,堀正
195,61,峯本
173,55,保川
227,93,並松
190,9,浜内
59,71,尾添
53,209,檀原
48,204,多
10,155,倉山
12,124,森宗
101,64,上部
123,1,松友
54,163,重成
244,152,蒲沢
159,131,梶ケ谷
194,50,貝谷
26,105,河岡
94,48,宇治野
244,7,保母
174,4,楳田
157,199,内池
212,176,徳広
31,57,田方
249,106,張間
68,194,新矢
83,97,織原
182,210,上瀬
237,144,照内
212,180,若竹
51,96,三保
20,103,笹嶋
148,97,阪元
115,167,権代
25,247,夏川
205,75,安徳
142,43,粟根
192,235,芦名
83,77,縣
123,214,矢板
201,226,野々部
10,232,槙山
111,60,別井
170,16,白髪
188,32,豆田
237,9,泰地
84,211,川喜田
227,170,糸魚川
140,97,黒津
212,53,荒畑
68,206,胡桃沢
213,43,権
96,138,海川
238,212,華
226,81,愛川
105,135,明賀
221,86,峰崎
41,31,福室
158,91,巴山
42,225,東園
31,230,鳥田
137,224,丹田
115,203,真
156,172,志鎌
213,200,山津
58,251,原中
124,166,岸良
184,164,笠嶋
46,238,掛田
62,134,柿山
72,227,浦郷
246,14,末宗
165,115,峯山
106,197,飛鳥
83,236,板持
54,11,椎
112,64,大郷
39,65,船生
182,56,西津
199,70,上城
47,16,小紫
249,156,七
210,66,坂之上
23,138,根立
161,51,高力
245,68,高子
254,157,桑谷
53,4,吉峰
45,118,羽地
216,37,利田
210,222,門岡
250,26,満井
39,238,能沢
115,231,島尾
147,130,天坂
71,208,朝永
201,19,達川
103,172,大芦
214,34,西峯
194,69,盛川
254,177,沼畑
42,255,小名木
47,86,出戸
180,56,四倉
90,71,五郎丸
165,205,君和田
231,120,間渕
11,91,釜崎
150,189,奥迫
135,221,堀下
19,7,房野
169,40,保崎
242,81,畠野
67,60,馬見塚
102,49,田野井
165,12,中畠
127,195,谷越
201,13,霜出
123,68,折野
51,44,折尾
126,110,税田
60,26,種本
73,247,若江
165,217,戸津
179,195,古戸
172,8,宮副
79,153,覚張
134,200,井福
80,225,保利
240,219,平敷
212,92,徳平
213,154,島森
250,93,栂野
161,169,津志田
24,205,仲内
239,127,大豆生田
19,16,村手
113,226,倉増
153,246,畝本
94,75,小櫃
27,1,小亀
176,142,江塚
131,36,後川
200,197,月川
233,134,駒林
224,250,錦見
93,182,宮阪
0,17,吉泉
50,54,岩熊
194,20,灰谷
28,183,押方
51,254,柳元
24,44,野呂田
114,184,目野
207,97,末
233,64,穂満
227,31,片見
181,58,平吹
20,2,浜岸
0,100,百合野
128,238,白数
6,113,毒島
206,89,土沢
97,235,則松
249,66,蘇武
157,11,森武
166,165,城倉
255,235,上見
91,15,手柴
152,197,鹿目
39,219,皿井
174,240,古渡
84,24,兼清
98,12,宜野座
158,128,梶塚
50,14,角地
183,180,我満
228,192,羽川
146,136,和野
28,230,養父
161,34,米塚
26,38,武隈
118,122,畔蒜
198,208,藤長
13,242,津布久
8,164,中南
138,62,足羽
98,93,草加
70,48,石割
199,62,正路
10,50,水藤
125,7,須々木
179,64,深石
95,163,常石
204,92,松堂
149,132,妻鹿
158,4,佐々岡
222,32,二葉
246,6,高椋
184,125,後野
76,108,嬉野
55,58,遊馬
69,91,末川
62,58,茶円
119,181,谷浦
149,220,荘
18,216,宋
24,35,曾山
212,36,浅津
151,133,千代谷
89,249,青崎
205,90,瀬井
201,55,森兼
239,40,森浦
51,226,松金
46,142,小舘
124,186,市倉
204,157,佐崎
107,211,行川
255,109,戸出
44,119,兼森
83,46,桑波田
50,223,窪山
123,11,鎌滝
169,25,垣谷
9,142,安高
72,8,鯵坂
149,194,籠谷
28,238,柳迫
26,198,矢坂
41,22,目代
213,242,明比
47,160,墨
65,184,百
31,28,白澤
184,132,徳森
28,166,藤ケ崎
150,187,桃木
53,37,田波
78,214,長塩
91,3,中重
208,70,西正
238,236,清井
116,94,松末
136,240,重冨
196,183,若田部
166,7,佐本
37,106,国藤
76,98,江南
8,235,桑垣
139,83,久保島
129,198,吉嶺
8,87,亀卦川
26,92,笠本
206,185,園川
140,120,一橋
241,75,淀
166,59,芳山
210,120,島山
189,67,朝賀
18,154,大谷内
178,193,速見
147,114,石榑
62,145,西俣
8,105,真名子
176,108,小桧山
48,70,小久江
217,193,漆戸
128,204,財田
170,43,高居
105,110,光石
0,215,嘉手納
182,230,立和名
193,165,本道
167,188,北詰
205,132,白垣
32,57,鶴沢
230,42,鎮目
125,254,大瀬戸
247,232,太田原
149,46,多久
2,66,星本
68,210,真瀬
158,112,新浜
78,23,宗川
64,207,市
18,169,四ノ宮
31,176,三方
249,22,佐久
231,127,岩辺
147,250,角尾
192,230,家崎
131,88,力久
36,187,有園
30,148,末野
227,92,畑尾
193,76,唐澤
251,40,冬木
230,187,田垣
226,4,定本
168,47,潮見
158,146,竹垣
51,205,池ノ谷
12,65,只木
73,67,倉茂
104,59,青海
226,51,菅又
58,169,翠
83,57,上木原
244,142,勝瀬
120,202,今石
186,159,腰山
232,239,高中
106,141,江
183,94,境谷
209,47,宮司
156,45,吉坂
217,127,岩名
231,66,河畑
103,242,横張
164,253,越塚
113,109,阿波根
111,138,澤本
134,19,利川
201,254,有住
142,131,浜坂
207,241,馬橋
151,13,日比谷
68,77,日影
152,112,楠目
128,137,頓宮
241,145,鉄
116,64,濁川
55,29,待井
78,88,川竹
19,102,瀬之口
253,116,上仲
35,29,松広
71,17,三條
86,85,細萱
128,117,国司
69,172,高光
28,245,宮倉
116,170,喜島
99,105,河渕
188,147,友安
185,111,末益
235,253,並里
186,119,浜部
171,57,尾又
73,135,楢本
189,231,内薗
116,157,藤宮
249,108,渡海
255,129,津賀
207,45,中目
233,107,中熊
194,47,城村
185,160,秋村
250,250,篠川
135,115,山仲
34,6,弦間
18,68,強矢
138,235,吉戸
170,40,関内
19,1,柿下
178,219,塩畑
155,228,阿賀
88,73,里井
247,27,矢田貝
35,210,又木
9,167,武宮
174,187,八反田
68,36,釘崎
43,26,定松
238,119,中坊
196,53,中場
99,214,沢内
87,15,大信田
139,249,仙道
7,192,是川
88,214,勝矢
20,46,舟川
219,48,幸崎
144,201,浦松
37,61,廣岡
238,161,倭
84,181,里川
192,74,本家
53,38,伏田
127,32,長光
199,52,谷渕
12,7,瀧田
199,209,大代
94,221,川住
130,110,赤土
61,70,室町
187,228,指方
11,196,三辻
126,137,三ツ石
169,87,根石
127,72,高荷
48,122,金石
229,27,嘉屋
157,195,井林
248,52,鈴井
49,164,立浪
149,97,野波
210,58,末弘
181,32,北住
85,72,美和
2,132,入内島
125,84,槻木
180,169,長谷田
220,160,茶屋
117,78,多鹿
99,42,織本
189,210,小圷
190,124,小塙
187,205,小谷田
225,143,左海
45,184,今倉
107,73,高上
64,250,金松
181,67,久志
254,49,鞠子
138,71,我謝
24,165,下茂
255,98,岡正
48,25,押久保
34,120,一寸木
211,28,依岡
192,7,西馬
107,231,雪本
133,207,倉成
25,67,多治見
10,168,大牧
149,197,辻下
133,143,田籠
94,123,日坂
31,225,埜口
111,186,飛内
8,178,富重
111,190,普久原
168,169,福塚
70,190,流
55,185,眞田
107,195,生地
7,164,菅尾
175,134,森河
78,99,上家
56,254,小茂田
133,75,室野
211,47,山野内
247,219,見原
97,190,宮道
94,198,久森
79,12,喜舎場
46,82,岩竹
59,127,鴨
83,141,横町
54,32,遠峰
113,59,円子
98,169,和佐
204,176,友村
88,68,柳村
9,40,網倉
14,46,北薗
153,137,福園
210,176,馬木
204,150,日根
6,217,東一
213,228,渡名喜
148,142,椿井
49,154,倉松
22,130,瀬野尾
109,188,森次
107,42,新内
125,117,山橋
134,130,坂江
138,173,佐渡山
113,229,喜多見
249,230,加々見
15,109,安蔵
237,165,萬谷
10,92,門永
106,196,木多
246,160,末延
211,175,染田
119,192,石引
21,58,瀬端
230,3,杉藤
141,235,厨子
89,23,出合
22,14,若崎
9,74,室木
146,20,山王
255,60,佐近
16,110,黒飛
208,163,君嶋
183,89,駒津
117,23,居川
167,96,丸屋
25,95,榎谷
148,242,羽富
142,10,宇津宮
137,185,稲継
159,47,一川
123,13,辺土名
127,242,畔田
110,185,縄手
38,69,渡貫
133,149,棚村
2,238,曾根田
85,124,川中子
241,125,成木
135,183,信濃
79,113,松清
16,116,小上
43,189,三戸部
79,102,笹渕
136,230,最首
95,214,高添
23,157,高貝
221,217,海
206,72,磯井
84,187,庵
24,57,安海
6,144,阿由葉
81,243,茂泉
204,94,牧尾
214,151,平家
167,251,道林
206,173,浅野目
161,54,親松
72,33,上池
136,152,松雪
69,52,舟見
110,171,采女
187,151,砂本
54,190,後呂
221,147,兼次
69,37,角口
85,101,磯前
12,35,崔
13,174,余川
222,61,尾口
254,153,峠田
56,65,町谷
65,95,仲丸
205,184,地下
139,75,村地
24,140,倉見
192,181,千綿
10,1,森忠
184,12,常住
72,111,重広
163,65,受川
23,57,酒徳
58,254,三ツ谷
168,11,三ケ田
155,146,砂辺
81,63,高堂
197,58,溝尻
106,17,角森
133,120,印牧
255,80,安友
206,224,敷田
132,177,祢津
103,129,定
60,73,仲真
198,106,中池
92,15,丹生谷
179,32,帯
139,115,掃部
202,191,千々松
247,157,西室
238,53,星沢
235,143,森繁
64,226,城之内
144,147,庄島
181,210,紙本
11,199,崎川
225,108,細岡
181,135,砂場
157,99,向畑
192,195,戸祭
194,132,興野
13,130,牛場
186,151,巻口
107,165,越石
85,171,井手尾
6,121,井奥
119,125,伊久美
158,121,松若
100,168,上柿
69,38,増崎
86,68,滝元
44,161,沢渡
23,55,炭田
228,59,猪
142,144,塚
253,73,砥上
17,102,砥綿
250,143,内記
229,81,納田
174,107,敷地
148,230,武尾
14,152,北坂
92,115,与
134,77,鰐部
162,82,宗政
27,101,伊計
76,205,育藤
110,135,花立
76,29,萱森
120,118,丸石
25,252,岩井田
69,118,鬼原
179,123,久堀
225,4,曲山
81,182,栗屋
114,190,桑鶴
63,220,兼久
102,167,五戸
63,141,工
18,110,今原
140,102,氏川
28,169,種谷
56,66,藪中
158,207,落
87,82,鳴滝
42,12,米坂
126,230,平館
229,183,文字
84,66,比田井
87,119,箱山
163,107,東平
4,128,猪越
149,75,船間
180,84,川筋
207,21,西埜
26,251,腰原
120,39,光宗
214,22,戸館
45,112,月館
129,208,杵屋
245,85,家中
126,49,岡辺
9,157,横枕
178,213,横見
127,92,押木
108,53,柳堀
169,188,満岡
205,33,牧岡
199,30,保倉
92,223,平佐
203,129,飛山
237,136,入井
123,53,追川
110,107,茶畑
74,22,池澤
105,180,丹原
109,134,大仁田
40,215,相野
118,82,祖田
137,204,前澤
139,117,川代
75,155,松熊
137,220,小八重
77,182,諸永
223,132,山成
153,167,窪井
130,139,牛腸
173,224,関場
24,21,釜石
31,84,嘉悦
78,124,横原
207,60,安成
70,18,礒辺
145,178,澤山
31,104,揚野
39,79,木根
130,97,片本
63,104,布山
34,195,富士原
9,99,白濱
50,131,津下
93,14,中井川
78,63,池脇
49,59,大良
7,32,大宮司
75,180,清和
70,131,新徳
65,59,初芝
69,121,桜間
201,91,佐保田
205,91,原科
205,175,舘田
11,208,伊深
22,252,井脇
98,218,歌田
48,11,甘粕
226,248,金古
122,179,五十棲
21,121,広地
241,37,溝脇
16,46,小嶌
59,116,松苗
131,186,沼井
122,88,乗本
61,131,水山
101,7,炭本
104,172,貞光
45,24,東良
248,217,百井
157,210,布留川
68,61,北折
11,18,蓑原
222,117,明山
186,150,矢津田
179,112,友森
42,118,米窪
47,31,平安名
6,138,冨野
165,176,堂野
33,214,湯澤
104,221,東峰
229,14,津野田
140,69,谷森
206,82,滝石
227,55,大鷹
37,245,増森
48,199,赤江
174,53,西垣内
110,246,常泉
251,56,小井手
189,88,四柳
20,14,三木田
28,239,荒本
119,230,近重
46,218,戒能
154,55,河原林
16,159,餌取
198,20,羽佐田
90,28,烏田
115,18,安ケ平
224,85,阿彦
184,142,蕨野
7,11,野垣
218,54,木川田
252,213,湊川
229,118,板沢
218,18,馬崎
57,95,日名
202,13,東久保
143,67,田爪
27,246,津原
83,221,中納
61,45,大道寺
19,241,赤
45,127,清崎
158,42,小管
189,188,兼古
91,114,経塚
138,234,桑崎
240,85,笠田
129,150,改田
73,112,夏見
178,184,下枝
255,56,阿佐美
87,235,阿江
174,142,和泉田
233,156,立谷
92,33,矢形
165,38,芳井
123,112,物井
218,95,冨澤
152,182,飛鷹
54,222,馬詰
206,214,能代
61,211,日
210,55,徳吉
182,227,道原
16,181,東松
248,38,鉄本
185,79,長富
84,208,中静
135,109,代
37,231,多喜
177,172,川邊
182,250,西戸
165,149,山蔭
48,129,桜山
33,155,高清水
165,198,溝越
228,110,恒成
34,231,古石
210,255,兼村
55,182,越沼
1,18,阿出川
101,71,和多
110,119,友常
237,158,保原
117,101,半藤
33,42,八神
1,36,奈須野
186,236,藤後
9,119,唐田
33,195,仲岡
219,142,中牧
108,143,中峰
104,52,竹入
38,95,先山
8,157,雪野
86,197,主藤
249,146,若色
218,14,寺平
15,194,三並
170,170,三柴
159,90,薩川
156,5,絹田
38,166,久枝
129,200,下倉
132,4,一岡
56,253,安次嶺
65,124,廣野
30,101,野々川
14,149,毛呂
178,139,福成
201,173,洞田
160,215,蝶野
135,201,滝岡
164,146,宗広
108,86,志沢
96,64,笹淵
6,118,光崎
218,113,吉末
174,96,亀
184,61,井狩
100,178,輪湖
110,16,野際
243,136,木所
223,136,北瀬
99,96,平藤
94,236,鳩貝
115,54,藤曲
234,35,島守
35,138,茶山
26,49,大堂
183,217,太宰
58,49,杉川
101,14,松館
195,80,山之上
237,17,吉峯
74,186,亀倉
69,157,気仙
209,211,椛田
123,85,垣原
162,14,安並
223,7,柚木崎
76,195,野々
4,231,名護
9,113,服巻
242,48,尾立
228,194,板崎
17,142,陶
204,193,椿野
138,114,大隣
223,66,浅妻
32,66,諸留
147,84,重石
87,225,洲脇
255,19,朱
163,250,三雲
35,200,高里
149,148,厚木
193,157,恵谷
161,46,郷古
29,11,牛渡
111,97,岩政
75,122,下嶋
99,22,岡添
240,168,穐田
253,198,柳館
138,93,綿田
128,16,豊吉
183,234,保手浜
127,206,百合
57,117,飯窪
239,105,内河
199,76,得丸
133,165,長棟
208,193,中市
213,137,中舘
125,247,竹末
215,54,大富
97,77,大霜
199,19,大貝
81,128,太田代
226,47,川和田
46,175,杉永
120,148,須谷
58,214,小豆畑
203,142,寺見
84,220,菊次
241,82,椛山
212,93,外島
113,19,雨貝
230,70,羽切
203,219,磯脇
145,251,伊良皆
201,99,宗藤
243,81,出本
216,77,水溜
116,200,嵩原
74,30,赤座
230,133,貞弘
191,164,田鹿
206,125,東沢
27,67,道又
42,182,梅下
223,177,迫口
116,156,八下田
61,90,平位
212,67,明間
255,93,蓮
89,110,浪崎
105,89,鹿糠
226,169,高沼
154,103,五来
33,109,櫛山
82,205,居城
254,142,宮久保
223,40,吉河
34,158,菊入
175,224,垣下
6,234,岡室
218,66,稲橋
150,76,井嶋
142,245,井越
200,139,安嶋
11,124,安場
221,244,綾田
2,94,澤谷
157,252,廣澤
230,33,有満
239,33,片根
73,5,尾鷲
230,93,備後
125,9,日根野
103,220,定塚
116,132,沢中
174,98,大鷲
219,214,大束
122,249,善
230,101,石母田
74,242,仁田原
251,149,小部
2,230,住江
23,231,柴川
25,84,元橋
185,48,権守
4,7,久次
238,111,奥林
217,34,伊是名
105,19,阿河
35,245,畝
116,164,政野
131,233,清重
133,164,清滝
225,215,川杉
44,50,丹代
197,181,端野
195,145,池畠
139,170,竹俣
209,180,竹葉
224,52,秩父
5,24,嶋根
89,152,入澤
67,204,北迫
51,49,面谷
173,83,門奈
104,80,与古田
248,12,陸田
28,65,簑田
31,111,世戸
141,154,一原
205,152,宇敷
63,178,岡口
76,3,岩槻
251,29,鬼武
61,92,玉江
219,236,金綱
208,108,櫛野
59,65,月本
137,182,佐和
49,175,砂塚
225,11,坂岡
190,127,阪倉
45,214,山澤
65,243,時崎
217,194,狩集
34,1,上竹
181,43,常陸
206,106,数田
45,212,野城
141,237,名本
173,251,比江島
225,90,麦谷
136,80,道添
17,170,道前
150,145,忠地
55,70,竹縄
227,56,石高
194,127,西峰
4,110,世永
241,15,上水流
84,121,松高
58,122,小薬
25,48,小江
195,250,雫
177,219,今井田
21,156,古塚
0,5,古後
33,230,吉鶴
1,110,丸地
92,164,下橋
108,198,横峯
240,220,奥貫
118,60,浦辻
150,101,磯口
12,23,蛯谷
31,115,要田
101,15,有間
124,29,柳浦
63,70,鳩山
229,8,八野
219,184,日谷
6,197,仲条
38,99,倉金
248,135,初鹿
145,204,宗本
94,60,七原
35,135,似鳥
147,71,山島
109,28,阪根
232,16,隈井
252,34,窪園
39,17,久須美
159,144,橘本
54,181,祇園
217,123,巻幡
70,90,貝川
154,212,乙坂
80,176,岡澤
50,140,岡尾
25,128,塩村
181,212,濱中
205,211,北御門
50,197,冨江
238,137,尾見
229,91,湯藤
230,107,菅根
229,171,新立
35,22,山後
40,110,佐分利
108,195,佐島
252,83,糠谷
169,95,金戸
236,31,及部
45,178,気賀沢
5,150,永冶
221,113,影井
243,182,安枝
6,2,野並
196,151,満生
24,27,満園
185,103,片村
176,201,板場
242,30,辻浦
152,114,池ノ上
130,129,赤倉
92,43,生稲
106,187,椙村
56,89,真尾
242,216,松矢
66,100,守矢
254,93,時
39,239,寺垣
119,79,山市
97,57,国兼
203,115,五条
185,173,兼坂
17,164,恵木
88,229,旗手
211,154,貝沢
110,32,賀数
200,205,烏谷
103,206,宇佐川
20,206,茨田
121,126,芦崎
240,104,愛知
51,219,帯川
189,180,知識
139,176,中永
59,251,調
101,91,長永
39,11,天辰
2,56,日裏
152,179,入来
54,154,肥田木
248,174,飛島
141,72,美田
63,8,浜武
134,21,鳴沢
90,164,友
45,44,忰田
18,145,渕本
150,89,霜野
84,233,稲次
146,228,越地
10,169,園村
192,117,河波
199,191,見留
139,114,広藤
247,199,高篠
189,70,高泉
62,15,治部
193,70,若藤
212,185,若梅
7,103,松縄
88,8,信貴
251,220,深代
238,149,世利
194,156,船谷
242,235,目片
249,92,芳岡
212,252,難波江
29,129,鐙
8,81,田久
131,214,沢地
204,145,早苗
120,15,川畠
168,140,上米良
166,23,上鶴
144,58,初村
67,94,行成
12,122,広村
29,213,巧
103,68,古嶋
97,204,串崎
18,132,九十
150,193,吉門
42,127,亀甲
253,117,鬼崎
251,70,茅島
38,30,鴨崎
9,30,加園
241,30,岡畑
106,92,押本
181,26,藍沢
167,5,野池
142,142,富成
171,101,日和
219,108,日馬
34,103,廿楽
59,143,田地
251,185,猪尾
116,63,中杉
224,220,蔵満
200,253,船瀬
100,68,須戸
0,161,七種
0,47,兼崎
139,187,金銅
162,4,久保野
178,16,岩鼻
130,141,遠野
75,57,井之口
94,49,安崎
57,80,國分
30,233,和佐田
162,212,由本
64,167,有末
246,213,友原
127,164,野邑
108,235,本石
90,227,墨谷
118,135,藤光
35,52,東崎
67,184,唐木田
104,98,猪山
18,26,池宮城
83,84,大濱
40,161,束原
139,48,霜越
27,131,西広
13,207,小作
158,65,砂岡
44,12,厚海
250,131,魚崎
246,206,宮戸
101,94,貴船
91,58,海堀
50,238,荷川取
44,7,鵜瀬
37,201,瑞慶山
130,115,赤石沢
144,31,船迫
103,185,草原
216,187,道畑
232,200,波間
39,225,畑崎
13,213,八川
203,100,尾越
239,23,伏原
198,248,蜂巣
82,12,牧浦
114,158,民宿
11,71,目次
17,129,弥富
35,255,嶽本
23,211,針山
252,138,種岡
250,36,軸屋
216,174,佐内
138,198,根路銘
168,163,香坂
99,52,金箱
102,38,魚本
124,249,宮薗
69,173,岩滝
175,167,花牟礼
47,152,下松
53,68,永楽
140,49,因
7,117,伊勢村
205,113,伊森
136,104,浅古
199,238,大土
4,126,大年
97,238,沢頭
89,51,竹橋
149,117,仲江
237,175,昼田
7,4,猪崎
196,26,津吹
89,100,栂
251,221,碇谷
44,152,道井
222,239,楠部
173,87,八山
2,41,本園
143,255,鑓田
199,215,川城
91,168,千吉良
175,38,垂石
74,133,神出
130,212,植地
151,123,上内
198,78,昌子
179,110,小名
243,177,三鴨
128,108,黒本
80,244,国保
153,41,江添
202,54,橋谷田
130,128,橋ケ谷
165,208,岩西
80,68,益
56,108,稲船
99,234,水迫
160,37,清谷
119,30,西池
53,155,竹見
126,0,猪島
253,59,度会
111,161,二之宮
20,122,日永
188,234,日光
51,128,馬篭
151,201,樋沢
174,36,撫養
171,84,桝野
243,68,矢追
166,118,友定
238,148,和中
17,14,蕨
4,172,劔持
79,172,小貝
171,69,伊良部
129,88,羽倉
41,233,羽多野
123,198,横本
168,29,荻須
135,100,会川
247,156,鎌苅
222,173,久積
252,150,迎田
140,124,古徳
115,80,五味田
164,126,細内
46,95,笹間
93,146,山領
51,84,四條
210,132,室川
190,130,篠藤
174,19,春井
142,179,檜森
181,231,野入
129,27,名執
224,171,武次
32,185,徳間
202,117,地福
185,251,谷坂
159,134,大居
238,76,前垣
40,202,川相
255,237,西明
246,170,上武
79,105,秋定
247,118,宗和
5,53,時沢
134,64,寺浦
162,199,四位
164,159,三門
148,11,座波
135,113,溝尾
157,93,口石
56,232,桂山
30,251,金倉
196,212,金居
179,178,近久
104,160,魚津
104,11,牛之浜
213,187,牛崎
119,149,弓指
68,185,吉間
220,16,開米
35,191,開原
82,174,花光
45,239,家原
77,163,阿久井
105,90,諏訪田
39,68,椙田
195,6,世良田
143,237,西留
162,35,石地
235,110,早山
19,135,相星
227,222,多田野
131,151,泰
188,179,仲辻
241,81,島ノ江
76,66,島上
47,241,波部
227,113,板原
25,100,片江
246,198,又川
70,42,野呂瀬
3,94,矢持
84,151,矢竹
138,28,友国
207,82,神足
27,239,阿相
62,146,一志
238,195,一二三
36,117,一番ケ瀬
194,194,演田
5,228,河面
9,229,皆越
96,213,樫谷
143,99,岩花
144,80,鬼柳
91,233,久藤
129,230,呉本
185,208,江種
246,223,合谷
101,107,坂山
156,232,出倉
184,175,出頭
127,76,上元
1,46,上総
93,243,森弘
255,90,流田
163,215,頼田
112,88,野秋
175,24,木森
54,132,木賀
27,221,明戸
214,23,平工
44,51,百目鬼
189,200,鉢呂
4,230,楠戸
93,49,藤目
83,120,藤武
89,33,東和
26,204,土岡
209,187,朝隈
215,58,中ノ瀬
111,63,一野
156,229,円田
108,183,皆吉
85,188,外舘
120,13,割石
207,202,吉場
154,32,犬井
236,162,広政
151,132,座安
139,254,笹平
47,197,宗片
168,71,小座間
189,102,上脇
249,198,城地
220,82,数馬
225,8,生井沢
212,78,榑松
127,148,緑
0,124,梁島
80,62,法村
235,90,武馬
248,88,武子
48,108,冨士田
184,34,飛岡
221,166,畠沢
221,193,島名
124,223,島居
35,42,田里
175,110,田神
171,88,追分
137,25,津国
196,74,長廻
244,136,相蘇
50,148,船野
73,3,川久
90,103,森根
155,243,四十物
121,29,古長
158,219,久嶋
61,112,貫名
208,64,河澄
144,53,羽角
30,216,一松
140,224,廣井
198,98,芳谷
200,41,峰野
169,14,尾熊
184,97,樋爪
235,42,藤部
228,6,藤好
214,48,藤河
121,5,棟近
12,126,椎山
51,56,猪塚
42,211,中渡瀬
254,37,池津
36,225,対比地
84,219,石和田
40,249,仁保
164,112,新畑
18,81,市野瀬
149,83,坂脇
151,144,今給黎
219,189,高徳
152,199,綱
80,254,古元
68,126,櫛間
141,61,宮家
98,238,加賀見
59,138,岡宮
213,78,老松
77,46,木城
163,237,平湯
88,50,幅田
110,244,尾石
66,127,博多
16,193,鴇崎
157,5,島林
28,84,庭瀬
236,49,定行
185,213,中広
13,236,大峡
246,252,則本
141,117,千脇
52,41,千藤
116,224,酢谷
69,145,真井
109,226,枝光
157,8,今若
166,179,合川
41,60,行友
124,241,向谷
65,23,光島
247,128,玉島
76,140,久米川
115,151,寄川
68,66,掛布
8,163,奥藤
113,121,柚山
129,149,堀脇
246,37,堀地
126,203,楠橋
130,184,内貴
192,118,栃谷
128,245,鶴羽
170,215,大葉
3,135,村端
158,217,蔵前
144,16,折山
27,53,市谷
47,108,黒見
130,43,荒幡
218,154,光川
227,81,権平
216,108,兼安
121,161,栗脇
68,63,岩嶋
84,61,河路
43,28,越阪部
209,108,井石
245,184,安養寺
97,196,愛須
115,219,増木
152,192,多比良
223,45,大同
86,174,大力
65,244,仲俣
83,101,直田
150,25,鶴木
111,33,田野口
37,212,島方
152,203,道明
160,146,日下田
123,158,波岡
153,94,半井
234,22,末久
53,174,野藤
91,177,溜
218,75,清水川
156,180,秦泉寺
58,178,沼里
119,93,守部
142,116,式部
15,243,汐見
75,114,康
34,108,広実
161,217,後上
21,63,金納
232,158,郷内
147,188,牛谷
42,39,雁部
175,58,屋田
167,84,井木
213,155,井森
205,50,粟谷
198,4,清見
42,176,青森
10,190,川床
42,54,前之園
49,167,荘田
72,52,則包
253,83,帯金
34,94,袋井
42,146,築島
12,194,竹居
253,205,長谷場
35,217,得永
228,219,平上
60,33,豊倉
186,89,夢
128,78,矢間
239,83,尹
12,211,搏林
108,107,礒貝
209,90,藺牟田
21,111,芦澤
215,83,榎元
240,116,横澤
95,167,河元
58,12,栢森
94,196,宮後
21,24,笈田
39,141,駒込
223,238,君野
206,170,結束
214,17,絹谷
200,166,戸屋
219,165,国部
77,213,斎野
47,236,鹿川
227,41,勝尾
89,22,小美野
122,80,森満
95,184,真々田
231,246,真川
37,12,剱持
42,17,豊巻
105,143,保永
125,189,東福
72,196,島脇
252,30,田苗
24,179,池中
168,107,村竹
54,224,前河
78,117,水畑
41,183,埴原
88,165,小賀坂
168,254,坂地
162,36,国久
34,102,喫茶
223,5,菊竹
218,67,鬼海
150,33,岩水
210,114,柿花
178,207,賀谷
21,218,河出
197,133,羽二生
19,206,一見
111,99,竜口
95,86,立神
56,129,毎田
63,222,福池
143,110,冨重
240,125,畑口
25,132,土野
238,114,田吹
195,18,貞末
254,119,長広
226,135,中久喜
226,18,滝脇
25,51,滝浦
17,198,倉垣
168,178,瀬長
160,185,植垣
169,232,小野内
100,247,井神
80,70,臼居
5,217,浦和
168,185,永
56,44,押領司
108,17,岡平
248,29,下家
63,156,駒
195,74,戸野
235,135,荒原
129,171,黒尾
194,142,今仲
122,234,崎元
126,3,山並
235,164,姉帯
140,197,小甲
125,151,國井
111,160,陸
210,150,藍
175,45,薬丸
141,140,本柳
29,134,南畑
140,249,辻上
119,173,長元
13,231,宅和
62,126,善積
246,112,川那辺
82,172,西阪
72,229,生原
255,89,森居
38,12,森越
38,178,山品
209,79,三芳
193,217,三春
95,58,札場
144,45,榊枝
52,103,財満
164,16,国宗
1,216,古茂田
163,55,古垣
84,253,鏡原
72,185,花香
59,4,乙津
27,9,一ノ関
193,20,綾木
122,5,小野坂
103,153,常光
219,246,神近
111,108,成嶋
127,133,西形
42,215,倉繁
251,46,草本
186,149,中三川
147,238,天明
219,238,藤里
229,162,洞内
149,106,八並
187,246,北館
27,234,茂内
216,206,木住野
242,202,門沢
252,62,由川
36,226,立島
211,23,秋武
81,237,阿辺
241,174,為永
81,77,雲野
23,227,音川
86,151,下河辺
31,31,花水
150,130,柿迫
183,65,寒竹
122,137,鬼山
238,27,玉元
83,29,桐越
211,164,近山
6,21,粂井
20,187,高永
186,213,高科
108,174,高芝
9,20,高信
53,8,坂出
210,198,篠岡
0,92,上玉利
97,97,森若
140,160,仲佐
136,122,仲森
76,214,仲矢
182,238,提箸
234,104,桃沢
86,153,徳谷
160,43,乃村
201,157,埜村
182,134,八本
227,128,樋之口
91,102,浜平
110,113,米花
211,246,峯野
66,162,牧元
242,251,本居
58,43,矢村
235,251,矢富
86,3,友藤
32,53,与那原
54,90,井下田
0,31,井沼
216,171,音喜多
19,116,河下
240,164,河角
235,81,柿坂
90,193,岩隈
43,63,久道
52,215,桐林
117,146,近井
153,75,窪島
215,165,形山
168,222,古米
181,255,江畠
72,90,江澤
244,49,溝添
215,167,荒賀
70,0,砂坂
236,199,桜場
122,91,市本
157,144,師井
114,30,七島
53,49,折目
99,160,川良
159,206,大牟田
47,70,滝尾
7,121,中沖
96,179,張山
131,44,長郷
90,18,鳥畑
172,107,入戸野
79,97,任田
147,34,乃一
54,60,肘井
201,181,苗代
228,95,片谷
146,113,片庭
68,251,片野坂
33,215,牧戸
87,252,本条
46,133,名児耶
74,116,孕石
61,180,赤枝
184,109,円井
160,112,横石
66,21,夏秋
102,26,外田
40,54,岳野
209,246,丸一
136,209,桑嶋
174,164,荒船
113,153,荒平
207,177,高井良
39,44,細金
5,201,榊間
225,54,志手
98,78,宿輪
11,190,小鍛治
215,88,松信
102,55,真浦
198,27,水瀬
112,23,成見
145,160,石郷
237,30,頼
175,227,保志
244,60,保高
53,31,平峰
44,23,伏島
226,42,繁野
222,191,斑目
103,65,入村
158,206,唐渡
167,161,田保
219,50,碇山
41,244,長堂
131,191,中茎
9,250,大浪
201,105,多木
231,62,図司
72,236,真塩
253,95,森橋
162,41,阿嘉
145,2,雨堤
236,113,永福
220,105,遠竹
34,73,下窪
100,174,下郡
164,41,叶野
17,197,刈込
81,252,岸元
164,17,鬼村
4,12,金泉
43,202,玄
211,63,五代
93,156,高遠
1,51,細村
11,221,三竹
70,246,小美濃
167,215,野辺地
254,196,福水
39,48,百済
80,255,伴田
112,89,伴場
209,132,白松
5,237,馬瀬
19,42,日南
225,93,南城
0,170,南光
38,205,道見
251,60,島木
178,196,土崎
74,229,田戸
197,180,田元
83,168,船尾
181,115,盛島
151,171,清水目
13,49,杉橋
140,127,新元
65,253,信本
231,91,出嶋
192,147,住永
59,248,樹下
27,8,志々目
102,192,今松
110,215,高濱
187,222,江淵
175,74,玉
126,130,久津間
249,93,王子
87,183,永徳
254,66,永光
165,144,中沼
167,180,中水
232,15,仲亀
194,16,丁野
143,153,張田
23,146,鶴飼
6,195,縄野
176,85,梅元
43,216,博田
30,229,冨里
245,55,布袋
161,111,武吉
39,159,淵本
107,236,豊本
230,102,餅原
211,212,利岡
5,220,和井田
83,146,對馬
26,171,澤崎
234,71,竹屋
16,255,岡里
87,170,下河原
160,198,下内
87,127,紀野
137,172,吉高
186,45,久手堅
53,245,許田
96,104,筋野
200,248,元野
202,207,根塚
210,54,砂村
82,16,三屋
95,146,七井
82,183,小場
185,62,小瀬村
124,240,上運天
15,22,上之原
182,188,鷹木
61,104,辰本
104,155,葭原
190,65,末国
87,22,牧平
234,147,白金
160,236,堂薗
44,8,田港
96,163,帖地
191,216,中光
135,2,竹浦
93,24,地曳
4,185,谷和
110,243,曽木
67,135,前畠
64,206,折坂
3,24,西邑
223,153,神矢
131,111,乗富
140,230,実原
232,118,黒土
34,112,金輪
34,90,間崎
124,141,釜沢
91,98,永岩
41,253,稲子
5,3,舛岡
47,106,村内
115,26,地村
244,105,中峯
195,203,丁
234,142,坪坂
193,59,嶋原
201,204,堂坂
237,55,奈良橋
204,247,二星
43,6,飯谷
222,188,味元
17,69,木佐木
78,95,野見
226,78,有海
246,5,猶原
76,176,西勝
250,11,申
177,156,小田野
179,33,舟戸
80,78,種
210,167,志智
231,110,佐用
194,175,黒丸
246,66,口田
107,82,袴塚
179,174,栗谷川
253,32,宮守
0,108,岩清水
31,255,花澤
184,133,越沢
142,219,浦浜
170,82,囲
243,10,瀬底
227,7,請井
203,51,石坪
101,131,赤上
88,209,霜島
228,98,蔦木
91,151,渡川
93,38,奈良田
1,99,抜井
183,147,美崎
127,176,浮島
103,166,風巻
53,32,福林
33,246,保木本
77,160,綿野
156,138,面田
21,230,木佐
204,8,有家
182,234,伊香
161,9,伊地
122,54,宇塚
2,200,羽染
33,176,栢本
192,227,館石
1,24,京増
218,104,兼岡
240,253,見村
85,173,向平
74,140,広上
94,172,坂森
5,101,笹口
173,66,三関
235,94,志良堂
85,22,春成
190,97,小張
152,172,常井
161,136,露久保
198,201,目
248,56,本望
135,40,姫路
63,226,播
93,2,二塚
221,35,提
232,42,長手
44,196,長岩
217,244,中鶴
181,207,丹尾
108,151,相部
120,230,埴岡
202,44,上根
168,215,小掠
9,131,小材
197,207,舟崎
27,179,篠倉
97,247,佐上
241,59,御堂
136,35,源内
43,124,見附
121,237,義村
160,63,廻
159,83,延藤
223,108,羽室
90,171,稲波
99,129,安陪
65,58,安久
26,18,中芝
49,136,仲井間
247,34,忠
194,221,長洲
157,36,鎮西
32,228,棟田
171,156,湯元
120,26,内沼
172,3,日永田
50,18,八森
133,77,尾尻
56,143,俵山
178,18,浜原
224,41,武長
89,84,武良
129,251,房前
205,26,網屋
63,81,木和田
207,195,葉
14,165,枦
142,13,羽入
226,216,奥嶋
156,251,瓦谷
193,27,広池
120,196,高士
187,236,根子
69,57,材木
60,231,山野上
245,181,糸満
84,205,紙田
76,171,式田
235,220,諸熊
134,132,小石原
253,194,神徳
217,56,杉澤
222,116,石平
241,140,赤見
188,149,善本
59,10,倉川
11,246,大穂
236,170,籏野
68,69,簗場
237,82,帷子
180,109,有里
191,112,木
195,14,本嶋
163,3,尾沼
44,228,樋笠
20,159,八百板
150,151,薄衣
191,41,斗沢
229,146,中郡
33,7,竹若
205,225,滝藤
52,138,鷹箸
64,214,相京
24,123,清遠
135,142,稲冨
245,140,羽太
231,116,音成
69,223,下屋敷
108,28,加福
101,33,掛端
37,149,久木原
185,204,栗坂
192,14,厚東
133,47,高渕
31,160,国森
111,118,黒葛原
239,232,三股
112,134,秋原
25,64,小酒
73,156,沼波
128,153,森喜
92,75,棗田
177,37,来原
237,231,有澤
177,117,野網
203,5,門崎
4,97,木津谷
40,151,木宮
218,217,万徳
153,36,末満
11,113,堀添
55,144,峰本
243,7,保村
241,36,尾堂
74,55,白武
183,232,当摩
173,185,為国
117,68,羽入田
245,191,荻沢
63,250,蟹谷
146,120,吉口
84,72,形部
116,166,才野
207,26,十鳥
16,12,森泰
169,21,杉若
4,178,蔵屋
148,211,町口
162,149,長谷見
44,92,辻森
229,137,釘田
216,66,余吾
133,19,唯野
88,190,木野本
46,91,椋
247,125,富坂
91,62,発知
105,205,八十
143,252,渡具知
169,176,田房
154,48,鉄川
72,109,谷地田
162,206,泉岡
85,105,西住
34,239,水科
26,247,条
113,194,常峰
212,169,上江
43,104,小埜
88,4,初鹿野
137,178,重黒木
208,33,糸洲
39,72,笹栗
222,36,金剛
188,228,芹野
204,59,巻
230,173,永嶺
90,180,多田隈
225,150,仲吉
149,116,長家
6,69,鶴ケ崎
166,101,定金
155,163,得津
181,247,八重
86,111,浜瀬
150,152,武正
87,218,暮石
108,31,北辻
167,136,麻
10,150,末綱
199,253,鳴戸
22,227,鳴尾
189,19,木畑
222,250,川染
34,58,勢力
52,78,瀬在
60,182,仁和
69,101,新行内
115,247,沼澤
181,11,小和瀬
95,39,出海
21,193,志
193,104,三ケ島
113,34,江里
44,134,呉羽
205,72,喜村
230,179,海崎
214,54,賀沢
202,83,加辺
254,90,塩坂
255,208,村澤
87,6,池垣
141,144,竹丸
65,221,筑波
218,29,鎮守
254,236,津口
50,7,定村
177,195,添谷
187,94,島宗
121,75,堂原
107,11,栃沢
245,38,白勢
109,56,鳩野
177,69,尾鼻
130,248,尾留川
180,251,瓶子
159,225,冨島
64,240,冨本
60,201,望田
212,228,門内
144,169,野毛
115,103,林川
78,179,櫻木
252,85,安倉
66,110,伊津
106,243,越知
38,28,久谷
62,42,兼高
194,166,犬束
166,54,見谷
193,113,古永
40,120,戸石
42,155,御代田
55,75,光沢
19,34,厚川
2,194,行天
104,90,四ケ所
214,187,酒瀬川
147,45,小布施
104,201,松実
57,251,上坪
49,162,森賀
51,34,森坂
14,237,真喜屋
25,253,諏訪原
87,76,石幡
125,13,北倉
183,86,田盛
81,65,鶴賀
130,160,壷井
35,179,辰見
230,17,沢岡
164,158,双木
172,155,千頭和
126,164,瀬部
1,113,上塚
139,19,諸喜田
148,66,山広
29,241,三田地
195,204,桜林
16,2,斎賀
96,198,根市
142,248,高仲
192,68,高星
106,169,荒城
33,174,江場
28,54,好本
105,123,光富
136,130,兼行
31,165,共田
192,160,牛来
116,14,宮畑
203,167,橘木
152,110,丸毛
183,32,丸沢
27,219,開沼
221,228,賀屋
94,226,遠間
90,209,雨田
87,101,西之原
112,98,斉
135,173,大屋敷
161,230,辰已
225,197,谷尻
0,16,長宗
203,74,唐仁原
182,163,道浦
116,57,納所
10,111,白熊
227,182,備瀬
48,56,文田
195,150,木代
174,63,矢加部
203,128,輿
169,255,裏野
200,163,立津
171,245,詫摩
212,197,針尾
163,230,粟倉
119,36,伊野波
114,206,稲泉
89,222,鎌上
71,139,亀ケ谷
249,216,吉垣
127,143,漁野
116,110,古殿
11,14,五十
255,59,五味川
34,37,才原
70,208,三紫
149,118,山我
232,114,寺久保
167,68,勝沢
65,225,小深田
84,129,小川内
150,190,松富
4,205,萬代
111,112,簑輪
207,118,由谷
32,150,友添
35,150,霧生
24,43,桝
161,153,平部
88,177,白間
211,46,徳沢
182,82,湯井
145,134,東坂
5,124,津吉
186,226,成海
71,126,小杉山
99,113,召田
206,10,市古
149,254,山高
191,119,在田
178,209,佐鳥
105,202,江利川
56,46,金治
189,110,橋之口
201,86,弓削田
76,145,解良
224,40,下総
207,10,荻久保
6,161,一尾
185,21,伊瀬知
95,232,阿閉
185,26,稲上
216,60,貫
241,230,久江
137,105,五十子
149,229,砂賀
203,23,三口
197,227,油原
238,141,柳島
126,23,野牧
103,116,門伝
46,120,木室
244,127,明松
174,30,辺田
129,187,平馬
254,40,浮須
242,140,美川
80,148,薙野
93,144,藤屋
124,14,島瀬
19,166,天利
53,159,大幡
254,53,前口
68,217,川隅
83,184,千代延
59,146,石阪
255,240,制野
75,129,城宝
234,83,舎川
151,252,山南
22,98,留目
123,57,芳原
209,203,飯笹
73,10,帆刈
106,74,蝿川
209,160,田ノ岡
162,109,津藤
163,213,谷河
193,91,辰口
126,20,善方
34,119,前北
13,196,赤迫
121,210,青石
161,91,甚野
247,170,仁礼
216,214,真継
162,172,森地
85,125,小谷内
188,97,重安
164,107,榊山
5,251,高鹿
110,126,江浦
34,166,君山
180,50,金井田
254,220,橋内
133,32,弓山
159,80,久留宮
180,83,干野
207,102,海和
188,1,桶屋
248,85,猿楽
149,68,新西
149,138,斉川
244,161,千羽
110,131,扇原
133,112,相生
66,171,大井田
224,251,大学
146,220,竹並
56,39,猪村
255,13,弟子丸
130,148,添島
243,186,殿川
222,15,那賀
34,165,筏
230,67,繁永
254,198,布
180,39,文山
117,247,末継
226,238,野田頭
112,108,有谷
31,200,有冨
205,48,嶺山
243,239,甕
79,91,小綿
170,149,稲部
246,97,円藤
90,216,栢原
130,180,義本
74,6,久後
148,108,宮奥
223,120,宮藤
56,153,金屋
31,229,鍵
187,63,古地
153,91,古道
69,107,古明地
101,74,光村
99,242,幸本
137,51,構
92,109,荒屋敷
126,212,高知尾
115,196,国永
236,165,三家本
142,51,四之宮
50,222,寺迫
213,169,耳塚
181,156,出牛
113,200,水下
45,151,水石
189,83,斉賀
46,113,大志田
133,166,谷間
173,59,中渡
188,243,椎根
106,220,渡里
193,223,日岡
176,207,日本
205,119,白壁
230,40,八ツ橋
4,131,板鼻
233,126,尾仲
208,229,服田
9,60,福知
198,72,明井
12,212,野井
194,157,裏
7,107,連
66,117,松月
164,91,井後
216,114,一安
90,128,頴川
142,244,塩野入
173,16,加美
60,156,灰田
18,241,岩科
200,243,久木元
19,28,橋戸
94,184,金口
127,152,熊耳
163,155,栗秋
190,170,古武
25,245,胡子
122,33,高重
83,33,国立
207,192,阪谷
107,6,芝辻
187,39,諸見
34,50,小鶴
100,21,神元
225,75,杉上
167,226,西光
238,83,千北
96,237,大見謝
230,115,沢上
24,164,樽
44,100,仲栄真
31,223,土村
233,103,萩庭
88,101,柏熊
4,52,緋田
16,226,美坂
240,74,桧田
42,238,明珍
41,70,明田川
221,198,里崎
11,165,竜神
194,88,濱村
179,78,新中
75,20,稲光
184,226,越本
63,234,押味
246,178,下町
127,85,垣添
194,188,岩国
88,217,玉水
78,32,金正
148,156,高佐
64,243,佐薙
9,67,皿田
203,147,山沖
109,184,山重
137,140,糸
124,105,実
228,53,小武
44,178,小保内
47,230,小野間
34,22,植中
199,43,竜見
15,174,来
198,46,余村
189,126,揖
129,207,八重垣
250,225,梅尾
214,63,梅園
40,43,楠川
128,188,長栄
50,126,朝木
62,80,竹歳
41,151,沢出
84,79,沢紙
76,97,大嶌
159,6,束田
32,93,倉形
190,93,仙洞田
123,35,西之園
100,5,水林
119,77,真道
93,115,上永
143,226,小禄
160,149,助野
51,20,祝田
8,97,舟根
225,33,芝尾
165,245,高家
160,230,光谷
214,108,後谷
212,42,恵藤
236,102,九嶋
253,208,郷津
207,242,喜久山
51,75,雨沢
50,135,安心院
130,68,安広
89,90,重井
40,8,出光
252,36,須賀田
1,241,水垣
187,241,石ケ森
76,26,石永
45,51,石鉢
164,67,染宮
232,179,前波
252,11,曾根原
22,172,中岸
251,74,津沢
6,116,天城
252,204,二岡
202,253,繁昌
40,129,峰山
208,47,茂庭
39,86,蓮本
191,123,六反田
252,154,伊予
245,125,栄村
113,70,遠坂
120,2,奥居
105,224,押元
41,24,下脇
65,112,加本
245,88,河埜
56,135,花嶋
16,120,戒田
103,24,葛目
75,115,鴨居
108,108,桔梗
128,45,宮辺
239,51,玉上
228,51,玉尾
203,242,糸日谷
177,101,寺
179,215,若目田
47,103,正林
70,210,西居
102,241,川山
178,187,浅地
181,103,袖岡
41,152,村角
243,18,村原
116,121,大柄
58,56,大和谷
175,144,谷川原
53,243,檀野
84,179,直塚
221,89,伝法谷
219,130,東光
15,169,楢村
62,50,能重
17,180,飛田野
4,143,武江
14,168,福栄
235,248,保浦
252,188,木平
232,18,籾木
218,117,有明
210,249,愛場
206,211,為房
242,0,井久保
19,131,宇崎
203,62,永洞
156,111,益村
97,186,玉栄
50,65,古志
86,143,呉山
203,2,広見
237,151,高綱
193,49,黒米
120,41,根尾
112,153,犀川
228,214,三岳
53,3,寺石
122,70,秋池
42,34,小祝
60,87,新盛
236,145,森栄
155,99,真境名
79,195,諏訪間
106,47,数見
156,190,三津田
2,115,私市
246,201,松ケ野
197,43,成谷
215,203,西地
189,112,倉員
214,217,倉根
135,247,鷹島
106,226,辰井
88,119,築井
138,55,田之畑
106,38,唐島
233,112,馬嶋
105,46,富尾
40,61,満山
4,195,木滑
81,155,友金
144,6,篭島
193,2,脇島
245,110,三五
54,187,芦村
40,186,伊豆野
5,208,井貝
46,231,鵜池
101,201,浦塚
186,180,屋富祖
133,148,下舞
143,191,岳
204,185,岩武
147,174,久和
136,40,宮台
176,77,金井塚
126,141,金林
228,100,古室
104,231,孝橋
0,191,甲本
97,47,紅
60,203,行広
46,75,菜花
28,8,石野田
88,107,雪丸
102,239,棚井
189,25,中楯
192,150,中土
236,24,壷内
109,95,田角
131,14,飛鳥井
34,144,美濃島
43,133,牧志
68,138,本戸
249,208,槙村
10,159,万波
4,16,野矢
83,231,由比
255,238,粒来
103,119,和久津
39,115,葭葉
19,60,萬田
206,171,瀬
85,55,磯尾
236,197,右高
145,103,羽馬
90,201,奥家
52,200,黄川田
123,188,岡光
92,251,賀集
225,225,館下
2,44,丸中
78,245,吉金
57,197,久
8,192,源河
68,2,御崎
92,74,国頭
27,74,三縄
191,226,手賀
105,61,床次
140,237,鐘江
43,195,杉沼
163,79,六鹿
48,147,油川
184,207,野依
15,30,法橋
10,250,樋江井
55,22,板木
213,26,白仁田
153,72,桃野
18,100,東雲
114,161,直
23,29,仲子
192,104,中郷
115,212,竹政
220,11,西屋
170,19,吹原
21,112,人江
163,129,松渕
131,127,小河内
119,255,小井田
184,246,出岡
0,207,重里
119,76,若谷
38,179,三重
16,78,笹浪
232,197,高味
112,115,広幡
188,235,穴澤
197,172,玉熊
191,251,喜古
218,86,館内
104,205,間淵
83,59,角皆
189,111,横家
57,147,延
234,127,穐吉
88,243,前森
128,69,大嵩
104,177,大田垣
17,70,大野田
94,93,中植
206,23,鶴長
13,76,笛吹
70,40,田貝
106,238,嶋口
11,78,東浜
141,146,那須川
134,71,畑原
209,62,判治
119,110,半崎
185,51,冨原
163,238,武仲
211,44,平畠
26,233,米木
216,240,与倉
30,192,廣木
51,126,稙田
173,199,泉屋
45,122,按田
212,102,伊月
58,177,宇原
10,179,笠巻
117,126,橘井
143,9,橋尾
238,112,熊埜御堂
99,134,粂野
31,149,兼元
56,171,古和田
219,198,五十部
217,29,荒神
62,184,坂ノ上
10,177,寺阪
96,166,時川
57,75,俊成
132,19,松舘
79,15,上治
4,149,神倉
130,127,神之田
232,69,成
188,110,上水
98,149,上津
25,211,上路
154,176,森明
5,160,正保
24,178,川治
126,77,浅越
44,167,船渡川
25,96,滝戸
134,232,筑後
88,71,庭
159,138,提坂
123,146,楠岡
52,196,白河
2,211,姫井
142,135,別当
172,104,北池
2,77,當真
184,192,礒村
219,44,安仁屋
34,154,伊串
44,113,羽木
216,28,荻津
183,192,下藤
156,240,歌野
32,128,角藤
34,69,岸沢
156,171,郷右近
234,120,古仲
9,29,高樋
68,39,高堀
47,204,坂平
182,206,崎間
156,222,七村
187,179,若沢
111,172,所谷
181,13,小神野
90,177,沼津
60,152,仙台
53,114,大参
227,159,中奥
55,180,朝枝
50,127,坪本
13,252,鶴薗
184,168,湯尾
72,51,内之倉
11,247,白地
42,41,板花
78,191,部田
229,95,豊後
186,83,北埜
227,197,本下
33,24,桝岡
53,226,末友
18,204,民部田
64,37,目谷
135,123,門村
133,10,野戸
123,96,頼富
65,164,林山
211,5,曵地
162,83,伊島
112,20,伊豆原
242,125,衣袋
63,170,棚倉
48,248,一本
6,70,姥名
209,205,永海
46,112,岡市
89,158,花森
193,241,久木山
214,123,香
193,21,高草
126,93,国清
55,47,佐柄
177,140,三反田
173,126,市ノ瀬
196,196,鹿子島
107,12,重国
90,100,小岸
254,173,小瀬川
121,229,松脇
174,9,上川原
168,168,城取
245,159,松窪
61,143,水船
19,250,政次
95,62,西向
0,192,石貫
146,132,石切山
251,227,千国
128,155,相曽
76,57,辰川
109,76,段野
180,68,辻沢
225,174,鶴貝
125,232,堤下
172,65,二瀬
63,77,二方
179,54,萩沢
178,146,幡
63,110,板川
66,115,尾浜
241,45,浜根
105,210,富居
146,253,福馬
169,78,文元
180,209,片伯部
35,50,堀元
222,235,本馬
1,186,伊知地
173,171,為田
66,211,延岡
2,212,下舘
164,169,下境
25,226,下郷
218,131,下鶴
100,146,加知
179,167,夏苅
157,185,夏坂
251,7,株本
149,109,岩岸
130,169,久万
193,242,久礼
55,35,魚見
33,8,玉生
136,32,戸板
134,228,高氏
16,166,高室
73,24,高武
116,66,佐坂
172,30,山羽
52,171,寺木
219,203,柴橋
183,146,酒川
194,33,升井
185,195,谷江
68,201,地崎
171,93,竹広
135,111,湯之上
232,142,藤並
107,111,尾脇
180,196,冨森
186,205,武信
219,232,平和
119,178,保里
30,85,鳴神
253,210,野北
53,213,竜沢
227,228,挾間
188,220,櫻庭
61,33,籔内
177,9,大津山
248,140,増茂
102,206,相根
106,115,前納
242,209,川坂
135,48,小瀬木
252,123,酒元
208,115,佐尾
213,162,恒岡
141,133,金橋
106,89,近澤
57,23,葛
160,169,垣野
208,60,横部
31,22,遠嶋
71,89,遠近
100,60,杉目
249,118,石曽根
49,20,舌間
237,40,川前
214,60,川内谷
141,229,浅輪
132,212,代永
198,134,定兼
237,22,都木
13,226,湯舟
200,126,馬杉
2,49,萩島
189,47,浜垣
23,75,峯川
233,187,名嘉山
161,177,明渡
219,13,綿井
139,180,里内
208,87,立部
24,183,龍崎
203,146,籏
142,122,伊勢本
112,142,完山
43,114,亀屋
213,184,宮近
94,11,古尾谷
115,234,戸城
6,248,高増
70,32,佐熊
180,28,笹瀬
200,204,三輪田
127,126,市河
100,122,紫村
63,44,手崎
155,52,住沢
251,26,小松沢
46,193,菖
126,85,上土井
105,141,織井
209,8,深貝
20,250,真武
2,46,杉之原
52,40,小賀
167,176,小成
61,123,上ノ山
179,67,森北
112,122,石金
253,66,善田
120,183,大佐古
195,96,沢居
27,34,沢島
97,92,谷嶋
99,184,檀浦
148,105,遅沢
78,246,仲鉢
162,94,辻脇
232,67,天貝
124,80,藤石
118,247,内丸
85,149,二羽
7,54,畑川
19,128,彦根
235,91,福世
10,241,傍士
211,155,木綿
211,111,弥栄
248,50,柳林
4,188,柴藤
155,230,芦立
102,219,伊保
195,232,宇都野
49,22,栄木
250,129,下東
105,57,加瀬谷
101,3,加沢
165,4,加茂川
183,185,貝崎
209,126,栢沼
153,96,久志本
6,148,金行
202,45,金地
187,152,桑代
142,97,古財
22,75,江井
17,220,行
75,18,高元
97,146,高峯
143,162,黒光
64,165,砂沢
182,196,山副
210,193,山片
131,135,枝沢
40,73,柴戸
7,184,辛川
246,117,清成
210,212,西名
158,70,静谷
31,140,仙北谷
80,153,浅居
219,98,前城
184,21,袋
174,126,大矢根
167,102,辰
117,22,谷池
199,216,竹治
156,241,筑田
80,104,長阪
94,37,坪木
192,189,釣本
215,240,田野辺
70,105,八文字
137,132,尾台
159,168,百木
70,20,浜山
145,138,福司
223,126,保本
142,104,本波
246,71,妹背
58,188,妙見
166,144,野武
112,27,和藤
21,243,檜原
26,116,升水
162,235,安良岡
202,147,井樋
31,96,磯見
213,121,宇沢
91,183,宇波
161,31,羽方
127,208,浦添
203,133,延命
188,93,下牧
166,106,海老澤
68,147,灰原
113,65,柿平
6,0,鎌仲
15,201,岩片
149,216,基
107,197,魚野
227,36,金生
231,220,駒宮
29,204,桑水流
111,29,月俣
26,174,江野沢
9,43,荒河
55,252,荒明
144,241,国信
87,83,三寺
233,169,山菅
23,150,市江
193,136,児子
101,137,出利葉
101,105,勝崎
133,101,神志那
193,186,菅森
166,70,千川
36,62,川目
132,206,船元
39,52,船曵
201,69,蔵内
189,227,大饗
41,169,大深
228,233,鶴橋
30,0,堂元
70,137,堂免
178,24,波多腰
70,88,馬郡
109,142,飯ケ谷
133,71,飯伏
161,184,福浜
250,196,蜂矢
207,247,木之内
159,45,立尾
234,98,齋田
185,23,秋和
136,168,阿座上
138,211,臼沢
109,112,下和田
98,195,笠見
203,220,寄能
242,64,幾野
210,59,近谷
74,160,慶徳
168,122,古中
41,176,広尾
48,45,香林
217,160,高栖
93,193,国元
111,36,佐溝
95,196,嵯峨野
42,87,斎須
228,108,三嶽
55,251,山花
70,46,芝岡
69,111,守家
250,88,狩山
218,94,寿山
204,111,上津原
164,197,神浦
60,227,神頭
114,101,神明
219,157,針原
157,111,須摩
32,164,水巻
158,87,成定
15,241,西畠
31,212,泉尾
235,147,草皆
54,235,増見
100,230,沢見
241,123,貞岡
161,219,土信田
155,208,島垣
86,9,道
115,89,二ツ森
220,239,馬谷
29,215,鳩
3,85,峯元
250,42,豊見山
71,182,堀辺
232,249,本告
190,74,味沢
109,245,木挽
121,54,葭田
207,245,一田
220,247,稲盛
6,165,永久保
119,122,屋我
164,92,海辺
163,191,葛川
111,147,勘田
55,36,巻木
252,148,久戸瀬
25,151,弓矢
103,13,牛坂
54,69,駒水
85,13,元広
149,236,元松
128,250,御宿
43,154,好村
10,16,江袋
43,35,高淵
143,126,佐相
250,18,寺松
14,254,寺上
3,66,実石
133,139,戎野
227,131,出
63,18,小礒
154,229,上高
245,156,上市
91,32,石動
145,191,相宮
90,29,尊田
161,66,谷頭
52,99,竹ノ下
224,84,津郷
222,54,嶋内
254,233,藤安
93,173,藤方
171,20,入月
73,151,百合草
25,28,富張
240,124,宝谷
27,224,北端
221,4,麻原
129,26,味田
194,14,務台
137,158,面高
40,216,与語
57,233,羅
166,195,鰐渕
246,183,礒川
4,57,宇治橋
188,9,浦元
241,211,雲
67,43,円岡
111,100,夏野
95,158,岩石
8,65,紀井
56,62,吉清
36,158,芹生
159,152,金永
180,243,桑木野
234,171,原勝
208,128,高次
115,135,芝井
222,190,守重
210,102,十
209,11,諸川
80,194,上堀
87,147,植谷
87,67,真板
177,99,神森
177,183,神武
183,142,折川
154,72,雪下
253,147,大井手
57,107,谷屋
18,34,築館
225,252,辻崎
80,140,程島
120,164,塔本
248,179,日達
36,192,尾久
156,139,尾作
11,195,美里
184,23,府金
2,113,芳之内
217,238,本西
94,232,民部
10,15,明坂
185,54,門山
122,7,和泉沢
135,110,颯田
181,127,石蔵
55,107,安谷
40,33,姥
64,90,荻巣
30,30,河原塚
19,254,花元
71,118,角島
107,215,萱嶋
212,224,玉橋
134,148,五
130,55,国末
206,194,黒畑
105,97,今滝
162,169,細羽
167,155,寿崎
68,249,出沼
195,193,小斎
110,22,昌山
25,113,鐘築
130,152,上原子
6,230,神道
104,182,城ケ崎
8,177,真茅
158,81,西貝
148,185,善波
192,243,鎗水
152,31,大掛
221,195,大漉
129,143,大市
41,211,池袋
124,33,竹吉
171,1,張ケ谷
26,115,程田
252,65,田矢
208,113,東倉
247,210,桃崎
130,195,洞沢
146,18,道満
176,98,納村
164,149,板羽
226,235,飛渡
9,216,浜塚
225,202,平峯
116,12,椋野
79,250,木附
182,91,野神
214,119,陸川
128,18,和歌
244,189,枦木
157,9,小尻
211,2,羽崎
110,248,益留
70,172,横平
44,243,下見
152,136,花垣
82,229,角原
49,49,掛井
158,52,菊村
8,100,久行
186,7,久瀬
97,131,玉津
13,100,桂島
110,252,経田
19,118,兼原
246,190,元林
86,183,後町
198,74,広門
13,168,甲元
183,233,荒浪
150,35,高宗
112,36,今屋
225,112,今門
101,138,三羽
222,47,三辺
103,94,指原
78,218,氏本
107,135,小駒
15,254,小住
25,231,西須
61,185,千谷
15,88,千馬
92,91,川原井
7,70,全
138,134,相野谷
239,5,多部田
254,193,谷林
86,142,仲條
141,97,津高
221,197,津覇
94,204,鶴我
180,223,渡木
59,53,東堂
72,21,東洋
35,46,奈良輪
146,232,南館
207,220,日出
45,211,尾城
109,47,苗加
223,123,武士俣
188,207,満島
247,158,余湖
245,20,楊井
79,189,廣島
178,81,上赤
25,131,穐原
44,41,安岐
118,68,伊与木
118,107,井ノ本
221,254,井平
237,113,井浪
202,99,芋田
215,93,浦嶋
84,158,下戸
231,155,嘉田
154,206,菊元
113,122,久城
25,58,金堀
238,35,櫛原
219,30,古松
10,82,合戸
82,213,今東
243,205,今浪
90,175,左古
153,57,三ツ矢
29,122,三垣
162,31,三杉
202,36,三又
126,201,持山
36,45,時政
93,228,榛村
214,81,積山
72,67,祖母井
163,218,大源
188,90,谷光
104,13,地田
173,181,町中
129,104,長曽我部
173,184,藤春
15,210,那須田
191,215,内部
63,228,二子石
186,179,日村
112,248,白岡
157,108,浮穴
21,232,平嶺
209,38,茂森
185,49,利
128,135,鈴森
200,46,會田
133,20,礒本
104,161,森芳
172,229,阿左美
184,234,一沢
12,93,一法師
197,174,雨海
31,48,浦壁
120,124,薗
176,144,乙丸
229,245,加持
3,253,葛貫
155,238,岩壁
75,47,桑久保
134,180,古津
133,109,古東
181,1,五百木
249,200,甲原
72,224,高窪
95,59,今溝
123,251,皿海
159,36,寺床
114,186,篠部
32,203,新熊
43,190,大巻
35,121,大間知
158,118,大治
183,100,地頭所
53,11,中薮
192,85,辻丸
32,5,貞本
48,190,定野
163,116,田幸
72,76,砺波
92,239,東宮
143,105,東瀬
103,191,日垣
241,152,日色
52,35,飛
174,136,尾登
2,20,美斉津
53,208,福添
137,148,米地
74,77,保阪
128,160,北吉
84,246,堀居
134,243,満木
207,94,野阪
156,151,和家
162,241,浅本
248,151,伊坪
37,4,遠部
178,130,沖川
12,138,沖沢
234,53,荻村
117,105,家高
31,152,冠
204,137,紀本
196,226,駒月
8,153,元沢
37,128,後関
22,1,厚谷
125,72,更家
230,252,今長
216,86,才藤
235,116,三野宮
71,115,小田村
169,220,上住
111,102,信清
8,25,森畑
141,156,成子
132,137,清久
151,216,生見
172,180,雪
209,87,千徳
166,44,千ケ崎
181,170,草村
240,151,滝崎
194,64,辰島
92,191,中畝
144,65,鶴身
116,40,土永
218,76,東嶋
75,170,迫本
191,117,標
98,255,福手
153,21,福羅
132,117,片方
203,176,北国
250,157,牧園
214,244,柾谷
115,200,木尾
113,184,野出
45,159,邑上
196,35,和嶋
50,71,亘理
9,169,鰐淵
62,156,楡木
15,112,齋木
180,164,伊本
23,112,伊禮
172,6,井手本
165,226,卯木
238,99,延山
136,227,桶
38,126,乙井
226,0,家木
170,205,巻野
214,73,金見
100,196,古滝
153,238,戸本
106,193,才津
160,242,坂林
30,132,志子田
178,131,持原
173,2,寿福
34,176,小池田
91,190,小藤田
158,63,小木田
52,95,植岡
97,157,杉立
120,159,西谷内
190,133,仙名
6,216,東屋
2,179,東ケ崎
183,157,朝本
234,211,猪坂
190,175,中別府
152,94,池江
85,113,沢瀬
240,98,大清水
197,1,泰山
56,21,打木
216,168,倉方
95,243,千場
185,76,碩
86,95,青笹
61,115,瀬高
116,209,神定
13,107,当田
232,53,道口
188,198,徳毛
168,106,内山田
34,215,南都
107,173,二平
21,28,飛川
248,28,尾迫
26,208,平津
117,209,方山
236,76,北藤
89,30,牧井
73,107,矢敷
91,19,和田山
168,75,脇園
52,193,濱岡
33,97,安竹
156,20,伊場
99,9,伊南
214,184,一政
157,20,稲守
74,54,越前屋
55,37,奥松
241,64,奥木
22,205,荻上
236,154,外
210,234,角浜
158,193,瓦田
89,148,丸塚
121,137,兼武
79,87,戸畑
234,113,弘
105,216,神下
201,237,新門
93,219,城戸口
248,104,城丸
147,2,勝海
90,197,重住
82,38,主浜
179,51,篠森
117,56,実重
149,85,志喜屋
235,187,司馬
174,200,皿谷
168,208,高園
119,252,荒崎
18,128,綱本
40,223,江山
25,146,初野
37,159,小棚木
240,64,小鳥
177,55,上吉原
8,85,信末
84,15,須佐美
104,232,静野
27,241,川内野
117,127,大目
91,106,中河原
233,11,丁子
30,120,槻
136,142,貞永
108,48,堤内
85,156,殿塚
130,11,冬野
148,131,能口
20,24,馬本
12,202,白本
169,149,迫川
62,174,畑上
30,211,浜家
111,173,本倉
88,85,末包
185,52,明地
160,217,野代
204,194,矢城
201,116,友澤
199,31,有銘
153,121,棗
138,231,若海
23,199,阿竹
94,161,案浦
9,33,井黒
42,103,井坪
40,146,磯西
52,7,芋川
89,111,鵜山
195,251,鵜澤
182,97,閏間
72,123,影沢
227,249,岡和田
113,79,嘉門
182,138,岸江
239,18,岩宮
241,240,鍬本
69,250,芝村
191,6,竺原
197,246,志田原
44,125,三津山
9,143,坂和
48,193,左高
32,22,佐怒賀
56,103,根村
72,242,今治
246,115,高埜
78,68,高館
144,151,高越
207,52,弘光
178,127,光部
35,53,戸内
106,120,上方
220,15,森石
20,149,親富祖
95,106,針田
66,222,成原
152,46,生水
89,6,西道
147,12,石立
220,144,雪竹
228,200,大知
227,244,竹渕
199,167,中祖
29,137,仲神
61,153,唐戸
6,232,徳嵩
233,243,任
150,40,波形
141,186,尾園
251,71,柊
244,86,表田
194,125,武生
172,106,枚田
128,112,満仲
66,242,有浦
64,166,有瀬
63,19,袰岩
153,135,阿久
221,37,逢沢
102,37,伊従
93,180,一円
64,217,影島
6,57,沖倉
58,13,海賀
184,73,貝野
91,21,樫
27,127,蒲野
88,166,牛膓
47,104,玉石
15,142,金江
246,173,金政
200,22,熊王
141,66,桑内
54,208,月舘
133,153,戸所
205,188,荒深
174,100,高堰
255,244,高宮城
240,49,山末
71,52,秀平
198,249,秋広
199,243,女鹿
79,44,小根山
139,102,森蔭
176,208,須加
59,189,曽野
56,118,相吉
130,47,瀧下
50,64,淡島
28,229,竹熊
121,11,朝熊
128,127,天童
62,159,殿山
103,250,田立
6,63,土合
214,153,徳長
224,149,日栄
50,214,韮塚
92,20,濃野
65,172,白木原
39,158,八重沢
110,170,尾之内
40,30,風張
8,59,片野田
61,74,墨田
252,157,無津呂
214,39,明楽
130,249,木ノ本
107,171,木次谷
4,180,友保
105,54,利部
62,144,留田
164,66,阿原
13,188,安延
116,191,為広
181,97,印田
6,137,沖浦
176,113,改発
2,83,皆元
197,171,角館
168,54,掛本
151,43,梶屋
201,46,茅場
130,25,丸亀
68,16,久喜
216,58,宮宇地
209,56,宮河
22,139,弓立
18,143,空田
225,131,空本
50,62,原澤
164,53,戸舘
84,54,五十君
132,101,幸保
159,56,恒田
244,207,忽滑谷
75,10,糸長
86,215,宗安
2,73,勝元
81,126,上河
9,134,埴田
68,53,新延
139,105,新富
128,207,神納
149,142,須甲
100,172,嵩
67,193,石巻
13,124,舛屋
181,62,属
35,14,村津
211,100,大岩根
57,53,大毛
113,170,池平
198,7,竹蓋
210,250,竹節
37,230,天方
154,135,藤友
12,254,配島
138,152,鉢嶺
207,239,畔地
243,137,冨
78,144,武上
190,101,武貞
127,160,法貴
98,75,堀出
90,211,桝屋
105,189,木倉
250,165,阿瀬
192,64,阿波野
219,145,岡芹
49,87,沖井
166,60,仮屋崎
111,69,家島
110,101,垣尾
69,183,角石
80,226,角木
203,223,魚井
118,168,熊山
42,86,欠端
13,246,兼沢
76,92,原之園
140,243,戸泉
210,87,御幡
123,107,広富
97,207,今任
159,170,佐孝
91,87,三由
110,96,四
226,172,宗重
100,37,小堂
233,118,小薄
126,153,沼辺
180,139,信定
44,199,塚村
236,144,仲澤
13,227,中住
56,53,中軽米
230,20,増満
14,116,増戸
147,133,相子
43,130,早勢
147,196,早間
47,219,前門
216,36,千須和
60,135,石貝
234,0,斉野
17,219,生亀
85,229,清友
250,141,瀬々
200,213,辻坂
200,169,鶴淵
56,194,田町
79,51,道木
213,68,栃内
96,157,内潟
75,154,能塚
196,240,畑地
117,234,富江
83,45,浮ケ谷
108,58,譜久村
51,234,風穴
71,1,芳崎
162,205,蓮子
247,206,和才
108,129,壺内
217,103,神場
221,248,井ノ川
227,173,羽中田
227,43,永宮
233,54,越坂
132,7,越路
8,38,塩手
78,195,奥口
37,203,沖口
157,230,下石
84,136,覚野
81,83,葛迫
157,224,鬼形
252,7,義永
181,150,宮重
141,56,京本
170,35,仰木
235,146,新戸
208,150,新井山
104,83,小牟礼
137,187,狩生
33,175,守下
120,140,篠浦
85,192,自見
196,61,市野沢
6,174,三登
218,89,三丸
22,217,今栄
247,4,高矢
92,229,厚沢
195,102,原尾
186,44,兼近
47,187,月城
168,143,杉政
212,218,瀬脇
247,239,折谷
133,234,船石
61,214,倉下
216,144,村方
100,109,多村
61,157,沢幡
158,142,炭竃
176,226,池羽
10,138,中見
158,170,忠鉢
220,228,朝
45,98,楢橋
199,198,南端
83,241,日比生
32,108,波木井
14,252,馬
251,205,樋下
152,204,敷島
59,194,本澤
54,184,末冨
19,237,名幸
95,45,明日
244,190,綿屋
129,105,来馬
13,126,安冨
212,203,伊豆丸
167,16,宇賀田
221,223,宇和川
70,3,羽広
173,186,下澤
104,173,嘉手川
19,165,柿
137,33,栢
165,83,岩品
195,164,吉新
105,148,久米村
185,114,絹村
90,76,古塩
4,208,江浜
223,157,国行
115,117,座喜味
103,154,坂越
242,47,坂藤
91,150,小荒井
198,50,小片
197,155,上農
252,129,森寺
232,123,甚田
94,174,水貝
79,11,杉安
245,49,鹿住
161,123,寺越
185,144,左
185,11,黒鳥
110,174,糠信
218,22,幸谷
7,119,幸前
70,230,金広
217,39,久良木
204,51,吉林
165,109,喜久川
208,160,関向
222,31,貫洞
28,123,掛
126,132,過足
252,242,下岸
208,2,横前
8,196,押村
193,71,永守
85,88,永仮
200,189,井橋
220,7,椹木
173,201,葉田
64,48,弥
20,242,又村
51,50,北舘
196,174,美濃輪
83,70,半杭
98,172,筏井
175,222,畑内
161,251,萩中
31,154,日笠山
141,98,藤末
105,226,土性
66,70,鳥島
179,19,長房
148,237,長洞
38,160,知見
251,128,大尾
254,160,西場
74,135,清住
194,8,小野関
86,136,小屋松
43,210,女川
123,243,重水
94,108,重元
65,84,芝口
123,180,小田巻
29,48,生垣
182,17,千草
75,80,倉西
17,57,足田
210,158,大花
94,147,鳥屋
91,229,塚川
138,175,南平
204,55,尼野
204,183,繁本
242,127,府中
117,188,豊間根
98,152,末房
131,236,湊本
240,244,友次
75,195,揖野
151,153,鰐川
201,161,圓山
122,206,小段
227,230,宇谷
112,57,宇野木
143,184,横嶋
122,148,舘内
74,106,喜安
118,10,寄本
201,201,杵鞭
200,224,久保庭
69,140,漁
144,2,金堂
108,3,戸栗
185,108,鼓
82,21,荒砂
171,135,荒蒔
252,238,四分一
213,109,糸久
80,32,汐田
223,39,舟坂
150,199,勝屋
132,231,箭野
160,225,草谷
201,8,太田尾
20,59,大笹
56,179,鷹田
210,45,沢下
203,181,谷向
140,7,谷保
255,0,長須
235,133,長代
194,253,長末
148,122,直島
125,218,直木
229,154,塚平
106,245,田名辺
203,202,嶋守
214,110,桃園
159,117,堂崎
29,25,得居
170,21,鍋嶋
174,172,南埜
153,193,梅景
27,93,飛高
4,1,本瀬
135,116,岬
21,213,明道
83,189,木野田
145,158,木葉
248,154,門原
27,140,野端
57,160,邑田
239,176,藍田
233,225,六反
180,221,眞野
12,44,阿波連
106,24,安久津
88,32,安道
229,125,芋生
211,96,越後屋
59,61,温品
239,228,下河内
54,245,加美山
49,168,家子
49,131,灰塚
255,127,関家
181,252,岸浪
104,249,喜入
109,135,久留米
174,75,玉根
51,133,金近
189,140,栗
210,3,川里
85,63,千手
43,65,石瀬
48,98,瀬村
125,48,仁熊
208,110,真城
97,67,出蔵
145,88,祝原
251,89,秋島
233,25,種山
226,124,室原
211,126,時光
221,115,三武
111,241,坂神
196,164,高荒
55,230,御供
152,96,源馬
69,139,小野澤
58,154,庄崎
25,130,盛満
202,139,切替
160,3,足沢
11,249,大縄
61,237,大日
35,28,淡野
45,164,地本
229,63,竹田津
131,206,中易
206,162,中束
28,96,長場
21,87,追田
116,71,東端
232,28,藤富
31,214,堂
141,162,得地
78,123,徳嶺
245,189,内ケ崎
44,82,南茂
148,214,能崎
6,96,能宗
88,212,伯井
204,231,白築
174,108,米長
14,136,本館
153,114,友谷
32,166,友末
40,0,落石
67,177,路川
3,11,篭田
99,148,小財
78,38,芦辺
53,33,安居院
10,133,井指
172,70,雲田
56,216,下手
200,79,外処
228,161,垣崎
100,162,間地
9,24,吉宮
223,84,久常
206,46,休場
187,244,牛草
51,199,橋向
98,114,曲渕
14,200,玉代勢
127,77,金嶋
38,110,栗元
55,192,原内
31,133,古杉
242,31,戸苅
17,62,戸矢
146,224,光原
135,192,江並
175,36,砂子田
214,182,作元
203,139,氏平
111,76,糸島
148,152,至田
32,46,鹿股
128,197,謝
166,1,種井
238,127,鋤田
7,171,清河
82,219,生藤
72,211,倉敷
140,24,早出
37,134,相河
117,170,草ケ谷
7,3,太幡
27,73,大砂
28,234,谷出
233,163,池場
138,116,貞
204,214,東地
233,172,藤ケ谷
189,229,内舘
246,180,福角
197,203,福庭
12,148,平倉
40,53,片口
157,78,保積
201,111,末続
166,116,万屋
236,190,面
23,235,伊与部
216,106,宇陀
123,98,永栄
19,214,塩越
16,73,奥江
184,89,奥森
159,120,花咲
114,254,花松
57,11,亀元
234,194,久寿米木
241,84,弓岡
210,40,玉虫
129,4,見越
101,216,戸越
13,9,黒目
181,6,汐月
33,247,種子
59,97,諸伏
156,187,小神
205,56,森角
15,165,須能
70,154,菅山
240,0,灘本
68,160,道谷
127,214,道越
140,151,藤墳
11,102,田西
158,188,鶴海
83,200,中寺
82,188,鍛代
129,173,沢西
32,207,台丸谷
135,125,盛谷
70,29,雀部
112,17,杉淵
62,76,水杉
100,173,神子島
115,111,森前
20,205,新館
232,222,南舘
122,13,日戸
12,139,馬籠
163,167,白男川
59,119,繁原
197,25,比気
142,139,尾ノ上
124,152,美谷
169,139,冨金原
40,128,武樋
23,43,柄谷
129,236,保岡
112,156,芳
116,105,堀北
210,123,矢永
12,186,薮谷
109,92,鷲
114,111,濱谷
107,229,城口
77,232,阿世知
213,237,稲員
251,161,栄藤
160,176,遠西
121,254,奥元
116,168,岡前
87,45,仮屋園
237,233,加塩
140,50,歌
25,119,花倉
151,92,芥
217,150,外塚
27,170,釜堀
105,137,吉柳
251,171,久林
26,99,宮窪
167,93,曲淵
105,109,玉森
228,76,鐘
143,111,鋤崎
51,223,守友
107,96,漆田
70,102,左藤
159,106,佐京
123,19,今池
97,225,今口
90,159,高馬
209,31,荒津
90,207,広長
213,186,幸内
140,181,御代川
190,0,五反
112,84,古部
56,122,熊取谷
142,79,近村
98,101,森作
220,75,杉平
23,73,船附
196,170,前久保
227,72,倉澤
137,130,大永
81,120,大喜
171,147,段上
115,79,長渕
76,243,鳥光
247,61,津軽
215,155,天草
185,145,田野尻
223,20,田脇
182,148,飛塚
72,112,尾瀬
224,79,浜木
117,130,風呂
134,222,平垣
161,231,平久
144,165,平片
70,173,鱒淵
142,189,茂川
36,46,野首
40,97,友川
207,205,溜池
99,74,濱川
164,65,阿山
186,181,穐元
17,248,伊丸岡
112,246,伊勢山
18,5,稲穂
105,53,隠塚
155,248,宇多村
250,122,宇内
84,251,永縄
210,181,押井
241,78,笠村
166,136,樫根
247,188,吉嶋
160,162,宮塚
60,43,京井
135,213,近嵐
248,13,串山
89,25,湖山
76,31,広滝
221,175,高相
151,197,黒下
49,60,根城
12,58,佐浦
251,112,山先
191,37,秋草
122,107,重高
58,108,上関
212,213,山水
253,2,秋林
184,176,振角
153,232,森津
55,62,真杉
151,177,真銅
160,76,赤壁
243,203,扇山
108,186,船江
83,188,多井
31,145,大工園
101,145,大当
141,8,棚野
92,255,池ノ内
47,191,坪崎
89,56,土戸
100,104,白塚
206,203,八十川
93,234,菱井
184,211,富里
8,54,布上
244,178,平櫛
187,158,妙中
94,82,木澤
154,155,矢端
63,180,来嶋
4,175,両川
252,236,姜
132,36,為谷
161,139,印出
29,164,宇栄原
26,6,宇田津
40,11,塩野目
141,239,岡出
114,37,河治
34,242,河名
193,146,華山
111,215,岳本
120,35,葛井
119,205,丸内
84,28,喜多山
75,33,亀高
227,28,吉楽
231,75,吉持
25,225,吉信
163,160,久司
153,49,京塚
55,145,慶長
151,40,古都
215,62,五関
203,58,公門
247,24,今戸
184,95,根建
238,103,細根
250,145,作佐部
115,74,三幣
30,20,登藤
250,110,田之頭
237,252,中室
152,24,棚谷
110,60,蔵座
227,204,曾雌
140,28,川間
190,226,千本木
140,62,仙崎
92,70,西小野
124,174,盛重
73,94,生内
50,252,生津
223,63,成迫
168,253,東家
218,199,道永
49,84,徳倉
152,17,内宮
74,75,二沢
252,4,白潟
163,98,畑辺
147,74,浜永
244,215,福薗
57,16,北洞
22,46,茂谷
65,133,木戸脇
88,232,木寅
46,131,矢久保
145,57,矢戸
134,213,勢田
86,129,安済
237,0,羽岡
72,180,浦津
22,54,延沢
113,241,屋久
137,108,下吉
45,217,下竹
203,138,下別府
73,230,蛾川
177,18,閑野
100,131,駒走
176,42,古谷田
6,158,向谷地
143,22,行実
190,32,腰高
152,6,鷺山
134,221,三塩
91,37,三日市
36,165,山登
45,125,枝並
81,17,鹿熊
104,131,出張
46,242,諸
50,112,小曾戸
235,168,上段
31,136,植平
30,221,植林
128,150,殖栗
228,211,水柿
156,40,田縁
130,166,定久
247,29,中濱
212,45,中瀬古
147,27,竹津
15,45,竹国
4,34,竹園
213,168,大澄
134,88,大胡田
41,117,大玉
242,105,大宜見
10,165,蔵下
44,154,早馬
104,204,倉智
101,81,曾木
235,188,切田
25,101,切原
189,123,徳差
255,173,南風原
93,44,能条
153,149,八十田
159,94,八瀬
218,172,八町
247,105,比内
117,2,冨満
174,135,武舎
93,37,福多
5,148,末平
11,215,名須川
205,187,茂村
113,250,薮木
172,233,遊
70,117,立和田
74,15,當銘
184,59,贅田
190,87,石藤
248,14,安波
127,177,伊比
117,235,井家
122,109,越井
205,178,何
249,29,加賀城
77,52,開地
160,25,貝賀
82,41,梶並
208,251,官野
160,36,丸吉
83,96,儀武
251,253,菊崎
221,163,吉房
171,163,弓
255,66,金敷
32,253,駒ケ嶺
136,192,戸原
58,68,胡内
59,168,後久
171,202,幸福
236,130,行平
8,52,国川
110,200,佐中
3,219,済藤
152,86,堺田
137,117,三津
61,120,三觜
47,200,山来
100,169,柴内
230,201,松風
59,164,仁田脇
5,188,是石
113,100,正能
59,135,清光
215,160,東明
206,80,田光
9,34,槻田
12,100,鳥屋尾
75,37,中後
22,218,鍛治谷
80,164,大麻
75,60,大川戸
126,68,草
151,185,倉住
251,224,川藤
70,13,折小野
234,50,数原
81,119,水守
117,253,垂見
113,180,真仁田
59,81,新蔵
92,69,常藤
161,102,道村
132,75,内桶
227,82,内布
91,142,凪
79,228,南海
229,241,入
231,115,伯耆
155,90,八藤後
166,197,浮津
30,74,北東
105,86,埋橋
182,104,末盛
214,118,味戸
77,233,野勢
176,213,柚
119,247,和久利
245,14,籠島
237,59,藪井
243,135,藪谷
86,187,井爪
209,69,稲坂
202,225,稲住
204,122,永礼
252,137,延時
227,16,岡沼
115,77,荻生
96,156,加覧
161,151,花戸
188,109,皆田
40,236,柿澤
18,215,掛村
12,188,瓦
171,31,館脇
230,192,岸端
194,160,岩嵜
247,190,喜屋
94,152,宮東
168,35,金ケ江
41,180,松嵜
107,182,小原沢
47,177,小薗江
255,38,酒房
230,14,若旅
197,90,実平
101,218,糸岡
124,245,四反田
230,51,桟敷
155,88,佐柳
49,151,紺井
217,13,根川
213,230,今浦
95,234,戸森
44,66,原光
189,149,袈裟丸
137,48,隈崎
255,250,金須
127,41,大多
55,156,沢近
93,20,中右
220,207,中臣
125,168,町村
89,9,椿谷
114,52,鶴町
169,58,貞島
121,110,塗師
122,138,土坂
120,205,刀禰
55,163,内垣
178,161,馬部
209,133,伯川
245,3,風
247,87,福内
163,130,平床
207,11,平鍋
91,231,宝珠山
54,18,本行
203,162,本明
215,116,鱒
60,157,桝永
11,210,桝村
54,113,綿
188,83,矢治
80,2,矢地
90,212,有尾
53,196,余郷
238,238,揚村
80,24,立藤
206,57,良川
67,161,林道
26,123,廣中
119,29,大司
55,87,鞍田
28,163,稲越
106,28,永幡
246,34,家元
23,38,河原畑
211,169,河邊
64,138,外立
93,43,釜口
177,16,舘下
157,10,喜来
122,156,紀田
184,107,橋下
66,104,曲
252,146,熊手
12,89,桑岡
25,10,景井
170,157,犬竹
74,188,多勢
44,30,草葉
68,182,曽原
194,118,川滝
95,98,雪岡
79,232,正宗
184,158,仁志
211,10,森富
234,70,上高原
95,185,勝賀瀬
65,211,柴坂
36,223,実吉
165,120,三島木
52,55,財間
40,117,今宿
231,167,国嶋
38,116,戸成
45,245,切明
172,156,浅枝
193,135,前間
118,112,草津
192,141,束野
168,82,大岳
151,114,炭山
49,110,茶
124,230,中妻
2,221,樗沢
91,76,長間
33,249,津隈
23,247,塚尾
238,217,都野
32,187,湯佐
135,169,南義
68,202,二股
143,21,能登原
215,252,半野
208,174,肥山
146,2,風祭
187,117,福久
54,57,豊蔵
232,62,堀水
192,116,妹川
69,66,名手
42,207,名木
19,108,野稲
238,142,友竹
91,4,螺良
91,130,和賀井
51,149,石曾根
140,67,井澗
154,200,宇留賀
26,132,奥屋
46,154,下屋
92,158,加曾利
127,98,貝吹
54,56,楽
41,106,間仁田
252,97,牛村
66,13,近堂
30,178,桑
171,13,薫田
138,244,兼岩
84,46,弦本
57,126,古郷
174,154,杭田
51,207,須内
75,102,上浜
219,223,上之薗
136,214,沼部
237,207,小路口
121,86,小槻
80,1,小銭
202,240,勝畑
156,19,諸原
239,1,秋口
38,235,七五
252,158,志柿
167,145,山迫
68,162,坂見
184,53,江熊
154,182,仙北
62,198,川縁
244,171,浅黄
115,147,大安
91,123,大箸
54,218,沢尻
42,204,地蔵
164,59,竹友
53,93,中舎
235,154,津末
189,4,渡橋
154,49,土
46,211,内館
84,21,楢林
251,156,二藤部
209,238,拝野
240,171,舞
20,41,豊丸
19,57,坊田
70,138,堀河
211,224,名生
236,164,茂田井
19,64,木虎
8,64,野堀
122,58,由里
51,95,和出
117,27,檜田
81,203,仁宮
238,11,愛敬
93,227,安重
243,65,陰地
64,242,奥下
66,31,沖見
172,194,下大迫
236,224,海本
89,27,岩沼
204,57,久坂
202,22,弓座
198,178,桐明
202,8,桑元
99,159,見並
158,150,虎沢
101,182,五代儀
227,14,向吉
186,15,高関
183,164,佐次田
200,118,左川
67,202,咲間
165,244,賛田
48,254,師田
134,241,支倉
17,80,守時
54,39,秀野
94,7,小波
54,207,森杉
125,118,藤定
165,74,田副
245,98,田付
115,48,田寺
36,228,田岸
164,188,蔦川
235,74,直川
187,90,長里
107,149,中冨
4,212,中川路
104,100,地濃
74,10,丹伊田
54,59,太斎
125,231,蔵持
148,63,早福
124,118,善野
232,181,奈木野
71,228,南澤
157,150,二川原
184,161,入間川
240,215,菱本
76,115,浜沢
29,124,富木
56,162,冨家
162,159,浮谷
143,115,平森
109,132,峰岡
19,180,末元
65,137,矢野目
196,218,油木
164,250,湧井
37,71,立間
34,3,濱島
122,131,赤名
185,206,安坂
117,154,一氏
51,145,一力
122,224,宇江城
98,32,羽吹
123,239,園尾
234,94,奥隅
74,57,岡江
180,155,下浜
37,183,鴨野
74,145,瓦林
52,82,関光
121,89,貴
118,23,吉盛
181,114,宮長
187,126,牛房
3,194,九谷
9,6,見延
87,245,五條
142,231,光嶋
18,80,桜内
128,173,志治
53,67,示野
123,212,鹿角
146,60,種池
218,219,勝永
105,62,小井沼
125,26,小坂部
43,123,焼山
92,170,焼肉
171,9,上芝
143,144,真行寺
165,221,神屋
216,109,縄稚
62,149,内芝
108,213,道津
10,118,道祖土
0,58,湯前
170,160,渡島
48,131,田積
22,237,定免
201,193,鶴来
95,54,町永
255,20,忠内
212,175,仲光
25,205,中邨
112,86,中久木
37,122,築野
226,167,沢根
118,96,入木
170,232,埜田
124,222,樋下田
45,186,尾道
22,167,姫島
173,209,富満
161,150,北裏
64,195,牧谷
128,120,茂利
207,151,門池
167,164,野久保
216,56,野俣
88,30,柳崎
44,255,涌島
108,112,用松
228,27,篭宮
14,255,糀
80,15,阿蘇品
109,238,綾井
82,159,稲毛田
253,171,乙守
193,201,河森
67,120,花尻
159,210,海山
225,50,儀賀
28,133,吉増
72,163,久保埜
42,72,月橋
68,163,原瀬
21,196,戸波
95,231,五箇
106,138,国中
231,16,今元
252,73,佐々部
91,241,大櫃
54,36,大船
204,29,則岡
103,10,倉園
26,226,倉益
86,79,扇野
247,50,西面
94,70,上栗
87,188,小舟
32,24,小家
46,149,十田
182,155,秋江
53,2,寺薗
89,54,志塚
140,189,四日市
254,226,才本
103,231,小曽根
240,137,小道
106,83,城代
115,116,条川
95,229,深美
109,75,神高
134,66,赤塩
15,47,箭原
184,74,善如寺
93,157,祖川
186,192,東矢
77,191,湯木
237,43,堂地
166,119,発生川
189,219,隼田
226,69,彦野
99,135,桧
43,255,福嶌
143,65,平向
238,175,片
210,178,宝井
178,171,放生
76,131,芳中
140,76,房安
201,42,茂見
209,144,矢神
62,200,雄谷
2,253,良田
249,150,林保
122,200,茗荷
15,180,阿尾
64,175,芦高
235,138,磯目
62,166,栄永
61,56,横大路
70,31,音地
223,9,家弓
163,114,家守
179,198,家泉
240,130,君崎
183,224,見野
159,200,光内
181,190,厚井
49,81,荒石
182,139,高野橋
60,244,国料
157,253,今森
251,83,今和泉
68,207,根布
73,29,佐取
97,58,山条
244,163,七宮
139,60,柴森
239,57,芝地
63,40,射手矢
92,67,手登根
102,20,秋澤
30,224,春日部
51,124,小宮路
83,50,小石沢
224,116,東泉
211,114,都地
98,108,仲渡
145,155,中野目
93,0,中農
165,206,丹山
155,60,蛸島
201,125,滝ケ崎
137,171,大築
178,61,大谷津
12,74,太原
118,83,多島
113,32,多根
66,126,川沢
192,20,川神
11,138,川阪
110,150,千枝
3,252,湯下
197,252,藤竹
80,108,内井
49,92,内富
252,66,楳木
204,156,八ケ代
89,0,八方
188,158,尾倉
198,251,桧皮
76,197,百地
253,162,武輪
245,121,友久
7,79,由木
131,113,頼本
192,24,檜
206,165,秡川
131,179,蓼原
52,236,藪木
63,102,伊多波
170,55,宇津井
178,166,羽間
250,2,浦出
141,168,延島
129,146,乙藤
185,125,下川床
66,61,河盛
121,45,柿川
200,209,冠野
38,124,舘沢
40,60,亀原
31,40,久古
11,206,久保沢
128,43,居内
173,240,強瀬
34,61,栗又
102,115,糊沢
219,231,西野入
224,22,西手
141,100,正治
39,26,深坂
46,57,新小田
182,3,信野
39,185,秋浜
24,7,宗平
65,132,守内
28,125,鹿島田
222,98,持塚
155,205,持地
162,6,市口
18,194,佐子
145,194,国
181,211,高向
163,207,行正
125,31,手銭
12,110,舟瀬
223,241,重倉
98,37,深本
75,81,真岩
80,116,須々田
27,135,菅江
163,166,瀬名波
89,219,征矢野
191,154,倉前
99,1,大内山
1,5,大用
18,141,池野谷
166,82,虫賀
93,42,丁田
19,81,朝稲
220,35,町川
143,78,町頭
123,120,天尾
183,31,田邑
86,114,東樹
225,101,筒木
253,186,藤貫
179,69,徳里
144,12,八丁
81,250,板岡
98,6,樋原
237,185,尾股
83,12,米子
46,158,万崎
40,57,密山
52,19,目加田
84,18,揖斐
111,231,惟村
99,246,一ノ渡
49,202,猿子
127,168,於久
13,208,下井田
124,48,加用
199,131,河俣
158,76,貝本
173,0,外賀
170,213,角脇
159,253,椛本
132,217,釜萢
35,96,苅米
228,239,吉迫
107,54,吉備
106,52,久保内
111,248,櫛淵
72,16,経沢
144,79,月見
232,236,兼信
5,194,建山
146,130,源野
193,82,古久根
221,25,御田
221,222,光明
126,146,好永
126,89,佐高
248,235,坂主
217,96,笹内
44,103,山隈
157,64,市位
184,163,市森
191,58,柴倉
230,163,貞清
19,159,津呂
249,159,中新
129,201,竹辺
147,13,知崎
223,32,谷ケ崎
36,167,大礒
204,155,大栄
195,128,打川
196,199,多羅尾
89,178,船ケ山
146,68,浅里
35,27,杉生
245,96,真角
94,59,信木
146,31,沼宮内
232,227,沼館
207,139,東中川
230,191,頭師
94,29,得平
43,221,日南田
217,10,能野
154,59,櫨山
110,253,八崎
245,132,板尾
159,246,飛知和
86,234,浜頭
199,193,武森
21,50,福石
79,215,宝蔵寺
176,14,名和田
153,197,籾田
28,237,由上
132,247,落田
192,99,梁本
44,33,粟島
103,61,安堂
190,29,伊里
75,244,越原
254,70,越戸
70,130,横
25,219,柿森
255,87,寛田
224,124,机
140,196,菊武
84,180,吉宗
106,172,京藤
9,104,桐淵
247,135,琴寄
141,193,権野
112,157,古旗
239,75,口野
198,169,恒藤
57,176,小元
78,209,小垣
252,152,周田
16,84,守分
5,136,識名
104,225,鹿戸
92,81,鹿原
86,242,寺畑
99,5,糸屋
95,40,山嶋
129,196,山永
10,239,三海
56,233,作井
255,51,高池
23,81,高群
250,240,綱田
103,70,溝
74,108,川ノ上
251,251,川頭
116,150,草留
214,42,大小田
26,78,滝吉
200,237,地原
225,49,竹ノ谷
6,85,忠津
65,106,長砂
172,176,津浦
33,119,坪松
164,10,鶴尾
149,143,吐合
84,86,唐
233,8,徳力
1,164,内畠
184,64,日根野谷
105,229,納見
104,253,能川
172,226,八須
182,125,平西
13,190,北垣内
40,191,本所
67,254,毎床
87,74,又平
62,142,満石
190,181,矢葺
50,208,友池
251,232,流郷
63,35,廣谷
74,189,濱地
23,222,逵
194,234,阿美
225,208,伊郷
25,201,永滝
176,194,益原
178,137,奥浦
84,226,奥長
222,161,岡一
61,230,岡倉
191,5,河守
241,23,花屋
32,217,笠石
239,181,岸尾
235,73,客野
203,88,救仁郷
27,84,居原田
103,212,古根川
40,201,後河内
228,189,江谷
4,179,肱黒
249,126,枝野
32,170,秋久
15,80,習田
81,247,住原
200,122,照本
192,250,森里
132,254,須和
74,90,瀬津
131,185,清治
152,155,西守
135,205,西頭
46,199,折元
92,138,千代川
192,218,鉄谷
83,213,程野
112,95,貞安
231,106,津
3,95,鳥村
87,70,忠田
243,146,中代
185,24,中多
250,98,大信
200,254,大山口
226,191,大古場
226,219,台野
57,106,村七
208,66,曽布川
221,24,千布
244,98,石渕
205,254,斉尾
110,69,菅澤
46,143,砥石
148,165,土家
191,52,播田
112,198,飛世
24,46,富浦
160,212,布施谷
134,250,布瀬
155,237,武松
236,110,平船
52,123,保屋野
175,154,穂高
78,43,北越
192,67,蓑和
150,133,野嵜
22,238,矢下
119,31,有門
29,168,篭橋
132,189,鷲北
124,181,櫃本
4,220,諏訪園
27,205,安長
100,102,右京
174,171,臼山
112,114,永露
235,236,横橋
157,60,下田代
23,107,加々良
27,25,加集
217,192,歌津
127,37,蟹井
58,99,鎌本
7,37,管田
212,166,鬼澤
21,154,境井
32,14,橋中
116,17,熊上
125,10,元家
39,74,古和
47,109,胡桃
178,7,仁後
169,111,人西
44,156,城森
62,31,小根沢
39,35,小吉
198,120,初貝
222,6,出路
179,55,出店
244,25,宗正
237,3,種子島
64,255,七森
7,62,市ノ川
16,217,彩
127,223,佐賀野
77,254,黒森
168,1,黒金
153,162,弘岡
59,187,康本
130,109,土原
72,218,土井田
122,34,潮平
147,83,張谷
55,126,仲前
118,72,中能
248,145,竹倉
78,237,竹光
175,56,樽沢
222,55,只隈
185,64,多門
243,29,曹
57,221,膳
110,116,川守
79,255,石久保
75,83,石屋
202,93,西別府
172,228,水戸川
214,228,陣川
109,77,真鳥
180,168,土取
48,206,桃
102,114,徳冨
199,207,日巻
12,166,日諸
175,249,祢宜田
173,28,梅地
129,108,白原
56,197,幡本
67,67,飛石
100,69,尾和
235,38,表谷
64,72,冨成
210,130,朴沢
133,229,堀一
84,159,本蔵
220,221,万福
187,237,網島
80,160,木付
155,183,矢古宇
9,72,伊永
103,33,宇木
171,255,永宗
64,191,越湖
148,199,越尾
144,21,王野
85,231,屋宮
223,58,嘉成
54,210,河住
219,26,柿岡
213,194,釜屋
61,156,甘田
41,59,舘川
119,160,丸小野
92,135,魚地
198,25,玉里
249,209,金垣
196,60,犬島
243,112,古根
36,108,虎尾
178,197,新久保
154,138,信永
231,81,城塚
96,228,上領
237,52,沼端
98,208,沼岡
61,91,小合
134,43,小境
33,11,小賀野
183,17,寿賀
98,237,寺家
184,24,榊本
13,70,砂崎
172,207,佐納
90,1,佐々江
169,166,高出
61,101,江河
243,21,厚田
76,160,光枝
109,208,五十幡
90,12,生本
207,129,赤本
91,232,善林
49,31,楕松
58,158,大立
142,232,谷道
14,22,丹所
42,7,丹村
54,255,智田
79,103,池城
137,66,築谷
255,232,竹地
73,73,沈
166,132,東館
117,85,東垂水
97,226,棟
167,14,湯田坂
81,45,豆塚
116,236,栃倉
192,18,萩坂
223,41,浮辺
24,121,武地
109,13,北元
81,88,末金
202,53,紋谷
134,53,矢羽々
242,135,涌嶋
149,228,葉梨
213,120,國吉
110,147,栫井
39,92,水浦
13,108,鮎田
105,9,安喜
7,104,井汲
239,196,宇宿
65,173,鵜久森
232,254,堰合
237,73,沖谷
54,84,佳山
186,216,会見
3,235,角替
214,45,株木
199,56,起田
110,104,金守
78,20,狗飼
23,110,熊林
171,249,溝本
178,170,高附
22,44,高牟礼
84,10,崎岡
157,231,三国谷
66,135,志甫
35,223,室津
62,45,出縄
70,19,所沢
27,118,諸泉
182,186,上新
196,173,上坊
107,23,新鞍
77,225,新玉
102,47,新治
30,173,粕田
236,42,梅基
126,92,波江野
106,124,道地
248,247,道久
10,206,藤綱
36,210,嶋尾
72,249,田才
181,232,定永
222,240,坪島
0,55,津熊
59,94,中藪
85,140,中土井
242,224,中陳
25,223,中阪
104,48,池之内
67,154,旦
180,43,大美賀
16,135,大兼
72,131,瀬筒
239,65,半間
6,35,尾美
40,26,冨士川
20,158,布沢
20,33,福坂
201,18,福木
4,105,片沼
170,196,穂谷
38,228,飽田
2,229,鉾之原
9,86,末柄
35,1,蓑口
241,119,目取真
216,61,野一色
158,155,矢幅
143,53,友杉
229,4,有方
180,229,竜門
176,141,六浦
42,64,六笠
210,139,安信
93,4,安増
28,57,安富祖
30,98,伊佐次
223,176,伊豆倉
26,152,移川
28,38,磯永
209,128,宇恵
20,86,益戸
44,143,加賀爪
118,52,嘉陽田
242,72,花尾
102,159,外木
127,185,関元
223,107,喜多野
81,230,久守
187,230,京屋
113,144,古井戸
232,81,古積
161,125,古浜
197,26,世木
82,195,仁瓶
47,114,常国
119,32,上吹越
218,46,上ノ原
7,224,松迫
63,71,小師
83,98,重宗
13,10,秋重
84,146,時山
85,172,寺杣
47,217,紫竹
38,107,志鷹
238,143,山火
54,40,三桝
151,31,薩田
104,147,砂永
180,126,高丘
73,149,御代
162,13,戸堀
23,136,大風
17,103,池町
70,128,中塩屋
75,203,中木原
95,68,長楽
110,222,都志
253,57,嶋林
251,242,東風谷
31,222,当
209,221,日川
254,10,忍
223,71,馬路
205,105,八原
20,107,発地
12,196,尾竹
111,119,美濃口
114,51,菱倉
91,153,姫嶋
74,215,片嶋
8,180,宝泉
209,96,豊平
144,96,鳴坂
133,239,門真
138,195,野浪
207,170,油本
217,247,立井
19,183,漣
240,241,樅木
59,158,礒山
36,113,籠田
115,238,伊与
125,83,井水
222,16,井辻
24,10,引木
195,215,下永
121,245,下玉利
236,233,架谷
111,196,居山
40,24,境沢
166,113,恵本
251,215,五位野
24,0,向井田
6,168,向本
247,3,江西
226,136,荒垣
244,177,行谷
5,113,鴻田
207,57,佐々川
131,212,佐木
172,124,柵島
57,108,実森
132,2,小立
38,98,新上
210,191,神宝
219,216,政氏
25,230,清信
73,71,西富
95,141,多賀野
89,55,対島
52,144,大頭
96,224,阿戸
224,114,伊海
61,99,升岡
120,255,小田代
239,246,松蔭
125,255,松任
62,21,上河内
199,252,上和田
143,183,尻無浜
109,223,新田見
229,175,水草
31,91,菅川
58,243,星宮
20,3,石北
143,159,石躍
111,79,前井
140,68,滝北
154,131,築地原
9,166,竹長
187,218,蝶名林
152,68,長良
99,146,定平
59,185,藤渕
7,123,鍋野
69,112,日熊
105,214,八村
161,58,八板
173,25,樋脇
79,156,冨士本
245,137,武縄
190,89,平阪
73,206,母里
187,219,埋田
169,57,満行
101,59,茂住
22,65,木場田
193,16,野満
88,80,檜野
19,225,渕崎
169,225,蔡
155,161,助永
204,17,伊佐山
244,10,為近
224,53,永水
96,29,沖藤
36,242,下沖
63,24,可部
180,140,河邑
100,25,潟山
84,145,勘場
58,132,貫田
203,245,岩朝
113,72,吉実
101,124,久利
133,4,魚返
195,142,駒居
88,239,櫛橋
62,251,栗岩
20,106,継田
163,131,見世
161,109,初
200,132,秋里
114,187,実光
86,225,鹿本
93,191,山館
81,248,三分一
121,224,三田寺
134,63,三窪
11,132,坂之下
154,194,細畑
11,1,今牧
52,79,黒神
149,239,荒家
69,232,光瀬
168,37,戸巻
21,174,古知屋
177,166,古性
85,206,古金
22,38,鍵野
62,240,仁多見
192,4,吹谷
165,49,瀬倉
26,135,石掛
22,204,赤島
30,231,染葉
203,103,早渕
1,29,袖野
14,220,谷津田
220,30,樽田
193,253,池北
117,53,仲尾次
85,234,津金沢
252,132,津々見
138,201,貞苅
178,83,貞野
129,46,渡沼
94,143,桃坂
87,159,楠生
220,25,能代谷
166,124,萩村
246,57,白羽
57,33,判田
74,167,本元
39,101,又賀
141,58,免田
50,21,木邑
23,39,矢越
46,80,友滝
149,86,利倉
5,47,和平
120,215,鯰江
81,103,神河
111,50,安恒
64,91,安澤
145,69,伊差川
129,58,井七
157,151,宇座
46,170,羽子田
182,185,臼谷
63,161,塩釜
241,61,荷宮
218,248,外所
250,154,橿淵
158,252,刈部
140,59,苅野
115,0,簡
0,2,興
242,42,局
185,127,畦田
174,13,綱沢
30,51,佐護
16,247,山畠
125,214,市園
99,51,時村
20,230,鹿庭
124,255,若栗
210,149,守井
66,164,秋穂
197,144,重城
149,207,諸山
186,188,小松本
220,119,常
255,254,新栄
199,208,真岡
193,7,鴇
18,184,藤門
11,201,田染
199,96,田室
4,38,坪口
196,106,塚腰
240,140,槌本
238,95,朝日奈
116,133,中洲
149,38,中角
141,18,谷添
69,209,谷掛
162,255,棚辺
219,6,瀧野
61,59,続橋
172,175,増倉
221,53,霜崎
219,104,早木
198,43,曾根崎
192,41,西矢
46,85,須尭
92,131,神品
66,167,栃下
128,60,楢館
88,200,南幸
68,230,南葉
228,88,二郷
95,7,日江井
133,174,尾之上
214,216,菱
251,246,富浜
15,204,宝木
155,104,芳地
4,250,堀見
248,165,鳴田
132,20,毛戸
97,148,木我
31,113,木水
32,65,木方
176,169,門出
190,26,野海
171,203,与沢
178,27,里館
143,130,榔野
227,240,國本
171,208,阿内
60,90,井中
15,8,羽尻
202,247,羽尾
218,4,永迫
57,39,覚前
160,119,角中
15,3,叶谷
4,154,亀之園
61,60,亀澤
102,0,宮館
142,17,牛ノ浜
120,223,居森
70,125,居倉
18,249,権丈
172,115,古結
213,144,戸水
58,25,五所
211,148,光元
230,168,広神
239,94,江国
236,74,紅露
237,92,荒町
77,114,真栄里
166,220,新枦
92,125,新飯田
19,0,常広
196,43,小武海
143,51,小鉢
110,232,小猿
164,57,小引
182,195,宿野部
48,212,秋満
181,41,手倉森
37,184,篠井
82,94,漆島
125,251,寺岸
69,215,四田
172,54,三國
87,195,在家
149,55,佐名木
128,189,佐戸
191,150,今仁
119,98,国塚
5,207,高正
236,200,萩平
89,36,波照間
235,229,南岡
27,82,内平
16,117,徳升
88,226,島浦
253,94,田子森
204,234,伝野
203,39,鍔本
227,163,鳥内
250,60,朝来野
31,10,朝重
119,168,中正
104,45,段原
209,154,谷一
117,10,大宝
163,124,大倉野
108,238,大幸
134,210,荘野
59,74,草竹
109,153,八上
173,101,八波
48,194,繁
99,18,飯牟礼
160,27,尾曽
200,57,尾澤
216,162,富士本
130,125,布藤
65,99,部坂
234,110,宝利
189,6,芳尾
236,1,豊満
105,252,北門
197,24,名嶋
233,208,木目田
32,225,油座
33,99,龍頭
230,65,廣嶋
13,222,籠橋
80,113,鰺坂
85,144,川倉
242,102,伊勢亀
113,91,伊草
15,57,井ケ田
101,184,鵜島
147,21,下木
149,130,角町
57,110,角矢
244,97,掛江
51,162,釜山
85,209,関澤
89,117,吉識
34,189,芹ケ野
166,167,芹口
204,20,近川
182,108,金持
38,25,銀山
124,104,熊添
85,245,茎田
27,186,兼丸
187,149,鯉渕
73,155,石隈
28,53,生松
95,197,畝田
133,198,杉光
172,225,須賀原
16,109,上広
211,78,小泊
78,54,小田井
116,116,小袋
230,234,小瀬良
153,181,出納
113,120,秋末
147,201,謝敷
138,53,実近
235,150,時実
48,78,市吉
225,96,国次
91,176,高志
145,65,高見澤
8,252,高沖
160,234,飯久保
148,59,馬道
177,57,波々伯部
3,120,能登屋
61,71,土平
85,243,田制
250,231,堤野
189,191,蔦野
182,79,朝尾
172,33,中川内
127,174,滝尻
238,98,大仁
183,173,相
193,236,善財
1,170,川場
35,11,切石
128,123,水摩
0,133,信江
56,61,樋村
166,253,浜添
233,42,冨尾
79,147,舞木
191,51,平道
195,240,片浦
123,41,母袋
199,21,峯下
13,87,牧迫
131,33,本広
153,127,満保
194,105,味園
221,2,問田
142,198,野々瀬
250,239,弥吉
224,27,祐成
190,68,淀野
48,112,和波
142,2,伊塚
61,61,井幡
157,241,一本木
77,178,宇美
39,195,羽坂
251,38,浦越
105,178,横越
199,26,黄田
201,82,岡屋
58,118,下田平
251,1,海口
201,166,角鹿
248,8,掛野
55,12,喜久
237,112,貴堂
96,230,牛原
205,172,鍬崎
191,183,兼石
15,211,見市
227,200,源島
127,17,古波津
114,213,広居
92,141,高秀
8,90,今立
92,160,三日月
143,253,市ノ渡
165,166,鹿屋
200,21,宍道
172,166,酒井田
13,243,酒部
35,152,住村
32,83,楯岡
49,166,諸冨
144,39,小友
129,103,上神
1,232,植嶋
165,52,津々木
70,50,町島
30,33,朝間
152,122,大塔
248,158,大土井
81,160,大竹口
197,98,大後
144,72,祖慶
103,9,善福
171,209,千嶋
172,137,赤西
6,187,石走
178,182,西信
136,174,盛武
217,197,生長
226,89,水倉
169,99,須子
202,252,針替
175,219,秦原
161,179,天下井
16,244,道辻
243,234,徳尾
220,133,幡司
31,235,畑木
45,169,発田
132,220,繁沢
110,20,飯生
152,145,肥川
96,100,美村
109,15,幅野
144,41,峯岡
142,174,房
54,159,北木
158,233,目沢
100,22,薬袋
247,99,由水
48,66,浴
235,80,浪瀬
124,23,鍜治
183,137,伊美
33,220,井前
106,81,井柳
236,52,一家
110,236,宇地原
207,225,越善
7,140,榎森
9,240,延本
95,36,猿木
123,235,奥苑
117,184,岡信
30,55,沖西
126,222,屋嘉部
34,52,音無
86,10,加留部
88,1,河副
234,81,荷見
142,187,角元
116,22,管家
152,144,原良
43,32,神田橋
117,136,神守
118,180,真谷
71,137,真栄平
240,21,信谷
211,234,上田平
161,4,上江田
120,207,松薗
227,19,小八木
210,182,小端
169,39,舟井
140,66,三津橋
22,26,頃安
125,170,高名
19,37,高知
90,41,綱嶋
231,12,甲佐
48,68,江後
44,245,広海
109,221,釣田
236,77,鳥羽田
251,173,中保
106,153,蛸井
180,93,太野
94,72,多賀井
157,204,蔵方
235,213,倉吉
25,30,善明
76,75,浅島
10,84,川木
139,16,赤峯
221,73,石ケ谷
0,183,西奥
234,123,雀荘
95,102,仁野
107,248,上牧
7,25,小手
29,205,小下
249,199,程原
133,83,天崎
214,129,登丸
229,16,藤脇
165,41,堂浦
87,105,禿
43,157,日沢
67,152,能地
33,180,畠本
144,160,八倉
208,85,尾籠
202,38,表野
254,201,風野
36,156,法師人
224,69,牧嶋
48,224,末谷
30,22,味方
118,46,野明
98,223,揚
245,255,國枝
35,72,宗行
178,10,阿佐見
7,89,依知川
21,101,為井
88,160,井地
90,148,磯ケ谷
19,96,一石
235,88,右手
234,45,鵜浦
32,142,浦尾
69,207,浦林
49,37,越間
148,79,猿川
194,59,奥埜
85,166,王丸
38,77,下市
228,224,加東
114,224,廻谷
193,160,海住
208,3,貝島
191,71,角戸
98,67,柴沢
118,156,漆川
250,0,次藤
218,237,時久
33,18,鯖戸
161,75,作原
182,201,堺沢
13,111,細原
87,59,済木
115,99,高貫
212,158,光木
176,3,五十島
84,142,懸田
98,103,兼頭
71,31,畦崎
165,139,君田
62,69,玉野井
85,122,関沼
8,124,釜江
188,79,楢木野
214,181,島立
160,8,島地
92,201,土島
122,97,都沢
1,91,田中丸
156,236,長弘
38,6,中栄
225,42,茶野
64,125,沢尾
183,14,沢向
42,81,大洲
177,64,村北
228,90,祖山
245,158,楚南
203,198,前木
75,183,先川
80,166,生頼
235,52,勢井
45,195,諏江
91,221,神杉
114,21,森行
24,184,常森
42,68,南坂
163,22,二藤
173,122,能
131,38,煤賀
187,108,白形
19,246,白杉
120,154,尾頭
138,26,尾白
51,235,浜石
241,198,浜渕
140,72,布宮
48,203,敷根
61,217,平舘
64,133,宝崎
246,12,宝達
25,120,本並
255,198,末重
42,110,野道
127,199,友弘
188,139,有阪
172,47,嶌
39,168,嶽山
231,44,枡本
30,4,阿部田
234,138,芦部
184,182,安国
74,12,伊ケ崎
40,181,稲家
98,84,宇南山
172,198,永草
120,114,永畑
161,137,応和
68,98,屋
182,151,乙武
14,34,下保
182,199,家坂
224,178,家塚
161,120,冠木
194,68,岩吉
206,111,亀割
202,131,久津輪
9,186,宮一
241,63,橋原
1,108,金瀬
128,0,桂井
226,40,古小路
218,56,上重
218,196,松垣
229,127,床波
82,201,小日山
151,19,小谷地
31,114,渚
132,44,春永
134,214,取違
178,30,芝内
251,204,芝谷
159,40,柴口
28,233,実井
206,36,室星
242,168,式地
109,45,志牟田
90,239,山保
113,7,柵山
69,185,作村
48,197,砂畑
144,94,今釜
231,202,国房
117,243,糠塚
234,250,後根
231,51,田松
59,175,田郷
175,72,泥
84,183,椎津
39,9,仲秋
165,183,中来田
125,132,池長
108,12,大坂谷
20,38,帯津
241,129,増地
69,61,倉片
229,31,前川原
52,207,先本
160,175,石木田
218,61,水森
21,71,須知
168,76,辛嶋
97,23,湯ノ口
138,39,南薗
150,201,乃美
33,199,尾垣
39,113,福増
90,176,米今
218,40,米増
28,93,保刈
231,55,北神
43,233,堀永
206,223,明本
174,178,弥益
234,109,矢畑
155,22,由布
200,242,用田
44,251,利重
211,89,梨子田
78,2,澤地
152,202,新良
73,224,阿左見
234,175,伊野部
124,75,井瀬
69,47,宇治原
72,157,宇杉
242,60,屋部
70,75,恩塚
122,85,蟹
22,29,関尾
150,209,丸口
26,43,丸森
38,190,亀子
53,110,吉益
114,129,堅山
96,60,原尻
237,36,御木
46,222,綱脇
111,117,国木
34,27,上加世田
53,59,松盛
202,203,小土井
54,165,小水
170,250,種部
50,35,蛇口
61,16,紙
123,95,桟
167,59,三膳
16,211,三住
186,174,堺井
178,114,細渕
226,1,砂子沢
80,120,佐名
58,230,佐枝
4,138,今塩屋
173,47,此島
93,46,内場
3,113,刀川
171,3,田木
132,82,田面
114,118,田儀
157,14,庭月野
145,117,陳野
119,91,鳥居塚
229,110,猪浦
159,176,竹岸
23,203,池邊
176,231,池守
165,65,鍛治屋
212,155,谷利
147,37,大美
56,11,大田和
193,143,大生
17,192,駄場
73,6,太刀掛
193,202,多谷
148,218,村治
217,152,束
227,11,草開
37,107,惣万
80,126,曽根崎
158,232,前阪
208,185,二山
213,141,波塚
185,6,楳原
15,140,箱島
246,50,板子
217,163,般若
29,57,桧物
169,156,品野
137,234,浜高
116,27,冨村
63,248,風晴
77,164,平古場
195,167,豊坂
58,196,豊重
233,78,北川原
42,149,堀間
79,171,本内
219,57,名井
128,72,名渡山
67,122,柳屋
131,217,友兼
168,93,有倉
124,112,与五沢
160,203,陽田
233,255,来住野
209,214,呂
255,163,和川
199,73,川音
61,57,一居
89,214,稲角
201,26,羽瀬
85,65,丑山
46,153,碓田
25,74,栄井
180,151,永妻
210,108,円城
77,144,嘉味田
67,190,角道
236,195,梶沼
195,183,株田
157,65,釜坂
130,70,久馬
176,137,境目
167,239,橋長
250,121,狗巻
103,91,堅木
104,174,古厩
92,8,古水
127,8,五十木
7,176,御法川
203,235,荒張
16,132,高柿
196,65,高洲
30,232,佐長
134,81,砂
189,209,雪山
91,247,石富
56,69,石江
61,231,清板
128,253,成冨
17,13,是常
237,147,瀬原
157,172,須浪
149,92,神郡
76,47,森数
212,186,新潟
83,180,植元
181,45,上奥
178,152,松淵
162,53,小出水
31,90,出間
64,24,宿南
206,75,洲浜
25,174,守野
123,119,芝垣
233,161,室塚
253,221,鹿俣
97,156,次郎丸
168,115,山分
233,94,山前
34,135,傘木
134,247,鳥養
112,130,竹西
98,212,丹呉
184,103,大須田
83,253,大垣内
152,109,増富
133,98,倉口
245,99,川船
141,213,川高
198,79,川居
67,171,千代島
168,219,赤熊
231,90,石館
7,106,盛内
181,165,成枝
9,49,是澤
138,27,寸田
200,40,水庭
72,237,水竹
128,152,針金
130,230,真光
129,160,新池
19,47,辻永
17,157,釣巻
62,85,田野上
41,103,都井
193,60,嶋沢
180,114,峠本
139,194,徳渕
129,74,半戸
4,82,板
163,133,稗島
117,31,桧谷
43,80,福海
14,223,平等
185,71,保戸田
141,226,宝積
0,45,縫部
73,197,北奥
249,10,堀松
145,54,名内
219,208,目見田
89,166,弥田
214,78,有国
42,136,篁
135,94,逢見
144,74,安齋
128,199,伊左治
168,57,伊与久
45,111,井窪
14,173,一重
235,109,宇留間
238,47,越中谷
30,162,押
21,225,家門
11,228,歌丸
16,43,外野
207,39,垣沼
163,53,柿塚
103,42,葛綿
35,68,苅屋
14,7,苅山
159,116,館沢
83,210,岩里
54,63,貴家
183,145,久留須
0,13,居林
18,237,橋迫
225,231,上町
250,247,焼田
219,219,松良
47,29,床並
62,199,小野尾
187,107,時永
209,207,紫原
134,62,四海
216,175,三砂
57,76,三ツ村
115,13,鷺森
136,193,細目
76,141,砂長
107,97,今安
94,150,耕田
21,2,江津
123,58,光浪
46,33,五宝
220,172,五十住
220,163,古溝
86,100,粂谷
64,153,橋目
119,172,同前
117,216,東門
5,76,東梅
96,74,東辻
118,104,東上
3,52,辻畑
188,169,塚島
227,67,津元
156,27,仲泊
220,137,竹宮
208,91,大都
132,173,草水
76,135,早原
43,3,曾原
201,234,前芝
253,132,石束
220,84,石王
6,145,星見
207,254,堂端
89,3,堂満
187,200,奈良坂
219,212,能祖
13,241,八木岡
45,207,飯竹
18,208,尾北
72,214,美島
13,39,富士田
13,12,武津
254,145,舞原
196,185,幅口
229,36,柄崎
149,39,北側
12,106,北道
16,27,門上
252,169,野浦
175,202,野々田
34,190,栩野
129,47,成吉
111,242,安曇
80,90,井寺
207,67,益崎
201,22,黄金井
128,225,下杉
38,114,河野辺
169,221,鎌原
218,207,吉荒
98,214,吉名
176,222,久下沼
221,110,牛野
70,141,金長
52,216,兼
102,175,元持
146,169,戸頃
157,38,菰渕
39,246,広住
39,228,江馬
161,247,国塩
222,83,瀬本
142,86,水門
14,121,森金
143,139,常葉
192,168,床島
212,200,出津
163,219,宿院
44,185,重清
243,24,秋篠
226,22,宗友
145,241,宗内
24,8,鹿村
250,199,寺居
104,129,飼沼
19,243,山塚
123,26,山外
249,0,三家
252,52,今徳
68,96,日尾
99,172,二杉
192,202,徳植
57,120,藤園
246,157,藤栄
244,200,東福寺
165,57,島戸
179,245,田茂井
158,115,田名後
101,238,天倉
135,148,貞国
81,238,椎塚
8,168,調子
151,235,仲平
149,78,中門
81,249,谷仲
17,206,滝花
254,33,大茂
182,177,大肺
55,254,村戸
189,142,草部
63,255,組橋
236,6,善養寺
96,22,千代森
78,160,石淵
42,36,生永
161,222,日並
55,21,迫村
48,219,幡井
81,200,八馬
73,69,髭
140,78,百村
54,137,浜路
216,72,冨士野
129,223,武口
22,21,武広
18,233,柄澤
43,52,豊国
216,141,房本
150,216,本図
198,233,毛見
131,72,矢納
66,180,柳詰
147,230,薮井
227,10,油屋
57,32,里岡
83,243,良永
232,101,嶺村
176,229,鈴谷
182,216,六郷
241,234,和食
220,156,梛木
21,235,水留
106,143,井生
133,60,宇仁
166,61,永家
73,241,榎屋
62,116,遠原
77,68,応本
207,54,下位
193,245,下吹越
20,150,家根
39,110,皆葉
79,8,外狩
188,251,樫内
5,212,間杉
128,232,関守
247,28,岩手
189,60,岩畑
157,37,喜岡
223,252,喜名
113,197,菊屋
242,150,吉岩
204,33,玉浦
120,64,金場
221,188,古我
253,93,古清水
209,243,御子神
229,227,広垣
56,201,植栗
87,38,上之
64,253,小瀧
69,89,小佐田
227,232,小潟
247,216,書上
170,190,初川
182,197,酒居
190,204,柴宮
212,10,治郎丸
18,167,時安
254,133,寺沼
196,85,氏野
213,208,志磨
228,80,山子
157,86,山奥
224,18,三保谷
169,27,三熊
66,58,三園
47,20,作花
86,16,細
217,12,座光寺
15,72,高野瀬
9,97,高熊
84,152,香島
214,252,広吉
172,98,田篭
27,174,田多井
160,60,田切
175,172,殿井
19,40,天達
75,215,定井
115,40,中礼
69,255,辰馬
23,41,但田
214,15,沢浦
250,162,大條
103,86,大箭
165,225,大廻
137,206,待田
110,249,対木
229,161,多良間
181,102,村長
218,161,泉名
253,227,川池
97,3,川喜多
53,115,切山
2,80,赤藤
48,253,赤垣
133,80,赤井田
113,209,石破
218,64,星光
82,190,成戸
115,50,瀬角
247,95,杜
65,189,礪波
71,24,媚山
27,184,六
116,114,鈴東
113,130,裏川
249,107,野渡
200,49,野間田
227,40,門西
149,26,門坂
155,216,杢田
220,158,末澤
207,252,末兼
160,5,峰川
126,224,米道
190,199,富阪
19,68,表原
165,75,俵木
187,36,百目木
67,15,桧作
156,84,畑間
62,252,梅屋
40,77,馬立
32,153,日野浦
195,107,曇
2,122,徳淵
243,85,藤由
89,175,東保
172,83,渡谷
101,203,椙原
161,19,橋垣
131,68,境原
85,38,宮添
13,159,菊森
161,130,岸口
150,69,丸崎
224,61,割烹
100,112,樫葉
114,200,外城
74,137,介川
87,64,河室
118,200,嘉代
188,229,加茂谷
242,131,加藤岡
29,103,加勢田
95,217,加悦
165,78,音
245,112,屋鋪
230,50,横小路
131,144,横屋
40,81,奥澤
88,231,栄野川
0,98,卯田
39,240,羽矢
41,0,稲林
31,239,稲庭
233,59,井向
206,241,安部川
234,99,粂原
232,33,森岩
227,155,松里
178,99,小鷲
61,164,小永井
137,213,諸木
166,207,諸貫
213,25,宿野
242,179,種橋
225,7,若見
238,135,社
140,45,実成
87,129,鹿子
215,70,紫牟田
0,229,志熊
9,205,市嶋
95,79,山竹
236,155,山陰
152,207,作
67,201,佐飛
78,152,今島
50,243,今園
190,50,紅野
79,85,古南
112,94,古巣
69,193,原茂
4,116,原国
244,63,鯨
146,84,荊尾
96,25,添川
206,156,定光
108,210,椎田
63,27,鳥毛
123,50,長西
253,211,仲根
76,223,中柴
186,93,茶原
110,40,竹信
5,8,谷治
156,153,谷吉
225,69,台場
173,60,霜
235,217,相津
48,226,倉木
118,153,前盛
210,96,前花
242,129,浅坂
122,170,折内
90,58,切手
37,42,西賀
47,78,清尾
246,90,清元
159,24,水池
229,247,田湯
227,185,土元
115,110,島松
67,65,頓田
167,224,内ケ島
57,125,内浦
215,169,薄根
203,137,八木澤
80,109,飯出
27,117,美留町
70,144,苗木
157,121,品部
254,89,布施川
55,40,福王寺
173,50,兵働
215,16,本崎
141,234,末信
110,237,箕川
53,207,密本
204,45,木造
32,186,矢辺
142,30,友渕
32,45,鈴岡
108,93,枡谷
74,165,阿曽沼
19,242,安仲
247,222,伊地智
130,76,井西
3,33,唄
182,202,榎島
169,170,奥尾
52,162,下農
212,205,柿村
236,212,笠崎
66,65,環
230,4,間世田
8,94,関西
106,139,岸畑
225,168,久崎
192,63,鏡山
209,118,巾
144,153,金中
15,224,隅倉
126,79,元原
117,142,原戸
3,148,吾田
230,181,好岡
22,134,広光
57,209,尋木
68,3,神澤
110,224,神月
54,75,埴生
85,212,上国料
9,231,上楽
196,228,上仮屋
64,203,松茂良
176,6,小草
34,106,春元
155,242,手川
73,141,室越
153,84,室永
33,146,七瀬
48,28,七崎
6,73,児矢野
27,192,枝木
30,208,司城
174,38,三竿
122,66,鮫田
189,167,細美
103,113,根
24,48,高舘
18,139,行村
112,82,奈木
130,123,栃山
52,176,当瀬
178,232,唐井
3,196,田靡
19,157,田甫
233,40,槌屋
104,29,仲元
44,37,竹場
225,133,端本
168,10,只石
254,206,大埜
250,83,大浅
123,247,村坂
170,47,千喜良
13,104,石迫
29,248,青本
222,232,請関
173,237,畝川
203,239,瀬田川
212,188,菅佐原
230,82,水関
62,47,厨川
211,36,波木
175,155,挽地
16,133,尾浦
138,52,美濃羽
246,151,浜園
132,193,兵動
40,183,縫田
213,221,本門
53,167,蓑
43,40,名切
6,112,名知
84,185,明里
230,127,木戸場
149,63,問谷
68,68,野久
93,52,野畠
39,82,矢矧
176,252,有ケ谷
46,216,柚田
184,123,里野
145,162,鈴間
101,175,簾
212,15,浪口
227,87,神波
246,104,綾戸
251,88,伊早坂
14,241,磯俣
193,35,羽仁
66,163,円道
59,212,奥内
251,231,沖園
226,99,屋嘉
91,212,乙田
234,27,恩村
238,184,音部
235,152,音野
244,111,下笠
62,241,下木原
75,210,加原
136,179,加木
86,47,河鍋
243,124,海地
168,97,笠尾
124,203,鬼久保
1,161,吉利
22,151,久保下
41,220,金月
92,176,真間
60,47,信平
120,73,上篭
70,52,松方
97,73,松浜
63,99,升
20,5,秋光
112,229,酒村
200,28,芝木
176,46,司
43,55,崎尾
8,76,坂斎
128,133,佐能
33,0,国京
48,244,行司
19,4,荒俣
239,69,広常
101,20,広安
119,188,光橋
18,209,見藤
149,189,権瓶
63,253,穴久保
22,193,桑幡
60,32,東風平
238,69,奴賀
166,131,都鳥
217,53,登根
78,90,田住
216,6,殿内
229,21,鉄井
196,208,提橋
210,33,鶴永
197,95,辻西
151,175,長張
56,90,猪倉
230,249,仲倉
70,139,仲居
2,127,中大路
250,191,中川西
113,140,池堂
139,116,谷塚
249,162,大槌
176,209,大湖
167,231,大菊
16,160,蔵園
173,226,増
98,128,桃山
39,5,祷
180,142,頭川
134,227,道倉
14,72,灘井
252,177,日夏
23,171,日方
113,232,納庄
45,8,馬殿
175,132,八倉巻
155,199,尾賀
64,39,美原
241,251,百川
252,167,保戸塚
166,90,甫立
184,252,宝迫
169,243,北之園
45,68,本目
144,124,名尾
201,33,明平
193,152,門戸
1,137,弯藤
121,138,枡井
224,185,萬年
198,8,相笠
64,118,一二
142,112,羽根川
245,114,押江
145,42,横沼
11,148,下辻
124,9,家治
52,49,貝
106,181,外口
37,225,垣
18,42,管谷
96,214,菊水
69,138,宮宗
116,11,弓納持
85,169,業天
170,95,金道
92,171,原重
159,96,古下
26,232,古作
3,18,古住
241,132,古倉
152,209,呉田
175,84,鯉田
96,87,江中
67,250,甲高
31,47,早河
184,247,撰
220,12,摂津
19,212,正中
220,212,成ケ沢
56,234,是木
53,170,新船
235,11,新生
213,103,色部
247,142,場谷
58,231,城前
194,92,上屋敷
236,163,漆沢
9,135,七字
177,78,山梶
214,97,三津井
53,22,三枝木
139,42,左近充
215,17,今久保
3,226,香椎
215,201,荒竹
92,114,荒海
59,44,甲州
76,70,藤多
241,229,藤阪
195,191,田京
52,89,堤谷
87,191,鶴村
3,88,長吉
0,112,中水流
246,1,地曵
80,93,谷重
119,143,只松
58,159,泰中
6,183,帯谷
13,31,太地
132,139,多々見
168,242,倉貫
170,86,前津
110,3,船村
231,70,川嶌
151,251,積木
175,78,青沢
208,21,西表
25,54,生子
81,232,清水口
126,88,道幸
29,86,徳見
41,167,灘波
57,244,南橋
146,70,二浦
2,29,二部
42,190,入矢
43,126,禰津
56,107,八ツ田
66,200,八重畑
204,248,菱岡
135,189,百沢
115,97,平橋
172,2,米久保
18,159,牧之内
175,52,木野下
167,137,門木
161,195,矢壁
70,170,夕部
58,20,葉狩
136,203,淀谷
202,174,立仙
128,170,留場
114,176,篭原
29,90,安栖
234,25,井戸沼
239,141,一万田
107,112,宇留島
42,52,栄山
81,123,延川
101,42,岡野谷
183,230,下仲
224,214,下之薗
147,249,釜付
2,42,間辺
249,56,舘石
222,112,久内
243,199,久保河内
134,141,久木崎
102,56,串原
67,253,源平
201,168,後沢
67,87,鯉川
186,88,更田
220,123,江城
163,177,香原
198,67,合木
216,19,国実
200,219,須部
161,37,仁枝
235,15,仁賀
8,240,仁
115,27,神力
39,134,森池
89,185,城守
56,192,上船
145,201,小梨
140,123,小樋
130,186,升川
113,53,春岡
68,5,出水田
39,199,秋成
40,45,秋鹿
146,61,修行
128,201,宗実
57,145,実田
166,129,鹿子嶋
79,1,山松
109,235,阪西
133,253,今地
206,117,国上
78,194,大粒来
104,69,太郎良
137,121,足高
94,223,水之江
31,179,水見
0,53,仁井谷
224,106,針貝
51,87,森宮
211,166,新竹
183,88,新口
251,190,植川
102,71,城台
68,82,松比良
59,249,初岡
173,132,出渕
38,193,寿美
158,19,若畑
218,9,車塚
157,69,漆館
19,50,大六野
0,37,丹部
6,245,竹綱
245,6,中佐
195,119,鶴久
26,106,田玉
116,99,東脇
222,74,堂口
78,204,堂谷
30,121,道崎
200,218,二場
10,237,能津
182,114,番野
150,97,樋泉
32,11,菱刈
172,159,冨久
195,116,武捨
42,18,平久保
64,106,片尾
103,83,粟
102,108,以倉
105,21,伊佐野
208,199,井戸口
44,253,井手元
110,106,井出口
236,106,井城
184,162,稲玉
71,83,羽金
72,148,永平
53,75,円
172,150,塩冶
95,112,加太
26,97,夏梅
119,57,賀戸
26,119,賀茂
3,22,貝津
236,219,角舘
197,231,角丸
226,140,柑本
205,39,間口
240,13,喜々津
161,17,橋脇
165,44,筋
61,160,金賀
66,198,原見
254,29,広坂
99,73,江郷
156,4,荒殿
143,121,行政
207,221,高盛
73,13,高土
29,68,此村
53,96,砂口
180,46,三ツ
74,103,三浪
174,3,賛
219,158,市道
38,248,豊久
61,3,満塩
47,203,木明
215,1,野条
82,255,矢向
47,34,藍野
118,93,廣本
197,100,枦元
143,26,葭谷
44,246,嶋山
243,188,党
156,46,天見
80,29,中所
253,37,谷所
117,13,瀧沢
3,65,大澗
23,217,西側
185,221,西ノ原
204,0,生貝
133,31,星尾
94,74,植森
93,159,植永
253,150,常塚
103,230,城岡
102,137,上宮
128,164,松芳
16,39,松好
137,22,小田口
43,183,匠
3,149,若岡
20,96,楢島
180,30,二石
151,35,飯作
29,20,百海
34,64,氷上
155,76,浜洲
117,32,武澤
37,226,片所
131,67,保野
125,177,俣木
71,29,末成
36,21,名達
31,186,明見
77,226,明治
113,179,矢根
127,239,矢野川
218,216,友貞
119,167,有信
106,33,落海
116,237,輪田
248,213,鈴木田
26,23,阿久澤
37,2,粟生田
21,56,安城
207,119,伊勢川
183,9,一楽
193,191,羽月
236,201,永柳
6,249,衛本
14,191,園井
45,12,塩沼
222,60,塩生
15,35,岡嵜
66,186,沖広
31,203,屋木
204,168,加護
227,118,我部
131,189,芥田
105,193,笠羽
139,4,釜下
99,130,萱間
6,46,岸辺
3,106,柴草
8,70,七五三木
229,143,紙野
158,16,枝本
178,185,子川
76,208,山鳥
37,164,沙
92,97,左座
152,15,黒渕
27,57,国師
109,110,口羽
9,32,後神
92,68,見波
65,54,桑井
64,84,隈田
154,46,串橋
211,80,玉泉
108,212,橋坂
140,136,供田
80,56,居相
251,124,気谷
102,64,徳能
141,118,筒渕
190,255,東丸
61,149,嶋宮
179,15,土金
167,230,田多
243,13,天雲
21,139,坪沼
128,229,蔦原
18,251,塚下
78,55,長和
164,118,長牛
219,0,猪沢
146,78,中立
142,141,筑木
206,220,池知
194,210,鍛治田
130,190,樽木
4,45,谷輪
253,191,鷹合
162,194,大名
204,230,大亦
72,57,大谷木
35,26,足立原
108,148,相方
119,198,前尾
37,28,内崎
36,129,内出
57,12,乃万
21,67,倍賞
221,242,梅戸
238,194,梅枝
248,79,飯国
86,218,尾井
49,130,尾嵜
136,188,浜吉
182,34,浜町
18,126,武嶋
155,234,分銅
51,193,片峯
244,47,磨田
192,179,名坂
186,33,矢菅
242,128,有
42,233,有延
214,206,葉坂
192,254,陸野
250,70,立畠
36,245,力
41,173,恋塚
52,165,和佐野
13,230,廣
145,144,葭本
176,67,伊織
239,255,井守
221,172,井比
244,16,浦東
29,232,雲藤
10,246,越膳
119,210,榎坂
233,238,燕
243,61,奥戸
115,39,乙訓
140,172,加古川
46,103,加須屋
101,106,加茂野
140,144,花堂
111,24,賀山
125,158,皆方
50,254,葛葉
56,17,岩撫
16,126,久野木
163,5,朽名
163,178,元石
140,39,原部
21,9,古薗
155,54,古守
222,70,虎岩
185,46,五頭
222,133,荒滝
224,155,石若
249,247,西川原
206,184,瀬越
144,116,菅俣
34,188,杉園
51,12,水無瀬
137,4,神子沢
223,149,真屋
138,155,森薗
63,142,上館
212,126,照田
89,73,小岡
37,208,升野
68,50,酒出
6,215,紫
196,139,三馬
42,46,坂大
133,185,細間
25,255,左合
21,170,佐立
227,162,佐直
214,157,根ケ山
153,148,国竹
230,211,高張
34,199,香本
216,148,行沢
240,105,徳松
103,239,道面
191,9,堂後
222,51,藤樫
5,5,東畠
206,25,鶴林
43,224,坪上
237,138,津久田
69,167,中軸
241,233,中隈
82,77,知野見
181,20,谷郷
242,231,沢津橋
138,202,大立目
173,238,代島
103,169,鯛
34,208,早戸
117,122,曾川
173,245,西一
126,32,水長
178,164,深村
106,32,森好
63,6,新飼
140,3,奈尾
207,27,内方
173,137,南地
165,135,薄羽
143,227,畑添
77,34,彼末
114,153,飛騨
1,16,桧尾
142,87,百野
141,31,浜林
237,133,伏野
186,201,文谷
187,12,別部
212,212,保月
159,242,本舘
66,192,野家
144,170,野頭
150,109,有持
192,165,陽
64,127,梨田
6,200,林元
13,154,簑口
142,39,薊
154,217,浄土
203,238,鞍掛
107,170,井戸端
172,214,井達
199,50,右島
102,252,越崎
77,6,榎沢
51,114,延安
135,188,延広
202,60,岡城
246,184,下馬場
83,252,海鉾
197,127,海老江
243,119,外海
20,188,角江
9,66,葛尾
11,21,鎌
84,44,鎌井
23,109,茅
180,111,菊名
156,106,宮吉
86,172,九野
89,11,窪津
106,112,月形
108,156,常谷
189,65,乗附
175,194,小薗井
131,167,小芦
67,91,勝家
119,218,十枝内
150,62,樹山
208,255,釈
21,152,七木田
242,86,時野谷
134,32,志賀野
163,63,山舗
197,13,山床
96,86,山海
40,84,三町
41,172,斎場
242,6,黒政
157,148,国居
194,102,国丸
127,121,高儀
244,112,恒次
114,139,五家
71,191,建川
233,235,椎崎
179,1,朝海
102,50,苧坂
226,144,忠政
69,65,中堂
91,169,中切
195,168,中岩
253,135,竹野内
125,20,池藤
162,45,段林
14,157,辰尾
142,216,沢石
10,26,大籠
109,66,大和屋
239,26,大無田
103,248,打出
84,104,太治
164,239,川腰
139,172,仙
126,22,西良
165,127,西保
201,165,登田
181,184,内嶋
167,152,南竹
189,137,埜中
23,218,八矢
55,229,板宮
72,155,尾碕
211,221,美谷島
43,27,福ケ迫
235,237,壁
203,28,宝蔵
187,80,法邑
48,215,北牧
162,86,木花
176,121,木竜
6,177,目原
46,59,門藤
85,10,友本
78,104,嶺田
4,46,廣江
136,136,檜谷
189,21,西多
47,7,案納
92,11,伊瀬谷
80,48,伊豆川
216,229,伊豫田
189,72,宇於崎
115,64,永良
115,11,益成
118,239,益野
174,21,奥名
224,186,黄海
241,207,黄地
236,109,下津浦
128,26,河根
92,220,鎧塚
2,114,鴨谷
19,38,蟻坂
92,5,吉用
249,23,杵築
163,20,弓桁
141,79,金曽
240,5,玖村
152,28,水飼
105,157,甚
133,74,新目
213,123,上拾石
72,232,上久
8,30,障子
141,70,小谷松
98,90,小鯛
31,190,小見川
51,16,篠谷
93,225,鹿久保
91,91,鹿
124,41,山足
239,197,告
201,128,高多
220,60,弘重
117,145,口井
141,13,古手川
248,41,元尾
162,100,月東
106,174,桂原
53,166,土淵
243,145,田渡
131,169,鉄野
194,103,塚根
109,113,長曽
26,244,竹達
128,157,谷迫
111,222,谷永
50,255,鷹栖
126,193,大古田
189,133,太井
252,144,相上
219,224,早尾
50,134,蘇
48,218,前堂
208,155,浅草
206,60,浅貝
176,105,石子
160,78,西羅
230,39,西影
180,99,正代
184,13,正原
216,140,勢川
168,154,瀬良垣
33,21,瀬利
19,211,摺木
116,81,厨
179,37,須黒
253,196,神座
69,133,檜枝
57,26,篭
106,19,冷川
26,32,利波
65,103,由
247,84,有隅
209,189,油科
75,156,木邨
121,111,満崎
201,73,万治
148,178,本河
38,81,北居
89,202,北久保
159,67,宝福
249,221,戊亥
80,165,米口
204,235,淵之上
24,47,福上
58,111,譜久山
173,89,冨名腰
77,184,富盛
107,190,板越
123,164,畑迫
144,246,迫野
4,33,白鞘
187,195,楳沢
240,254,入道
191,20,南勝
114,28,東前
251,11,真柳
130,77,荊木
172,125,栗井
34,60,熊懐
239,73,駒見
179,130,桐岡
29,144,牛垣
245,10,牛
104,76,吉政
59,16,義沢
38,0,亀和田
162,144,季
210,239,岸和
69,27,樺澤
204,142,椛木
144,24,角沢
186,186,角正
150,104,鈎
77,143,海鋒
167,196,花枝
131,106,家森
79,118,加賀沢
218,222,屋島
240,217,横崎
243,138,横井川
126,5,雲丹亀
174,6,右山
227,127,稲畑
101,221,稲増
211,79,為貝
199,136,森福
42,130,森成
128,63,乗越
143,17,上川路
25,49,松木田
152,168,庄谷
136,196,小柳出
193,185,出貝
86,91,秋国
239,158,酒主
185,43,若子
140,220,七浦
8,236,寺道
97,193,寺腰
74,104,児野
18,146,山泉
92,111,山垣
20,240,細部
19,5,歳森
192,38,妻神
169,17,佐野木
112,7,佐郷
51,58,佐喜真
46,38,江泉
249,213,江元
251,175,呉藤
1,184,鍵村
124,0,軒
62,70,穴瀬
198,41,殿畑
36,140,鶴窪
29,32,鶴屋
223,8,津畑
214,117,直本
34,254,竹野谷
24,126,池光
185,180,池延
48,109,沢津
203,231,沢川
212,233,大木場
117,64,大底
135,127,大石橋
253,166,大庫
120,192,対間
21,242,蔵岡
100,6,草尾
41,246,倉藤
236,20,西木戸
230,0,西分
198,130,西鳥羽
7,100,西重
17,176,数納
21,182,渡仲
163,78,土佐林
170,146,島畑
124,37,藤畑
178,2,道方
131,122,筈井
139,137,幡中
198,151,八太
72,197,比田
201,162,尾河
220,61,桧原
242,121,百枝
117,11,夫津木
53,113,普川
217,45,淵辺
74,239,本塚
42,6,桝山
169,135,門島
245,81,由元
225,198,立柳
120,25,了戒
60,224,鈴見
1,128,眞木
83,144,嵩下
14,102,安濃
89,215,伊勢野
35,85,井根
189,57,井野川
57,158,一花
252,87,右川
192,28,浦志
22,51,園生
118,255,横室
60,53,岡武
62,60,岡峰
218,6,下高原
227,149,嘉野
163,233,河鰭
124,10,角和
65,109,葛上
71,212,岩前
93,126,吉年
135,181,杵島
164,248,金住
223,211,隅内
196,118,栗巣
227,190,鍬形
73,120,須坂
149,183,真栄
151,108,深迫
178,58,新舘
27,189,上瀧
203,180,庄原
200,3,小野垣
20,43,小栗山
15,182,勝吉
110,176,十島
173,207,志原
3,108,山滝
76,71,坂牛
174,105,斎間
192,121,最勝寺
205,20,合六
9,85,高槁
141,244,午来
161,237,伍賀
35,240,五位淵
160,202,古根村
104,132,古我知
73,53,穴口
156,105,竹味
1,83,地野
75,38,達城
28,150,沢橋
67,85,瀧上
197,115,大嵜
133,176,大牟礼
71,211,大社
237,224,大光
118,183,大給
219,53,太平
222,245,村藤
67,101,村枝
172,85,草別
183,236,倉兼
40,46,前東
199,11,前羽
181,136,泉口
190,206,青原
196,58,西風
124,235,西入
79,235,西堂
46,245,清水谷
70,155,正富
89,70,人野
239,211,神先
130,65,森奥
243,196,新松
60,167,触沢
31,42,六波羅
133,1,湧田
225,5,門別
136,82,箕島
120,65,桝川
207,154,鉾立
3,72,鉾田
207,12,宝代
176,53,穂波
246,253,幣
221,213,武友
184,189,冨嶋
220,136,富倉
98,122,尾出
84,4,白津
133,25,日和田
217,114,日野沢
175,12,楠根
155,66,鍋沢
182,166,内西
75,25,道正
8,173,道坂
3,48,土出
187,88,田野岡
231,188,田名瀬
2,67,田中館
188,5,田地野
183,143,槻舘
30,189,槌野
119,71,月居
198,131,桑平
184,173,熊地
245,94,曲尾
95,110,牛頭
224,32,宮鍋
189,12,宮橋
22,222,吉郷
147,94,岩腰
221,99,岩ケ谷
119,155,岸名
160,9,外輪
101,132,家山
208,222,下水流
77,2,下高
105,27,桶野
143,247,岡中
110,155,浦里
220,176,浦久保
144,99,羽谷
191,168,宇和
196,200,右松
27,253,茨城
172,105,一の瀬
93,161,磯沼
39,251,伊辺
149,163,伊堂寺
66,221,庵下
248,105,粟沢
120,206,城戸崎
216,116,上堀内
128,222,上場
170,199,床
195,155,尚
248,99,小斉平
151,125,小永吉
175,62,出永
173,230,鹿瀬
33,163,志太
174,61,三治
109,19,阪尾
72,138,佐々原
72,41,佐桑
224,240,佐久山
118,110,根深
95,238,高久保
251,249,荒毛
53,105,荒西
115,165,溝垣
247,229,江浪
27,14,江東
23,177,江沼
150,116,恒本
139,204,公家
58,17,古町
63,241,古跡
48,202,原永
31,24,犬走
35,113,茶本
28,157,中子
78,37,中津井
108,142,仲野谷
14,212,長畠
184,148,鳥浜
44,117,鎚持
249,21,蔦井
255,103,釣部
220,206,鉄田
6,59,天摩
162,163,伝宝
123,199,田胡
120,21,土佐谷
244,170,東武
29,174,大矢知
62,150,大江田
2,124,袋谷
43,215,村垣
158,82,草分
78,168,倉冨
32,242,船久保
185,78,洗川
224,127,泉保
162,38,赤瀬川
49,102,正山
97,160,畝原
149,251,杉保
93,110,水吉
63,52,針木
220,243,湯
22,71,熨斗
112,70,廣畑
21,194,脇中
29,180,慮
104,91,立澤
171,224,有年
74,130,薮口
124,71,矢中
240,222,門畑
251,209,名古路
130,156,無藤
145,169,湊屋
178,215,宝亀
40,133,平国
114,132,冨木
188,51,冨上
253,31,百本
156,42,美並
143,241,飛鳥馬
198,175,繁山
49,188,繁岡
19,238,八重田
217,23,八高
102,251,八軒
15,16,拝郷
199,250,馬鳥
53,66,能渡
207,92,南塚
196,140,南中
183,229,藤賀
91,90,森道
124,159,桑迫
208,169,沓間
252,222,隅山
113,150,空井
148,250,競
212,2,魚川
42,91,居波
125,161,去川
134,135,牛尼
107,205,久語
158,185,吉儀
23,202,吉延
231,152,岩代
204,46,岸和田
130,54,鴨沢
130,95,叶田
226,204,楽満
26,13,柿並
118,85,夏木
196,177,嘉茂
255,83,下川部
250,174,遠江
96,174,榎波
177,223,永屋
179,248,瓜生田
152,220,宇垣
114,67,一ノ木
181,241,磯畑
58,163,衣畑
184,188,粟竹
231,192,後口
226,155,信
36,219,常富
63,177,常沢
134,2,城元
114,76,城越
103,215,上澤
14,208,上泉
203,230,菖蒲谷
51,115,小飯塚
222,75,宗山
203,244,宗光
244,75,糸井川
244,59,氏部
66,250,志戸
224,156,四十万
2,254,弘川
30,183,更井
166,172,荒地
160,165,高輪
186,231,今上
253,187,今嶋
129,23,根角
46,241,佐潟
208,248,在津
129,195,坂路
155,61,笹俣
91,218,三ツ山
213,147,三和田
164,8,山舘
128,191,山入
183,220,柏岡
239,202,播野
73,18,二野宮
214,128,鍋
98,65,道籏
199,226,堂森
22,171,藤広
40,94,島藤
16,47,田福
250,254,田中井
176,152,天水
202,241,追木
20,136,津組
95,51,長与
252,241,長命
80,241,樽野
204,251,谷勝
46,54,大木戸
180,161,大附
130,189,大条
70,101,大守
82,130,増澤
230,95,倉村
97,108,前寺
55,243,浅上
16,81,先名
107,199,石寺
233,73,西中川
173,96,檜皮
223,239,脇水
241,252,林中
87,157,里本
186,84,夕
83,105,有城
152,58,友塚
201,11,木又
120,239,明壁
233,218,又井
68,78,麻場
96,144,北江
90,21,北隅
0,234,鋒山
119,59,芳我
10,204,平永
67,233,鮒田
240,182,淵岡
200,128,武南
255,115,布引
13,237,桧野
165,104,尾首
227,206,飛谷
252,28,番沢
95,176,飯
250,234,八藤
134,178,八久保
240,100,箱根
70,195,熊部
71,96,隅川
160,213,空野
107,172,金栗
45,176,旧井
5,178,宮負
214,174,久保薗
110,149,久々江
131,120,久一
44,1,吉城
222,223,岩久
28,171,館崎
187,97,岳下
97,101,外林
54,150,貝阿弥
98,236,花渕
213,0,家住
217,183,沖吉
51,81,横須
17,163,奥見
59,45,越口
156,28,越河
157,55,雨池
225,186,一島
111,113,一ノ谷
187,142,伊久
100,211,安庭
226,229,安杖
68,238,西小路
117,206,西幸
57,13,生
240,207,清都
4,202,水流添
92,83,吹留
255,134,須賀川
84,149,森治
51,198,新宮領
110,206,床枝
45,55,庄林
148,213,小屋野
237,161,重友
6,105,渋佐
161,227,洲之内
103,6,宗沢
33,225,宗円
85,71,四角
40,99,山富
30,107,坂瀬
20,8,佐土
246,109,佐仲
47,105,高長
141,183,高寄
82,81,光広
162,68,玄間
237,178,硯
4,91,郡谷
148,136,中津山
16,41,長綱
70,193,釘島
220,216,鉄尾
25,52,殿谷
161,238,田橋
6,204,田名
182,16,登立
66,216,島下
253,128,藤次
49,189,徳中
99,183,徳門
74,252,敦沢
30,47,繁松
139,196,筑摩
52,115,智原
239,159,知原
194,51,谷辺
228,184,谷後
156,49,瀧山
166,255,瀧井
63,216,大墨
191,134,大達
145,26,倉賀野
7,69,千足
62,102,仙葉
107,114,石畠
197,69,青柿
160,188,薛
156,36,檜尾
113,93,戌亥
194,161,國武
253,65,國田
13,229,脇内
83,217,和宇慶
185,215,六本
11,37,良元
168,229,頼実
37,235,友山
51,67,勇崎
242,186,野洲
80,112,木滝
240,92,木郷
175,240,毛木
249,194,亦野
103,179,北庄司
48,161,峯苫
140,126,保土田
26,215,米納
133,219,米沼
124,92,平盛
165,232,福平
132,38,福松
86,69,武方
206,96,冨手
253,200,樋園
180,115,西園寺
174,148,隅本
62,154,具島
55,10,駒橋
107,2,金関
211,101,近見
197,102,玉澤
179,247,郷地
156,68,牛塚
193,51,久々宮
219,167,吉浪
254,127,亀口
63,138,希代
121,136,岩河
84,58,苅宿
59,33,鎌内
36,81,叶井
171,43,覚田
181,180,街道
130,239,皆上
199,204,花宮
93,19,加計
73,77,下雅意
25,244,永嶌
208,104,影本
173,198,運上
233,123,磯松
153,16,井宮
33,147,安塚
220,57,正谷
137,71,成行
147,0,須方
220,141,陣
162,179,神丸
207,155,信楽
102,7,上舞
2,159,松繁
44,93,小浪
41,19,小徳
100,88,勝地
103,187,勝丸
255,55,出下
113,71,住元
181,18,式
230,28,糸野
40,85,才賀
8,16,黒巣
249,60,高嶌
118,116,弘永
102,205,広林
18,163,互野
8,246,互
195,106,元安
73,37,兼広
138,172,月野木
176,96,祁答院
144,95,栗間
37,50,天畠
107,151,田原迫
125,25,田谷野
31,228,東清
83,4,藤久保
183,184,道城
120,198,栃久保
48,18,縄井
195,136,南家
35,114,南日
236,9,二宗
106,42,納土
52,181,梅永
217,85,粕尾
90,72,箱岩
227,136,八郷
207,158,坪江
21,133,蔦本
54,49,辻阪
65,61,中留
183,87,中新井
105,125,竹江
185,164,池信
118,84,樽角
201,64,谷亀
230,136,泰田
62,5,村畑
207,73,善岡
132,13,前岨
71,128,舛沢
196,248,舛永
90,196,赤畑
223,244,赤波江
112,222,半村
188,132,饒波
139,85,藏本
164,179,櫃田
139,217,檜物
86,94,拵
237,127,嶽野
23,132,脇原
216,251,和手
242,123,冷牟田
5,56,領木
236,172,余頃
42,80,由佐
147,5,薮原
101,17,柳場
65,50,矢元
158,22,野又
161,213,門垣
228,68,目木
227,191,名淵
37,29,万場
132,143,末山
19,239,麻井
211,187,本上
87,36,鳳
64,137,抱
179,142,福積
144,89,冨所
46,223,浜戸
166,16,蛭沼
158,163,枇榔
183,174,肥留間
48,87,比毛
12,6,比田勝
186,228,石灰
25,196,鍬塚
111,71,桑高
236,48,熊迫
7,144,熊内
237,1,沓澤
250,190,串岡
5,92,金縄
209,150,金清
75,214,京免
113,69,弓手
187,154,久米井
66,53,義山
87,90,義
22,36,儀同
16,141,岸中
39,24,樫浦
0,78,角家
107,91,河見
28,72,夏
255,25,加茂田
121,97,加井
225,30,下入佐
147,57,下栗
204,217,屋形
68,244,岡住
143,228,越賀
66,169,永溝
122,152,影近
75,4,印東
18,187,稲倉
156,67,稲妻
171,113,衣鳩
149,40,安部田
47,206,古株
201,49,青天目
226,197,声藤
234,233,清浦
37,58,星場
165,132,世田
3,96,水之浦
236,32,仁戸田
58,223,真水
144,154,森孝
223,34,新夕
71,95,新ケ江
116,25,上良
158,20,上南
156,115,上寺
67,182,上角
249,110,小佐
206,167,小屋畑
228,78,所司
120,248,出宮
71,202,秋富
167,62,宗清
152,241,宗崎
9,153,宍野
143,233,式町
156,82,算用子
26,10,山邊
213,204,山洞
97,96,山頭
247,236,崎久保
148,186,弘末
125,155,広町
18,29,御簾納
116,179,五十田
159,30,島部
98,63,棟居
178,39,湯峯
53,225,道古
130,10,奈良場
193,93,鍋内
185,231,楠村
172,41,二重作
128,242,入枝
41,115,入本
35,65,年岡
67,221,年見
134,202,能任
42,177,櫨
188,82,畑江
23,153,飯渕
177,81,飛弾野
87,26,塘田
243,59,唐松
225,170,唐下
35,189,土蔵
21,197,田之脇
218,77,天春
60,2,的井
64,3,定政
13,223,堤本
11,200,辻松
160,86,朝比
246,168,中野谷
35,219,中磯
16,212,谷高
237,239,太楽
126,41,蔵根
241,105,早
155,184,前角
112,201,尾畠
56,32,與那嶺
6,186,脇沢
67,61,錬持
143,218,蓮岡
197,38,練木
4,227,簾田
249,239,立
56,98,里深
188,214,葉賀
223,28,有嶋
248,189,唯木
99,225,油利
153,248,矢北
1,189,矢武
104,153,矢郷
151,196,目羅
65,151,明村
57,184,柾
203,246,堀信
2,12,牧野内
26,5,牧之段
141,24,牧石
99,56,北守
55,226,方
245,201,穂山
149,36,片峰
59,87,米嶋
90,184,平久江
238,43,平安座
63,236,福和
173,34,福部
59,59,府内
115,233,冨迫
198,81,富増
8,248,枇杷
214,200,船
118,1,橋渡
56,215,橋永
145,247,居原
30,40,宮之前
35,246,宮ノ原
178,128,久保崎
50,4,久重
36,163,久吉
38,72,久楽
151,95,貴戸
137,125,雁瀬
221,100,葛間
212,11,梶島
5,72,角出
126,249,貝嶋
36,207,絵面
206,8,海内
89,112,嘉
57,6,加倉
67,138,加瀬沢
72,174,下之園
236,75,岡鼻
155,178,押上
128,104,奥河
214,237,延谷
123,142,永濱
42,201,浦橋
221,129,一方井
11,48,井添
46,163,為末
161,94,伊勢脇
145,31,伊師
104,21,伊香賀
132,105,阿津坂
54,233,阿
213,250,狭川
206,110,泉地
164,244,川成
139,192,仙場
29,31,切畑
136,170,赤路
0,194,青屋
96,220,西国
118,21,清長
175,105,須恵
107,4,真室
198,48,新発田
221,251,城門
127,69,小馬
166,212,小若
134,115,宿沢
240,91,住広
184,136,宗高
127,35,朱雀
109,178,鶏内
163,73,欠畑
82,46,月元
164,18,権正
215,74,胡本
242,183,虎井
54,31,幸脇
150,241,広畠
116,51,江積
137,205,行岡
111,121,穀田
48,53,砂庭
65,130,三奈木
196,167,始関
60,21,枝吉
95,193,芝宮
1,177,主
78,8,湯脇
133,35,棟久
96,24,土畑
189,11,土地
17,123,登石
199,210,天瀬
105,93,辻武
41,194,津ケ谷
242,238,長滝谷
186,130,仲屋
65,138,中野内
11,39,池沼
38,208,炭屋
147,227,谷矢
55,194,大鳥居
112,216,大下内
145,108,村井田
120,145,祖堅
116,47,千阪
180,237,赤岸
164,172,石埜
194,87,石床
217,130,西宇
214,58,生部
93,114,新甫
119,18,小梁
115,115,小澄
205,202,小寺沢
103,197,小鴨
64,105,饒平名
208,111,搏松
66,33,和田野
187,54,和沢
11,202,立場
30,141,友景
81,117,矢合
89,126,野表
157,154,木口屋
151,116,民
2,61,麻木
1,63,北永
3,225,柄木田
239,140,武塙
28,207,冨士井
66,140,婦木
47,246,百鳥
28,205,鼻崎
167,187,樋詰
111,14,肥留川
64,149,飯酒盃
34,172,繁村
90,107,柏淵
113,29,波
10,27,日小田
163,84,楠葉
150,135,奈倉
237,238,道法
32,3,堂込
211,58,初瀬川
124,217,金浦
167,11,近成
6,12,居上
96,6,牛見
200,174,丸下
242,130,館洞
222,238,間城
50,202,釜元
70,188,角銅
80,63,角橋
72,205,家富
177,10,家納
54,178,嘉指
140,103,翁川
204,148,横出
199,113,遠見
194,181,永重
16,1,永住
205,167,宇江
247,48,一海
77,133,磯道
81,64,井野元
89,212,井手野
155,202,為本
61,81,伊元
199,74,伊規須
136,114,伊賀崎
27,216,安慶田
125,45,阿知和
188,117,舟岡
229,50,秋竹
67,137,若命
129,129,斜木
228,159,漆坂
86,32,蒔野
189,18,山波
51,60,三堂
1,119,三鼓
32,129,窄口
170,61,済田
233,217,最相
125,198,佐味
232,39,今居
0,206,黒塚
127,251,国平
26,83,光行
155,225,御牧
58,225,御山
128,184,戸賀沢
7,214,見付
32,246,見尾
55,18,見川
94,96,犬石
11,13,穴倉
118,30,軽石
50,85,畦元
57,175,栗俣
167,150,熊見
183,55,仲埜
234,154,長幡
54,27,長淵
251,157,長林
243,141,坪池
62,98,鶴若
118,127,貞金
197,168,定広
168,48,田作
252,68,渡村
241,28,都外川
162,80,土岩
255,69,土松
150,41,土生田
6,41,土内
207,89,桃川
48,135,中材
107,74,中玉利
249,172,淡中
120,254,谷木
197,53,棚内
1,50,濁沼
206,209,鷹紫
186,9,大蔦
91,129,蔵光
220,17,早房
80,86,早井
165,13,倉迫
37,182,曽利
26,61,禅院
245,40,千鳥
71,85,切江
90,251,藤久
119,201,椚
193,5,良原
109,8,揚石
121,169,与安
166,231,由藤
134,175,有重
88,143,有近
119,37,矢井
172,208,木曽田
255,253,名定
87,100,万城目
1,139,本條
184,101,本合
201,198,北間
181,118,房田
247,71,傍田
148,102,芳垣
130,251,壁屋
223,137,兵道
190,192,武道
223,174,不二
105,50,飯澤
164,214,畔川
252,18,八賀
195,254,幡手
1,80,伯野
88,222,萩岡
234,251,日野林
94,114,二本
69,108,奈佐
186,5,洞山
132,209,藤近
49,69,原明
163,67,見立
172,129,絹笠
150,204,月
92,189,恵比須
92,149,郡川
28,75,栗塚
128,24,宮繁
51,161,久冨木
82,120,久富木
73,121,久宗
173,196,吉波
36,116,吉添
113,102,鴨狩
233,72,滑
234,207,掛巣
90,34,家藤
183,162,加谷
245,101,加崎
90,137,下畠
244,236,黄金崎
215,121,押目
58,116,塩足
34,222,榎林
177,52,越高
157,239,永桶
67,166,引場
201,137,稲付
223,60,井鍋
184,209,井花
244,230,飴田
250,77,阿萬
40,51,古頭
3,160,石成
14,122,請田
166,145,西嶌
158,74,西高
226,126,清澤
174,202,勢理客
231,186,杉嶋
113,119,水馬
0,148,真玉橋
32,85,森見
30,41,植手
13,219,乗原
104,229,上舘
117,239,小田崎
94,156,小船井
53,252,小正
4,235,戸野塚
68,203,五輪
89,247,光増
138,149,左納
176,216,在本
221,77,坂柳
145,137,四村
167,240,志場
252,134,志渡
69,28,氏橋
68,76,時長
45,84,種石
191,210,渋野
25,183,重栖
216,218,出谷
165,186,小井川
123,129,築比地
130,163,淡田
4,142,達家
199,33,沢永
179,88,鷹嘴
184,221,大泊
112,161,待山
201,122,太崎
64,146,村脇
19,65,村浜
109,207,赤井沢
192,15,石踊
20,121,西吉
133,29,盛野
143,79,清国
153,50,政時
243,139,成末
62,18,勢
201,5,陣田
9,69,真次
202,25,新浪
86,210,新平
35,40,新迫
27,116,城殿
180,85,上ケ島
112,56,中洞
165,252,中浴
176,232,塚辺
105,67,釣船
91,217,田雑
35,81,土井原
124,117,土濃塚
41,189,土部
63,139,島仲
75,158,東京
48,243,東木
116,89,湯治
44,137,奈良間
252,126,楠崎
179,47,納戸
99,233,能丸
215,72,梅根
91,144,梅藤
98,116,梅里
29,243,白村
4,204,畠井
249,184,飯井
50,38,飯利
7,133,樋掛
72,241,美浦
6,166,筆谷
195,174,阿田
122,51,粟津原
175,115,安味
43,232,伊良原
129,165,稲又
175,21,瓜谷
50,172,雲林院
133,65,越部
126,152,榎村
180,130,塩口
24,41,塩脇
9,121,恩賀
143,234,下堂薗
32,138,嘉部
182,231,角坂
241,52,葛和
234,4,甘中
200,109,丸上
0,156,岩端
140,163,亀丸
53,51,吉種
43,128,宮保
141,187,橋都
251,131,玉地
168,191,金室
89,234,駒澤
146,158,見浦
161,29,後明
245,86,碁石
112,159,光定
0,65,綱井
212,29,行松
224,209,国奥
170,29,根矢
148,212,笹林
54,129,山敷
254,158,市居
41,20,市石
222,211,志谷
194,198,糸沢
144,229,漆野
190,43,芝沼
72,183,宗森
213,127,宗前
43,208,十代
71,247,初崎
20,201,諸根
32,0,小股
181,189,庄本
168,214,松門
61,161,照
15,247,鞆
73,45,蠣崎
216,10,臂
61,105,綛谷
161,23,簗
195,109,渕之上
237,246,櫟原
222,231,梛野
32,17,廣部
70,247,鎌崎
233,184,力竹
153,122,両国
186,97,里谷
33,22,与口
246,218,柳葉
12,115,薬真寺
18,121,野正
162,120,木橋
82,64,密岡
10,171,麻尾
183,198,弁野
0,219,平八重
213,218,兵田
220,173,兵
113,138,福倉
133,132,百石
147,112,塚沢
1,122,辻子
79,158,潰田
92,96,鶴森
152,208,庭木
50,16,田根
95,179,田瀬
143,215,田中島
28,222,渡士
175,99,東別府
159,229,藤関
187,193,堂面
59,217,徳納
79,165,奈良谷
91,93,那知
252,101,南利
159,234,猪腰
248,252,谷名
33,62,棚網
153,95,滝ケ平
245,106,大味
123,122,大冨
34,91,大井戸
61,239,多武
66,226,多気
41,218,村武
40,92,蔵品
154,245,相武
33,116,倉八
14,144,倉坪
98,189,蘇原
143,4,前元
24,188,節田
235,28,能海
88,149,簗取
111,1,廣松
176,109,廣重
17,58,有滝
3,64,勇元
186,92,柳武
218,254,矢巻
137,91,門平
184,235,門多
9,199,茂刈
6,132,綿本
63,20,本白水
52,0,保富
25,116,保土沢
4,26,保沢
67,243,片畑
32,165,壁下
193,107,平渡
241,11,平河内
123,248,福垣内
26,25,冨士谷
220,193,富平
181,192,富長
66,114,不藤
155,198,浜見
119,102,俵田
200,48,桧木
200,150,美沢
73,159,備
254,117,畔津
62,90,畑林
87,241,粕渕
191,233,梅月
155,83,江目
5,176,広庭
170,188,口脇
49,155,後長
190,232,古屋野
140,215,現王園
140,73,原藤
73,143,鍵井
18,150,見角
199,166,熊瀬
197,209,串
192,72,近持
206,16,玉内
58,47,吉形
22,90,亀永
38,200,亀ケ森
212,178,紀川
90,99,喜多島
33,226,滑田
0,24,梶崎
95,73,海端
77,126,菓子
8,26,河藤
229,249,下堀
15,187,乙成
102,214,押岡
204,63,延近
124,16,益谷
189,103,鵜戸
86,254,一藁
219,77,井之川
95,77,安房
249,78,安吉
111,125,高鷹
74,25,西川路
152,33,西成
89,176,西庄
99,244,杉垣
51,170,仁川
244,166,真原
34,15,深道
96,182,深沼
59,15,新改
199,177,信長
144,178,上敷領
26,85,上大迫
137,181,松留
178,45,小豆
170,224,小椎尾
76,194,小鍛冶
169,240,小蔵
61,67,小飼
133,119,周佐
64,5,実盛
167,139,室住
170,109,鹿野内
218,114,汐谷
160,153,指出
226,35,四季
189,85,山蔦
145,193,山光
139,197,三毛
63,34,三高
100,29,笹垣
208,39,座覇
113,105,佐嶋
146,201,高鶴
49,250,棚部
165,105,地頭
38,53,中兼
35,234,中谷内
150,10,中里見
39,236,仲町
108,5,忠岡
207,188,昼馬
19,82,鳥元
162,22,津越
9,50,椎本
24,253,鶴元
14,118,土渕
192,255,湯崎
27,126,栃窪
218,122,椴山
131,146,大極
82,116,大我
251,243,大榎
158,205,袋田
208,206,苔口
113,159,太島
137,142,孫崎
14,185,草次
186,187,倉ケ崎
101,219,川之上
59,191,川延
62,206,千年
169,239,千光士
70,2,雪松
133,191,赤丸
17,127,生木
33,9,神社
139,15,南元
40,47,與儀
37,94,六井
42,10,両瀬
82,13,龍口
74,171,竜川
178,174,立平
11,118,立中
34,210,与川
185,40,由村
79,19,涌沢
182,191,矢鳴
234,184,野母
232,233,面家
71,192,鳴嶋
19,58,名古谷
92,122,蓑部
133,210,麻谷
82,136,片多
27,104,米玉利
124,132,平綿
128,122,平仲
60,101,仏円
61,32,福万
55,23,服藤
32,250,武波
223,160,浜先
114,113,浜咲
5,165,品村
187,114,反中
58,83,柏浦
132,229,博多屋
162,210,楠林
208,53,南幅
157,4,月永
44,76,金上
48,106,金氏
45,167,蕎原
223,255,橋満
205,87,久々湊
135,81,関端
62,113,間根山
64,117,梶内
108,36,垣口
213,156,賀村
173,22,花巻
253,27,花ケ崎
6,97,河東田
203,212,家久
90,255,下神
110,148,岡成
21,60,押鐘
211,38,押手
153,245,遠目塚
177,250,延田
151,6,越場
246,243,羽澄
29,149,宇和田
146,196,右城
246,75,胤森
217,55,稲用
56,86,一藤
45,222,井津
231,48,井河
133,36,伊代田
254,76,伊妻
171,235,阿子島
126,174,兼藤
109,200,真本
218,141,森鼻
210,60,森新
56,16,織間
67,198,常包
182,32,松冨
33,192,松ケ迫
236,11,松ケ谷
22,192,小緑
183,69,小嵐
127,255,小谷津
79,194,小原田
17,40,春見
36,100,重実
135,51,宗吉
237,49,朱宮
184,172,手代森
203,195,湖城
241,203,菰原
5,132,御村
84,34,広納
228,60,鴻江
90,38,黒越
200,231,今利
9,4,佐渡谷
92,202,坂橋
133,155,市崎
205,89,志津野
19,230,糸村
177,158,寺瀬
10,29,七五三掛
202,168,尺田
105,169,若城
137,246,田部田
138,218,田之岡
106,122,店橋
249,201,天宮
197,92,辻出
42,69,槌井
209,177,椎貝
111,228,中明
153,239,竹盛
188,135,大硲
4,215,大智
18,21,大志万
175,160,束村
8,2,浅沢
62,205,川底
250,43,千倉
20,145,石代
173,164,斉喜
201,220,清水田
4,67,是安
7,186,瀬戸島
155,45,進野
28,120,神達
224,48,上向井
194,106,沼野井
225,123,小野江
218,105,小名川
72,234,小筆
232,98,都合
228,33,眞崎
79,157,嶌村
171,217,國澤
1,165,落水
145,223,有久
44,192,友坂
126,238,柳川瀬
104,85,矢野間
24,245,木藪
192,23,木戸岡
64,6,明尾
149,131,椋橋
107,52,本持
204,132,堀坂
70,124,北湯口
87,69,淵崎
119,128,福智
31,226,布井
214,1,富名腰
206,122,富上
130,35,浜守
196,68,半
40,5,八頭司
110,167,八家
117,66,猫塚
205,141,内納
57,88,嶋屋
245,25,土工
103,167,小田上
120,100,玄田
253,24,原富
90,120,月成
31,129,窪添
5,192,駒瀬
208,105,九沢
26,203,金馬
194,109,郷戸
183,154,弓倉
0,35,宮宅
67,66,宮久
13,75,岩柳
237,191,漢
170,247,貝山
190,141,皆倉
61,254,海渡
79,219,賀久
234,36,岡副
60,238,遠入
35,8,園辺
213,41,園城
182,117,悦喜
104,140,浦畑
163,179,姥貝
0,235,鵜崎
126,139,井面
163,95,井馬
102,177,粟原
75,146,古用
165,204,小谷川
10,197,小斉
149,126,春谷
221,173,戎本
199,1,戎崎
23,126,若桑
29,5,蛇石
46,224,蛇沼
235,252,式守
195,8,児林
2,176,資延
7,75,枝尾
126,136,子田
151,64,四橋
212,148,山枡
39,95,三冨
210,19,桜野
27,37,佐世
101,85,佐久真
221,26,今平
148,75,今部
254,230,黒水
225,36,国金
103,160,行森
134,122,甲斐野
131,41,公手
200,84,菰口
32,156,戸沼
0,118,谷敷
226,19,端場
10,184,知場
17,130,池成
35,203,築紫
53,13,竹高
170,3,中一
234,10,中畔
62,195,仲家
250,20,津秋
121,141,渡沢
35,212,島嵜
240,42,嶋森
186,46,藤芳
202,121,道元
17,86,道免
81,140,二関
32,211,二重
122,123,二之湯
41,102,日出山
206,204,谷内口
170,145,谷知
243,211,大中原
36,99,大谷地
22,231,大松沢
87,180,大字
65,226,大桐
157,187,大王
228,77,泰楽
234,8,太村
1,98,多留
169,7,多並
148,77,多ケ谷
223,212,足木
86,154,相谷
99,109,前塚
115,249,船屋
2,210,浅野間
163,119,泉澤
215,154,仙庭
159,101,年代
115,180,濱元
78,51,渕瀬
119,217,榧木
200,187,竜本
96,254,裏田
147,60,頼住
27,12,邑本
223,139,友廣
216,89,友宗
66,88,柳山
228,142,柳光
246,111,野嶽
190,148,満重
127,26,万羽
59,12,万井
153,43,埋金
22,118,北古賀
203,9,北潟
208,133,峰沢
133,67,鞭馬
41,240,平良木
144,49,福頼
164,229,幅崎
131,235,浮貝
40,116,浜比嘉
10,219,浜館
192,115,美野田
153,106,美尾
221,161,樋谷
27,105,比企野
87,244,飯本
225,240,繁森
23,32,反橋
148,40,八色
148,19,八十嶋
145,187,八汐
128,92,迫中
193,222,馬塚
253,42,馬場口
7,236,納屋
241,183,摂待
103,52,高広
170,1,講神
78,81,行元
160,132,綱渕
215,149,広間
81,161,向当
233,245,互井
222,111,古正
227,109,原槙
234,159,恵川
67,199,隈田原
140,22,金矢
121,78,金太
3,71,金星
26,75,玉ノ井
177,226,久泉
184,29,丘
128,97,義田
38,207,寄木
31,98,丸瀬
124,73,丸岩
224,200,舘脇
228,221,巻渕
243,114,釜賀
108,197,葛田
95,96,垣迫
48,57,外内
175,68,横水
26,172,奥友
235,225,永芳
65,89,永間
193,46,雨野
154,74,宇久
58,38,伊平
157,90,伊高
186,121,以西
5,46,鞍本
112,207,阿諏訪
94,141,阿式
136,194,阿久戸
26,86,高世
3,152,跡治
131,16,赤祖父
71,72,西納
51,229,西長
39,201,正藤
198,163,水書
137,109,水主
103,246,針間
186,48,辛
42,61,親里
122,47,森豊
28,78,森康
102,54,織川
99,198,植崎
27,89,上向
123,74,上岸
36,54,上丸
200,230,小野地
185,176,小蔦
82,185,小谷中
250,210,国正
158,59,此川
95,103,今住
58,107,差波
206,3,肴倉
84,214,崎下
204,208,崎口
250,134,鯖江
95,23,志倉
20,26,時国
138,181,時里
42,2,若井田
12,70,主田
18,147,蹴揚
220,111,十二
238,22,出居
156,56,出塚
102,197,除村
32,111,勝治
168,158,小荷田
190,47,中向
225,137,中新田
101,215,中鳥
42,178,町原
45,142,津屋
223,216,辻栄
9,53,貞政
170,223,定国
124,52,天河
28,73,伝刀
17,55,殿本
82,88,田居
33,241,田嶌
58,84,渡野
58,133,土館
161,192,東堤
207,14,鍋井
248,205,鍋岡
22,81,南林
254,0,波切
62,218,煤田
123,70,筑間
128,99,地道
67,45,炭
45,47,谷萩
186,253,谷垣内
210,18,辰村
154,78,沢野井
137,112,大辺
112,203,大背戸
87,240,大津賀
82,96,待場
136,12,太田和
243,133,多々野
162,201,則定
36,249,蔵地
123,113,早部
253,101,操
194,178,想田
235,157,倉俣
182,8,前屋
217,180,舛森
155,168,眞島
248,142,濱名
156,195,劒持
250,45,鷲足
32,34,脇崎
42,192,李沢
201,151,来本
132,255,柳舘
153,142,矢能
44,169,矢延
113,222,野脇
99,153,野木森
120,131,門元
194,197,杢野
93,141,木津川
109,161,毛井
202,106,茂出木
159,1,鳴井
2,149,密田
14,225,箕野
197,54,麻生川
47,38,本房
227,223,本迫
152,36,本津
104,171,牧坂
215,59,宝槻
232,105,穂園
104,198,片出
179,70,片居木
238,180,米吉
185,8,兵後
59,250,分藤
28,231,福若
116,3,福持
236,85,福垣
94,109,福下
28,142,風呂本
216,115,布浦
130,236,百万
137,47,尾亦
111,87,八津川
160,167,伯田
28,182,川堀
21,190,五百部
154,254,顧
181,139,菰池
186,113,戸敷
21,184,古上
112,3,古賀野
68,169,元平
225,24,元嶋
59,31,犬田
72,108,権頭
220,254,懸樋
57,242,兼氏
251,153,金次
196,116,金宮
23,1,玉屋
3,131,橋沢
245,127,牛玖
244,198,久保江
136,87,久保原
189,160,久国
155,26,吉脇
108,165,吉部
0,39,吉玉
122,212,義間
171,18,寄藤
109,204,岩織
177,3,緩詰
209,34,蒲倉
171,80,外松
235,215,海老田
89,48,下代
18,19,音瀬
20,111,王田
212,190,曳田
208,58,鵜狩
53,168,宇津山
80,205,茨
122,187,稲島
86,59,磯中
55,139,伊尾
22,147,伊勢島
6,152,渥見
120,45,石政
180,178,西渕
122,135,西盛
54,198,政二
38,230,是則
11,73,垂野
206,205,仁上
173,124,神沼
55,149,神子田
93,197,森枝
7,137,新長
134,236,信高
227,69,松西
11,50,小浦方
106,90,宗次
6,99,手計
252,231,篠根
69,102,実政
152,61,室矢
49,135,寺司
32,254,氏江
99,41,孔
86,190,荒矢
92,110,高日
212,177,国土
48,247,黒後
6,149,黒仁田
209,94,今重
236,179,佐次
52,223,左口
214,246,砂井
198,96,最上谷
250,17,細道
222,208,札野
233,173,三ツ川
10,86,三栗
222,1,三味
191,228,始沢
106,207,市尾
193,140,師
241,47,志築
190,90,志満
17,203,南嶋
198,198,鳶
16,175,道島
197,47,藤正
210,129,筒口
163,171,田茂
131,222,田勢
52,182,田安
70,104,釘村
83,194,鳥川
79,136,鳥家
28,152,長副
60,254,朝戸
243,99,猪苗代
52,12,仲保
252,49,中和
87,214,中山田
40,162,大呂
35,117,大豊
254,111,待木
59,193,太鼓
4,68,前堀
62,7,銭田
115,193,舛野
140,133,赤林
199,93,西槙
34,241,西滝
73,235,水頭
150,188,水久保
44,48,須納瀬
184,131,須河
184,8,須井
205,159,真謝
146,57,南良
9,253,葭川
33,183,澤畑
66,176,朏
12,159,廣渡
162,67,國廣
84,80,六平
29,252,料治
52,114,立蔵
15,100,藍川
242,77,柳井谷
254,167,野々内
169,13,問山
130,214,明利
91,163,明城
147,119,湊崎
200,29,本屋敷
148,85,堀毛
93,164,豊富
20,252,峰下
245,174,平木場
210,174,福澄
243,8,俵本
176,173,百留
202,183,稗貫
8,216,美浪
54,124,美代
73,28,鳩谷
32,32,鳩岡
252,161,白籏
4,232,配川
188,204,波津久
241,26,波佐間
0,203,入里
183,246,深野木
172,59,畦原
251,141,恵村
228,190,郡田
60,208,錦野
171,182,暁
81,96,橋津
203,193,去来川
202,104,弓崎
175,192,吉敷
180,166,紀村
100,89,稀代
246,246,岸信
211,49,間鍋
97,163,刈間
225,183,樫部
192,166,階戸
51,195,皆瀬
9,111,海村
86,224,賀島
165,6,王生
12,178,塩森
245,150,栄本
34,9,栄福
68,129,雨川
186,230,羽迫
32,2,宇畑
203,71,宇多川
47,232,井合
65,31,為重
182,15,安和
88,186,梓沢
103,245,葦原
43,39,阿島
89,187,計盛
30,169,深須
71,209,新毛
127,66,織
236,242,植戸
159,174,植井
116,77,上肥
231,74,上ノ園
7,217,松房
110,92,小用
55,63,小松谷
200,123,小妻
211,119,小井出
207,3,出家
41,52,十林
71,146,守沢
77,103,主代
189,8,実本
160,32,寺東
11,225,獅子内
206,52,指山
47,26,山佐
55,110,山根木
88,127,山ノ上
236,140,三柳
68,40,座古
34,81,根守
96,15,江洲
89,199,江向
6,91,江隈
250,1,後岡
60,51,五十公野
39,81,原薗
100,73,元重
255,156,大朝
28,254,大馬
161,135,谷生
138,29,谷米
180,6,樽石
185,250,鍛
84,216,段下
48,191,池貝
176,19,池迫
251,77,築沢
217,213,中央
204,242,中元寺
57,100,朝広
67,110,長曾我部
58,16,定成
111,65,提中
231,101,田原春
55,101,登口
36,19,土手内
127,212,大宗
107,68,蔵並
157,17,善光
27,54,前垣内
96,244,前屋敷
142,95,川那部
238,208,千尋
96,227,千竃
173,95,石搏
189,120,石城
156,134,青羽
245,92,西水
186,212,西垂水
192,86,正城
77,248,瀬ノ口
183,133,水地
44,250,水ノ上
162,231,推名
145,6,須田山
122,104,繞波
110,181,廣崎
22,234,鈴島
185,59,力田
86,219,立嶋
243,180,雷
11,219,頼永
58,171,淀縄
129,33,余宮
144,149,涌本
55,190,有波
15,173,友石
198,234,柳森
227,112,矢埜
180,14,餅井
188,255,餅
184,60,木月
47,47,桝見
46,181,槙谷
224,60,本常
212,161,北小路
40,19,望木
81,154,法量
141,76,尾篭
233,190,尾角
207,190,肥高
244,122,幡山
252,9,白島
110,46,波呂
143,1,二井谷
144,114,楠森
81,22,南孝
154,247,那谷
179,194,那倉
12,12,銅谷
243,19,藤白
143,103,藤兼
121,118,嶋元
80,248,仁張
203,169,月崎
83,21,駒板
203,101,桐木平
169,181,玉理
37,141,魚山
54,77,宮之脇
131,24,久保市
31,19,久部
252,93,鬼本
86,149,喜藤
239,14,岩住
51,208,萱
16,162,釜瀬
118,115,海下
187,252,花盛
167,27,花
101,242,河浦
1,73,家
35,116,佳
172,145,下向井
126,19,岡利
114,88,岡治
79,125,延与
59,156,雲雀
5,0,浦地
163,94,臼本
74,214,宇郷
77,36,印部
69,41,一本松
11,79,井苅
231,156,伊大知
178,225,伊世
136,205,伊尻
49,109,伊舎堂
212,115,安良田
107,15,旭岡
123,203,葵
119,145,阿辺山
22,94,神橋
206,210,真篠
255,126,真見
57,215,森多
118,134,植高
192,136,上馬場
107,89,松寺
132,18,松行
29,113,松ケ下
52,120,諸正
134,162,諸我
116,152,秋尾
26,249,七枝
109,189,式見
182,221,施
41,229,志保沢
227,167,山信田
146,247,山場
10,153,山香
47,202,懸川
110,49,見形
229,243,後原
38,120,光家
234,192,厚
21,183,幸治
250,246,江嵜
144,211,溝延
217,107,香下
83,113,高花
82,89,国江
130,69,黒羽根
188,46,黒嶋
199,182,此本
221,55,今後
99,165,今澤
226,166,根笹
32,58,艮
116,98,佐津川
162,79,中善寺
7,206,中之薗
20,195,仲門
65,159,忠平
197,249,張江
181,0,長沖
5,27,長通
13,153,鳥渕
85,214,塚部
33,39,栂尾
187,116,田海
118,214,田外
117,226,田水
101,45,塗
65,66,唐笠
255,117,東真
104,162,東瀬戸
203,75,東盛
180,103,東峯
220,187,中小原
1,249,中宿
143,32,竹多
233,227,馳川
39,104,地家
233,247,谷広
40,48,棚山
111,169,大港
8,92,大兼久
224,226,大科
210,236,大益
94,241,多々
177,220,早狩
201,83,銭場
180,116,舛添
234,72,千保
123,18,青坂
78,220,西鶴
152,128,生谷
174,230,生盛
137,28,簀戸
86,230,炬口
167,57,澤部
13,89,櫃口
1,69,檜木
114,232,垰
166,224,哘
244,26,和歌山
227,123,和井
205,83,蓮野
90,27,旅
76,125,理崎
129,175,落部
81,107,矢冨
120,204,木材
217,253,網岡
100,7,堀島
243,149,堀光
16,191,蓬来
37,95,宝金
17,61,米加田
38,137,平薮
248,122,平丸
170,158,福政
137,191,富士野
195,44,浜嶋
10,11,苗田
240,20,飯富
221,20,櫨本
154,163,播磨谷
254,178,能智
85,162,年森
224,192,二色
63,117,南迫
40,68,楢岡
190,105,内牧
149,203,奈良木
228,114,徳網
209,174,藤若
42,188,正崎
78,143,五郡
71,130,胡田
75,7,胡谷
73,66,源間
134,10,元藤
105,248,月沢
175,207,金友
239,20,琴
20,9,錦古里
134,94,魚屋
231,169,宮住
155,158,久保野谷
82,253,吉方
45,235,吉栖
25,166,喜久里
102,57,岸森
35,213,丸市
194,107,関亦
180,45,茅本
40,234,兜
195,151,掛上
191,124,掛下
109,114,外西
191,74,下国
218,146,延永
22,121,越島
209,162,永添
166,96,永口
169,214,栄川
228,19,栄森
234,248,浦滝
100,23,浦城
198,139,浦江
51,213,蔭西
131,148,一
137,199,井開
138,42,為則
108,72,伊内
158,28,阿部倉
78,33,瀬戸崎
69,141,菅宮
126,199,水平
187,170,神西
154,53,深萱
67,98,森家
251,148,信賀
87,247,織野
9,137,松葉瀬
187,150,松河
50,72,松ケ崎
118,158,小梛
89,250,小那覇
186,100,小鳥居
72,79,諸本
180,122,潤間
102,87,十日市
12,213,宗原
93,194,若葉
199,225,若瀬
162,131,御守
132,83,厚芝
171,126,口村
241,210,向高
124,30,更屋
177,31,糠沢
60,171,荒波
79,124,高以良
58,113,高御堂
7,18,合瀬
158,17,国則
103,180,黒永
29,127,黒内
204,32,左山
164,186,崎向
224,235,山長
163,184,山納
239,198,寺北
214,240,実広
128,178,泉元
181,121,霜垣
13,155,村串
126,15,太箸
229,153,大衡
190,86,大波多
168,139,池和田
221,229,長能
100,231,鍔田
91,30,天道
35,158,田中舘
143,155,堵本
16,238,塔筋
248,115,藤社
124,192,堂領
213,85,道券
41,219,徳石
148,17,南明
162,193,背尾
240,228,川末
187,10,川原林
13,202,千里
232,10,千蔵
48,50,先間
171,5,石射
189,151,西仲
135,132,盛口
29,8,清嶋
9,154,清竹
153,113,清弘
209,25,正津
120,22,正池
190,190,政近
87,73,菅木
156,246,水中
85,204,水成
119,238,仁田尾
9,237,神脇
66,44,神生
223,173,梅香
34,225,與那覇
203,206,欅田
175,32,槐島
98,196,廣石
64,234,露無
197,50,廉沢
50,201,鈴石
120,227,落井
73,104,頼金
27,113,陽川
44,139,野角
182,156,杢
141,128,木目沢
162,87,木高
160,23,面来
166,20,明上
144,141,名賀
223,111,末井
126,67,桝崎
122,191,本巣
145,133,堀渕
146,141,牧川
114,90,北海
180,41,蓬原
251,39,米多
212,170,平義
210,47,武弓
10,5,浜北
163,154,浜千代
87,4,浜橋
72,136,美濃谷
230,106,番屋
133,68,飯見
110,38,伴内
211,228,八重柏
56,141,箱木
85,61,白栄
34,99,柏川
86,251,柏戸
235,222,元栄
120,125,軒原
158,130,犬養
54,147,兼弘
13,114,熊村
220,59,金桝
32,36,桐部
83,196,玉乃井
46,176,京角
38,133,居島
45,185,久良
30,135,久住呂
177,4,吉鷹
148,137,吉上
124,38,吉
85,107,岩角
87,226,貫野
66,90,笠江
132,113,街
35,144,皆良田
181,59,花内
145,38,花石
160,141,嘉島
50,113,塩木
144,245,遠松
255,105,榎下
162,254,曳野
34,191,影平
114,96,鵜之沢
93,230,羽持
29,227,稲澤
242,222,稲瀬
38,60,一郷
151,128,一浦
29,42,井寄
191,60,井丸
30,25,伊勢木
181,52,安松谷
83,75,粟ケ窪
111,124,原竹
181,3,埴渕
115,57,上蔀
131,197,笑喜
241,201,松裏
115,16,小谷部
17,60,小水流
106,71,小鹿野
144,0,升沢
129,209,宿田
240,162,寿松木
147,31,社領
55,181,持井
161,143,枝久保
246,226,四野宮
246,152,四ツ橋
255,121,三中
42,195,三階
22,104,三王
183,57,細口
183,119,才村
255,183,古浦
236,27,古岩井
73,17,古吉
145,171,古玉
175,209,古堀
45,218,五郎
191,167,御影
168,196,向口
25,105,弘島
101,90,恒木
73,30,江指
169,109,江辺
188,111,荒江
249,95,高鍬
175,171,高智
8,46,高和
177,235,黒古
16,215,頃末
120,243,今奈良
100,42,蔵富
15,82,太野垣
76,219,大桶
33,140,大薄
144,155,鷹橋
217,243,鍛治川
150,223,中木屋
210,220,仲手川
138,182,仲瀬
242,3,朝霧
167,118,調所
94,229,鳥崎
212,138,鳥部
124,170,鳥野
222,151,槻館
63,201,田後
150,186,土森
135,107,島末
244,228,東司
151,48,荘加
156,219,糟屋
86,97,善利
54,230,前馬
220,191,川連
228,139,川尾
118,11,川述
101,155,千本松
221,243,跡辺
184,203,石堀
188,219,西竹
52,163,西古
158,55,秦田
43,9,真志喜
154,102,深滝
100,99,森澄
123,117,森腰
90,170,森外
235,239,新澤
252,135,新阜
225,87,礒脇
141,225,濱松
175,141,忰山
154,141,廣橋
145,214,来須
20,90,葉石
151,219,与賀田
74,117,有宗
239,174,友繁
206,227,油
19,41,薮上
68,219,矢野口
145,74,矢寺
163,140,弥園
178,158,野久尾
240,79,門本
88,171,門之園
214,37,綿木
252,88,万歳
10,3,本平
255,86,本浦
86,41,牧子
49,0,豊竹
229,92,法島
227,119,平識
255,138,平垣内
87,223,彦
49,245,尾宮
190,104,尾潟
32,171,樋尾
0,175,飯崎
168,203,畔見
61,216,箱谷
156,148,迫井
72,24,馬飼野
211,183,波方
58,95,日朝
163,253,徳良
184,159,東馬
106,131,古張
240,196,兼谷
80,222,形岡
236,90,隅岡
209,10,九
43,48,金吉
43,197,橋塚
121,239,京島
111,185,居藤
51,53,弓取
21,10,宮子
7,12,久長
119,90,杵山
133,141,蟻塚
52,45,紀之定
249,43,苅和
233,84,開本
159,177,海平
242,242,家口
253,91,岡埜
171,154,王子田
95,55,堰
67,206,永柄
86,145,永翁
229,107,瓜本
175,180,浦賀
76,107,浦下
225,122,右原
245,226,引本
84,243,稲丸
40,207,磯岡
104,7,井渕
46,28,井隼
252,26,井手之上
122,52,井戸上
46,126,伊尾木
114,60,庵谷
225,124,安戸
100,171,粟木原
108,96,浄法寺
0,87,常世
175,140,上小路
25,197,上所
94,2,小足
79,179,小酒部
46,188,小夏
18,162,勝藤
72,210,女部田
222,225,舟窪
249,215,秋松
73,117,室沢
136,186,宍田
39,142,時森
132,228,市戸
64,53,市浦
58,106,四枝
174,122,三徳
24,28,三道
36,238,三守
50,28,股野
253,74,吾孫子
174,132,御子貝
200,60,護摩堂
35,185,向瀬
6,193,好光
185,211,高富
144,113,高落
120,189,国持
119,130,国東
253,231,黒上
176,192,腰本
192,229,根布谷
191,8,佐羽内
77,177,佐々倉
245,167,砂生
185,128,宰川
53,164,作永
77,16,札本
115,250,前鶴
83,32,曾谷
175,107,組坂
178,21,倉中
236,23,早島
6,40,相井
7,183,則末
212,89,代谷
187,44,大萩
255,36,鷹
108,73,沢栗
252,71,辰元
191,87,端村
174,207,端谷
226,100,地井
181,56,竹房
5,122,中黒
18,114,塚井
139,174,塚中
72,140,扇子
40,3,千木
137,167,仙北屋
119,88,石徹白
7,68,静岡
200,81,西北
128,139,西武
3,182,西博
149,114,西土
105,78,成元
173,192,杉野原
148,114,水堀
196,84,水波
42,252,須網
94,187,須河内
120,194,針本
86,84,森由
151,148,新吉
214,209,植前
60,142,和住
186,72,嶺川
57,56,裏山
128,211,余島
148,123,余越
89,63,矢立
234,246,矢津
178,156,矢浦
150,53,野底
63,85,民野
103,218,末高
203,73,北戸
162,166,蓬沢
226,117,宝地
8,206,壁田
246,94,平吉
25,21,文珠
60,49,武曽
57,124,浜子
101,170,百成
82,139,美野輪
178,226,美根
62,100,尾森
175,100,半下石
29,138,八百谷
161,178,八沢
116,54,箸尾
183,196,韮山
208,17,入木田
70,106,日野岡
55,8,二島
147,1,二川目
91,254,二ノ方
190,10,那珂
39,191,道園
221,71,東埜
42,142,伝農
251,234,辻合
39,14,桐石
102,1,居附
43,93,居場
78,120,宮出
25,9,久津見
0,113,橘和
151,229,岩神
23,42,丸畑
67,41,関茂
133,159,間弓
50,31,漢人
4,217,勘
10,76,茅森
68,72,梶丸
163,97,笠山
91,5,角永
95,132,外石
198,236,賀門
219,207,花野井
30,186,家野
0,82,加守田
185,139,下坪
176,184,乙倉
202,155,奥上
35,106,於本
6,164,園本
82,42,円崎
228,130,丑田
129,77,引原
119,151,一箭
150,170,井立
132,246,井勝
53,16,井ノ下
129,36,為藤
249,69,伊加
61,0,庵地
226,133,安方
191,227,綾香
67,240,状守
99,229,常陰
3,126,城平
47,172,上西園
177,175,小桐
52,110,春沢
242,26,春宮
118,228,宿利原
44,189,重泉
214,19,重弘
129,241,住石
17,3,種川
52,147,時盛
103,241,時見
112,6,糸崎
217,147,四竃
244,139,山木戸
107,83,山時
85,112,参鍋
199,156,金庭
116,16,犬木
169,83,戸賀崎
89,156,戸渡
253,11,湖
4,127,後潟
72,83,好
99,81,行定
66,191,高杢
184,208,黒地
45,6,今出川
104,146,今竹
193,171,根内
122,130,佐草
140,152,佐道
191,47,作左部
176,198,笹下
207,141,皐月
194,213,三田井
240,95,岩貞
90,214,岸菜
29,60,丸居
158,229,舘花
26,72,巻淵
30,93,貝出
159,141,花瀬
136,19,夏迫
154,187,沖林
197,96,横田川
225,156,塩幡
64,58,堰口
31,25,益森
247,174,永延
23,238,栄留
82,223,雲川
198,64,稲井田
21,161,一水
158,56,一守
241,62,芦口
184,238,阿利
106,154,阿草
199,189,阿児
239,224,洞井
229,176,藤冨
85,66,湯目
141,241,嶋脇
153,11,土上
32,114,土海
117,129,土井内
174,34,田又
75,90,田坪
14,248,田出
33,231,田治
146,150,坪水
182,205,坪郷
69,253,津倉
144,57,珍
229,134,鳥屋部
135,196,鳥羽瀬
73,198,長冨
134,33,長辻
44,91,長勢
254,15,町本
236,216,町元
220,44,朝吹
195,127,虫鹿
187,98,仲畑
176,138,中井戸
187,45,池増
192,169,地代所
214,148,地紙
205,177,団塚
229,96,樽岡
197,254,大槙
123,6,大財
68,190,泰江
22,74,対中
191,163,藪原
73,82,籔本
174,72,瘧師
212,135,國友
50,19,脇屋敷
117,231,落谷
27,225,友草
250,90,友延
6,25,柳園
111,221,矢田目
54,93,矢賀
30,195,野越
3,230,明崎
162,71,堀之口
33,216,房崎
253,54,豊浜
255,61,芳澤
6,115,米中
247,166,風本
249,83,俵屋
130,238,美口
169,108,挽野
230,5,八里
166,125,八鳥
224,120,八若
61,253,畑森
194,120,畑尻
239,96,幡地
11,241,梅若
221,64,馬内
196,201,年永
120,69,尼田
183,60,内生蔵
28,17,苫谷
87,91,峠岡
30,131,多原
45,197,釈迦郡
107,247,時末
93,94,児王
92,178,師橋
53,177,市根井
73,186,四関
180,241,山渕
195,62,細海
28,185,高幣
156,209,高東
255,128,貢
213,125,弘井
95,108,広西
205,129,光平
202,249,光益
87,60,戸津川
159,46,戸草内
251,99,古別府
59,245,古川原
41,168,古座
51,204,見方
235,197,兼浜
7,132,兼定
180,153,桑添
225,45,栗丸
171,114,空山
200,140,駒坂
138,207,金剛寺
130,46,居垣
233,38,牛川
14,87,宮辻
64,211,亀浜
76,248,貴嶋
9,21,幾度
104,105,岩林
46,156,則次
163,2,草道
192,21,岨
18,131,舛元
45,193,浅
74,41,泉宮
148,174,節原
156,64,西飯
216,67,西ノ園
181,186,清須
139,1,成安
223,15,諏訪下
66,43,陣之内
124,66,仁田野
2,240,神中
44,95,真鶴
8,255,織内
187,240,常友
244,119,城生
232,241,上堂薗
167,253,上殿
246,46,上笹貫
34,146,上笹
94,110,上荒磯
221,56,上ノ町
20,34,松舟
197,112,小野本
252,72,小野谷
25,121,小田内
76,198,小田長
104,34,小鷹狩
137,139,小走
78,30,重長
30,6,住安
103,89,手老
192,1,只熊
17,74,只友
4,92,中空
61,65,中座
180,107,鳥尾
39,30,津城
45,100,津脇
8,138,鶴藤
51,138,鶴迫
63,172,田桑
26,234,田枝
30,250,田野崎
45,53,田力
55,95,都藤
52,20,嶋井
150,108,湯朝
121,47,道祖尾
45,35,道塚
140,31,徳道
188,62,那覇
192,37,日数谷
4,238,沢館
2,52,滝見
225,26,大竹野
27,134,大宜味
62,225,帯屋
174,28,打保
52,220,多部
175,60,村江
188,253,走出
185,254,草階
8,230,早雲
211,201,礎
243,88,船津丸
27,21,仙野
237,46,西蔭
109,248,盛林
155,143,盛一
76,122,正月
98,182,晴披
230,203,勢司
240,70,瀬頭
184,219,世取山
105,247,諫山
194,158,藪上
115,52,萬屋
108,98,濱砂
147,115,壹岐
187,215,浪内
151,93,龍山
179,181,葉玉
56,127,唯根
51,106,矢岡
148,217,免出
48,236,蓑手
81,236,箕作
232,107,巳波
208,197,槙岡
163,58,麻柄
143,206,本宿
97,183,牧草
62,121,北邑
187,52,北丸
85,21,棒田
161,98,豊城
2,43,法山
170,6,母良田
141,182,片町
224,150,米戸
22,125,分島
217,30,淵江
150,200,武冨
118,39,布施田
251,226,冨部
49,6,冨坂
22,156,富部
53,150,俵口
237,75,美保
189,243,枇杷木
234,151,尾平
82,37,肥後橋
119,244,飯豊
215,48,板見
169,211,白草
89,209,杷野
19,136,猫田
166,107,恵利
95,76,恵中
20,113,君波
38,210,栗賀
211,110,櫛桁
180,210,玖島
196,119,金竹
169,61,金今
155,240,金気
100,240,金一
95,164,弓井
41,166,宮居
11,112,久保倉
73,190,吉多
83,169,菊嶋
18,107,記田
246,3,幾世橋
135,249,岩鶴
145,164,岩沙
85,106,岩金
205,222,関吉
183,128,間沢
242,35,鴨頭
28,168,釜台
165,118,樺田
68,80,笠鳥
101,244,皆口
51,166,我田
250,58,科野
53,193,家近
60,166,加生
82,32,桶作
224,215,荻野目
81,34,荻迫
183,209,奥成
245,78,奥城
216,111,永合
133,216,永金
88,47,栄谷
198,83,栄喜
246,161,伊野瀬
151,136,綾織
77,54,芦
165,234,水信
208,48,水ノ江
174,110,須野原
72,26,真利
176,90,森倉
126,160,新増
88,103,上矢
104,241,上之郷
137,145,上塘
177,170,上沖
114,137,沼生
192,251,小新
31,64,小松代
142,119,諸節
92,243,祝嶺
55,240,十万
45,80,舟渡
91,196,秋房
97,213,洲本
72,118,周郷
255,116,手戸
21,167,芝川
173,84,軽込
125,202,原元
249,228,原塚
123,218,五百井
235,208,向村
65,165,幸長
241,206,高縁
98,226,告野
7,59,黒髪
59,118,腰
3,155,込田
133,33,佐林
211,9,左京
23,3,砂月
183,112,才所
240,67,細倉
5,187,細堀
238,239,三ツ森
48,7,三久保
115,161,三尋木
48,77,糸田川
206,9,善村
18,17,善木
180,36,草下
30,88,多辺田
240,167,帯田
208,51,沢海
101,180,谷舗
158,31,丹菊
31,21,地神
211,108,池園
53,238,竹折
29,146,中ノ森
32,12,仲下
141,36,長坪
115,176,長埜
92,230,柘野
240,201,天藤
33,50,登島
235,195,都出
9,220,染木
245,130,赤埴
232,160,石窪
97,69,青津
55,56,西連寺
208,202,西添
57,186,西生
41,153,勢登
77,28,瀬和
130,67,杉野森
117,164,仁位
87,27,新後
213,35,常次
209,199,照岡
214,88,松木平
50,60,小矢
32,29,小松平
123,138,小更
42,73,諸麦
147,40,祝井
49,70,都島
43,187,榮
106,37,和間
61,121,龍川
119,158,隆
208,250,留岡
172,40,柚本
126,219,有迫
196,22,木綱
186,240,茂古沼
140,44,味谷
241,74,麻岡
247,103,北前
106,98,宝川
95,175,平浜
197,161,兵野
169,180,淵川
101,141,福来
17,59,福辺
138,61,福滝
221,152,部屋
108,43,府馬
139,218,不老
59,111,疋野
13,210,樋
75,100,飯銅
0,165,板林
249,17,伴瀬
102,100,麦沢
102,126,泊野
34,67,南垣内
237,101,縄本
230,97,内浜
242,230,那花
216,254,得本
109,27,鴇巣
110,117,湯越
93,118,棟安
37,20,土器屋
4,77,土井口
4,96,金色
146,109,近都
67,113,曲木
89,210,興村
139,212,興松
166,174,弓達
140,219,起塚
254,166,幾井
118,38,喜山
119,133,岩井川
134,99,岸里
106,185,丸池
217,118,関芳
248,181,鎌尾
242,37,樺
64,126,葛馬
190,45,賀内
127,129,茄子川
194,78,苛原
150,22,加瀬部
34,131,下柳田
135,243,下北
126,154,下広
52,184,乙野
149,146,横洲
46,164,奥墨
106,56,奥坂
214,116,塩賀
74,247,永目
221,33,永関
57,146,鵜篭
213,79,隠地
84,166,隠居
146,30,井頭
152,190,伊阪
134,44,伊垣
110,191,粟崎
122,26,綾城
36,247,愛原
33,48,九万田
210,131,洲上
33,106,宗雪
16,66,手呂内
237,216,実沢
47,165,鹿渡
222,233,獅子原
166,215,指吸
154,218,師玉
173,18,市野川
180,214,四木
32,231,四至本
243,172,仕田原
8,197,三宝
98,0,三波
68,167,咲本
62,153,阪内
14,10,宰務
205,223,妻沼
66,219,座馬
224,244,佐向
28,161,沓野
216,220,窪倉
18,60,隈江
91,71,桑尾
15,197,君
114,227,迎山
191,132,建
221,177,戸賀
123,149,戸木
125,1,後出
87,107,江蔵
138,49,甲良
201,34,荒木関
91,227,高治
174,128,高住
195,238,国賀
62,114,国山
158,198,今駒
18,1,今多
159,148,長窪
67,235,辻橋
133,124,辻道
116,139,鍔持
108,125,堤崎
51,196,渡引
18,133,都原
45,143,都所
183,177,土赤
193,208,島巻
102,18,東迫
160,1,藤懸
214,219,藤成
160,144,藤嵜
126,143,堂村
101,254,徳澄
182,165,鍋本
119,111,南新
120,16,楠永
21,106,日座
142,7,入海
179,119,入福
160,111,朝子
227,121,中渕
132,250,中塔
147,79,筑前
206,78,築根
207,182,築
115,12,置鮎
0,253,男鹿
156,145,谷政
56,102,滝森
210,103,大仏
215,133,大足
163,201,大小原
228,176,大歯
158,154,大坂間
187,89,大恵
91,40,泰永
129,22,増保
44,218,草井
101,240,曾篠
208,205,前道
38,47,船富
152,175,埜崎
244,104,龝山
12,154,齋
215,113,櫟
77,58,榑沼
123,161,楮原
142,193,楜沢
65,29,廣末
146,11,峪
5,19,和南城
120,8,輪違
117,137,竜山
55,151,粒良
41,185,立壁
126,2,揚田
247,35,雄鹿
26,46,薮根
18,30,矢ノ倉
178,115,木田橋
55,49,満武
21,41,末浪
135,27,麻川
101,117,堀良
143,52,芳賀沼
74,44,縫
199,81,方志
183,27,宝本
218,195,宝山
231,65,片塩
99,32,文本
200,68,分田
57,18,蕗
74,173,附柴
233,146,富嶋
219,135,樋廻
24,32,番匠谷
122,56,飯淵
225,31,鉢村
222,132,白府
197,116,白阪
192,123,博
69,214,梅影
183,18,馬場田
98,209,波止
152,221,能藤
80,170,琴浦
206,237,桐川
200,247,狭山
187,69,橋端
42,134,強力
241,38,巨瀬
133,28,牛江
118,252,宮野入
102,91,宮形
57,182,菊口
43,88,菊浦
47,254,鬼倉
214,171,起
27,52,喜連川
213,61,閑
241,6,間篠
24,4,萱津
105,91,梶栗
132,251,梶家
110,39,角園
177,29,海老谷
131,216,花登
182,89,河淵
86,241,河内谷
235,178,加森
114,68,加口
16,134,下ノ村
27,115,乙戸
58,6,沖坂
172,212,岡堀
47,125,岡政
112,50,横岩
40,67,永代
0,233,鵜口
211,123,鵜原
31,17,羽土
212,172,宇尾野
54,249,引馬
166,171,一言
74,96,井置
239,22,井手迫
160,181,伊井野
212,79,安代
92,12,飴本
202,50,近添
51,131,石積
73,150,盛下
244,202,清政
205,151,瀬来
191,0,神能
98,95,神瀬
58,87,森恒
59,64,沼川
143,134,松野尾
91,118,昭和
221,224,小槙
54,134,小武内
35,196,小丹枝
113,142,小岱
126,234,小瀬古
249,217,祝部
179,80,宿久
127,183,酒蔵
155,93,狩屋
219,72,守護
18,3,篠澤
103,102,室内
210,77,熊渕
184,43,元西
113,137,原地
27,238,五林
147,209,御厩
128,95,厚ケ瀬
37,68,幸森
229,88,甲崎
188,41,耕
112,19,荒薦
105,65,高実子
215,49,高路
144,168,今辻
44,224,佐尾山
6,82,坂ノ下
19,200,笹辺
32,247,三秋
13,145,三野輪
198,177,山咲
40,246,山澄
216,139,鹿江
242,52,執印
49,163,仲筋
11,103,仲正
145,115,仲塚
249,55,猪八重
170,2,潮来
129,140,長谷尾
231,88,津路
99,68,塚瀬
120,78,坪子
21,48,程
59,224,釘貫
70,213,田間
7,58,田前
203,46,都賀
92,233,都崎
1,103,都志見
54,118,島屋
252,189,東垣
127,243,頭島
230,26,道合
238,68,仲安
99,69,茶屋道
214,255,池住
116,52,達野
27,148,大機
233,155,太古
173,29,則政
192,43,相徳
76,239,槍田
173,197,倉渕
123,123,倉畑
146,100,前上
130,193,扇本
179,231,川熊
164,181,折登
37,254,赤神
60,199,石濱
5,246,石持
49,79,静川
142,98,西隈
61,21,生平
248,245,徳盛
139,251,蘆田
57,213,澤柳
153,178,澤入
152,72,六谷
202,193,由地
11,9,有塚
182,92,矢満田
175,67,矢舗
85,20,木戸浦
208,61,木間塚
5,93,木稲
14,145,茂籠
141,175,茂呂田
27,94,茂岡
31,187,民田
83,24,満江
152,215,満丸
238,21,万寿
52,228,桝沢
29,108,鱒沢
54,199,北室
123,84,法田
133,54,暮林
222,196,甫木
39,31,文倉
100,158,分須
25,147,譜久里
180,97,布施木
15,251,浜住
215,190,尾矢
210,117,樋元
96,33,飯草
169,194,板庇
113,191,畠岡
82,72,筈谷
38,46,白丸
226,241,柏樹
105,2,馬川
116,93,播戸
2,231,日内地
174,190,日隠
182,11,生尾
255,26,向所
231,18,向佐
244,45,口元
189,23,古家野
98,222,見学
105,146,月木
224,68,君成田
205,189,鍬
18,253,熊尾
229,26,熊井戸
165,54,金渕
98,140,金良
130,204,錦田
60,209,桐戸
194,169,玉林
121,71,蕎麦田
220,67,魚岸
42,167,居関
23,14,久澄
204,60,桔川
33,32,吉地
247,93,宜寿次
174,141,岩畔
132,237,間谷
117,42,花方
111,56,加世堂
190,119,加減
124,142,下荒磯
130,183,乙須
173,98,円福
170,251,益富
134,146,羽嶋
200,149,宇那木
14,97,一文字
113,198,一ノ倉
199,2,井須
214,91,井戸坂
2,17,井戸垣
67,153,為実
69,143,為岡
49,42,鮎瀬
203,191,幸正
188,247,清時
238,23,是津
212,150,瀬戸内
106,104,人羅
229,185,神名
97,176,神賀
99,149,神井
223,205,真籠
238,211,榛原
7,200,信時
244,84,織田沢
203,24,上入佐
197,101,上長
115,198,上四元
100,163,上吉
90,123,上下
123,210,小長光
95,82,小町谷
249,140,小原木
26,205,勝手
69,142,諸越
229,100,行弘
3,125,国津
169,228,黒肥地
211,240,今熊
80,30,根占
218,244,佐守
246,244,佐敷
221,218,細馬
64,228,財木
98,28,雑喉
168,210,珊瑚
144,1,市薗
116,190,志鳥
86,140,篠ケ瀬
113,99,芝間
84,9,宗盛
186,140,秀嶋
10,154,舟倉
246,149,重兼
167,222,潤
95,195,中世
246,167,中末
27,156,直山
39,241,津内口
241,143,的山
207,238,田吉
186,156,田伐
244,196,渡津
225,194,土器
8,32,唐谷
224,152,桃北
96,67,藤峰
172,182,道向
98,7,徳部
67,105,奈雲
118,198,内久保
177,159,南渕
93,142,日賀野
47,137,馬場先
119,101,畑仲
137,143,伴藤
58,42,中斎
31,50,竹畑
206,129,竹仲
171,106,池林
254,57,谷次
153,1,谷角
80,238,大浴
116,197,大田尾
184,130,大欠
34,68,大弓
146,55,大加
70,69,太和田
59,41,袖川
245,154,増金
87,174,増間
123,100,相松
127,31,巣立
181,196,掃部関
120,54,倉屋
203,118,善平
25,32,川迫
139,201,節安
205,109,飯箸
53,130,當眞
189,212,濱上
49,221,濱井
211,177,澤登
71,108,廣山
196,204,岑
236,236,浪辺
67,102,梁木
48,22,立住
105,118,里口
173,160,余野
103,188,余
180,69,遊津
126,66,柚留木
64,121,柚口
15,71,柳尾
197,23,矢沼
110,8,矢ノ目
100,48,杢代
227,144,木実
17,165,網永
29,201,綿村
92,23,本美
231,174,本丸
117,223,本位田
212,28,堀村
228,196,牧崎
209,206,牧角
36,180,北尻
132,133,豊澤
228,79,方田
124,56,穂崎
178,255,片海
214,43,米里
47,171,平屋
195,38,文室
9,127,福神
15,49,伏井
177,174,浜多
175,162,百島
3,209,彦久保
27,154,尾塩
209,167,飛坂
8,27,赤部
211,250,五野上
67,136,厳
121,10,見須
10,139,駒山
51,100,玉中
138,43,笈沼
155,30,宮向
144,228,宮ケ原
45,126,久多良木
49,230,吉畑
106,109,菊澤
252,206,亀里
0,54,岩地
148,255,岩阪
48,137,諌早
246,21,甘糟
172,29,樫出
95,99,垣屋
48,159,外久保
7,233,貝増
160,49,河股
235,151,河窪
121,88,家谷
119,42,家倉
201,184,家合
82,163,岡ノ谷
15,125,横市
160,109,奥橋
168,255,塩ノ谷
14,245,英保
146,152,永窪
156,197,浦丸
146,167,鵜鷹
220,79,宇和野
147,20,隠田
1,190,印丸
28,27,稲満
233,32,一町田
97,152,井貫
95,226,伊貝
49,83,安藝
8,43,阿木
218,57,阿辻
9,251,向久保
245,0,青村
35,249,是友
222,202,是洞
240,3,畝木
24,114,須古
197,219,神塚
41,113,新羅
202,19,畳谷
239,93,常吉
237,51,城定
113,189,城岸
133,209,上川床
224,163,上神谷
117,132,沼能
184,78,小鍋
16,124,小須賀
20,13,出葉
23,12,出河
55,178,種崎
68,179,狩川
57,157,若代
131,79,車井
6,93,幸池
149,160,広浦
249,44,綱分
112,166,高溝
26,128,国府方
9,103,此下
133,136,今清水
30,37,今荘
125,142,根目沢
167,165,佐佐木
3,183,坂居
100,116,咲山
217,220,薩美
52,185,三ツ口
57,139,三ツ野
30,32,山埜
141,103,山名田
66,224,四ツ井
89,225,似田貝
249,185,時谷
146,129,篠瀬
61,209,側
85,28,則友
96,40,太細
125,49,太田口
64,164,大引
153,159,大番
122,248,達富
63,105,辰岡
159,137,棚池
147,131,谷信
68,21,谷前
114,102,淡谷
47,190,地口
74,234,遅塚
32,200,中堂園
98,179,中力
27,44,朝居
96,221,鳥見
38,138,鳥嶋
253,84,津和
141,52,辻広
73,16,坪原
75,222,鶴ケ谷
109,111,鶴嶋
195,90,蔵ケ崎
146,154,霜尾
181,235,善生
106,178,前鼻
215,247,川埜
127,221,赤水
105,102,石峰
90,68,石西
90,55,生馬
136,55,生賀
212,111,正畑
156,136,正清
44,52,成広
230,244,是久
219,18,瀬合
194,7,瀬見
250,56,真竹
111,136,深
150,126,新籾
252,156,新冨
226,15,乗上
55,174,松鵜
254,241,小縣
100,219,小白
77,140,的崎
135,77,蟇目
119,115,莅戸
96,165,礒道
89,197,柬理
109,177,頼政
109,11,与島
14,207,猶木
160,254,柳ケ瀬
179,160,矢船
93,103,矢尻
27,121,弥久保
173,72,野老
110,82,木保
139,17,木之瀬
205,183,名部
224,138,摩庭
50,101,本久
218,187,堀喜
142,1,牧下
92,192,蓬
46,9,宝栄
237,213,保良
111,43,保地
101,57,米虫
22,95,平久井
243,155,文箭
208,99,福盛田
145,76,風呂谷
172,197,冨崎
100,133,冨ケ原
130,154,樋代
104,117,飛野
49,236,半貫
208,26,畠腹
67,42,波場
45,224,能條
204,190,能間
23,117,入岡
23,58,日角
116,210,徳住
50,32,筒
246,188,湯野川
136,103,湯屋
33,2,東窪
98,82,島宮
240,202,渡田
10,136,渡司
253,139,田場川
167,13,小長野
49,23,強口
7,78,享保
201,57,牛窓
71,103,牛上
52,149,宮端
2,7,久保杉
225,12,吉滝
233,28,義川
27,61,鬼追
114,252,鬼窪
251,84,記虎
157,202,紀室
79,115,雁金
229,94,岩方
182,249,岩並
99,118,岩寺
81,164,岩郷
43,214,間明田
171,185,釜中
169,235,葛木
203,183,楽山
126,176,岳藤
87,204,角畑
127,165,角津
185,30,海沢
140,74,会場
109,209,河浪
33,103,河毛
240,226,家長
44,109,家氏
147,29,加幡
102,2,何川
150,185,乙村
202,211,岡畠
180,131,黄倉
95,145,横戸
108,34,押野見
48,198,奥矢
103,210,栄徳
112,240,宇尾
121,153,宇津江
163,64,稲浦
15,20,井無田
119,5,井手内
94,36,伊納
77,40,芦内
166,47,芦浦
51,111,阿倍
123,151,橋根
60,147,小瀬戸
61,224,小松野
190,70,小司
136,204,升永
70,70,所崎
108,248,舟引
255,180,宗島
157,249,寿田
243,105,寿恵
19,98,若柳吉
91,109,室野井
159,48,七山
180,152,治
173,117,滋賀
240,25,時信
236,22,持増
22,215,紫芝
245,206,四郎園
111,177,山白
158,106,山階
113,246,三津木
56,151,三代沢
154,170,左官
86,201,紺
177,91,郷上
121,27,金定
116,102,九十九
62,204,九重
58,190,粂内
187,208,軽米
44,138,玄番
151,81,古曳
186,2,古知
92,252,古茶
184,81,古藤田
238,254,呼子
35,170,戸蒔
60,77,胡井
170,22,後安
42,171,厚美
105,218,口町
30,181,向窪
114,222,広口
131,184,甲斐谷
139,150,高殿
22,62,高辺
236,177,込宮
91,253,今冨
178,73,船城
140,58,曽
115,197,倉満
83,3,相知
213,3,多屋
180,224,大尻
122,120,谷相
230,182,中宗
201,140,中鋪
228,177,仲戸川
214,122,猪巻
106,99,長居
132,205,鳥羽山
111,82,鳥谷尾
183,3,津多
169,113,椿田
250,170,田子内
42,40,土場
84,199,奴田原
24,207,東影
220,139,東美
130,159,東部
91,74,藤極
69,245,千早
236,160,千神
16,192,折見
23,2,跡見
163,125,赤鹿
44,160,石嵜
46,217,石田尾
7,48,青竹
62,59,西町
204,86,西秋
178,108,西久
198,152,生澤
8,184,晴
13,17,星河
227,165,菅内
15,122,水足
191,26,垂門
232,45,吹春
56,57,須佐見
25,143,須金
136,163,須賀井
173,99,諏沢
180,117,真玉
148,118,森出
222,204,豆谷
167,86,乕田
101,8,綛田
138,105,渕沢
128,58,脇浜
156,23,老月
39,226,来代
164,184,浴本
217,38,揚張
191,209,遊田
221,9,遊座
134,96,矢渡
12,237,野老山
80,187,木子
162,244,木佐森
91,125,木井
147,205,鳴山
57,27,箕谷
216,179,満名
86,163,北殿
94,1,望戸
167,125,坊垣
36,221,宝沢
224,70,宝諸
39,237,穂垣
213,224,片橋
32,77,米尾
48,252,米家
71,68,平目
86,185,平高
138,44,仏坂
122,252,福土
248,109,福市
21,244,譜久島
240,180,譜久原
211,107,冨中
101,176,筆保
82,24,鳩間
25,66,筏津
153,97,八隅
104,143,萩倉
29,82,波賀
23,175,能仁
89,239,能松
139,37,二位
67,224,呑田
197,165,道源
96,7,堂岡
10,23,熊元
126,116,空久保
143,28,苦瓜
244,167,九門
101,109,汲川
64,192,宮房
72,219,宮定
158,49,久米原
19,251,吉貝
231,206,義積
97,35,鬼嶋
42,250,鬼川
232,152,貴俵
235,59,岸添
246,210,関目
110,56,観音寺
165,34,椛澤
26,74,橿村
161,59,外井
215,159,蟹田
176,212,芥子
165,85,海北
193,31,過能
247,154,花家
89,243,家常
229,223,下阪
39,6,下根
4,137,牡丹
216,12,沖浜
150,20,岡竹
117,20,岡宗
58,189,横打
246,23,横光
79,70,塩倉
135,225,演
79,69,永須
223,249,栄枝
16,70,臼坂
239,89,鵜塚
255,145,羽牟
158,103,蔭地
218,224,稲内
73,194,逸崎
133,84,磯矢
75,45,芦本
47,111,茜谷
110,132,阿部川
56,209,鍬先
237,89,新満
47,159,新多
168,38,城一
29,251,上明戸
63,150,松柳
177,137,小濃
127,49,小代田
9,208,諸口
75,148,出上
193,172,重中
229,141,住中
195,130,秋根
73,200,若鍋
230,164,車戸
7,221,治武
172,117,志小田
49,158,志貴
155,224,四津
112,206,山野下
224,122,山福
160,40,山久保
239,183,山丸
99,46,三ツ股
138,129,細谷地
37,174,慶伊
160,106,軽尾
216,245,剣
165,157,検見崎
152,10,絹見
244,40,玄葉
92,154,古源
248,198,古志野
17,208,庫本
216,134,五百崎
186,146,御田村
205,34,向日
166,50,幸重
251,187,江ケ崎
11,35,荒見
182,13,荒松
151,115,香内
119,22,国延
192,6,国峰
33,159,根之木
187,136,佐貝
48,40,佐復
25,33,左野
156,90,蔵増
218,169,則行
3,99,村住
93,97,大軒
23,122,大能
196,48,滝平
127,203,滝林
43,151,沢越
243,237,谷下田
71,22,谷富
133,3,段塚
87,254,池神
226,176,中久
175,75,中治
253,108,仲藤
227,85,津戸
16,216,津根
103,136,栂瀬
213,47,辻倉
112,30,鶴居
253,141,天花寺
51,11,蔵永
71,16,増中
31,192,相地
18,53,泉館
106,2,川邑
119,107,川妻
144,230,占野
249,5,千家
188,143,切敷
191,99,石徳
222,138,石滝
37,157,西代
78,202,成平
82,22,瀬治山
158,84,水取
134,188,仁王
107,80,深木
117,6,新渡戸
158,108,新渡
230,200,上野平
200,47,上符
229,233,萬木
110,208,粳田
230,172,當麻
252,94,垪和
195,131,和井内
68,105,蓮香
249,251,凌
248,53,立畑
146,233,湧口
198,135,柚野
211,238,有上
233,151,野長瀬
96,233,杢尾
132,98,木榑
14,44,木ノ上
118,195,茂上
137,242,明吉
93,112,明翫
206,148,椋代
105,179,北松
49,51,坊農
7,250,保々
252,110,片浜
14,29,米陀
159,78,福味
215,186,伏江
22,155,富来
208,92,肥土
227,239,板田
175,225,馬頭
230,118,波野
156,204,波戸崎
115,146,南須原
135,46,南上
57,185,灘谷
190,106,徳茂
92,22,徳成
6,11,湯座
52,26,東屋敷
142,140,嶋矢
52,66,唐見
90,4,田先
36,110,金房
208,124,橋屋
112,144,京山
21,53,宮谷内
184,113,宮階
30,7,久保出
115,152,久斗
206,196,久池井
53,50,久綱
2,87,吉道
214,227,規矩
4,240,旗谷
73,248,館川
197,202,観野
11,235,萱村
66,249,鎌村
1,141,釜我
248,246,梶西
232,229,樫崎
136,0,角前
187,182,垣上
33,60,賀本
35,4,可野
44,174,下遠野
191,149,恩蔵
23,144,乙咋
24,84,屋野
184,255,屋根
223,196,岡明
130,240,応武
71,246,奥仲
211,190,塩野崎
115,17,悦
255,228,浦住
207,91,羽豆
154,230,芋野
151,104,井能
187,217,井手田
59,220,萎
46,50,伊富貴
28,112,伊覇
172,123,逢阪
52,174,松政
223,134,小竹森
175,39,小蕎
155,33,小屋原
122,149,純浦
52,113,春園
16,107,出月
176,124,酒木
100,46,篠丸
130,124,次山
185,3,市角
115,3,四月朔日
144,42,山幡
31,99,三栗野
225,44,笹久保
137,162,佐甲
70,84,今場
153,252,国里
84,96,合野
241,79,高田橋
77,3,高守
171,214,空谷
36,8,桑形
70,216,桑原田
130,182,月旧
193,149,見富
92,32,見米
136,113,見浪
203,159,原渕
189,129,玄地
100,232,戸軽
171,230,戸伏
37,21,戸木田
187,159,菰方
222,216,呉竹
102,222,後平
116,153,御所野
99,63,工野
107,252,広保
149,152,広里
245,245,行待
51,253,高桜
31,210,真能
2,123,真宮
212,130,森子
86,152,新帯
87,98,慎
79,213,植芝
64,68,錠
208,226,畳
210,209,常定
75,213,城坂
150,168,上坊寺
241,8,松間
24,136,小納谷
10,4,小田喜
0,67,小森園
93,57,小梢
25,182,小手森
124,218,勝瑞
180,58,出見
146,73,十八
228,37,若間
98,180,次原
90,237,糸柳
79,146,志戸岡
247,200,姉歯
183,79,四日
136,201,三渡
25,150,三添
2,201,三津間
208,179,晒谷
16,119,笹渡
198,167,鷺池
97,72,神之門
114,217,壇上
162,200,丹川
24,103,丹上
227,2,沢水
39,210,滝塚
149,79,鷹松
168,18,大登
77,129,大懸
122,69,大萱
13,90,大樫
241,147,村城
97,128,村高
173,125,足代
121,244,則安
48,91,造酒
154,225,蔵薗
113,208,惣島
23,54,曽良
12,170,曽部
185,192,前仏
179,29,染
188,100,千代間
21,77,青瀬
115,59,西念
116,203,西大條
167,108,政平
247,49,政谷
49,211,菅野谷
121,170,菅長
139,46,菅瀬
49,64,杉松
5,17,数山
167,61,坂辺
207,1,巻山
255,175,鎌江
154,185,鎌戸
45,25,恰土
70,219,割貝
24,213,梶房
155,38,笠水上
197,225,笠森
138,66,角一
65,175,外戸口
245,164,海発
41,40,賀田
25,25,我有
112,110,花積
154,24,加堂
71,111,加芝
91,34,塩治
183,161,越渡
171,164,越岡
175,94,永喜
202,133,栄野比
113,16,卯都木
219,93,稲餅
110,207,井野上
223,229,為石
208,195,位下
65,183,伊勢戸
113,35,伊賀並
207,41,鞍馬
193,101,安水
91,1,粟山
82,211,綾目
245,165,観音
224,49,砂盃
192,96,砂古
126,84,佐野川
9,226,黒葛
225,250,甲斐原
52,146,江篭
22,245,恒光
141,189,光地
74,209,御所
27,187,御供田
19,196,五十野
179,150,五十井
132,58,五江淵
109,139,五井野
67,146,虎見
97,214,袴谷
236,171,古渕
204,74,古立
168,165,元良
216,135,元起
221,240,元浦
33,55,恵島
3,2,櫛本
107,221,櫛下町
249,124,近西
211,180,筋田
128,228,弓戸
43,252,宮杉
129,194,休石
231,140,久留主
28,77,菊一
202,250,儀部
238,145,百谷
180,15,富加見
167,4,舞野
24,45,保居
111,46,北清
255,11,本徳
182,251,槙塚
35,21,槙納
59,36,柾本
206,180,万本
191,217,味野
204,212,名合
29,100,明河
97,40,門家
54,246,弥重
228,119,弥生
190,198,柳井田
227,70,柳幸
129,17,有高
103,53,祐谷
44,17,揚妻
242,139,用貝
161,172,葉室
54,136,頼藤
208,121,龍見
113,101,両沢
218,200,隣
195,243,類瀬
148,6,蓮川
53,246,浪本
131,21,六倉
244,186,鷲本
76,60,圓谷
84,57,眞下
85,132,眞壁
254,46,籠
94,122,藏田
143,204,邊見
98,41,魏
170,191,疋島
82,62,男庭
193,137,茶房
11,238,中蔵
29,246,中美
85,186,長神
229,246,長多
45,27,長嶌
34,48,鳥倉
128,230,通事
159,93,貞富
206,235,殿垣内
40,190,殿田
158,237,田那部
40,232,田邉
141,122,田邨
170,10,島塚
58,80,島雄
245,243,嶋瀬
14,206,東重
234,78,東末
164,42,美土路
108,66,美安
223,143,備海
46,162,飛田和
196,42,八道
199,214,八重倉
61,251,楳村
155,252,播間
156,83,能町
112,160,入手
157,232,二唐
55,13,南藤
83,130,内波
165,5,内匠屋
162,48,内屋
141,134,銅
108,94,道喜
218,55,道願
119,222,筒丸
85,195,天根
81,244,田垣内
107,102,田生
3,100,土井良
40,253,土居原
99,91,島子
103,105,東仲
5,254,当野
171,241,藤郷
78,243,藤室
200,95,藤信
123,231,篤
150,84,栃岡
61,58,内嶺
61,110,鍋屋
206,107,日水
243,4,禰覇
125,47,埜下
121,22,播田実
131,203,白竹
186,242,畑部
250,232,八窪
126,39,鳩川
10,191,飯場
58,46,天岡
202,236,碇本
247,194,蔦田
104,26,辻生
94,18,辻喜
144,202,槻木沢
129,14,塚目
99,123,長谷目
28,22,長治
6,47,竹次
51,157,段村
73,193,鍛治本
226,24,琢磨
2,8,鷹架
120,188,大矢野
17,200,大割
142,210,大奥
186,58,大羽賀
167,238,苔縄
183,45,多嘉良
228,188,続石
159,11,相園
23,87,倉家
65,162,前神
181,225,藪根
225,241,壺屋
14,128,和唐
242,207,老久保
116,61,冷泉
17,52,林金
185,75,龍門
222,103,立光
175,198,里園
64,119,藍場
115,44,与坂
227,205,与久田
75,108,猶崎
243,36,柚谷
202,125,有居
9,162,勇田
86,131,矢鋪
255,111,矢動丸
54,91,目々沢
146,184,木檜
240,143,網川
232,211,網城
82,14,茂崎
170,226,茂永
6,128,無田
16,35,満村
102,8,本末
56,150,本尾
223,243,北俣
21,103,北仲
87,56,北芝
26,108,北根
179,149,房川
19,172,坊山
246,189,芳仲
40,178,法華津
143,176,峰平
96,50,包国
24,9,片之坂
50,42,柄田
139,185,平能
215,108,文原
18,7,福宮
119,65,浜場
56,170,尾茂田
153,102,尾塚
217,62,尾郷
77,214,尾
79,93,向川原
136,218,護得久
19,22,五味沢
93,199,五十崎
245,149,戸神
89,220,古菅
194,245,見島
163,143,見代
31,211,兼折
188,29,栗嶋
100,144,隅井
181,90,金蔵
142,66,琴岡
171,119,鏡堂
238,204,牛若
226,188,宮方
75,209,久宝
11,145,久保見
224,94,鬼
177,1,忌部
238,202,喜内
58,168,岸脇
255,91,関寺
217,44,間橋
242,99,干潟
240,238,釜土
248,32,笠貫
96,131,霞末
37,163,花吉
141,54,嘉地
255,3,加賀野
70,199,岡持
158,11,岡浦
65,14,黄前
119,146,奥邨
113,113,奥道
224,28,塩道
153,198,丑久保
227,39,井並
101,212,井美
165,200,井戸木
66,63,井岸
29,83,衣田
83,87,伊作
250,16,伊左次
84,192,伊花
230,87,阿波加
188,163,阿納
181,191,前住
85,198,浅部
220,135,千野根
61,196,石間伏
250,128,青川
231,68,西中間
132,62,西弘
205,234,清水頭
4,54,清古
214,141,正者
75,29,星信
31,130,政光
71,235,成実
105,39,瀬渡
203,61,瀬ノ上
193,45,菅和
175,81,菅島
138,237,水俣
88,248,水牧
84,170,榛地
196,255,森廣
125,95,新巻
230,47,信山
25,178,上金
130,23,恒見
38,238,恒任
85,26,江竜
148,219,高稲
239,239,高成
52,109,高達
135,161,高築
45,23,崎枝
151,118,笹江
118,146,札木
43,166,三ノ宮
202,152,三滝
97,102,三東
8,109,四役
199,254,志萱
65,77,志多
73,222,時尾
155,133,渋澤
170,246,重金
204,250,重満
94,182,春尾
102,117,小相沢
42,83,庄嶋
78,193,床尾
164,87,丹家
47,253,炭野
155,124,地挽
159,5,池奥
247,193,竹野下
72,102,中斉
204,173,仲井真
62,192,柱
181,2,長谷坂
190,230,長谷野
204,186,鳥津
85,235,鳥澤
242,171,陳内
98,40,塚岡
205,18,定家
174,208,釘丸
211,112,的羽
152,240,天地
179,253,天堀
16,68,田主
222,66,田野中
229,254,田野島
198,191,都祭
32,56,島廻
30,247,島峰
65,76,東久
33,46,東林
158,127,藤満
110,183,谷地中
12,158,西邨
169,115,静井
199,59,昔農
101,88,石向
15,248,石司
101,185,赤畠
125,119,切中
62,40,雪村
31,137,川谷内
202,71,浅埜
130,144,善塔
63,33,倉鋪
122,184,早弓
40,213,増留
149,210,則信
110,72,村富
70,44,多米
98,105,太中
241,7,打谷
97,129,泰井
28,30,大旗
60,52,大黒谷
239,152,大窄
74,70,大壁
167,147,滝頭
145,56,瀧谷
113,240,宅
105,222,沢端
12,131,童
83,41,富板
89,216,浮海
110,68,福生
186,0,別城
189,202,宝徳
132,160,牧江
112,35,本勝
1,71,又
31,188,万行
139,244,満野
246,110,鳴本
22,253,木地谷
74,20,木道
108,199,目瀬
4,165,柚上
51,179,祐野
97,56,用正
110,194,立上
100,61,立村
252,21,六島
96,232,脇岡
247,51,嵜山
160,7,楞野
187,255,欅
246,120,渕川
1,49,渭原
180,78,礒島
100,206,糀屋
192,143,富士谷
135,227,道音
165,32,独古
77,0,栃川
238,230,奈良野
246,56,内柴
170,193,内畑
135,101,南浜
26,73,南堀
164,9,楠谷
135,72,二井矢
51,14,二間瀬
254,121,日下野
83,91,波佐
39,131,波左間
230,103,馬見新
146,208,馬酔
60,235,煤孫
144,117,麦生田
198,150,箱嶋
93,107,畑澤
81,195,班目
131,147,畔木
55,213,磐井
84,207,肥前
155,59,尾ケ井
219,249,浜正
193,231,浜之上
237,109,富園
9,109,義岡
133,126,久鍋
253,156,去石
9,238,橋富
237,235,近平
255,215,桑下
227,195,恵比
14,4,兼吉
187,143,見本
24,254,元長
66,187,古家後
23,20,戸佐
63,233,枯木
24,191,光久
78,74,光林
232,180,向坊
11,70,広元
202,209,広辻
248,44,弘松
98,186,弘本
40,69,江利山
47,130,甲川
234,198,糠森
156,91,高旗
248,24,高野沢
255,50,高来
119,171,国守
199,168,佐平
51,160,亀嶋
54,58,阿古
69,94,阿志賀
199,142,阿瀬川
12,179,阿津
81,61,芦垣
79,60,芦苅
47,245,粟森
114,23,伊江
135,14,一ノ
71,59,一口
227,78,宇賀村
134,145,永林
110,127,奥冨
42,143,沖松
70,41,荻内
108,168,億田
185,117,恩河
253,232,下坊
62,187,仮家
137,190,夏伐
83,61,河竹
3,80,花生
7,173,皆森
118,101,外屋敷
13,66,梶永
140,131,簡野
178,17,関部
4,62,寄高
175,235,歳桃
206,104,小金谷
26,130,小金澤
104,42,小森山
56,12,小梁川
244,52,小和
196,245,松寿
24,100,上安
58,218,上光
112,154,上酔尾
58,137,乗金
145,245,新枝
114,134,森徳
79,152,真沢
221,81,神楽
232,163,神通
60,83,神南
0,144,神白
129,87,仁義
149,174,諏訪内
189,59,吹井
83,116,勢子
230,147,政安
56,34,正橋
175,27,正入木
8,69,正法地
168,118,清水野
206,234,生月
57,190,生和
10,122,小柿
254,231,阪村
183,118,崎坂
211,231,笹治
196,225,三井所
204,207,三喜
58,112,三軒
88,144,三原田
209,104,三十尾
164,255,三露
242,24,山一
190,8,山王丸
151,14,氏井
123,193,時友
108,218,七川
229,138,室館
202,185,室之園
45,202,実山
90,231,芝元
250,237,手操
230,41,珠玖
197,7,種沢
72,189,酒屋
87,216,宗兼
244,242,宗利
230,59,出畑
111,39,緒賀
75,49,諸頭
159,182,小曳
40,147,中作
219,148,中積
227,194,中木村
98,207,中葉
140,149,中和田
162,245,町居
27,251,長重
170,28,長水
38,187,珍竹
131,66,辻久
145,48,貞宗
247,17,程山
18,77,天日
55,236,田合
49,206,渡場
173,155,登里
181,101,島橋
166,139,東岸
86,249,東邦
56,71,徳世
172,4,奈田
102,34,南尾
106,162,楠間
135,150,入屋
112,169,納本
177,66,波留
105,154,中願寺
237,206,筑地
43,230,竹城
5,197,築茂
131,45,築出
241,254,池之野
29,65,地頭薗
64,95,谷瀬
25,27,達田
251,254,沢和
14,232,大録
254,165,大留
159,112,大導寺
98,167,大床
193,74,大汐
241,86,蔵敷
234,118,増形
128,174,走川
227,203,早志
39,0,倉瀬
159,65,倉坂
234,193,曽根川
75,136,曾我辺
239,218,浅浦
7,234,川奈部
58,134,千沢
90,51,雪吹
26,147,梅花
218,134,霍田
241,179,籔下
140,94,籠原
82,160,澤畠
253,248,澤紙
121,69,嶽石
100,147,和西
217,1,老
13,180,浪間
173,94,露原
196,127,例鎌
79,99,林屋
239,100,旅田
128,61,陸井
76,79,薬師川
47,134,野々目
232,134,杢谷
104,237,茂松
197,157,明和
238,19,明内
55,218,椋尾
136,83,霧島
214,29,民本
187,132,箕岡
158,148,満沢
50,22,万戸
63,103,末利
242,69,麻里
103,56,本窪田
227,105,堀切川
174,210,堀西
196,187,牧薗
186,223,北波
96,37,並田
25,206,文岡
29,119,物
99,254,仏願
121,231,淵沢
217,110,幅下
128,29,武鑓
47,164,浜詰
175,35,美登
89,155,尾場瀬
1,81,飛嶋
191,242,肥野
75,169,畔野
134,70,鳩宿
72,27,八代醍
119,117,畠平
95,80,白木沢
38,211,白鷺
248,17,萩永
147,223,梅坪
138,193,跡田
119,233,幸丸
86,8,光貞
5,67,後小路
222,154,呉島
188,127,伍井
79,159,古保
151,73,古怒田
40,42,古梶
180,208,源嶋
144,54,見神
8,128,兼若
252,190,月花
168,67,桂野
250,113,窪塚
100,204,金牧
195,162,玉邑
213,201,朽方
38,149,宮正
221,199,宮庄
84,106,久連山
188,183,吉雄
212,5,吉町
249,190,幾留
46,104,岩江
117,207,寒沢
40,145,蒲牟田
87,197,笠波
20,10,角上
208,89,絵幡
71,30,荷方
211,173,花泉
181,142,花浦
94,51,火山
154,117,加子
198,196,下小牧
196,92,下柿元
24,29,屋地
78,138,沖上
148,41,岡積
154,91,奥垣
135,208,遠宮
65,127,永治
167,29,浦屋
25,7,宇納
144,176,宇埜
170,84,宇津見
112,147,蔭田
214,159,稲口
42,126,井奈波
158,147,井月
180,198,安宗
25,61,粟戸
252,170,阿隅
88,11,幸良
91,117,赤時
119,49,西水流
18,11,生信
114,240,牲川
101,76,瀬戸井
252,40,菅嶋
200,100,進木
202,194,神埜
36,125,新舎
217,73,新階
210,0,振原
163,52,上端
116,248,松城
66,151,小榑
86,33,小木戸
88,221,小田橋
126,221,小砂
32,71,小割
174,37,升元
16,200,潤井
28,184,渋屋
74,143,舟元
146,5,秋宗
245,113,樹神
57,73,酒勾
110,169,若穂囲
34,137,若元
62,185,江湖
132,185,甲把
71,112,高乗
200,234,合場
1,121,合力
216,151,腰前
7,41,今間
101,237,今針山
178,176,今峰
36,218,佐野峯
43,220,砂森
174,83,咲花
56,132,三巻
176,80,三反崎
243,158,三壁
86,125,山関
237,48,山郷
34,198,山初
85,251,産屋敷
162,49,四津谷
130,75,志佐
32,72,寺江
28,90,持舘
172,237,実村
79,13,柴井
240,234,柴辻
229,99,猪ノ口
210,156,朝来
117,117,長谷地
215,175,長谷中
243,153,長徳
135,90,津堅
92,237,津乗
129,113,辻塚
104,81,鶴戸
250,66,堤原
171,22,定常
80,246,定木
126,215,天賀谷
121,175,伝川
248,87,田米
120,226,登嶋
177,125,土沼
205,139,道政
90,149,馴松
237,172,南清
243,31,二家本
22,140,二子
63,51,二条
41,114,二森
81,134,入鹿
96,103,濃沼
177,114,中通
217,218,置塩
179,171,知覧
254,47,谷石
240,208,沢岻
80,131,滝宮
239,165,大籏
190,168,大開
206,93,太子
1,35,増住
186,235,草信
204,244,相吉沢
103,200,惣慶
192,69,惣角
241,54,倉森
69,178,倉狩
87,172,浅瀬石
76,55,浅江
115,88,川那子
75,36,赤繁
94,177,生西
159,110,正力
65,215,姓川
212,56,瀬見井
173,243,須澤
110,1,須増
109,48,鈩
175,158,磧本
134,113,榧場
137,248,椨
83,254,會澤
197,99,藁品
185,228,脇口
36,191,和高
171,238,養老
44,177,陽山
129,210,用皆
32,251,与羽
13,138,夕田
159,18,友尻
145,207,矢入
246,129,矢熊
53,173,野木村
184,193,杢保
241,122,木鋪
247,211,明慶
247,252,椋梨
36,217,末留
186,73,本樫
70,182,牧添
67,179,北窪
205,104,房村
61,134,豊中
49,145,峯浦
42,62,穂谷野
198,3,保元
121,159,柄目
160,237,平福
248,60,平佐田
86,227,福竹
223,118,部家
119,34,武淵
21,73,武佐
83,36,富内
76,222,富士川
66,55,浜江
238,90,苗代沢
55,188,菱野
221,241,尾屋
77,76,飯迫
5,153,飯土井
96,160,飯柴
128,209,繁泉
40,125,板屋越
180,186,櫨川
61,188,粕井
145,18,白玉
231,37,梅中
58,58,陣場
74,80,金兵
72,212,金富
148,194,近正
20,221,玉作
81,245,京崎
96,47,弓木
177,72,宮渕
155,173,久力
215,136,久保本
233,60,久津
185,157,義経
192,81,岸崎
201,188,丸矢
6,154,間仲
222,105,間正
88,95,勘米良
201,210,瓦吹
244,96,角辻
177,118,柿倉
115,90,垣中
106,252,垣村
251,81,垣貫
190,164,貝淵
42,193,賀藤
30,52,賀好
127,64,河方
44,205,河杉
96,239,下青木
72,92,下寺
22,158,温
209,222,岡永
35,149,押条
13,11,塩内
53,79,猿倉
46,0,円入
178,23,永由
71,160,影林
199,206,雲岡
103,104,浦宗
3,251,雨木
224,96,雨倉
198,110,雨笠
212,217,羽座
46,46,宇恵野
12,207,引頭
127,122,井道
0,166,井伊谷
22,49,為川
144,128,伊代野
11,85,安陵
11,128,安政
11,163,安上
234,116,仁昌寺
169,195,真仲
19,107,森主
216,197,新後閑
121,151,新戸部
112,62,城和
254,94,乗川
194,23,上兼
41,13,松兼
208,154,松賀
247,175,床嶋
55,130,小諸
207,31,女池
217,120,重道
144,82,重丸
94,43,宗久
80,87,若曽根
45,77,漆舘
28,248,児平
5,112,四十住
116,196,山野目
1,198,山貝
112,61,三本菅
90,218,三畑
219,106,坂槙
156,9,斎竹
121,225,具
86,49,窪地
75,232,熊久保
244,116,熊橋
59,231,軍地
81,46,景浦
227,49,建入
229,208,鍵岡
110,105,源本
43,110,玄馬
31,216,古岩
138,132,五町
144,216,厚味
252,195,幸元
214,173,幸尾
227,34,綱野
232,243,荒引
27,110,行部
172,122,高鴨
19,56,高嵜
138,94,黒萩
237,208,黒淵
132,21,今飯田
234,132,今浜
243,115,佐渡島
11,92,砂留
111,110,鳥井原
168,177,長福
199,184,長正
244,255,朝久野
242,117,朝烏
238,29,猪頭
50,154,中並
119,6,中古
36,185,中畦
234,241,茶圓
209,226,竹瀬
210,51,竹氏
226,201,檀崎
167,67,谷日
248,236,谷代
38,176,直海
211,64,津滝
35,80,釣川
24,251,貞廣
86,60,定池
102,255,天下
88,39,殿木
81,93,田隅
93,105,田津原
48,195,田之倉
179,101,兎本
247,215,都川
45,13,土井川
80,190,湯汲
49,255,湯場
9,206,大梅
25,239,仁見
130,225,数
111,230,数間
120,150,椙尾
177,242,澄
83,111,瀬古沢
170,207,成家
16,60,正部家
6,226,正留
17,104,生森
64,252,盛崎
231,59,西間
87,145,西関
230,64,西子
68,10,西寺
140,60,請園
170,57,請地
182,213,石原田
49,78,石盛
1,0,石墨
104,190,切東
164,216,雪江
161,226,雪入
115,191,素野
39,206,操上
40,172,早沢
211,145,蔵川
195,46,太居
148,164,代市
165,156,大喜田
220,88,湯通堂
105,122,北峯
119,19,墨岡
204,166,本寺
112,119,麻畠
69,109,満吉
137,95,木野瀬
215,218,野竿
27,130,野住
234,7,矢羽
210,104,矢住
57,82,矢浪
76,182,友行
40,242,揚原
246,143,浴田
80,84,来夢
129,245,裏谷
139,61,立森
147,147,連川
63,237,露本
17,94,老平
16,49,蝋山
71,106,和根崎
131,252,和田森
79,22,和田谷
38,37,侘美
7,76,國方
51,92,澤辺
26,1,筥崎
239,102,罍
23,206,譚
49,128,峰元
239,60,藤政
214,70,徳家
198,179,徳崎
100,156,徳舛
157,3,徳保
50,119,寅丸
207,140,内八重
29,170,二野
96,184,日俣
52,16,能本
133,105,農本
244,157,波瀬
148,65,芭蕉
206,137,萩崎
72,99,白賀
205,96,白峰
210,243,幡多
55,115,八千
71,44,美作
62,43,俵原
179,116,瓢
149,255,冨着
19,120,扶川
169,148,斧原
207,38,武崎
134,137,武用
86,137,伏間
12,243,福別府
225,128,分
59,27,平墳
163,211,河重
220,227,河平
109,158,荷田
137,57,菓子野
62,125,海出
193,117,樫井
226,92,葛見
98,72,椛嶋
99,158,茅嶋
142,70,勘解由
134,11,舘崎
5,252,舘谷
168,133,寄元
51,19,岐津
78,58,紀太
171,129,亀貝
51,26,義家
80,137,義元
123,87,吉筋
60,175,求
184,41,橋沼
123,72,橋部
69,153,襟立
161,24,近馬
230,193,金家
51,147,金辺
166,157,串本
173,179,栗永
25,125,栗坪
129,110,結田
125,185,河向
83,181,愛宕
206,253,以頭
23,185,易
192,80,衣本
235,173,井古田
114,127,井佐
239,210,井手下
124,156,井滝
154,213,稲数
48,6,宇夫方
233,85,烏
128,103,羽住
64,52,羽納
97,12,姥谷
150,98,浦底
172,81,永椎
228,198,益尾
43,5,榎木田
130,229,園中
227,242,奥代
24,182,岡弘
28,135,岡木
155,95,沖森
193,18,恩納
241,161,下泉
88,142,下長根
204,26,下埜
135,237,加瀬田
8,222,加瀬野
243,42,家里
28,134,月尾
198,137,汐満
19,195,鹿森
56,175,鴫
24,83,鴫田
232,8,実島
42,24,篠江
231,95,芝波田
183,73,主計
155,0,種瀬
45,204,宗定
51,90,出馬
66,18,升崎
177,202,小羽
60,125,小勝負
227,161,小達
240,16,小槌
101,213,小田林
135,62,小嵜
39,21,小搏
113,6,松名
150,207,沼舘
173,169,上田井
37,206,上野谷
172,201,城月
194,56,常安
36,25,常楽
155,13,新嘉喜
179,28,森常
109,230,深渡
205,51,真渕
245,103,汐川
186,116,元上
217,67,原井川
82,178,玄蕃
231,235,古座野
172,12,古柴
226,178,御調
251,17,向仲
111,126,江俣
88,251,港川
1,220,高薄
73,56,高比
159,33,高野倉
68,205,狛
211,88,今高
235,198,今畑
67,203,紫葉
127,125,糸乗
229,56,指
232,247,志馬
54,220,志慶真
183,63,四茂野
26,50,山徳
217,66,三水
103,73,鮫嶋
239,77,作内
242,182,左子
66,132,佐賀井
115,86,紺藤
176,21,根保
141,19,今渕
167,141,仲石
92,146,猪鹿倉
169,145,猪平
54,24,朝日向
237,160,津司
46,215,津地
244,184,津尾
87,80,津木
239,247,栂井
187,121,辻屋
203,120,辻江
164,171,辻石
182,149,釣崎
249,143,鶴瀬
192,135,鶴浜
214,188,貞木
128,198,定宗
55,238,釘谷
166,204,鉄村
121,9,田見
210,2,田塚
201,88,渡守
126,194,登喜
53,154,登野城
233,96,唐須
171,149,嶋末
144,199,東栄
18,120,東向
34,123,東道
167,124,中土居
252,128,川原木
8,53,浅松
110,139,染原
158,68,舛川
171,6,船蔵
207,15,前潟
59,114,早石
129,40,巣瀬
91,192,草浦
193,62,多山
70,93,太田川
212,144,太陽
8,108,柁原
22,50,堆
37,82,台信
110,88,大岐
178,31,大継
30,241,大正
52,150,滝音
147,46,宅美
206,157,棚川
53,14,谷橋
248,2,谷杉
225,74,男澤
66,159,地場
194,108,池滝
18,213,竹矢
69,254,中迎
239,150,中陣
213,58,湯之前
219,136,万沢
3,10,明永
180,235,明嵐
158,24,鳴
222,34,茂串
36,76,木永
71,185,木町
226,3,木矢
193,220,門下
158,141,野作
219,31,野草
163,175,柳池
145,252,唯
218,119,余合
64,76,陸浦
113,141,竜谷
38,52,良本
13,34,練尾
122,116,和辻
165,219,和田守
237,135,和内
156,69,濤川
255,165,濱屋
5,159,癸生川
105,236,筌口
136,151,糺
164,147,贄川
62,161,餘目
194,67,鶉橋
204,224,本堀
28,176,藤ケ森
184,82,藤渡
224,100,洞庭
209,100,椴木
88,54,奈良沢
94,39,那木
202,229,楠浦
88,123,日橋
92,99,買手
251,91,白鷹
23,27,麦
51,184,半浦
192,174,半山
24,138,繁在家
162,209,飯降
69,15,樋崎
172,149,尾幡
79,248,美才治
75,64,氷熊
132,145,浜倉
193,174,冨宿
137,77,冨宅
197,152,福隅
100,245,平社
43,223,法元
13,46,北所
165,181,堀向
93,69,堀留
176,86,幌村
223,155,川永
13,22,橿原
93,120,葛篭
42,38,鴨林
200,11,栢下
120,28,貫戸
45,18,丸元
194,192,喜久村
226,118,亀梨
14,239,吉光寺
113,3,宮葉
59,35,牛飼
235,24,居戸
187,29,巨田
121,155,橋木
47,147,近江屋
59,216,金目
160,52,駒川
101,116,沓脱
78,29,兼川
138,72,元生
71,204,源波
59,184,古尾
45,58,公森
112,143,功
3,247,構口
241,172,甲能
207,184,高斎
219,3,高美
147,77,国玉
108,254,岳田
215,22,"〆""野"""
156,164,飴野
241,164,綾垣
139,155,鞍谷
184,191,杏
113,253,伊久間
197,185,伊豆元
73,113,伊豆本
145,235,為定
70,133,井ノ山
109,37,井角
198,192,井埜
96,154,羽根井
199,151,影
92,247,栄楽
25,42,永春
114,93,園崎
209,54,遠崎
212,64,遠渡
189,237,横峰
16,147,黄檗
129,13,岡重
235,230,岡迫
26,185,桶矢
171,99,乙女
14,164,下川路
195,244,嘉見
238,169,河久保
232,228,開沢
129,29,黒杭
244,33,小國
246,13,庄屋
164,154,菖蒲田
91,50,上熊須
205,224,上福元
3,58,上栫
108,62,上籠
37,242,城向
56,243,信井
249,111,森影
141,7,真霜
1,134,神渡
69,179,神余
245,246,親谷
48,99,須野
245,135,水鳥川
214,253,世一
166,102,瀬沢
176,153,瀬浪
24,61,政金
102,27,星住
97,31,西政
172,45,斉宮
73,212,石室
35,188,赤窄
55,1,切金
27,202,雪井
246,220,千勝
134,121,千川原
33,61,小竹原
190,116,黒浜
64,213,今朝丸
46,14,佐久美
214,132,佐幸
64,89,才門
204,89,細屋
157,29,細居
63,181,細溝
34,130,財賀
196,45,鷺野谷
79,133,作並
14,205,察
26,161,三ケ月
235,7,三津川
104,120,三内
209,74,三里
175,111,山碕
202,27,山磨
61,122,志釜
148,172,鹿子生
245,198,鴫谷
173,141,軸原
207,196,主原
211,105,宗貞
108,179,十代田
215,157,戎田
200,88,升方
245,54,小善
224,239,小只
154,33,中駄
235,1,竹木
56,172,竹洞
1,28,竹形
120,92,地徳
65,56,知田
111,40,谷津倉
179,238,谷清
50,233,達山
90,244,大眉
200,61,大堤
230,195,大久津
97,130,帯包
204,102,太刀岡
29,155,蔵藤
227,76,草賀
107,35,中津原
250,73,中添
182,208,中飯
6,68,中弥
23,159,朝部
42,120,町浦
159,74,町出
194,22,津久
72,149,通
200,162,蔦沢
87,201,貞兼
208,107,庭本
112,111,田地川
1,211,田道
83,155,田麦
177,222,登美
148,161,砥板
126,181,森實
206,120,仁子
199,160,靭
92,119,諏方
155,119,椙下
44,20,世森
115,184,瀬戸田
104,251,勢村
164,56,成光
8,71,政川
253,71,正戸
114,105,正光
118,124,生明
192,245,西国原
75,166,西周
92,199,西世古
193,120,斉間
234,39,赤桐
223,117,赤掘
151,46,赤道
136,1,折手
225,82,泉崎
188,24,洗
20,28,船沢
164,192,船登
221,109,前重
239,116,前仲
2,181,前藤
171,180,禅野
186,107,曽賀
118,142,曽束
202,181,惣門
126,78,相波
223,228,飯阪
157,247,番園
87,200,番家
54,99,美濃田
146,204,美納
182,126,百原
179,117,表西
174,250,浜安
205,154,浜手
230,254,冨賀見
37,233,冨長
187,225,風沢
1,74,風谷
13,103,仏淵
168,129,柄川
180,245,米次
95,201,米畑
199,195,米桝
146,244,宝野
150,228,豊瀬
179,105,北正
213,133,堀次
83,187,本浄
204,38,毎川
119,106,末若
28,39,味原
169,70,明官
169,3,門叶
137,223,矢引
35,169,油上
56,229,友江
60,98,邑楽
228,175,留野
206,197,東儀
160,154,湯浦
34,183,藤保
29,45,堂垣
132,43,堂道
203,96,峠谷
206,225,徳政
39,215,徳堂
15,36,楢田
21,76,南後
14,19,二井田
211,200,二田水
203,55,二條
137,98,日口
223,77,日美
35,139,入場
81,183,年神
196,27,乃木
12,18,埜本
55,128,納口
211,205,拝藤
51,228,柏屋
123,187,柏柳
124,122,泊口
166,65,迫山
135,146,迫谷
84,182,幡田
207,9,八塩
9,54,八丸
43,16,八長
43,98,八百井
252,14,八浪
158,67,半仁田
7,43,森知
107,237,下柳
44,114,下夕村
122,81,加行
237,222,加渡
59,58,加峯
238,222,家後
128,169,我彦
71,101,雅楽川
19,44,界
41,203,垣端
249,165,垣副
95,0,角平
207,223,笠上
184,63,笠畑
22,117,鴨木
129,52,寛野
3,20,館花
108,87,館上
236,174,丸山野
134,107,丸西
252,42,亀水
60,28,宜志富
76,193,吉久保
246,135,久間木
153,208,久万田
211,76,京泉
211,37,橋北
125,123,郷路
159,125,近木
89,79,金折
138,128,具志川
236,116,喰田
246,48,熊城
172,204,安下
167,194,安河
172,223,安治
243,156,安良城
129,163,伊狩
21,7,伊豆味
145,116,井植
98,35,井之脇
83,244,井納
133,78,一角
102,138,一刀
220,143,稲江
103,26,宇仁菅
89,46,羽口
245,61,羽畑
211,252,卯城
223,80,卯川
83,119,卯尾
168,132,鵜藤
177,185,鵜尾
179,107,永塩
54,213,越猪
35,107,延吉
254,6,押金
191,11,横目
76,93,乙竹
148,175,音山
219,141,音道
252,155,下羽
162,222,下形
226,242,下瀬川
176,200,下土居
208,241,下徳
36,183,作石
112,141,三ツ本
138,21,三厨
62,169,三菅
196,143,山台
70,54,山野寺
255,132,四塚
124,221,糸矢
144,254,持主
56,30,時重
94,103,悉知
39,184,篠野
237,156,射手園
115,237,酒沢
12,9,秀川
252,120,秋中
159,53,舟谷
239,242,十二村
67,72,十和
60,187,重歳
124,194,春江
252,33,諸町
60,136,小梅
83,203,小野岡
202,79,少路
1,199,松畑
18,127,松峯
74,50,上久木田
150,114,上堂園
214,191,上硲
247,191,新正
184,20,森英
33,40,森継
242,100,栗和田
194,144,桑宮
233,159,形川
121,206,恵田
43,42,慶留間
87,40,兼口
196,87,建守
117,180,研
16,229,古竹
231,102,古布
43,186,古満
53,102,五上
66,28,五百旗頭
174,16,後尾
18,152,御領
56,100,光末
35,235,光友
106,248,厚母
78,145,孝田
177,124,幸塚
19,222,綱取
14,51,荒上
10,127,高延
16,129,高羅
199,234,此上
140,43,根釜
62,210,根無
13,120,佐須
229,226,佐知
168,46,嵯峨崎
40,108,左向
112,243,沙魚川
216,11,阪崎
23,165,浪上
171,197,柞磨
108,46,與田
224,231,池根
231,239,池之谷
103,255,中恵
225,229,中盛
152,224,中逵
96,76,仲見
226,243,忠海
195,59,長潟
174,143,長道
40,220,鳥木
82,228,津雲
224,105,掴原
242,226,佃井
108,37,釣賀
205,69,鶴目
76,30,定田
131,47,廷々
160,147,釘尾
80,98,田仁
136,248,田浪
75,208,登倉
205,37,登本
134,254,土光
42,209,唐住
144,129,東後
31,87,藤解
236,95,藤肥
161,199,峠坂
107,142,鴇沢
46,140,青名畑
109,105,斉須
50,196,石川原
121,134,石牟礼
243,248,赤嶋
178,180,千古
72,213,千波
118,71,川七
168,3,川林
157,80,泉妻
108,139,浅和
54,252,前渕
180,138,曽宮
9,160,楚山
201,159,倉辻
45,243,多月
114,100,多嶋
96,17,太田良
12,59,打浪
134,123,対崎
211,182,大川井
252,232,大川口
90,158,大曾
0,116,大端
2,191,大日野
252,225,大和地
89,211,沢武
36,59,只埜
85,222,丹正
255,15,栃堀
3,228,保足
73,209,豊谷
114,189,鳳山
214,71,北野谷
213,229,堀子
95,149,堀住
121,61,本高
79,49,毎原
97,248,槙坂
12,81,末瀬
78,125,末定
98,187,名嘉原
251,198,茂本
54,162,毛下
193,196,野高
167,107,野杁
49,8,矢板橋
139,160,葉沢
208,167,頼成
191,253,立迫
145,188,流川
150,156,溜淵
166,202,溜渕
183,81,輪竹
209,231,六条
118,88,嶌津
74,8,枳穀
25,235,澤内
199,80,簗島
81,171,内之宮
180,255,内埜
120,231,二輪
68,241,日野杉
124,188,納冨
149,223,波田地
50,17,馬地
201,174,拝原
17,216,背黒
220,102,萩生
124,171,伯耆田
203,190,白柿
72,93,白須賀
25,16,白矢
71,81,八十岡
137,156,判沢
193,252,披田野
26,158,樋坂
58,246,樋木
217,177,筆本
100,202,浜窪
143,168,富宇加
67,90,富取
59,102,武見
86,80,武士田
185,32,福瀬
249,205,柄
88,88,米浜
223,232,辺春
27,35,貝渕
141,142,垣根
35,115,柿畑
140,226,角海
56,163,笠毛
26,120,管藤
192,34,間瀬田
78,28,岸間
83,193,岸裏
25,157,岩知道
14,231,岩浜
19,52,喜志
32,134,喜多田
169,100,旗持
220,155,菊楽
244,158,久間田
82,122,久保岡
26,34,久保居
136,175,宮堂
139,88,牛居
39,7,居田
97,39,桐澤
202,224,金作
129,246,駒嶺
227,237,郡司掛
96,44,桂本
54,175,畦
120,138,畦浦
195,108,月輪
59,214,"〆""木"""
107,253,安威
236,222,安賀
80,21,安栗
196,122,庵野
115,104,夷
34,98,為
123,4,井龍
199,237,一兜
169,89,宇都口
115,43,永来
184,243,奥主
90,163,横河
90,191,岡茂
168,13,屋山
211,174,屋城
130,140,屋成
28,117,下佐
183,156,下土井
49,28,下堂園
156,158,下栃棚
158,201,加々
252,117,加隈
241,190,可徳
137,7,嘉義
49,120,花桐
120,77,華岡
130,203,海老島
116,32,皆戸
116,18,研谷
253,237,秋生
110,223,秋貞
10,123,住屋
164,198,重延
31,72,重定
24,70,小ケ倉
41,81,小仁所
240,128,小多
20,127,小田和
206,141,小役丸
221,116,上ノ坊
121,72,上霜
50,245,上続
144,19,上林山
105,75,植屋
144,156,植畑
183,34,信澤
130,13,新良貴
124,201,深栖
250,180,仁谷
9,212,水無
107,81,椙江
222,199,菅信
4,249,瀬辺
249,188,成願
125,112,政池
202,40,清中
178,154,西岳
230,114,西能
72,49,見供
144,249,見瀬
5,20,見澤
206,176,鍵原
189,87,原辺
205,149,古波
99,187,戸花
137,253,湖東
12,90,呉地
121,191,後庵
248,106,御嶽
224,197,鯉登
13,54,向居
156,179,向林
126,61,荒池
243,80,四丸
114,182,志内
105,71,氏福
94,194,寺分
198,47,時乗
113,225,次井
113,124,鹿瀬島
222,179,実崎
202,162,柴生田
74,141,柴北
229,51,芝下
127,15,若浦
86,220,手水
160,71,狩場
122,153,中達
94,107,中高下
131,170,知本
151,15,端崎
5,239,炭釜
70,192,丹崎
65,64,谷野宮
144,43,谷中田
59,109,谷丸
185,150,谷ツ田
96,133,棚本
35,73,只井
238,138,滝嶋
200,190,滝根
55,245,大篭
240,126,大平原
112,221,中繁
245,231,中摩
134,12,仲津
167,166,朝飛
44,131,長平
228,36,鳥辺
70,34,蔦林
47,58,程内
173,147,田ケ谷
166,176,田極
180,146,田藤
35,175,都知木
203,207,土浦
25,43,土佐岡
97,4,唐岩
137,13,東吉
7,248,東小野
208,166,大通
200,180,須和田
124,185,水場
73,130,杉丸
237,84,瀬里
239,195,畝山
75,206,清水端
114,62,生瀬
72,126,生武
217,129,盛井
17,44,西願
14,55,西亀
235,160,青盛
245,27,石羽沢
32,224,石須
25,249,石竹
43,170,石津谷
254,188,折舘
81,151,千屋
41,251,浅図
145,55,銭
183,170,前浦
175,41,曾宮
29,249,相座
19,143,相藤
117,232,草塩
169,125,則久
157,234,村屋
127,51,村仲
186,155,多加
72,130,多地
147,98,大河戸
70,11,大好
205,85,大谷部
207,144,東新
3,3,別枝
61,126,保城
200,130,穂森
95,46,豊東
209,228,北斗
81,51,本竹
140,236,本幡
93,35,末上
130,94,満原
117,43,満本
160,30,名雲
106,59,明円
176,58,毛涯
57,207,木植
11,100,木之本
210,75,野玉
187,135,野国
78,177,矢場
50,53,矢森
199,244,矢野倉
248,240,友水
114,27,遊木
203,69,来村
143,7,裏地
183,12,良
23,120,鈴掛
168,8,六崎
69,63,鰐田
72,178,枦本
153,81,枷場
50,149,渕辺
132,84,澤藤
81,7,簑和田
80,52,平迫
211,237,東南
157,30,湯橋
154,104,頭山
158,35,堂西
101,161,洞谷
246,130,道順
214,213,道念
209,103,奈村
242,95,那
171,37,内形
88,228,南湖
80,115,二ツ木
60,210,二ノ丸
166,210,二日市
186,69,日西
219,193,日中
143,170,入学
65,37,播岡
13,183,背古
34,70,梅松
69,195,白駒
113,161,白国
33,196,伴在
53,98,板元
40,70,番井
81,242,尾間
50,162,尾近
63,15,美間
159,196,美好
174,8,附柳
30,180,伏黒
155,46,福広
103,181,平信
78,84,河木
215,102,花部
78,183,荷福
134,226,蚊野
249,132,我部山
187,190,開道
195,66,椛
222,23,寒水
56,104,関永
30,151,関富
40,65,岩黒
136,140,吉ケ崎
33,73,吉谷地
19,147,宮ノ下
7,136,宮高
3,45,宮先
54,108,京川
139,121,近喰
200,155,駒塚
220,224,窪沢
110,242,景
212,48,継枝
98,171,犬尾
110,136,元久
137,101,原品
254,155,源代
240,134,古小高
2,180,古沼
78,1,古武家
111,189,五賀
172,95,五本木
50,190,後木
128,96,江尾
35,172,河塚
11,143,阿崎
157,42,阿地
68,114,芦萱
173,222,芦間
202,57,粟辻
213,73,安司
224,221,伊中
16,137,伊都
49,141,伊嶋
251,4,伊豆蔵
39,27,一心
192,102,一幡
21,85,一林
115,173,壱崎
106,110,右谷
15,19,臼渕
128,136,永武
92,52,益池
100,237,円福寺
52,71,猿館
146,95,塩竃
84,70,塩寺
130,198,奥倉
8,194,横貫
223,93,横場
177,144,岡吉
206,252,岡泉
255,133,岡南
102,129,下唐湊
149,205,加賀江
112,194,加津
85,241,加波
216,101,歌原
233,68,甲斐崎
128,31,守島
165,133,舟
65,192,十字
185,238,重近
58,89,書川
213,203,小ノ沢
13,178,小岩屋
3,173,小見野
225,220,小山石
160,12,小切間
222,142,小浅
94,101,小谷口
195,252,小田辺
137,219,小縄
81,44,小俵
223,26,床田
121,80,松ノ木
6,33,松丘
78,229,樟
254,14,沼内
236,133,上形
248,164,上川内
88,113,上川畑
176,101,上大田
10,144,丈達
36,243,常磐
18,56,信吉
208,56,新土居
196,67,森東
247,227,森辺
107,57,深渡瀬
7,16,神長倉
107,109,須東
39,244,守上
210,227,綱崎
145,4,行光
155,63,行時
241,253,行縄
176,230,高細
86,77,鴻
188,224,合澤
12,247,黒瀧
99,142,今古賀
19,13,今内
109,249,根山
186,171,佐喜
151,24,佐田尾
95,172,坂野上
86,207,桜原
102,11,三ノ輪
135,251,三越
138,99,射延
99,247,室中
104,186,室家
17,133,七五三
147,134,雫田
82,20,鹿野谷
63,189,鹿末
202,7,時広
219,229,時井
33,66,持立
83,37,枝重
216,184,志風
46,148,志間
254,150,市林
233,5,山之井
245,139,山ノ口
59,161,谷松
226,66,谷之口
174,44,淡河
242,27,池富
252,139,竹株
29,115,竹之上
229,3,茶村
23,155,中手
208,68,中常
22,197,中幡
175,136,仲江川
248,15,天良
241,146,田志
41,63,田処
168,116,渡上
88,7,土手下
197,236,土木
80,92,島多
31,69,湯面
167,98,董
53,18,藤守
42,14,道北
234,42,那良
216,224,内永
87,75,内多
109,10,内澤
194,37,二井内
252,48,二角
93,29,日蔭
219,242,日合
73,47,祢宜
18,54,谷宮
234,75,諏合
236,218,須賀野
247,179,垂沢
139,71,数森
26,37,椙浦
61,133,世継
82,8,瀬戸本
108,65,瀬波
82,18,正影
190,95,清正
175,168,石下谷
210,164,石牧
53,149,雪島
198,176,川分
233,139,箭田
110,42,船串
218,8,船守
48,214,船塚
253,67,曽羽
157,160,惣明
114,94,太郎田
154,195,待永
114,201,代々城
172,61,大渓
238,228,大取
136,100,大川畑
108,22,大比良
212,84,滝中
92,19,沢戸
8,98,沢路
147,38,谷久
176,22,納家
185,136,万城
207,8,万浪
5,202,満薗
95,131,箕口
252,147,蓑方
219,235,民輪
12,94,鳴石
233,250,木ノ瀬
135,145,木舟
224,110,門矢
88,245,野極
116,251,野吾
249,127,野曽原
88,10,野茂
174,82,葉柴
27,198,頼経
120,228,頼光
30,207,里舘
98,177,鈴政
125,12,恋田
197,251,六渡
203,250,吽野
88,99,壺阪
239,208,嶌本
64,215,廣津
152,65,楡
216,73,澤江
147,211,籔
207,110,籔田
56,75,蜷木
92,13,贄田
241,199,末繁
182,118,梅橋
161,73,柏俣
165,117,八重島
84,17,八松
32,1,番田
232,187,尾田川
101,187,尾友
240,248,鼻戸
240,102,菱垣
189,197,姫宮
15,168,百塚
68,250,蛭町
190,191,浜小路
20,233,富窪
28,47,浮橋
235,67,浮中
98,235,武光
88,159,蕪
97,202,副
62,136,鮒子田
159,201,米城
137,72,返町
94,222,保竹
84,155,甫坂
232,90,宝島
27,163,峰脇
240,224,朴井
53,86,牧野田
79,72,本土
44,75,麻山
17,111,桝矢
21,180,神喰
199,85,加倉田
198,9,加藤田
206,190,加峰
241,228,嘉賀
224,253,家次
175,223,河和
230,212,垣木
216,194,格和
3,166,角瀬
113,231,笠作
143,242,樫森
46,49,栢菅
202,69,岩窪
245,64,輝
157,140,亀渕
50,130,吉際
172,189,久留生
1,226,宮舘
1,78,朽網
37,167,巨海
117,71,魚島
30,90,橋ノ口
242,144,玉渕
238,123,巾下
136,123,金勝
173,250,金福
81,186,恵崎
180,250,慶山
130,218,兼国
0,163,兼尾
244,250,原下
207,234,加柴
116,107,阿立
38,132,安士
247,63,安地
150,67,夷藤
147,117,井利
93,190,磯元
194,39,一門
116,158,一由
138,36,因泥
212,41,宇久田
55,223,宇留嶋
192,149,羽多
25,81,瓜阪
102,223,栄野
174,174,英賀
195,114,悦田
22,194,越光
65,230,越道
166,40,円地
229,230,遠国
79,249,押坂
41,230,沖館
85,0,下室
182,128,下新原
201,115,下清水
85,32,下大園
7,36,下谷内
129,158,下津佐
148,58,下堂
152,41,加久
242,213,加固
122,241,原畑
30,16,三河内
234,15,三宗
48,114,三笘
147,54,山肩
99,193,山桝
135,253,四十八
130,130,四野見
147,195,市ケ谷
75,178,枝崎
123,130,滋田
209,229,柴引
239,46,柴立
41,42,芝吹
56,58,釈迦堂
184,46,女ケ沢
209,89,小鯖
74,126,小曾納
188,190,小袖
29,41,小洞
108,188,小畔
166,142,松鳥
141,250,松鶴
56,8,松邑
70,74,松立
217,167,上垣外
116,241,上中野
217,233,常喜
241,153,植尾
73,11,新条
42,244,深森
100,176,真垣
114,163,三ツ田
50,110,玄海
218,68,玄場
199,27,古達
15,46,古土井
114,39,古峰
217,106,戸国
200,37,戸野本
246,44,五十右
163,148,五艘
43,31,後東
100,96,孝岡
143,42,孝子
45,41,江岡
139,235,江岸
76,170,甲部
232,112,行藤
173,216,高磯
98,150,高榎
2,171,高奥
253,160,高先
237,248,高千穂
95,187,高都
195,17,国下
223,193,今度
51,74,佐間田
239,131,佐名川
159,209,左村
64,190,細畠
52,221,坂浦
34,62,堺本
106,26,札
241,238,田材
125,199,田吾
48,182,天正
86,44,鼎
146,37,碇屋
55,187,鶴喰
76,123,塚形
168,130,椎村
145,231,津代
32,122,長瀧
112,96,長越
163,113,朝夷
35,247,猪ケ倉
227,117,中関
77,116,竹富
228,151,竹一
20,23,池宗
21,189,渡慶
217,231,登地
139,96,土釜
88,196,土切
235,58,土池
184,250,嶋名
41,78,投野
222,44,東舘
32,199,東山崎
111,249,東小薗
16,82,棟形
148,7,藤又
152,34,堂福
107,250,堂林
216,189,道藤
119,121,徳生
182,159,徳廣
199,246,那智
207,163,菅浪
221,135,世登
104,138,瀬理
84,171,生塩
229,42,盛藤
124,68,西台
91,10,石船
146,255,跡上
56,206,千福
59,195,川福
63,11,川野輪
108,242,前池
124,136,善甫
198,122,総
34,21,蔵森
152,67,蔵部
166,74,側島
84,135,村塚
225,169,太田喜
82,194,太良
61,118,替地
240,97,泰道
72,64,大河平
3,201,大梶
85,68,大迎
59,169,大見川
26,131,大黒屋
203,31,大出水
102,70,大石田
222,248,大鰐
89,113,鷹屋
239,170,谷古
94,22,谷城
136,173,谷定
175,128,谷風
231,245,二茅
146,42,法野
85,130,北宮
149,180,北之防
68,158,本領
33,132,俣江
81,174,箕山
215,228,箕嶋
134,68,名智
107,139,明正
148,249,面屋
214,28,網矢
186,248,木枝
81,91,門ノ沢
173,80,野ケ山
99,206,野賀
229,54,野邊
74,47,矢柳
54,3,柳父
220,87,柚井
251,104,遊橋
130,8,葉原
80,10,浴野
13,24,立堀
28,71,留河
134,216,梁池
231,244,麗
207,178,蓮仏
3,115,露峰
185,92,和倉
33,67,國安
7,193,澳本
59,203,籠本
193,249,舩木
18,168,鰕沢
137,161,鱸
230,215,廿日出
181,168,日岐
221,221,日恵野
57,122,祢占
179,219,波崎
62,57,幡上
240,158,八ツ繁
249,249,伴仲
120,48,帆谷
17,39,板金
81,129,板矢
79,42,繁光
21,70,釆女
147,233,飯束
225,206,番条
29,9,飛澤
228,4,備藤
170,9,尾ノ井
114,114,尾地
1,109,尾部
142,81,鼻和
27,49,彦山
242,233,浜治
51,186,浜門
206,238,布下
214,109,布元
101,173,布広
208,63,斧山
3,169,浮気
254,254,風林
2,219,福守
48,216,福呂
152,217,平重
63,163,保志場
64,69,法土
149,19,灰本
219,211,茅切
112,172,巻本
82,100,間室
68,112,間柄
30,155,関久
38,31,丸形
165,130,丸小
78,101,喜楽
14,68,亀津
112,0,吉若
136,46,久乗
195,82,弓庭
58,64,牛水
33,173,居神
145,192,橋見
49,165,玉串
183,213,近常
33,194,金和
15,7,熊瀬川
170,144,桑園
11,32,君川
120,168,計
55,165,結縄
151,187,兼西
130,158,兼房
14,9,犬嶋
85,255,絹山
113,155,庫田
219,113,戸床
173,176,戸毛
48,63,五十嶺
238,100,五内川
28,154,口分田
67,82,幸川
229,86,阿部野
187,166,芦尾
251,248,鮎澤
121,209,安宮
181,216,安黒
0,1,安次
111,21,安随
40,210,伊黒
133,16,伊石
90,151,稲松
90,166,因藤
212,108,宇草
103,29,鵜生川
176,4,丑沢
162,181,影田
16,32,園畑
115,159,奥土
14,142,王井
84,132,岡広
120,200,岡登
223,85,岡富
53,131,岡北
28,251,岡脇
74,111,音丸
36,123,下越
188,131,下仮屋
94,179,下風
194,63,仮屋薗
65,170,加舎
224,146,加世
153,235,家喜
30,12,家形
149,77,賀佐
234,245,賀上
148,96,海蔵
245,2,幸林
8,114,集貝
158,133,重沢
96,13,重末
105,188,出端
129,142,春島
105,136,助友
21,78,鋤本
174,149,小橋口
189,1,小軽米
82,131,小指
113,18,小西池
18,214,小川名
159,211,小納
177,20,上ノ薗
23,223,上吉川
19,3,上念
172,138,城福
179,158,常永
44,231,埴谷
105,158,植園
247,151,植苗
252,103,信重
111,38,新舟
160,243,森生
24,68,真上
109,116,真倉
76,18,真利子
67,28,須波
52,58,吹本
118,61,水洗
59,103,杉吉
67,187,杉枝
212,83,杉之尾
229,237,菅岡
43,10,菅居
22,183,恒遠
15,44,荒籾
10,116,高亀
212,94,穀野
34,153,黒氏
180,34,黒杉
168,111,黒太
254,98,紺頼
60,241,佐々山
38,76,佐滝
67,5,砂見
212,69,在川
150,91,薩
59,82,三賀
79,173,三鈷
0,241,三津原
25,180,三淵
100,255,山居
254,91,山懸
5,211,山黒
117,115,山田谷
203,213,山同
224,4,志道
208,156,糸見
169,140,紫関
10,146,寺光
51,68,寺方
50,189,篠畑
89,1,芝塚
137,96,射手
166,79,車崎
219,25,朱田
74,68,珠久
53,35,秀浦
254,217,秋長
90,5,長生
213,215,長ケ部
104,233,張戸
114,255,仲盛
234,230,中社
161,183,中国
240,52,筑比地
198,223,竹根
57,35,竹股
194,147,竹ノ上
13,23,池乗
171,104,池庄司
145,151,池井戸
191,231,端田
168,172,丹澤
12,162,谷内山
150,105,谷黒
30,31,津井
52,73,栂村
180,22,蔦森
122,75,鶴亀
60,54,邸
137,23,鉄穴
4,139,天王寺谷
4,182,伝谷
118,244,田井野
117,153,田越
243,5,田金
26,69,田戸岡
147,107,田鶴
209,178,田野実
8,99,渡野辺
253,97,怒和
220,99,唐金
120,234,唐原
45,78,棚岡
28,244,瀬出井
129,250,勢戸
72,84,成林
115,160,政森
47,82,星倉
176,78,星野谷
150,217,正地
230,54,西増
216,230,西亦
216,165,西野宮
152,146,西野目
26,89,西柳
19,112,西裏
112,34,斉脇
49,93,石灘
213,176,石峯
112,52,石名坂
70,78,赤佐
137,226,赤宗
13,13,赤楚
169,32,前根
33,3,膳亀
194,249,双田
10,72,槍崎
3,217,草西
132,155,則兼
232,251,孫野
241,46,多田井
160,184,大上戸
136,49,大入
76,252,大廣
19,24,鷹家
161,16,鷹崎
196,41,瀧村
109,128,只津
229,204,北場
9,92,北富
2,48,北目
157,141,牧沢
149,23,磨井
223,172,満富
32,181,味志
233,248,箕村
79,121,明川
32,80,茂又
56,212,木戸間
236,157,木太
80,231,杢屋
231,203,門園
35,101,野妻
1,57,野日
226,67,矢儀
189,230,矢嶌
51,231,柳清
58,245,柳辺
64,113,柳木
20,166,鑓野目
84,202,柚村
236,67,雄山
217,32,頼広
242,236,里脇
98,8,立古
67,119,留守
26,159,林出
190,60,老山
65,49,國松
207,70,壺坂
108,209,柞山
218,47,檜和田
142,55,條
96,222,北一
224,182,堂阪
2,0,道関
97,252,峠下
129,213,徳善
193,125,奈加
112,151,二河
166,239,日ケ久保
119,89,播谷
54,1,波越
190,125,波入
193,226,白椛
102,133,迫水
191,230,半渡
234,188,板谷越
203,19,比山
204,25,飛奈
133,46,樋尻
29,92,尾岸
72,60,尾造
165,240,美濃川
214,121,彦阪
35,97,表口
34,95,品原
213,96,浜森
255,30,富屋
8,83,福正
203,89,福有
21,1,扮
77,60,壁村
228,182,片ノ坂
163,192,片芝
143,2,片矢
15,21,菩提寺
198,133,法兼
12,82,蓬台
186,6,角光
159,197,樫下
126,24,橿尾
210,228,鴨池
22,13,茅沼
47,3,干
136,181,諌本
52,245,関町
65,55,亀浦
174,182,亀若
139,152,吉野谷
126,220,吉廣
253,9,宮滝
232,252,弓掛
172,121,給田
108,0,牛口
53,129,巨勢
9,98,京須
143,88,橋羽
120,221,橋森
196,252,鏡田
177,116,琴野
140,54,金ケ崎
58,63,金栄
65,149,金柿
187,198,金満
175,138,櫛木
14,250,隈原
62,191,形田
31,109,月坂
15,172,建井
125,104,元屋敷
14,135,元氏
218,33,元塚
126,21,原水
77,35,角花
170,161,安守
238,174,伊古田
168,25,伊多
245,50,伊與田
143,18,井殿
63,240,磯角
57,178,磯原
159,149,一ツ松
215,255,一筆
95,22,一富
12,25,印
81,190,蔭浦
189,82,鵜野沢
229,164,浦方
219,79,榎津
75,151,園畠
231,125,延江
236,63,遠塚谷
126,147,鴛淵
55,201,奥垣内
163,162,奥野木
231,222,恩智
188,152,音村
109,219,下関
242,134,下成
233,198,加
113,60,加代
205,82,河目
217,74,火口
234,12,花北
99,106,雅
181,112,海戸
110,251,貝守
90,118,外門
255,110,垣生
92,253,時武
234,231,爾見
125,163,篠辺
251,211,車地
133,217,若吉
170,211,守橋
64,100,手嶌
77,49,宗元
69,104,宗万
205,65,秋戸
251,37,舟場
216,96,舟尾
53,146,十津川
217,139,十和田
190,24,戎屋
56,146,出淵
85,215,春海
223,23,勝良
145,219,小知和
138,5,小野上
7,204,松海
54,189,松嶺
21,178,梢
64,9,沼村
13,160,上鵜瀬
35,31,上温湯
118,250,上神田
170,200,常原
154,181,織裳
247,20,新井川
10,208,森棟
197,154,深港
98,46,真喜
67,106,進村
116,182,水道
238,241,士井
8,233,古月
5,125,戸北
160,201,虎口
73,192,護守
48,41,光信
125,131,光長
14,155,光冨
79,230,向阪
53,63,向坪
74,37,幸岡
161,72,康原
204,11,香河
46,60,高津佐
118,220,合掌
21,219,国尾
184,51,黒屋
167,115,黒枝
119,108,黒長
234,238,佐下橋
115,230,佐古井
208,153,佐々尾
129,188,佐沼
232,4,佐舗
46,20,砂越
142,22,妻野
119,45,阪井田
229,39,崎濱
71,149,笹竹
77,253,三大寺
67,194,山下部
56,3,山国
194,28,山取
56,60,山砥
65,60,山鼻
114,59,四郎丸
78,164,斗内
252,109,塗谷
207,212,田並
204,189,天保
40,244,天ケ瀬
204,112,鉄羅
36,22,坪野谷
172,113,辻堂
159,7,辻真
194,90,椎林
208,247,朝村
72,177,中払
10,59,竹知
225,34,池地
40,136,池杉
130,9,池主
231,230,地藤
88,65,谷家
76,188,島先
10,160,嶋木
247,25,東照
110,70,東馬場
135,200,藤王
23,131,藤東
196,14,藤来
158,244,堂河内
210,151,堂谷内
177,203,道信
140,248,銅山
110,2,銅直
116,37,栃折
224,67,苫野
245,36,内屋敷
36,146,南宮
69,252,南向
194,220,楠下
169,129,菅能
239,166,是井
66,4,成房
65,181,政宗
52,253,星長
187,175,正源
21,203,生源寺
2,139,盛根
214,104,西屋敷
162,158,西清
187,53,西立野
11,240,青梅
68,25,石住
200,10,雪上
102,149,千貫
107,77,千装
28,192,千歩
183,227,川田原
163,159,川奈野
83,245,川門
54,10,組谷
52,226,倉町
74,100,蔵城
218,83,村佐
27,102,村並
81,240,多田出
93,31,太期
114,109,太山
168,138,太尾
249,99,太布
214,8,泰間
154,17,大篠
134,170,大杖
20,153,大津谷
79,101,大囿
24,64,竪野
141,59,楠神
188,115,蜂
87,138,望岡
201,149,北阪
45,4,北泉
233,229,堀栄
148,60,本中
104,194,名郷根
45,223,名口
56,168,名子
53,250,木ノ元
184,147,木吉
76,16,木佐一
176,103,木阪
233,212,野涯
184,68,野岳
173,211,野馬
170,46,野萩
91,156,矢田谷
203,56,矢留
232,52,由衛
189,79,由岐
111,178,遊免
241,151,淀瀬
105,238,来生
123,106,里島
3,114,立垣
247,65,立身
113,15,留奥
60,22,良峰
38,62,林郷
126,155,林辺
132,221,六原
153,27,峪口
198,155,杣
164,230,澤邊
46,198,饒村
119,243,日上
223,68,日野田
45,228,能木
243,75,楳本
114,159,買場
9,38,白馬
253,209,箱井
100,52,幡川
28,203,畠添
255,161,八亀
131,161,鳩崎
15,26,繁富
207,231,樋沼
22,23,美園
154,179,桧和田
194,0,百合本
86,119,品地
73,251,富元
168,206,武雄
247,160,伏山
200,202,副枝
173,215,福喜多
11,253,分野
232,57,文字山
112,180,平康
228,231,平脇
128,215,米蔵
215,163,碧山
147,175,片岩
19,192,返田
209,145,保山
243,32,補永
180,77,宝子山
107,41,宝示戸
190,216,抱井
240,19,芳倉
205,170,杉瀬
61,49,外越
154,152,垣井
76,177,柿坪
226,106,関河
65,39,館坂
83,79,岸浦
233,242,岩生
121,165,岩富
3,218,喜多尾
140,90,幾見
207,116,旗生
37,154,祈
168,171,亀森
32,4,義原
149,151,吉清水
36,11,吉和
230,128,久恵
168,43,久保坂
134,230,久保塚
183,202,久木留
205,136,魚
175,63,橋階
123,49,橋辺
151,78,興山
230,223,郷之丸
240,250,玉貫
132,37,熊取
177,209,熊中
220,185,隈川
86,73,鍬野
165,192,恵南
88,91,慶
98,213,繋
174,249,月脚
228,75,建元
249,220,権上
103,148,愛葉
69,236,葦田
100,192,伊五沢
36,91,伊佐見
47,166,伊柳
197,179,異儀田
1,97,井手原
41,110,井星
45,215,一鍬田
178,1,印出井
128,236,蔭谷
238,235,宇沼
54,73,宇吹
115,121,宇坪
245,116,永井野
167,242,益塚
199,112,延寿
44,101,遠海
200,99,塩水
60,151,奥州
174,106,奥信
152,111,岡道
27,96,荻根沢
99,152,下賀
124,86,下津曲
26,12,加羽沢
5,140,加々谷
61,168,加庭
241,194,加茂下
77,152,夏海
162,155,家吉
227,42,河喜多
226,107,稼勢
233,168,華井
140,180,海福
231,109,外浦
250,238,源口
238,147,寺社下
60,63,寺輪
159,114,時藤
240,147,治部田
117,179,室坂
32,157,若浜
38,237,手鹿
219,84,秋藤
15,74,重坂
158,196,重西
247,14,重茂
146,56,小旗
222,18,小春
127,23,小早瀬
83,201,小田根
110,25,小葉松
38,199,小篭
217,50,昌谷
124,79,松葉口
141,206,松嶌
231,7,沼賀
1,176,沼袋
16,111,鐘撞
129,217,鞘野
41,93,上郡
175,214,上之山
114,25,城木
146,108,常行
180,118,常徳
49,106,浄徳
158,179,植浦
52,122,植沢
6,247,信坂
35,37,真村
162,152,真野目
203,41,数本
171,220,古城戸
139,161,古暮
160,196,戸野部
196,141,狐崎
36,63,呉原
205,130,呉林
220,121,御囲
126,56,交野
178,113,公庄
3,205,向井地
196,153,康村
62,13,江内谷
135,209,行俊
23,189,高栄
54,70,高間木
90,238,高金
125,127,高植
23,166,高楠
235,101,氏林
159,42,氏永
74,86,四ツ田
142,206,三佐川
237,245,三永
39,51,三ツ屋
188,107,皿良
135,252,札内
164,222,笹峯
113,95,鷺原
223,154,細波
226,250,済川
123,184,左居
100,250,左右木
144,209,佐々布
68,191,根比
236,18,昆布
208,240,高茂
195,161,花俣
15,33,海方
155,97,海老子
125,223,垣東
109,14,角内
255,71,梶上
200,6,梶藤
81,147,割鞘
244,185,釜島
253,124,苅安
57,174,巻下
2,57,貫和
149,166,喜嶋
162,134,基村
144,5,希
63,17,亀園
137,16,亀坂
88,105,義則
3,138,吉海江
63,62,吉目木
255,202,久蔵
240,43,久保浦
65,45,久保西
7,207,久湊
23,245,宮首
131,40,宮嶌
0,74,魚躬
97,197,花淵
136,198,河知
207,44,嘉津
223,199,可世木
238,209,加葉田
31,93,加見
123,82,下田中
88,16,下込
68,65,乙供
173,70,桶口
136,156,岡花
134,13,遠谷
212,21,永多
136,208,永杉
244,15,羽良
234,209,羽場崎
54,51,蔭木
180,159,印口
119,17,一本鎗
105,55,一星
114,50,井ノ元
83,128,為成
137,52,伊折
151,117,伊盛
49,153,安部井
8,253,芦埜
205,205,阿津沢
119,199,土喰
139,13,東滝
82,150,東頭
98,100,当銀
108,19,藤口
97,93,豆生田
23,83,堂尾
97,169,道盛
140,246,橡尾
250,12,奈良迫
114,18,内見
130,162,楢舘
3,32,楠亀
4,112,二ツ橋
152,222,二枝
65,163,二又川
160,80,入間田
19,11,能勢山
133,59,波川
2,18,波頭
103,28,拝田
171,143,白久
128,47,迫平
159,126,箸本
46,166,八月朔日
49,3,隼瀬
179,228,帆士
98,64,飯口
169,118,磐田
231,179,樋之津
32,227,多田納
52,94,対尾
3,130,大椙
92,16,大曽
66,156,大明
155,200,大木島
39,98,瀧石
0,152,宅石
93,178,宅田
106,51,達脇
232,49,竪道
197,226,谷岸
147,184,谷孝
180,136,鍛示
194,10,地頭園
135,124,竹清
83,43,竹生田
236,208,仲戸
224,229,猪下
213,62,勅使
16,130,津間
178,168,津梅
36,34,槻山
86,83,辻ノ内
52,211,坪屋
142,9,定形
236,244,田知行
148,179,田之口
228,167,菟原
166,138,土開
189,184,毛笠
142,243,網蔵
19,229,木勢
38,217,目賀
92,4,目戸
74,26,門阪
151,164,野津山
146,88,矢須
246,245,柳坂
213,60,友実
206,84,有熊
200,8,利見
106,206,里木
5,149,龍神
194,225,嶺本
45,220,老谷
223,162,和泉谷
234,130,和村
33,181,脇迫
40,252,蕨岡
60,126,國見
123,67,國島
94,38,垰田
104,181,嶽下
106,25,槐
224,144,渕原
219,187,澤出
7,202,濱畑
122,19,袰主
8,231,陌間
139,77,尾込
197,49,美頭
197,182,髭野
182,124,桧本
62,220,蛭牟田
114,84,夫
150,134,風神
51,173,幅岸
52,199,仏崎
137,114,文平
202,156,平末
199,42,米積
126,4,峯森
44,165,法本
89,208,豊森
183,80,坊坂
223,191,坊上
249,45,北下
108,138,北峰
76,162,北明
21,96,本越
124,115,本瓦
141,172,本出
250,136,槙井
242,68,万里
224,64,蓑浦
140,210,牟禮
29,96,名地
41,90,名迫
200,232,明谷
27,59,村場
161,107,黒明
155,138,今寺
64,43,今脇
2,125,根倉
221,43,佐越
72,250,佐賀山
69,115,佐藤根
18,136,左部
49,195,座親
157,122,才口
166,55,在木
36,248,坂谷内
167,146,鷺島
58,232,三潟
19,129,三栗谷
89,5,三舟
45,138,山合
151,129,山植
140,79,山裾
218,48,山荘
105,34,仕黒
119,195,市下
244,35,志気
36,200,志堅原
43,147,志渡沢
235,99,紙崎
249,136,寺辻
103,100,鹿嶽
203,116,釈永
246,150,手間本
223,221,京嶋
124,49,近道
201,30,九田
254,38,駒原
88,246,沓内
82,31,渓
193,96,畦上
184,3,結
141,240,月見里
118,44,見木
94,185,元脇
19,30,古姓
12,118,古代
123,55,古宅
200,157,戸澗
5,110,五野
232,189,幸嶋
228,134,構井
254,184,耕野
154,114,荒澤
21,75,行貝
56,164,行場
112,185,行野
26,248,高三
171,29,高棹
57,222,轟原
194,233,国好
183,96,国仙
234,108,国峯
239,2,黒阪
142,128,瑞
34,89,杉ノ原
20,44,星村
197,66,星野尾
85,51,栖川
136,127,正瑞
145,77,正徳
174,52,正部
120,157,清水石
197,89,清杉
169,110,西垣戸
121,19,西紋
167,249,西濱
145,250,青藤
46,124,斉部
101,143,石根
239,119,赤代
131,85,仙福
160,108,千速
224,208,川羽田
147,67,川浜
72,204,泉二
33,227,箭本
201,95,前倉
237,204,前木場
110,217,倉脇
233,207,惣川
196,72,相須
95,53,袖本
1,120,村若
73,147,戎子
13,185,重平
13,96,初井
93,76,初島
166,160,初又
148,215,小竿
95,97,小水内
218,100,小土橋
213,254,小奈
103,127,小保
90,85,松茂
146,149,樟山
60,186,上溝
53,119,上長根
236,59,上東野
170,140,常重
175,47,織金
6,182,織山
248,76,織田島
53,95,織辺
119,24,新井野
101,125,新河
93,17,新東
5,241,新敷
35,120,真手
55,237,神笠
77,186,神鷹
189,32,仁禮
122,197,須志田
101,179,水脇
18,171,谷延
152,117,辰沢
117,86,沢間
182,18,宅原
239,38,瀧内
15,113,滝野沢
141,12,滝日
192,152,大平落
125,167,大景
33,26,大鎌
139,216,対田
147,199,打本
166,46,太尾田
41,126,他谷
140,228,続山
202,239,草崎
219,75,草岡
98,58,倉留
134,15,倉場
187,174,素川
7,85,曾和
195,226,谷東
213,54,谷淵
244,153,丹木
20,218,中郁
26,146,中才
16,170,中小田
242,12,虫本
18,252,潮木
31,53,長雄
187,184,陳場
245,59,津中
147,53,天神林
44,211,殿崎
124,247,田古
238,210,田底
43,211,田那辺
20,227,登崎
75,133,登日
107,67,冬室
28,212,塔野
238,110,湯田平
15,96,薦野
4,40,松岩
171,49,松木園
177,254,鐘尾
187,141,上夷
6,89,上宇都
44,229,植上
90,125,新井谷
165,111,新楽
160,123,新久
214,243,新豊
245,223,新實
221,232,森冨
116,53,真狩
4,252,神領
209,42,仁坂
222,145,須鎌
71,195,雛田
170,13,杉水
137,37,杉前
162,75,瀬楽
4,144,畝岡
103,60,正根寺
150,147,正川
250,253,正島
207,189,正満
202,81,生魚
152,63,生玉
251,12,西ケ野
224,189,西芝
132,12,西雄
132,134,西連地
45,168,青枝
160,93,青西
33,234,斉場
110,67,石前
185,70,石鳥
72,124,赤羽目
44,6,折
215,231,千知岩
17,17,川石
224,103,川端下
164,228,浅瀬
222,207,藤乗
180,183,北部
53,194,北邨
11,33,堀澤
248,223,本浪
88,195,槙口
147,190,末下
209,32,万江
236,107,味呑
172,13,蓑谷
84,32,名桐
107,132,綿内
224,212,茂津目
22,18,木闇
2,110,餅川
132,211,門名
52,202,野市
30,166,野田口
109,136,弥政
225,85,矢賀部
250,243,役田
168,216,柳津
33,23,友好
157,1,遊部
222,115,余根田
150,21,余西
201,249,嵐谷
101,4,裏辻
180,128,立切
246,18,力安
68,157,輪千
239,241,嶺野
247,168,六鎗
45,229,六辻
102,225,脇黒丸
30,19,鷲岡
44,213,實川
185,122,枡沢
215,253,檜佐
156,248,櫃野
148,149,潘
99,3,祓川
173,252,臺
3,170,棒谷
188,116,藤滝
243,9,藤和
181,46,堂城
239,92,徳持
213,199,徳和
130,200,奈須田
44,220,那和
43,14,灘吉
177,154,二坂
92,217,猫本
19,105,農中
204,125,波賀野
155,197,派谷
138,103,背戸田
221,180,梅堀
196,211,白枝
5,222,粕加屋
139,125,八柄
212,254,番所
70,152,比留田
136,59,樋ノ口
130,206,尾古
9,105,尾子
210,157,美船
186,197,蛭子谷
183,166,富士井
205,121,冨倉
254,87,冨来
66,229,布木
48,217,伏貫
236,220,平緒
101,156,平得
175,95,保家
28,26,甫仮
116,101,補伽
9,158,穂戸田
195,147,穂田
139,126,宝里
210,7,峰久
252,197,峯重
60,170,峯木
125,160,豊間
117,3,松陰
49,86,撹上
148,23,角頼
105,249,岳原
254,195,岳川
89,133,梶沢
96,73,梶芳
83,125,潟永
30,62,釜渕
173,69,茅山
103,110,刈茅
1,66,刈米
103,0,幹田
140,130,竿田
178,132,竿本
181,98,岸見
237,170,岩穴口
81,108,岩持
58,96,岩宗
251,25,喜早
48,100,喜沢
103,76,義若
194,140,蟻田
159,69,吉秋
208,123,久継
125,210,久保敷
240,63,宮浜
108,175,牛迫
145,43,魚路
213,160,興田
194,89,尭
38,173,錦木
212,86,金河
75,185,金只
104,252,金砺
147,214,金万
43,204,隅屋
87,182,沓川
26,52,熊高
253,215,桑森
182,211,郡家
45,177,恵畑
221,69,畦内
189,134,柿林
121,58,茜
112,18,悪原
233,179,飴井
134,7,安栄
226,44,伊保内
60,62,為沢
32,222,井腰
125,234,井実
74,138,井登
67,9,井堂
122,157,井箆
4,199,井俣
56,208,磯木
83,17,一之谷
190,69,稲荷田
16,100,右藤
254,228,宇賀持
191,12,宇津巻
169,60,宇津原
207,66,宇渡
154,52,雨甲
169,245,雲出
234,182,雲類鷲
81,67,栄原
17,67,永泉
18,190,詠
72,160,益城
221,123,越浦
7,158,越坂部
98,158,堰沢
4,59,塩江
247,155,塩梅
25,215,横藤田
169,138,沖屋
61,27,沖平
108,16,乙崎
226,46,下境田
57,116,下嶽
23,145,嘉生
123,237,河畠
45,255,会原
239,101,垣渕
70,115,計屋
145,140,桜下
158,212,笹館
122,226,三光
147,126,三澄
106,217,三本杉
147,108,山久
245,193,山次
210,4,市脇
172,171,志津田
132,53,志民
106,219,指村
93,185,枝常
14,141,獅子倉
67,131,紙村
247,6,寺次
84,5,七久保
10,83,実兼
254,227,篠尾
171,120,射庭
132,165,謝名堂
107,99,若嶋
51,241,守木
167,77,手取
184,48,朱山
8,95,酒林
157,161,宗永
42,22,重白
249,226,宿屋
0,63,縮
215,106,出丸
24,149,出良
23,253,春日谷
245,124,助広
182,246,勝城
189,71,勝冶
1,76,小儀
138,0,小宗
200,225,小松山
197,75,小中野
83,94,小豆島
147,142,小武方
22,173,尚和
176,164,坂輪
82,97,桁山
172,28,兼杉
43,254,兼瀬
116,246,犬亦
122,27,見吉
2,142,見元
49,147,元矢
48,13,原西
62,24,原林
209,129,源元
238,215,源氏
78,174,源藤
139,66,古井丸
245,46,古迫
15,128,戸賀瀬
100,87,戸間
63,243,戸口田
225,210,戸恒
182,223,戸部田
106,205,湖口
74,202,胡口
147,102,坂辻
234,60,坂松
42,203,菜畑
171,66,砂土居
134,166,左近允
8,29,佐部利
25,99,今正
67,35,今垣
33,210,合庭
54,248,高天
194,174,高手
234,16,高畦
126,183,行宗
117,182,荒倉
49,127,広芝
81,217,幸泉
131,43,幸光
229,34,公原
188,222,御座
89,206,五木
252,164,五幣
179,164,禎
48,171,貞谷
26,91,鶴石
157,146,坪見
143,133,辻角
197,22,辻垣内
138,19,直村
220,161,長太
163,103,長根山
44,83,仲達
238,163,中堤
124,191,中澄
38,26,中砂
31,174,竹牟礼
83,0,竹枝
232,44,地頭江
125,134,地代
73,79,段本
223,116,釘嶋
57,247,天ケ谷
61,9,田片
62,227,土斐崎
131,91,怒賀
176,35,島辺
27,107,嶋吉
96,10,嶋添
63,50,東日
243,189,東泊
72,82,桃尾
254,96,道仙
7,93,徳正
88,51,徳木
84,203,奈切
95,162,鍋川
136,226,南石
122,155,南武
15,212,日改
242,229,端無
238,87,瀬元
94,128,瀬分
7,130,成影
140,25,星元
250,220,正見
119,129,清水上
164,177,生村
9,213,西廼
122,233,西美
40,102,青代
224,14,斉内
159,73,石家
136,228,石長
1,201,石邑
76,111,赤泊
245,227,仙敷
84,244,千釜
180,1,船口
69,152,船積
208,71,前後
169,112,倉館
123,252,相村
58,200,蒼
146,234,鎗野
205,36,村河
91,139,村土
50,227,多幡
224,29,打道
134,84,大佐
177,146,大鍋
4,18,沢松
81,118,竪谷
134,83,谷守
179,38,樽口
188,160,樽美
9,152,淡井
213,195,淡川
184,199,保正
242,201,保津
105,36,芳司
53,140,萌出
34,97,本武
37,120,桝元
175,196,麿
75,21,万膳
59,26,満川
205,4,満谷
39,22,味噌
18,203,名
242,211,綿島
208,186,野垣内
165,110,野付
115,251,野別
124,251,野々原
62,226,弥勒
18,50,矢ノ口
223,254,友政
77,171,有津
15,190,祐森
164,99,与世田
200,160,与猶
116,56,藍葉
38,229,利谷
22,72,李家
64,82,練生川
60,213,和貝
54,205,和志武
111,132,傳
230,38,國谷
36,75,圓藤
239,168,櫻澤
126,50,礒井
92,226,肆矢
162,227,萬野
147,7,保見
222,64,日東
192,70,日迫
27,230,日野山
54,46,如沢
25,194,埜沢
210,67,納藤
200,148,波柴
22,114,梅辻
9,165,梅邑
76,6,白窪
254,22,白迫
37,60,迫城
147,254,櫨木
54,34,八ツ井
218,163,八条
23,70,八武崎
233,49,鉢木
103,93,板楠
56,97,板部
234,145,畔原
70,225,範国
240,11,飯住
92,98,飯名
151,10,美奈
100,182,百富
112,195,百冨
141,169,俵迫
117,213,品沢
235,118,浜重
221,28,冨賀
52,131,布垣
242,172,武蔵野
53,231,風呂迫
175,4,分林
160,68,平埜
152,104,別司
165,196,辺
115,204,水篠
64,7,家根谷
201,229,河嶌
247,59,花口
98,20,蝦原
96,93,海見
215,123,海治
33,71,海陸
26,240,貝畑
75,218,外浜
167,252,垣地
210,166,柿園
41,14,角保
219,62,掛樋
56,186,橿本
166,252,鴨打
11,11,管井
251,133,間塚
8,224,間明
197,224,閑田
238,192,岩長
234,51,旗本
241,31,旗野
127,79,吉馴
225,105,吉國
241,138,久我谷
86,75,久元
115,122,久水
170,165,久田見
119,114,久保嶋
178,188,宮尻
245,239,宮毛
117,109,曲谷
140,221,錦部
206,63,金湖
247,228,熊須
167,181,慶田盛
210,68,健
221,183,夏賀
248,120,阿野田
225,247,旭野
250,76,梓
229,10,綾川
253,28,鮎ケ瀬
12,155,粟田口
95,90,安則
145,189,安辺
134,177,伊形
246,153,伊戸
124,144,伊良
5,23,伊豫
206,249,為平
2,92,井賀
105,217,井桜
77,245,磯端
47,65,稲実
144,179,稲里
191,48,羽江
237,86,雲津
187,148,永地
37,17,越名
130,92,榎薗
83,177,円光
179,209,猿舘
42,223,猿丸
66,107,遠畑
120,166,塩家
232,68,於曾能
91,136,往田
61,11,横上
178,181,横銭
180,129,岡名
226,180,荻荘
41,95,下敷領
65,88,下簗
120,12,可香
226,194,鴫山
66,95,鴫野
150,240,芝高
155,94,若王子
88,55,若名
1,171,秋井
199,92,十野
229,207,重河
246,193,重竹
30,83,楯川
187,253,助光
111,229,小阿瀬
15,255,小永
115,78,小机
36,161,小笹山
101,157,小瀬沢
16,153,小田沢
172,143,小柄
74,95,小野松
173,136,小矢野
53,40,小籏
13,225,上海
254,130,上宮田
253,123,上砂
150,26,上松瀬
208,25,乗鞍
255,226,城座
205,84,城迫
213,146,杖村
131,237,植津
166,39,信部
68,127,新酒
83,172,人山
45,49,須加崎
181,126,須栗
25,234,水安
37,48,水河
79,95,鹿井
19,149,建野
36,176,硯川
140,11,見戸
89,59,見取
110,182,見鳥
164,137,古田部
111,216,戸柱
82,192,戸町
83,86,五味渕
135,8,御厩敷
133,81,御宮知
170,153,広方
136,154,恒屋
152,40,荒古
34,247,国長
143,118,込谷
216,104,佐鹿
107,47,佐谷戸
71,188,砂尾
155,2,治村
216,182,時野
187,100,時庭
13,7,寺奥
27,133,児谷
28,235,児浦
73,122,四国
224,2,四栗
226,28,山矢
44,176,三郎丸
30,35,三簾
83,229,三木原
178,6,三摩
112,59,三沼
106,119,笹方
60,248,坂水
160,156,細澤
189,205,細水
16,213,唐木沢
226,116,唐司
195,89,刀谷
62,52,土口
207,59,土見
251,114,渡戸
60,218,塗矢
89,132,田能
154,204,田埜
70,238,田津
15,186,田組
96,178,田篠
186,41,笛
12,55,鶴蒔
93,198,辻之内
128,9,勅使瓦
164,227,鳥瀬
9,18,鳥集
176,72,頂
238,237,長土居
106,80,長谷波
154,237,町上
90,224,朝久
10,60,東永
176,126,東川内
201,163,東度
248,207,東富
193,57,東風
150,17,東房
117,25,棟朝
81,95,当金
82,1,筒川
64,229,藤宗
67,116,藤明
151,210,鐙谷
219,176,堂腰
246,251,堂川
25,68,道庭
135,75,徳和目
56,160,内窪
42,0,内津
80,111,南屋
162,132,南江
148,247,楠畑
12,119,楠八重
221,187,二挺木
54,183,仲重
138,41,水光
141,41,水向
158,153,水師
203,17,水端
146,146,杉阪
184,187,世並
81,8,瀬戸谷
73,4,是恒
179,122,勢能
12,231,星賀
242,249,正角
232,153,生間
215,199,声高
90,169,西花
28,5,西喜
155,180,西中村
146,172,青波
64,202,石指
136,118,切詰
35,12,節政
17,132,千代原
184,124,浅畑
244,113,薦岡
156,194,前窪
0,142,前内
31,124,祖開
245,71,霜下
118,29,蔵迫
103,159,村家
168,237,多加谷
12,185,多野
22,225,太谷
101,9,太郎浦
164,124,駄原
233,222,泰松
248,31,大天
50,132,大呑
186,251,大木田
55,184,鷹西
91,80,谷繁
97,191,樽屋
87,50,地蔵堂
101,134,池高
160,121,築舘
50,215,中曾
129,54,中萩
202,47,本森
210,224,本東
160,2,麻和
10,157,末守
254,52,末神
170,92,満倉
207,2,名富
105,47,命苫
209,239,明光
241,40,明知
53,132,綿岡
104,216,木通
58,129,木野戸
136,139,木嵜
193,141,紋川
64,0,門部
10,149,野儀
191,105,野瀬田
172,67,野土谷
8,47,柳戸
242,114,勇川
119,7,有道
215,24,柚沢
71,183,由比藤
22,248,余座
115,239,与野
198,17,要藤
165,45,嵐山
121,124,梨沢
141,77,粒崎
27,254,林見
120,0,林竹
48,116,輪玉
9,202,嶺岡
242,120,浪野
181,220,和久野
250,5,屏
0,114,杠
14,126,枡
237,21,檜作
235,2,桾沢
59,179,榑井
252,209,當房
156,202,篝
237,62,葭矢
32,174,饒辺
143,107,本光
153,120,廿日岩
253,60,入子
180,7,入内嶋
37,187,入来院
74,63,能正
188,241,波紫
188,105,波村
189,68,波能
146,1,馬見
3,55,馬場添
41,187,梅ケ谷
2,75,迫園
191,55,畑岸
217,60,畑福
48,125,飯ケ浜
49,116,飯守
194,209,飯畑
179,249,飯嶌
153,131,盤若
18,144,磐城
70,209,比留木
119,203,枇杷田
199,64,美座
105,212,菱村
173,56,菱池
184,18,筆
11,169,百岳
107,113,百束
112,100,浜近
243,204,浜埜
146,25,布瀬川
98,80,敷村
25,207,武花
81,114,風口
155,105,幅上
168,201,福真
91,160,福波
17,1,兵井
27,58,米丘
7,242,片小田
12,242,弁
247,133,穂阪
170,128,宝楽
67,172,峯垣
165,116,芳林
159,51,豊武
162,96,水引
43,0,歌崎
35,253,河尾
131,244,花下
153,9,会
24,152,外枦保
150,245,角勝
140,162,角西
94,65,笠継
180,48,樺木野
147,76,巻嶋
187,37,官沢
12,105,官能
91,111,干山
104,215,間田
39,151,丸杉
194,224,丸鶴
162,113,岸塚
198,11,喜連
120,57,幾世
11,130,旗
133,49,貴伝名
226,148,菊月
123,246,吉薗
146,235,吉母
115,45,吉良山
86,121,久賀谷
178,109,宮ノ前
194,93,宮所
2,174,宮袋
62,173,宮町
225,243,宮野尾
221,61,居初
20,7,居谷
246,215,魚瀬
209,204,胸元
48,168,郷六
188,11,玉樹
145,67,金水
209,191,九貫
37,23,駒屋
17,29,沓水
60,97,熊島
14,115,熊脇
159,44,栗花
8,148,栗垣
185,124,栗畑
79,88,家迫
10,201,阿良
54,2,愛智
75,28,愛田
197,34,穐葉
179,203,安盛
61,220,安堵
100,83,伊海田
239,249,為久
81,150,井海
56,202,井若
47,90,井立田
244,126,磯嶋
88,145,一宅
240,89,一丁田
3,234,一坊寺
20,162,稲飯
233,203,蔭
140,167,宇喜多
192,215,羽飼
59,190,羽澤
105,126,雨山
200,110,鵜城
173,3,臼崎
255,210,浦波
255,81,雲越
12,29,永高
105,162,越宗
195,65,越替
46,84,榎内
2,51,円仏
189,177,園元
189,187,猿賀
56,19,奥窪
48,37,往古
53,248,横引
227,5,横浦
33,151,横飛
38,50,黄原
44,9,岡阪
126,161,岡咲
85,129,岡峯
109,102,音揃
155,27,加志崎
91,112,加唐
233,201,嘉瀬井
207,251,家垣
14,75,寺嶌
173,110,時原
111,200,次郎
91,132,室林
11,69,柴下
29,80,射越
238,70,手代
255,153,手沢
190,180,酒入
239,81,酒野
77,70,宗佐
191,180,秋道
195,34,舟波
12,77,渋市
171,51,重綱
244,130,重親
191,173,楯石
154,242,初道
209,250,初本
168,231,升屋
111,170,小阪田
109,145,小上馬
58,39,小白井
155,34,小野林
53,175,松儀
174,115,松古
233,2,松樹
52,183,松多
16,172,沼間
14,108,渉
55,104,蒋
231,162,鞘脇
28,35,上河原
139,12,城戸内
220,26,城畑
39,32,織方
32,152,食野
152,147,新畠
158,92,新槙
62,32,晋山
3,186,神舎
151,96,身吉
52,191,進来
127,58,甚内
77,154,諏訪辺
145,147,吹沢
55,152,寺浜
218,45,迎里
168,137,月安
49,26,見手倉
245,216,元満
13,69,古園井
186,94,戸井口
80,149,戸林
209,183,虎本
22,149,五郎川
155,204,呉松
164,21,後井
123,2,幸道
159,0,広友
90,246,江水
44,69,江野村
125,42,江野本
20,249,溝杭
114,5,荒戸
202,192,荒光
67,188,降田
31,82,香水
182,193,高久田
67,121,高北
210,84,寺垣内
228,240,紙透
107,216,志鶴
199,125,山加
44,171,山ケ城
15,105,三盃
19,208,三土
125,36,三上山
81,80,三居
240,99,柵
249,72,作美
159,163,作見
168,249,坂野井
21,227,坂屋
2,173,細本
252,31,細入
219,14,済陽
144,205,佐田野
202,218,根口
39,117,根〆
210,1,今春
81,15,此木
153,124,黒肱
