100,45,佐藤
8,172,鈴木
105,0,高橋
233,83,田中
24,123,渡辺
45,157,伊藤
202,186,山本
132,209,中村
250,188,小林
176,223,加藤
169,76,吉田
109,191,山田
219,165,佐々木
158,249,斎藤
82,57,山口
23,153,松本
105,145,井上
81,131,木村
134,174,林
234,202,清水
41,60,山崎
10,165,池田
173,245,阿部
77,37,橋本
57,134,山下
121,73,森
65,2,石川
138,171,中島
100,58,前田
212,134,小川
151,37,藤田
148,56,岡田
20,174,後藤
41,244,長谷川
191,36,石井
55,215,村上
51,210,近藤
60,219,坂本
87,126,遠藤
89,113,青木
96,113,藤井
141,222,西村
198,146,福田
155,125,太田
90,46,三浦
30,55,藤原
188,209,岡本
251,6,松田
234,44,中川
101,141,中野
109,95,原田
193,232,小野
77,82,田村
60,130,竹内
104,228,金子
255,63,斉藤
7,213,和田
25,188,中山
10,161,石田
6,125,上田
144,213,森田
210,230,柴田
18,170,原
161,56,酒井
164,250,工藤
203,182,宮崎
54,146,横山
222,10,宮本
6,0,内田
169,219,高木
218,160,安藤
80,189,谷口
222,64,大野
155,200,高田
9,83,丸山
202,97,今井
66,97,河野
176,210,小島
132,173,藤本
163,210,村田
50,217,武田
130,139,上野
245,68,杉山
125,69,増田
100,77,小山
209,180,大塚
196,19,平野
131,252,菅原
183,22,久保
115,36,千葉
18,21,松井
145,156,岩崎
73,127,木下
253,180,野口
31,36,松尾
242,52,菊地
165,208,野村
79,30,新井
41,41,渡部
162,207,佐野
73,251,杉本
239,82,大西
110,65,桜井
109,151,古川
220,175,島田
76,182,市川
201,31,小松
118,145,高野
146,223,水野
160,119,吉川
158,146,山内
60,252,西田
62,189,浜田
153,27,西川
93,108,菊池
41,213,北村
91,33,五十嵐
8,208,安田
72,132,中田
128,55,平田
149,212,川口
97,46,川崎
208,15,飯田
127,228,東
74,38,本田
225,54,久保田
28,47,吉村
96,54,福島
60,202,中西
16,44,岩田
20,223,服部
121,20,辻
229,11,川上
148,22,関
225,44,樋口
66,215,永井
50,196,松岡
244,218,山中
79,95,田口
81,61,森本
204,213,矢野
169,181,秋山
177,18,土屋
3,161,石原
207,156,松下
48,79,馬場
109,70,大橋
243,14,松浦
169,149,吉岡
158,68,荒木
165,228,小池
225,66,大久保
234,229,熊谷
9,253,浅野
234,187,野田
83,33,広瀬
224,99,川村
199,69,星野
115,105,大谷
78,57,黒田
216,96,沢田
7,99,尾崎
177,93,田辺
147,64,小沢
31,60,永田
189,75,松村
163,182,望月
90,68,内藤
213,245,菅野
224,0,西山
121,152,堀
192,19,大島
86,233,岩本
241,42,平井
103,130,片山
58,133,本間
167,146,横田
103,111,早川
125,36,荒井
155,158,岡崎
108,145,鎌田
93,212,小田
52,115,成田
154,71,宮田
31,211,大石
21,138,石橋
143,136,篠原
68,80,高山
237,89,須藤
54,17,萩原
249,135,小西
103,6,栗原
223,252,松原
101,57,伊東
156,151,三宅
28,115,大森
6,126,福井
16,201,南
46,7,奥村
55,22,富田
14,79,松永
101,217,片岡
225,218,桑原
162,94,内山
82,213,関口
80,51,古賀
227,90,奥田
174,173,岡
232,29,北川
165,63,八木
123,240,上原
232,116,吉野
194,188,白石
144,44,今村
40,128,川島
188,118,小泉
167,111,上村
107,78,中尾
201,238,大沢
94,207,平山
88,191,青山
85,65,牧野
99,135,岡村
189,157,渋谷
35,141,寺田
214,170,坂口
60,126,児玉
120,36,大山
213,168,河合
197,252,多田
147,193,竹田
34,36,宮下
157,252,小倉
39,200,小野寺
51,200,小笠原
41,141,足立
4,61,村山
88,218,中沢
20,67,天野
155,193,坂井
128,245,杉浦
192,33,西
114,58,坂田
161,122,小原
138,131,豊田
81,238,角田
91,104,武藤
110,146,河村
44,195,根本
61,108,関根
126,24,水谷
70,182,田島
247,149,中井
220,215,森下
194,86,神田
32,22,塚本
104,106,佐久間
62,147,植田
136,59,飯塚
183,91,安部
209,19,前川
52,8,山根
79,164,浅井
0,129,白井
45,252,宮川
12,109,岡部
79,87,大川
245,128,長田
71,146,堀内
111,16,榎本
32,33,松崎
174,2,稲垣
181,206,若林
176,224,森山
183,236,江口
204,212,神谷
126,54,中谷
179,244,畠山
225,175,谷
247,164,細川
18,203,及川
37,50,安達
82,185,今野
148,63,三上
205,222,飯島
77,97,西尾
217,145,田代
214,206,石塚
204,206,岸本
187,243,津田
195,49,荒川
160,196,中原
157,186,長尾
174,143,戸田
23,51,本多
115,91,森川
16,36,土井
222,98,三好
85,35,金井
70,71,松山
65,140,米田
56,86,岡野
146,144,金沢
70,195,稲葉
108,13,村松
196,228,甲斐
86,216,西岡
129,15,佐伯
57,231,岩井
236,69,星
247,207,金田
206,77,黒木
30,36,堤
162,3,滝沢
80,31,落合
131,118,野崎
10,5,泉
131,164,堀田
211,112,中嶋
152,99,西野
104,207,町田
30,183,古田
242,121,徳永
196,166,新田
198,29,山岸
151,154,黒川
192,11,山川
48,186,川田
102,157,藤沢
98,0,杉田
33,86,奥山
66,11,土田
116,196,三木
46,52,村井
191,108,笠原
16,117,須田
109,172,梅田
9,71,大竹
182,133,野中
250,40,吉沢
72,33,広田
133,55,宮沢
172,28,柳沢
221,34,堀江
108,15,川端
156,69,大村
101,223,日高
17,141,梶原
45,1,岸
218,178,西本
10,50,黒沢
178,203,井口
244,203,大木
186,218,向井
237,161,松島
140,249,大場
35,195,竹中
63,69,藤川
6,45,安井
22,254,榊原
94,192,川原
90,12,吉本
47,253,大内
236,87,竹下
248,159,吉原
50,158,藤岡
199,45,庄司
149,231,福本
83,47,塚田
52,241,高島
137,167,宮内
57,26,小谷
250,53,緒方
134,32,谷川
250,123,下田
101,86,竹本
134,96,藤村
100,128,奥野
56,242,宇野
87,194,窪田
150,77,北野
192,17,栗田
89,238,石黒
86,125,長島
166,201,亀井
117,184,長沢
16,155,平川
146,129,長野
73,242,宮原
106,40,山村
164,182,藤野
244,251,茂木
242,153,川本
167,62,深沢
41,95,下村
83,233,丹羽
98,127,西沢
148,159,青柳
143,169,竹村
251,237,古谷
243,29,三輪
242,19,出口
69,172,高井
252,225,荻野
135,30,嶋田
93,19,大城
214,221,田原
196,74,野沢
103,173,相沢
50,120,高瀬
107,57,小森
141,151,稲田
155,184,宮城
40,9,筒井
50,101,富永
19,198,福岡
115,232,大原
157,162,福永
91,56,林田
186,228,横井
7,222,大平
213,232,金城
52,125,篠崎
243,162,溝口
109,105,長岡
192,205,平松
18,70,山岡
159,24,浅田
89,221,越智
28,97,北原
16,32,永野
248,198,武井
18,8,鶴田
211,228,柳田
81,114,大田
117,125,入江
247,87,湯浅
170,71,相馬
92,178,園田
220,65,高松
252,44,二宮
96,154,石山
133,75,堀川
227,21,手塚
105,164,川野
251,122,沼田
70,122,比嘉
111,191,臼井
167,216,石崎
245,214,平岡
210,86,池上
249,88,花田
189,123,瀬戸
20,214,谷本
116,179,西原
37,70,小出
186,110,篠田
235,68,浜口
92,83,杉原
193,158,志村
232,252,根岸
5,162,田畑
1,219,笠井
11,250,大槻
116,243,矢島
46,203,倉田
23,38,福原
95,124,片桐
158,183,日野
79,188,小坂
159,14,菅
135,226,加納
122,23,堀口
73,241,河原
185,101,新谷
31,12,千田
123,160,徳田
232,188,松野
152,210,田上
46,23,吉井
197,218,浜崎
94,230,森岡
214,155,柏木
77,173,浜野
193,5,村瀬
26,83,島崎
14,11,内海
101,30,北島
54,173,白川
247,171,畑中
111,142,秋元
234,241,中本
166,108,冨田
10,55,小柳
54,142,大崎
56,172,岩瀬
196,17,原口
59,4,秋田
142,136,三谷
239,205,松沢
115,206,木原
113,137,大井
252,161,川畑
195,255,福山
145,218,米山
4,71,植木
125,237,岩下
94,152,難波
156,163,今泉
2,121,三井
1,48,辻本
43,135,芳賀
222,244,坪井
59,41,井手
225,62,吉永
21,52,河内
237,134,畑
27,9,磯部
48,226,長井
23,130,荻原
38,110,大坪
57,216,塩田
101,235,岸田
86,187,皆川
185,80,細田
7,98,大友
23,155,細谷
227,141,植村
155,186,佐竹
156,188,河田
48,5,古屋
118,166,相原
92,248,若松
12,9,三村
12,147,遠山
254,36,村岡
197,61,真鍋
231,112,橋口
135,149,松川
40,44,平林
147,184,草野
222,224,川瀬
36,235,栗山
225,251,三島
143,30,橘
84,229,有馬
32,107,井出
232,21,保坂
222,180,早坂
173,65,瀬川
223,216,志賀
85,172,高岡
228,204,奈良
52,69,半田
32,206,亀山
159,9,高村
239,240,堀井
123,112,清野
222,55,玉井
88,251,神山
83,92,朝倉
126,150,米沢
223,101,寺島
189,24,水口
171,131,河本
203,167,進藤
70,59,中里
159,43,立石
67,180,葛西
52,34,水上
59,127,藤森
124,191,柳
188,219,川合
141,135,島村
23,201,古沢
177,174,亀田
241,218,織田
195,55,武内
198,27,宮島
178,84,有田
216,66,三原
243,43,尾形
109,169,高見
207,151,狩野
43,214,宮地
31,91,大津
102,56,寺本
72,89,植松
10,122,市村
89,120,坂下
56,48,平
27,172,大江
40,117,板垣
188,186,毛利
145,161,江藤
161,136,那須
24,133,藤崎
240,241,北山
97,165,小嶋
48,14,高柳
145,133,下山
242,145,滝本
162,220,高原
109,158,大沼
218,143,三橋
162,201,立花
91,30,浅見
248,191,久野
155,51,松木
105,124,木内
119,140,野上
39,55,門脇
49,60,坂上
24,24,土居
200,57,平沢
89,186,中根
188,22,平尾
165,100,北沢
149,5,齋藤
27,216,牧
190,255,岩佐
92,139,深谷
207,136,石丸
129,184,阪本
198,138,田崎
86,219,市原
171,114,小宮
209,121,長谷
148,53,今田
39,2,守屋
140,182,富樫
190,38,前原
103,87,高尾
249,68,内野
216,72,柴崎
167,129,岩永
76,237,大倉
147,183,川井
142,18,滝口
147,96,金山
141,160,関谷
6,209,長瀬
46,145,高崎
166,125,浜本
232,48,正木
132,146,飯野
112,97,矢部
85,200,外山
119,79,和泉
211,93,山野
253,104,金谷
134,8,秦
12,120,島
50,89,塚原
180,18,海野
86,243,鳥居
135,120,西谷
197,138,田川
107,235,成瀬
29,95,木田
206,237,石垣
57,73,石本
39,220,小寺
73,206,坂元
13,18,門田
236,199,豊島
78,67,末永
37,140,長谷部
248,203,井田
134,19,上山
150,215,金森
205,208,小畑
17,210,菅谷
80,136,奥
171,207,乾
120,183,宮脇
151,135,赤松
102,147,相川
55,10,江川
5,156,板倉
6,192,野本
104,199,三沢
202,229,江崎
142,85,永山
169,45,三田
223,75,山上
179,112,藤木
142,125,杉村
201,182,小杉
39,122,小室
208,222,渡邊
160,23,宍戸
159,204,香川
214,12,黒岩
0,167,梅原
239,230,大滝
107,18,小関
205,190,松元
1,10,平塚
134,234,諏訪
203,25,喜多
91,232,今西
212,58,井川
81,162,生田
254,121,森谷
231,5,並木
47,67,宇佐美
215,108,秋葉
128,17,塩谷
70,154,水田
234,214,佐川
221,64,下川
57,251,富岡
107,157,細井
201,28,石渡
130,58,浦田
193,236,布施
101,40,金丸
112,111,森脇
19,58,染谷
243,207,宮野
248,140,風間
80,75,北田
137,35,川辺
27,154,新垣
210,102,梅本
171,193,山城
19,80,梅沢
243,195,中林
113,189,小椋
82,204,大矢
23,150,西口
110,19,玉城
109,160,土橋
44,192,高梨
54,35,細野
170,216,大庭
208,55,山元
165,99,都築
41,227,木本
234,62,長崎
205,152,仲田
87,189,阿久津
100,74,小幡
26,159,杉野
241,136,麻生
193,255,山形
25,58,真田
151,131,堀越
124,243,依田
161,248,小野田
110,210,梅津
50,166,羽田
190,41,木戸
128,127,野原
104,99,赤木
200,50,浅川
107,192,椎名
203,41,岩間
153,134,日下
242,118,寺尾
159,20,仲村
13,206,宇都宮
190,247,矢田
74,152,矢口
66,59,大畑
90,5,大和田
99,192,波多野
132,4,大熊
83,97,目黒
82,146,立川
159,209,菅沼
130,193,大貫
172,16,高倉
70,82,深田
52,149,池内
145,190,柳原
225,37,岩城
8,68,海老原
235,40,沢井
33,47,倉持
83,177,雨宮
127,137,影山
53,219,神野
182,38,浜
250,181,栗林
198,211,神崎
143,31,橋爪
54,11,石坂
77,186,上杉
20,104,結城
32,241,青野
99,187,川西
83,73,小沼
138,176,白鳥
80,186,西島
138,132,瀬尾
146,19,赤坂
37,127,板橋
170,29,小玉
72,26,永島
236,153,首藤
178,117,清田
201,141,合田
135,131,富沢
17,140,玉置
107,199,寺沢
169,128,丹野
97,100,尾上
184,234,角
164,244,須賀
63,138,竹原
233,64,横尾
215,138,井原
216,40,坂野
186,24,久米
69,114,森口
9,40,宮坂
199,142,柏原
42,128,滝川
174,208,三枝
172,103,楠本
21,161,芦田
167,150,妹尾
239,124,脇田
87,97,水島
186,38,手島
22,64,池本
155,178,明石
203,139,西脇
42,125,大下
172,105,北
46,233,大和
220,168,勝又
254,129,大林
149,167,国分
136,32,川越
97,208,本村
33,214,曽根
104,189,小久保
99,58,島津
159,85,小堀
145,114,本橋
221,125,石沢
66,130,有賀
65,157,田端
199,173,志田
82,100,横川
255,28,浦野
247,123,柳川
246,220,谷村
221,186,春日
222,158,富山
78,128,今
100,150,坂東
230,233,飛田
87,240,江原
184,188,児島
41,167,梅村
65,240,内村
48,31,岡山
132,228,桑田
39,80,楠
85,96,角谷
126,85,日比野
101,181,砂川
77,110,前島
138,117,益田
168,238,桜田
194,6,花岡
121,181,笹川
236,132,中塚
218,112,滝
209,141,勝田
248,231,吉崎
138,199,森永
26,88,澤田
191,230,島袋
151,237,会田
87,151,岩渕
41,115,白木
121,62,浅沼
240,250,平良
53,127,小栗
217,29,石倉
87,158,前野
105,196,小菅
3,5,高畑
53,170,井本
23,145,玉木
25,13,高谷
129,33,沖田
157,151,倉本
115,146,沖
236,154,鶴岡
129,165,大浦
128,8,宇田川
66,87,本山
83,131,柴山
133,49,城戸
176,238,黒崎
59,52,塩見
145,85,岩谷
179,131,曽我
136,229,畠中
164,88,池谷
176,38,大高
16,84,熊田
72,167,重松
21,126,阪口
12,107,野呂
22,26,八田
139,23,戸塚
216,8,寺岡
130,118,菅井
16,58,末吉
8,95,井村
21,92,田尻
40,35,石野
205,253,川添
34,146,野島
3,122,田所
208,70,熊沢
112,23,古山
225,153,南部
45,62,大嶋
183,187,神戸
219,97,丸田
18,108,福地
129,234,笹原
186,43,恩田
203,109,平賀
59,141,米倉
52,97,増井
150,108,村木
179,231,長浜
220,199,中
116,9,五味
247,60,岡島
193,37,日下部
41,109,菊田
156,19,藤島
140,239,森井
138,43,湊
10,120,秋本
88,229,磯野
151,134,寺西
21,106,沢
122,164,若山
197,64,安永
11,36,重田
230,82,新村
112,90,田沢
226,100,長友
77,223,小口
231,98,今川
74,247,井沢
248,202,猪股
181,87,深井
189,144,百瀬
29,167,紺野
107,120,熊倉
202,173,高沢
106,212,鬼頭
176,191,中岡
232,104,玉田
14,25,田渕
174,24,氏家
187,170,小高
131,184,有村
248,17,岩村
238,161,高嶋
74,8,小平
50,192,赤羽
215,104,広川
245,174,境
192,201,寺井
125,83,河西
35,148,塩沢
216,254,土谷
90,172,照井
234,162,神原
92,53,西浦
126,140,西井
246,78,牧田
169,39,宮里
14,196,相田
15,202,松谷
86,246,藤山
49,161,福士
229,77,村中
116,116,品川
134,4,伊達
64,107,新保
191,172,夏目
53,61,柿沼
246,177,西森
239,221,持田
109,181,矢沢
21,216,石岡
32,8,松橋
178,87,辻村
1,2,長坂
206,74,梶田
43,134,沢村
242,201,大関
158,229,長沼
106,28,浦
51,151,滝田
244,234,安川
161,209,寺崎
193,88,大越
178,82,柳瀬
164,185,土肥
180,33,岩沢
19,99,福沢
130,69,鹿島
158,3,北岡
36,232,磯崎
40,240,唐沢
128,187,石村
11,181,平原
77,69,古市
156,56,鵜飼
22,70,的場
91,151,野間
144,36,大前
104,211,倉橋
216,34,寺内
231,42,伊沢
105,252,対馬
117,73,古橋
15,184,小村
38,44,河上
139,220,本郷
238,63,河崎
78,35,住田
194,41,柿崎
150,240,鹿野
161,91,我妻
102,214,二瓶
58,143,伴
160,148,船越
3,8,野尻
54,240,粕谷
0,238,冨永
210,70,塩崎
207,163,船木
194,118,安東
236,248,江頭
107,182,東野
1,108,藤谷
111,143,加瀬
151,73,津村
79,18,湯川
20,0,栗本
212,220,安原
198,241,迫田
59,254,加賀
70,242,安斎
216,179,平本
15,90,真野
108,223,小俣
82,79,上岡
167,117,河口
143,9,高坂
99,55,大宮
134,29,相良
37,207,室井
217,235,川嶋
7,95,花井
57,82,仲野
131,100,新川
208,249,江田
54,14,赤井
82,198,坪田
1,211,神保
227,206,小山田
109,7,小暮
121,88,山脇
184,168,坂
54,91,梅木
80,24,保田
251,24,森島
61,66,矢吹
159,232,矢崎
95,101,森崎
125,154,金野
98,250,金
229,163,益子
174,249,塚越
156,121,伏見
192,213,中森
62,185,金原
187,81,水本
25,180,垣内
31,29,芹沢
189,232,関本
122,98,鮫島
127,14,増山
7,78,郡司
100,18,渥美
94,135,谷内
189,251,福元
139,40,松林
157,112,増子
112,125,住吉
176,93,赤塚
195,200,東山
205,149,稲村
213,164,谷田
69,163,下野
202,50,河井
165,132,浜中
218,0,鳴海
122,80,高津
114,188,村越
158,101,南雲
21,5,中道
67,220,大坂
207,45,片野
151,46,金本
148,123,久田
38,191,吉見
198,57,榊
63,155,梶山
11,158,柿本
130,64,薄井
129,146,堺
209,24,玉川
206,42,藤巻
163,151,大河原
123,57,長山
95,225,杉崎
122,121,小橋
54,211,小竹
141,188,大岩
117,100,川内
132,237,神
175,211,棚橋
70,226,梶
105,40,高森
238,147,畑山
70,29,竹沢
125,8,湯本
25,241,八巻
127,240,小山内
95,27,島本
126,96,八幡
243,79,桑野
201,162,須永
5,171,椿
101,152,宇田
146,185,緑川
132,166,下地
89,81,高須
89,163,衛藤
235,245,永瀬
220,170,米谷
71,49,牛島
104,75,竹林
242,129,芝田
45,68,伊勢
8,39,丸岡
240,210,向山
201,47,人見
169,240,安西
213,71,小田島
63,255,西崎
200,217,知念
130,167,大迫
37,96,芝
56,6,二村
59,65,小澤
205,107,村本
146,169,磯貝
160,17,山浦
197,173,木谷
173,134,篠塚
40,136,清原
114,192,山谷
35,45,浦川
198,104,吉武
47,235,赤沢
72,121,小峰
5,46,高本
204,247,桜庭
28,81,福留
130,149,植野
225,130,安岡
174,101,小宮山
89,204,勝山
239,215,飯村
110,101,袴田
76,166,高杉
91,200,岩元
154,178,川名
241,62,平石
252,28,尾関
225,7,小浜
130,152,村尾
245,245,岡林
16,92,磯田
67,214,高林
137,153,鶴見
14,110,加茂
170,231,宮村
3,190,駒井
73,9,谷山
36,161,桂
188,15,関野
80,249,岩橋
147,240,国井
114,220,仲
131,128,木島
13,224,竹山
155,119,柳井
120,134,深川
81,209,兵頭
96,93,犬飼
76,188,小崎
82,169,船橋
158,185,新山
183,169,中平
31,83,黒瀬
78,177,疋田
143,99,長屋
197,34,辻井
45,148,三瓶
187,34,竹島
205,98,板谷
30,177,早瀬
187,218,西垣
19,174,熊野
131,10,米村
75,153,小熊
139,190,丸尾
206,115,若杉
128,13,志水
168,65,平間
78,169,森野
5,65,岩切
134,75,別府
162,106,大杉
135,98,北条
80,159,上条
21,159,徳山
70,73,赤堀
230,191,井戸
216,220,高塚
224,21,佃
227,20,永松
107,7,塩野
68,64,山路
242,79,大上
252,126,加賀谷
45,215,城
141,11,東海
28,249,大屋
16,72,塩川
109,131,村川
125,70,長嶋
160,219,橋詰
194,73,鎌倉
16,238,川又
138,78,鳥越
104,31,生駒
22,238,竹之内
69,20,岩淵
157,7,広岡
128,167,保科
199,65,松葉
222,188,幸田
193,114,山西
204,112,青島
5,64,名倉
23,115,庄子
103,18,砂田
48,56,羽鳥
92,89,田淵
87,179,塙
89,253,末広
89,111,岩見
15,135,猪俣
182,138,大泉
72,198,脇
44,54,日向
58,175,荒谷
170,77,早田
231,32,笹本
76,134,柳沼
209,7,猪狩
113,29,熊本
1,0,上島
184,125,岩野
246,227,高久
239,5,時田
169,202,添田
229,245,桐山
234,115,須貝
225,142,柴
43,125,上西
23,125,上林
111,97,田嶋
125,254,飯沼
253,205,清家
146,193,五島
200,145,新藤
225,18,安本
15,127,長
49,177,土岐
111,236,藤
195,62,松坂
40,46,藤江
59,54,名取
188,133,半沢
47,123,鬼塚
128,30,沢口
165,150,長内
45,168,直井
34,155,平島
139,51,副島
167,15,深見
164,205,安江
94,226,関川
199,63,梶谷
239,177,大賀
85,14,仲宗根
238,189,新
174,163,春田
227,232,新美
145,36,広沢
184,30,山地
172,40,谷岡
73,165,秋吉
76,75,海老沢
56,217,竹井
255,48,萩野
10,46,上地
78,112,安倍
39,14,平木
156,139,竹谷
121,147,湯沢
58,255,大河内
107,135,鷲見
183,31,東田
168,176,石上
0,29,平岩
94,17,脇坂
167,3,赤間
183,4,瀬戸口
42,126,水越
93,154,塩原
208,58,宮武
169,101,一ノ瀬
141,198,大本
81,107,市橋
229,2,神尾
66,244,崎山
28,8,川尻
164,178,長嶺
86,142,近江
166,94,有本
1,172,二階堂
99,198,宗像
98,33,竹川
194,44,越川
15,86,高石
158,192,星川
250,101,石津
13,4,園部
111,60,照屋
117,185,杉谷
83,37,佐原
131,44,池野
27,87,守田
25,121,成沢
207,205,横溝
134,7,元木
23,230,藤枝
65,203,猿渡
170,95,田坂
160,120,坪内
118,35,小松崎
230,98,赤石
133,138,奥谷
125,95,菊川
130,10,大岡
67,92,長江
39,70,友田
72,59,中園
88,130,吉松
63,127,大堀
103,76,大須賀
222,36,宮尾
250,83,堀尾
219,99,姫野
76,143,井坂
60,251,有川
180,51,曽我部
250,104,小田切
226,25,須崎
197,25,川北
22,113,横内
73,33,片平
237,19,船津
158,152,真下
69,239,米川
197,14,小塚
110,29,蛭田
98,70,赤尾
232,187,鳥羽
35,84,亀谷
56,232,吉成
248,85,日置
150,75,新居
118,225,佐田
121,239,濱田
102,230,多賀
181,213,鳥海
58,166,若月
113,193,梶川
233,177,大門
52,108,有吉
155,153,春山
115,191,磯
95,34,新里
9,179,堀部
99,212,東海林
213,102,綿貫
142,93,沖野
190,230,武石
130,65,橋田
130,129,辻野
246,101,吉良
173,100,辰巳
27,237,巽
121,17,江本
107,30,奥原
200,156,田丸
119,98,高垣
6,15,北口
137,233,井関
236,241,大脇
133,86,中込
114,108,大澤
196,48,磯村
153,12,前沢
98,224,八島
150,198,田井
126,63,犬塚
59,218,八重樫
130,122,柴原
180,209,大里
54,175,舟橋
191,141,原島
109,115,佐山
50,115,今岡
75,18,須山
160,31,一戸
93,171,武山
175,31,片倉
229,217,福嶋
184,49,矢作
161,99,坂根
15,7,岸野
60,180,前山
246,110,池永
80,247,作田
3,238,高宮
148,69,河辺
251,238,中江
121,24,鍋島
88,230,江上
163,124,辻田
128,193,寺山
185,239,古野
18,136,伊原
247,4,金川
97,84,新城
16,38,兼子
8,70,若井
124,38,朝日
229,229,馬渕
27,108,北浦
184,17,戸谷
244,21,野坂
122,217,牟田
251,118,宮嶋
155,156,浅利
226,111,間瀬
171,121,高畠
93,207,芦沢
221,202,城間
130,94,河津
213,228,広野
54,154,高城
27,102,横沢
169,221,末次
91,88,景山
197,174,笹田
91,141,永吉
162,205,田山
50,133,梅野
156,232,黒須
180,11,末松
119,163,曾根
37,188,笹岡
203,14,永岡
238,98,小松原
199,51,小田原
157,184,設楽
38,109,藤倉
230,126,泉谷
238,15,下平
132,203,湯田
43,58,木山
237,146,船山
151,112,細見
22,162,国本
106,156,江尻
54,94,藤間
85,206,中崎
183,126,岩倉
179,61,錦織
250,47,中条
176,73,永尾
150,181,熊崎
169,121,隅田
83,94,石毛
67,99,戸村
250,27,石神
244,119,鳥山
96,118,増淵
73,105,白田
166,253,角野
62,158,草間
204,137,真壁
36,64,箕輪
60,62,白岩
63,36,速水
174,105,鷲尾
0,19,赤嶺
38,111,柳本
0,205,日比
28,193,西出
193,246,久松
23,49,北林
49,203,村野
201,104,新倉
106,238,糸井
134,59,品田
182,246,山際
216,165,深津
216,162,白浜
250,251,高桑
21,181,若狭
178,130,仁科
7,214,本庄
112,151,稲川
84,135,嶋崎
87,2,尾田
85,64,峯
222,215,里見
182,250,木元
92,121,飯尾
47,135,大道
173,93,上坂
130,166,阿南
94,236,福村
163,134,矢内
144,238,宮永
13,194,杉江
15,9,東条
136,157,赤池
18,127,一色
247,47,江島
121,163,小木曽
241,113,沢野
87,24,能登
237,50,野々村
26,246,早野
242,168,一瀬
173,92,大浜
201,82,水沢
181,144,大月
131,7,中元
203,157,正田
114,102,桝田
133,40,仙波
167,235,宮部
5,14,宮岡
69,75,立野
66,232,戸沢
191,8,谷沢
82,117,山県
43,93,堀之内
169,78,香月
239,156,宮前
115,136,菅田
238,135,井野
117,221,羽賀
84,80,中瀬
116,159,古家
100,161,岩上
6,253,河島
136,127,上川
231,225,国吉
226,187,鳥井
80,109,勝野
176,202,伊賀
130,183,嶋
153,195,水戸
177,115,迫
254,13,間宮
236,127,古瀬
213,7,赤川
157,65,木場
11,226,岸川
121,131,阪田
73,179,浦上
53,143,桐生
207,185,野瀬
241,99,柳谷
85,29,中橋
102,117,斎木
191,27,田部
23,70,逸見
52,38,中垣
42,106,松倉
180,199,山室
86,155,白土
79,225,門馬
4,83,諸岡
230,88,山木
251,112,安保
58,192,小柴
101,229,溝上
28,51,勝部
167,59,永沢
84,234,檜山
82,136,柘
167,85,岩尾
169,127,立山
185,94,新妻
64,102,北尾
232,217,小野塚
110,192,別所
122,198,榎
117,251,戸川
31,226,津島
47,18,田野
114,82,石森
200,137,石谷
211,154,栗栖
88,101,丹治
137,118,竹野
10,203,楠田
119,151,内川
156,170,山添
159,63,金光
169,18,大串
114,68,三角
248,167,永谷
62,0,深山
192,116,笹井
74,183,碓井
146,80,猪野
34,71,笹木
153,172,笠松
10,89,島野
127,49,柏崎
1,203,椎葉
84,40,池原
143,34,中澤
58,174,津川
89,166,桜木
91,139,二見
30,137,桑山
92,22,山名
223,28,木暮
98,129,山之内
43,77,四方
227,225,小黒
88,222,岡安
180,119,宮井
83,29,柏
117,118,大垣
10,234,君島
101,73,羽生
70,115,奥井
61,158,深瀬
50,176,杉岡
27,30,柚木
143,69,伊丹
222,146,青田
210,109,遊佐
177,222,猪瀬
50,21,梅崎
155,8,広井
75,195,引地
25,225,真島
50,147,杉森
157,26,小牧
182,229,八代
126,4,向
14,143,高浜
113,25,菱沼
255,150,廣瀬
30,30,北本
19,92,折原
214,145,二木
241,10,亀岡
97,13,津久井
51,115,川久保
146,231,浜村
49,110,室田
218,224,浜島
179,108,肥後
195,248,中畑
240,107,峰
166,51,谷崎
32,123,山辺
163,251,神林
77,187,西嶋
141,158,橋場
78,249,清川
149,183,樋渡
152,103,石島
196,111,藤平
51,110,梶本
38,12,兵藤
93,49,小河
230,209,藤永
251,77,桑名
151,81,手嶋
132,67,野津
1,9,根津
28,99,船田
6,135,諸橋
220,142,安里
182,24,浅岡
161,100,伊波
255,214,能勢
246,245,東谷
46,20,穂積
2,198,津野
45,217,板東
31,119,青井
114,141,藤代
92,229,宇都
161,57,中津
37,212,嵯峨
210,242,木崎
151,94,所
70,77,小早川
31,49,新野
58,248,浦山
212,110,朝比奈
46,200,松藤
212,34,岡元
120,197,土方
132,50,森沢
228,92,吉住
169,29,大町
125,67,原野
186,243,中上
252,149,田宮
198,247,春名
175,44,泉田
107,216,喜田
230,217,佐瀬
31,3,池沢
205,125,真木
61,192,李
130,99,東郷
196,27,大黒
59,117,今津
129,110,平出
164,76,中屋
253,178,堀本
57,168,嶋村
0,187,寺門
10,27,寺嶋
19,208,中居
117,196,武市
52,27,吉富
255,237,櫻井
224,209,和気
210,97,高
69,156,竹森
242,157,森内
18,28,門間
136,239,坂巻
126,107,仲川
127,204,綾部
71,228,奥平
81,254,杉
54,141,駒田
221,170,増本
21,31,田頭
71,57,宮口
126,94,高良
143,119,仁木
68,242,沖本
5,43,木野
43,167,粟野
77,112,加地
102,185,森元
93,39,日吉
144,65,倉島
130,70,道下
28,209,井内
15,72,栄
184,20,関戸
177,118,助川
63,248,西内
70,32,露木
96,121,古本
40,200,小野沢
101,224,木幡
192,52,荒田
62,142,陶山
35,238,折田
137,137,奥本
186,187,守谷
132,223,兼田
151,179,大隅
62,222,谷野
223,210,常盤
185,33,白沢
95,250,菱田
6,213,浜岡
116,146,田仲
193,61,香取
63,27,武本
157,226,谷中
162,102,茅野
158,103,牛田
54,120,佐々
25,96,北井
68,195,瓜生
144,29,羽田野
246,23,山越
75,108,福間
13,58,岩川
101,163,櫛田
85,181,久我
196,39,松平
33,88,赤星
153,155,坂内
200,211,鵜沢
219,253,千原
240,214,安野
69,102,布川
99,121,荒巻
171,18,前
40,202,大窪
75,215,笹山
103,84,中辻
44,238,信田
153,187,米本
32,115,金崎
112,218,飯山
27,37,佐古
86,139,新海
220,83,館野
131,147,内堀
73,203,川岸
224,192,稲見
196,247,牛山
197,118,桐原
53,102,福崎
203,239,綿引
151,186,漆原
76,76,渕上
189,34,伊佐
15,244,城田
239,202,大東
25,242,花房
182,235,入沢
21,150,岡沢
80,246,永原
166,245,熊木
164,224,向田
139,246,川俣
69,1,鈴村
127,21,松丸
84,196,白崎
194,207,井藤
245,133,豊岡
87,77,阪上
153,63,大藤
119,26,徳丸
123,114,田沼
94,141,柳生
122,67,西条
128,31,大畠
183,131,田岡
156,52,三野
118,215,涌井
228,167,三田村
40,180,丸谷
134,18,武村
143,234,溝渕
59,50,千野
153,217,蜂谷
133,229,米原
240,99,臼田
251,134,川中
173,52,寺川
217,39,大家
144,196,川下
80,152,古木
1,137,松宮
207,117,安村
146,8,正岡
23,111,野元
83,243,三国
229,74,武智
108,251,宮腰
54,20,新開
235,122,新家
192,178,河端
186,126,吉元
52,244,彦坂
108,63,宮
78,75,市野
118,103,曾我
156,134,坂倉
144,105,田部井
182,189,大出
1,120,市田
221,41,浜谷
50,117,桧垣
217,132,大池
164,198,押田
11,206,宮越
238,196,板井
168,214,丹下
45,143,脇本
197,175,遠田
56,245,越田
41,74,淵上
80,11,坂部
143,74,中間
179,153,魚住
124,224,江村
162,121,今枝
150,162,肥田
185,118,山森
216,173,小滝
8,125,仁平
51,51,小田桐
231,179,森重
55,251,盛田
178,190,水落
222,196,仲井
70,204,宇佐見
30,232,田内
174,166,最上
6,243,中出
175,172,宮木
124,192,福富
173,186,白坂
36,156,甲田
68,101,三戸
222,39,川元
118,143,牛尾
49,25,白水
62,6,表
107,220,四宮
131,255,又吉
92,94,新宅
127,236,木口
40,90,南野
252,128,小貫
40,21,加来
253,174,豊永
157,52,寺村
27,39,安武
112,87,右田
16,106,新屋
87,28,荒
46,35,深野
101,81,谷藤
252,54,吉山
8,84,杉沢
166,91,冨岡
97,198,春木
83,185,権藤
131,161,蝦名
78,74,小岩
211,229,藤尾
173,117,宇井
31,255,柏倉
239,142,小路
68,71,荒牧
215,177,池
100,222,三森
82,95,長倉
4,240,中内
140,41,寺下
29,119,上谷
183,153,戸高
35,237,柿原
219,129,高安
112,0,南川
124,0,権田
202,9,秋月
1,28,古林
44,37,豊川
176,81,古井
174,54,住友
55,86,植竹
72,80,山尾
13,253,仲谷
236,89,小笹
155,103,中浜
102,196,古畑
224,126,武部
144,163,野地
0,49,永江
216,153,古閑
92,233,池辺
50,23,芳野
38,249,稲本
94,136,笠間
216,242,新原
188,80,深町
2,57,三嶋
252,121,広島
121,103,茨木
101,33,畑野
240,121,本木
103,27,一柳
84,25,住谷
77,151,畑田
34,47,桑島
39,240,石松
82,86,金岡
139,72,平沼
157,51,大口
118,136,仲本
29,55,白戸
209,55,新堀
233,47,藤林
38,125,蓮見
7,85,辰己
156,11,勝俣
134,56,宇津木
159,235,相場
131,88,花村
8,176,木藤
156,208,丸
156,0,弓削
110,18,浅倉
175,248,小谷野
50,77,松枝
22,82,槙
91,50,小野瀬
231,159,両角
15,234,尾山
19,120,沼沢
2,44,折笠
99,56,加島
65,175,新名
107,249,草場
242,77,久世
43,224,箱崎
27,95,衣川
99,59,熊井
251,14,仲山
167,18,東川
212,132,阪井
206,183,香西
180,10,館
87,159,越野
26,251,深尾
126,243,蔵本
240,202,柳下
38,187,辺見
104,88,種田
133,103,清
170,241,笹野
61,204,十河
117,254,外川
187,32,冨山
252,108,今中
195,45,片田
143,239,渡瀬
149,181,藤城
77,73,生方
122,87,蔭山
102,1,上松
73,80,島谷
185,62,峯岸
139,213,外崎
75,169,兼松
169,111,土本
90,187,清藤
219,234,谷津
29,93,武川
178,24,白倉
146,201,樫村
14,125,宮西
181,153,盛
64,98,福森
152,21,光田
197,3,芝崎
176,251,浜川
186,76,浅尾
193,226,稗田
154,52,佐賀
153,166,大角
180,217,新宮
205,50,熊坂
189,71,国枝
77,215,稲岡
130,9,梶野
0,9,吉留
46,46,江沢
107,224,勝見
103,187,可児
149,220,室谷
116,41,丹
227,80,馬渡
54,164,北出
42,131,寺坂
133,129,蛯名
248,68,小南
67,208,峰岸
224,23,花木
103,64,大
29,235,真崎
219,125,森村
6,224,具志堅
42,173,向後
175,191,荻田
104,61,尾野
105,199,岩木
7,196,三崎
87,164,廣田
54,12,倉沢
217,72,日浦
11,155,尾藤
36,146,尾島
209,108,斎田
249,228,祖父江
166,50,三品
3,241,郡
228,249,徳重
96,246,瀬野
77,133,瀬谷
3,175,岸上
1,186,松江
218,188,赤崎
25,199,谷脇
43,151,池端
23,212,浮田
235,73,野川
103,143,丸井
142,149,横手
11,240,浅香
64,120,小形
171,222,安孫子
7,231,谷田部
147,198,長塚
151,90,福谷
80,2,岩原
207,233,小針
164,199,轟
43,49,浅原
126,175,弘中
225,55,軽部
26,127,穴井
106,81,上本
207,199,生井
164,7,仲間
160,250,金澤
6,147,舘
110,66,寒川
89,175,本城
139,162,成川
43,71,押川
199,67,磯谷
77,66,会沢
56,27,南谷
115,130,種村
48,81,大北
77,87,香山
36,70,山沢
123,79,瀬田
249,82,宇山
102,83,清宮
244,231,椎野
127,233,水村
97,133,小畠
167,209,蒔田
115,211,木津
158,174,松嶋
67,246,丸本
75,41,油井
242,136,増永
123,72,関田
153,204,原山
253,223,根来
230,205,永見
220,16,藤吉
242,217,北谷
26,219,荘司
185,159,薬師寺
77,254,細江
156,185,井元
149,29,河瀬
87,247,瀬口
184,157,竹尾
152,129,東原
46,224,武居
67,101,中武
10,17,鶴
6,148,土山
63,112,笹森
41,48,掛川
244,139,渡
6,81,八木沢
231,196,北見
67,172,曽田
114,95,衣笠
234,3,堀野
240,167,井下
62,146,堀切
138,229,山家
174,136,竹崎
175,88,楢崎
127,128,西畑
236,184,西塚
32,80,酒巻
158,218,尾花
252,145,島貫
83,27,平瀬
83,90,仲西
71,177,横江
237,151,久保山
41,190,浦崎
129,32,花沢
225,133,古村
242,166,徳本
53,244,木全
184,91,井筒
18,94,深堀
201,152,箕浦
66,27,葉山
24,176,玉村
112,174,綱島
41,239,中條
35,213,田浦
173,128,吉江
130,219,坂入
220,49,柴野
245,125,逢坂
19,223,渋沢
87,55,近田
69,90,倉内
129,93,福西
138,253,笹島
45,151,雑賀
34,228,藤堂
216,185,野見山
52,234,藤元
170,135,矢萩
95,237,金村
98,72,古城
23,10,陣内
204,117,鬼沢
54,9,沢木
32,68,南出
86,148,山北
187,87,只野
103,136,鴨志田
56,68,剣持
35,204,広木
183,83,市岡
128,174,北條
89,33,須川
185,171,名越
25,29,串田
25,108,岩松
18,138,羽山
12,234,西坂
202,202,奥川
242,116,下条
62,34,舟木
74,139,稲毛
187,215,鶴巻
21,128,古庄
118,246,諸星
20,255,西中
197,108,鷹野
8,151,白神
107,111,成島
163,187,出井
233,69,近野
31,59,横地
173,162,倉林
67,233,恒川
168,33,久保木
182,69,俵
188,5,武
19,245,上間
166,144,畠
182,207,辻川
45,53,名和
217,62,高見沢
90,8,管野
79,40,今関
119,75,播磨
92,200,番場
128,118,赤津
192,192,北崎
117,130,熱田
188,72,穴沢
116,126,小磯
42,248,竹岡
120,57,藤沼
222,33,田尾
81,181,猪又
149,35,水沼
228,128,野々山
114,1,宗
146,86,神村
50,162,生野
43,105,各務
176,241,船戸
197,255,猪原
244,198,松森
14,224,中矢
75,60,小河原
43,32,田子
174,127,岡井
130,25,糟谷
220,145,長橋
61,134,古藤
195,50,渡会
222,192,石飛
217,167,猿田
2,199,比留間
250,200,柄沢
144,198,越後
10,119,光永
167,69,谷井
106,119,伴野
138,110,仲里
159,83,関山
206,75,室
172,214,庄野
218,30,成松
48,130,城野
24,227,浜辺
48,78,豊福
90,112,里
152,227,家田
225,17,久富
248,67,中越
107,180,八木橋
77,150,土門
78,171,大塩
37,184,黒坂
38,63,佐治
85,73,大室
191,144,横谷
32,234,若尾
145,203,田平
143,198,長原
248,106,川勝
206,126,東出
49,172,伊井
83,179,高岸
166,127,前村
65,179,岩根
100,235,小向
161,185,藤波
165,9,繁田
43,47,由井
33,179,朝田
120,75,興梠
167,201,飯泉
32,188,菅沢
148,197,加古
158,61,戸崎
247,231,桃井
243,25,北嶋
175,72,新見
249,151,長峰
11,183,八尋
233,109,大戸
149,214,占部
148,115,茶谷
50,223,薮内
76,87,戸部
213,156,福家
30,34,縄田
33,38,宍倉
60,254,丸橋
249,213,小園
181,249,樋田
191,60,一木
202,144,奥津
246,233,尾方
58,55,徳留
172,124,滝野
177,35,富井
120,171,城山
45,122,戸井田
52,248,浜地
61,59,山梨
184,180,有沢
61,114,三宮
128,153,友野
25,234,与那嶺
83,237,池尻
146,153,鳥飼
46,217,不破
56,24,野木
158,11,日暮
242,25,笹谷
226,98,稲吉
160,131,百田
106,187,溝田
34,205,矢代
243,217,蓮沼
137,216,新沼
50,100,西元
22,194,中丸
29,151,梶浦
127,20,君塚
204,167,勝
138,105,蒲生
42,252,宮園
162,241,西郷
222,47,下里
174,214,泊
153,14,木曽
106,120,吉澤
111,30,橋村
45,198,瀬下
202,4,仙田
245,115,橋野
153,174,寒河江
14,193,御手洗
191,110,西方
34,166,黒柳
129,25,白山
188,182,細木
27,137,山科
15,208,大中
66,178,嶋津
140,209,東條
112,180,仮屋
39,106,中馬
246,152,柿木
141,109,松波
223,95,天田
53,40,出水
141,127,森藤
177,55,海老名
157,102,沖山
182,165,舟山
143,181,世古
197,224,土佐
104,28,南波
172,126,粟田
85,22,永沼
227,41,郷
97,126,西條
191,118,氏原
151,76,木川
68,116,矢嶋
230,21,原沢
207,173,外間
190,190,丸野
230,65,関沢
182,50,長南
168,133,古内
193,2,本宮
102,144,立松
178,0,打越
14,91,大神
36,80,月岡
9,230,利根川
28,195,脇山
137,19,夏井
52,218,元田
56,30,幸
75,80,増沢
209,100,築山
113,241,榎田
115,239,宝田
152,168,高藤
122,38,赤田
42,63,蒲原
249,222,門倉
215,226,市来
182,120,国広
81,79,吉谷
120,76,伊奈
176,233,井谷
220,116,稲井
190,163,久永
49,192,一宮
51,36,西部
20,208,高根
36,181,森木
41,193,柳橋
65,164,佐橋
208,182,野辺
75,191,植原
78,102,岩波
51,118,江森
240,120,籾山
209,229,新島
235,115,堀池
237,106,網野
9,135,葛原
128,63,山
171,111,岩月
48,222,中神
238,66,米津
137,160,鍛治
213,67,旭
244,160,佐渡
213,106,春原
226,121,金内
69,18,星山
7,117,築地
13,80,武富
90,191,上妻
225,23,美馬
103,163,宇賀神
136,39,今福
253,88,細貝
46,19,小石
227,51,薗田
241,141,瀬古
225,20,郡山
67,254,田谷
80,163,光岡
42,253,池崎
82,6,宮平
79,131,豊嶋
219,20,立木
236,76,川戸
49,18,長澤
46,75,世良
119,228,安楽
73,99,青沼
164,131,花本
148,250,沢崎
50,39,藤澤
241,105,南里
239,93,萩尾
94,197,与那覇
138,201,友利
241,175,牧原
123,84,伊吹
23,105,戸島
115,112,池口
142,229,白根
122,50,猪口
99,167,畔柳
6,98,府川
18,0,鴫原
210,205,芥川
129,61,瀬崎
100,163,小板橋
148,20,花島
57,161,辻岡
82,243,若生
52,122,八尾
239,101,財津
30,102,水間
176,36,生田目
219,152,斉木
126,0,本吉
77,86,当山
97,194,伊地知
97,44,阿比留
173,77,横瀬
227,122,崎田
11,60,庄田
1,243,大隈
251,213,竹花
225,68,源
184,65,笹尾
113,41,秋野
205,67,滑川
192,255,新井田
153,44,西林
237,197,梅谷
169,146,野末
76,54,千賀
237,171,相澤
192,62,当間
88,60,早崎
174,117,山野井
161,200,花輪
103,59,竹口
43,221,元山
219,171,神宮
13,172,沼倉
198,0,富川
229,52,円谷
148,205,五十川
254,104,高下
75,211,上井
230,102,富塚
228,209,茂呂
241,133,稲富
106,193,川津
155,100,淡路
159,177,砂原
88,172,檜垣
112,65,鏑木
227,224,宮澤
230,208,平子
186,121,末田
103,38,戸松
79,62,若宮
157,100,大渕
11,212,大園
142,228,山藤
77,41,棚田
82,103,秦野
88,200,磯辺
93,189,加川
214,142,宮路
208,236,池村
194,215,蛯原
12,135,兼平
1,126,山部
29,82,沢本
167,175,森上
99,208,尾川
8,161,宮森
10,188,倉地
46,62,福重
90,19,喜納
181,97,重村
164,97,鶴谷
58,112,干場
124,68,駒形
159,251,糸川
52,103,小中
220,26,登坂
103,121,鴇田
0,66,棟方
116,24,吾妻
107,67,今城
140,42,水木
100,245,矢倉
194,251,有坂
194,199,大淵
156,4,水津
41,189,津山
14,67,岩山
78,176,谷島
251,71,中鉢
188,1,草薙
4,22,種市
51,88,梅林
193,113,島岡
38,42,稲生
219,114,柿沢
99,33,奈須
27,67,代田
81,223,横倉
159,11,久原
190,182,笹倉
175,65,川満
9,1,楠木
108,210,鏡
77,95,杉尾
135,108,大蔵
203,207,沼尻
96,103,馬越
239,135,上平
212,129,浜名
92,146,本川
103,248,浅海
8,50,嶋本
146,62,香田
135,58,荒尾
91,74,石見
64,33,芝原
219,105,入山
59,18,中筋
160,140,梅山
69,161,楢原
206,196,南沢
242,181,荒瀬
255,99,若菜
246,123,常田
11,91,村崎
131,218,村沢
80,89,板野
64,249,潮田
233,236,広畑
100,82,古館
217,41,西海
237,57,赤瀬
92,204,新木
209,57,高間
108,17,川手
246,247,徳原
56,94,春日井
106,165,川浪
243,196,二川
179,209,神藤
63,99,仙石
155,42,貝塚
44,140,一条
199,129,栗城
9,43,蟹江
141,170,菊谷
245,65,上條
187,101,本沢
25,155,梅川
214,48,勝木
60,33,湯原
207,228,杉下
96,10,水嶋
52,182,安宅
198,238,紙谷
129,232,南条
249,250,出村
237,2,宮元
75,114,広中
169,180,今里
175,17,笹
63,217,橘田
227,161,公文
84,56,薮田
80,222,黒石
53,251,大金
242,120,水原
13,88,沢辺
141,12,高屋
185,55,重野
41,207,入口
206,197,黒沼
173,133,秋谷
136,240,蓑田
75,47,横堀
200,81,道上
243,153,滝井
190,245,小野里
8,244,高取
9,156,植草
54,167,鍋田
147,85,外村
228,196,諌山
142,178,増川
247,27,村島
104,238,高口
29,4,近
243,226,中家
89,229,亀川
32,230,古里
63,24,込山
52,55,出原
23,62,三石
163,66,横関
11,57,秋庭
180,163,杉井
71,10,増野
9,202,打田
196,101,稲森
52,6,山道
87,42,増岡
156,53,猪飼
228,131,小浦
100,83,糸賀
194,254,磯山
19,204,伊田
207,194,橋元
39,34,立原
206,200,笹沼
87,224,守山
111,177,上中
199,70,谷垣
195,79,萩谷
147,143,若原
68,67,西平
127,153,下原
11,62,川部
168,143,林正
46,79,美濃
15,57,横塚
220,216,室伏
153,56,神代
3,216,上月
64,244,末岡
102,96,楠原
74,72,津崎
221,225,渋川
215,198,酒匂
232,178,江戸
83,160,下岡
168,32,座間
205,42,石堂
97,47,岡嶋
115,34,植山
154,154,霜田
235,18,吉浦
54,185,国松
193,179,小国
15,62,木部
194,91,前畑
24,236,渋田
15,189,市瀬
251,96,堅田
112,83,赤沼
88,140,柏谷
9,239,満田
6,19,鴨川
96,186,石戸
74,105,立田
98,117,間
133,62,直江
112,212,六車
13,219,西澤
120,154,鹿内
144,12,角井
178,50,永石
96,180,川路
147,112,油谷
160,94,安間
83,129,玉野
124,223,小阪
134,77,魚谷
177,102,新津
204,203,片寄
96,244,久下
43,73,弘田
30,251,赤城
45,58,藤中
197,101,張
112,74,唐木
0,26,三代
245,235,小見山
108,221,高部
241,81,重本
127,105,樽井
247,59,湯山
231,138,新庄
137,95,宮谷
214,21,倉岡
117,48,中口
35,188,新納
88,52,樫本
170,157,館山
122,150,細矢
166,18,戸倉
88,162,安富
157,84,下島
227,14,水元
82,216,堀場
214,150,間野
246,26,喜多村
133,207,国武
94,25,蔵田
19,144,有山
164,132,岩堀
247,7,昆
249,163,柿田
17,65,美
110,81,弓場
27,8,上園
8,75,新岡
171,108,五月
9,96,与儀
218,102,八鍬
150,114,神沢
46,55,十川
99,41,舛田
127,114,堂本
196,49,粟津
153,91,窪
25,193,周藤
2,18,蓬田
179,46,井ノ口
223,57,樺沢
114,207,五藤
175,33,生島
27,133,津曲
66,117,永嶋
118,25,久慈
162,83,柴垣
155,207,牧山
123,39,久住
11,11,高平
235,229,三吉
98,124,船本
151,3,吉池
199,181,隈元
216,45,藪内
125,176,白幡
66,113,海藤
111,227,桂川
155,97,知久
196,205,木沢
96,7,小城
250,127,大八木
36,82,広谷
41,87,森安
37,185,張替
82,203,飯岡
39,44,金成
109,251,山賀
139,20,桶谷
35,132,水井
114,120,草刈
36,113,大瀬
102,24,毛塚
254,7,花谷
6,190,森園
226,75,北爪
210,229,上
230,166,門
62,153,高階
109,102,梨本
211,46,四元
112,77,江端
248,195,江幡
19,140,安島
185,136,加治
85,67,苅谷
0,33,田窪
220,240,菅生
191,207,八谷
38,58,臼杵
38,78,鮎川
14,192,三塚
64,21,室岡
245,86,神長
170,94,小枝
49,114,森原
78,50,関原
6,121,沼尾
29,248,浅賀
35,7,水川
127,150,沢山
235,171,先崎
250,90,藤丸
41,59,池下
115,129,寺口
238,68,岩岡
239,133,浦本
154,74,大地
125,35,足達
61,71,黒野
249,107,池島
180,170,深水
246,52,久本
180,230,由良
88,7,芦川
255,136,浦島
133,205,奥沢
172,132,国田
172,249,島川
104,108,楠瀬
140,179,樫原
31,79,山原
109,139,阿保
130,218,郷原
19,38,永友
247,128,上出
142,124,山里
158,121,藤浪
240,119,藤生
233,60,浦部
53,149,羽根
29,45,横野
153,46,針谷
211,242,大住
202,116,長村
71,216,吉森
30,32,上嶋
101,2,城所
62,203,下谷
120,228,西堀
130,194,嘉数
222,43,上遠野
174,217,仲沢
140,48,浜松
25,187,綿谷
116,235,京谷
51,209,儀間
14,40,菅家
154,118,千代
89,217,池山
183,129,長縄
62,240,和久井
44,124,中司
111,65,有働
138,71,本谷
176,41,喜屋武
101,225,下沢
159,144,古澤
244,27,栗木
59,55,江畑
204,31,峠
242,214,薦田
133,127,横島
47,229,吉尾
172,181,宮林
98,183,荒金
73,8,出田
150,62,入谷
99,184,寺地
57,232,塩入
69,115,黒澤
56,109,明神
200,27,丸茂
177,197,折戸
167,30,東本
3,125,橘高
220,241,瀬戸山
29,195,横須賀
19,35,松隈
163,27,陳
221,204,丹波
224,57,増尾
91,114,高須賀
117,64,斉田
130,215,池戸
249,12,東口
199,102,市場
249,229,芝野
254,117,松居
220,151,西上
241,255,大類
241,95,池川
90,60,安食
219,174,万代
117,248,安河内
145,212,小野崎
17,127,国友
196,145,三本
76,250,椎木
33,207,鴨下
101,134,門井
123,116,有井
132,212,戸井
153,176,小尾
5,28,小峯
179,89,島根
214,141,本島
167,182,倉谷
61,118,井崎
47,99,溝部
84,121,高月
241,129,多胡
161,78,今林
220,68,上甲
140,99,深澤
47,87,花城
41,154,川鍋
189,204,天羽
208,190,蜂須賀
78,216,神津
144,149,大薮
5,76,滝上
142,179,尾高
94,27,纐纈
125,5,刈谷
0,134,大柳
94,50,滝下
226,139,飯沢
118,198,桝井
90,209,川澄
163,177,中務
255,163,熊川
94,199,三尾
113,236,森光
47,165,箭内
165,107,光山
90,247,大松
44,157,塚崎
145,15,嘉藤
18,116,高江洲
121,126,重岡
113,36,江見
136,254,小清水
58,1,武政
224,186,間中
255,75,田巻
80,142,有泉
29,161,福川
39,88,本岡
30,116,桝谷
173,153,鵜川
27,220,沢谷
236,239,峯村
203,245,豊原
9,109,徳岡
190,18,都筑
213,94,森正
192,56,迎
236,54,安
185,229,島内
160,224,外園
20,246,諸田
152,80,河原崎
147,202,堂園
165,19,近沢
243,88,出雲
88,211,畔上
141,56,小塩
107,138,寺谷
63,144,勝村
130,63,城下
224,37,進
236,252,西宮
76,129,石部
104,3,竹元
235,57,勝本
203,176,日笠
217,18,桑村
59,180,大嶽
255,26,都丸
63,230,園山
128,53,槙野
174,71,大嶺
164,194,大辻
247,155,戸嶋
122,4,坂崎
2,22,上垣
156,133,桃原
73,41,内間
77,55,尾沢
246,48,野添
82,39,門野
99,252,関屋
182,252,塚野
207,189,永富
122,176,土江
203,61,柏田
120,109,若木
172,128,甘利
60,1,漆畑
72,48,森屋
26,58,吹田
222,251,山井
243,7,榛葉
235,75,大日方
211,89,冨沢
54,104,穴田
255,202,石河
240,211,間島
246,252,笠
136,156,押切
46,22,古河
101,10,檀上
65,188,刀根
134,144,飯干
98,106,友永
43,27,三富
17,231,市毛
52,156,篠
76,101,大重
35,20,屋代
148,247,桐谷
24,152,建部
81,158,古舘
21,78,村下
60,207,大河
30,94,米澤
195,43,名古屋
172,175,上木
232,200,黛
16,236,藪田
39,182,稲木
149,234,藤瀬
100,24,二神
148,185,大川原
229,33,永森
197,41,池ケ谷
2,206,鍋谷
142,21,薄田
23,123,椛島
39,67,鐘ケ江
236,168,東村
175,96,志摩
108,12,松久
255,69,上野山
39,98,重信
6,188,羽柴
24,71,照沼
230,135,津留
180,110,印南
91,73,広江
121,217,大羽
167,180,反町
151,107,花崎
222,60,浜砂
14,228,冨樫
41,197,久家
62,226,国沢
253,166,三山
17,97,勝亦
110,137,東島
230,27,大曾根
227,152,下元
155,146,安斉
248,182,金尾
33,181,深江
219,186,碇
69,181,田邊
101,139,尾本
163,235,浅山
120,69,平谷
88,120,桝本
191,64,知花
173,103,長門
93,16,羽根田
30,249,寺前
250,195,藤塚
201,240,納谷
96,5,三重野
158,181,小見
69,42,馬淵
129,170,林原
31,78,石関
244,52,上里
207,40,金木
208,4,吉水
232,117,海老根
201,7,井尻
223,250,呉屋
245,33,森戸
237,48,翁長
63,123,貝原
200,107,堂前
99,143,堀米
46,64,愛甲
24,216,稲場
166,89,阪野
164,165,宮入
104,95,花野
206,101,棚原
205,216,駒沢
101,182,西牧
204,79,百武
76,141,北畠
191,76,遠矢
88,36,森尾
208,176,島倉
36,177,朴
198,254,力石
230,100,西園
158,242,黒島
200,69,押野
245,119,三河
193,162,宗形
72,150,栃木
170,127,小淵
143,36,川地
18,122,嘉村
44,240,川原田
91,37,昆野
254,143,大成
66,184,箱田
107,26,蛭川
232,53,玉山
236,70,勝間田
22,243,松戸
216,210,真部
41,110,笠島
12,61,久保寺
24,160,紺谷
107,183,信太
82,173,江連
209,144,小瀬
193,177,若槻
64,248,紅林
115,126,新崎
231,48,澤
144,34,今橋
177,74,加賀美
193,56,安彦
244,62,国府田
193,26,谷上
204,200,金坂
183,51,桧山
132,207,今本
153,49,桜沢
135,158,酒向
85,207,壱岐
253,159,糸山
38,253,中前
105,175,中倉
109,46,庭野
179,19,羽場
103,124,戸張
204,49,西藤
181,130,海津
220,230,川人
239,238,泉川
40,43,幡野
213,213,里村
170,238,簗瀬
169,141,糸数
164,29,貴志
212,57,神吉
6,109,小方
34,186,真柄
164,227,安福
179,199,中城
167,50,天谷
100,155,田久保
15,215,峯田
50,42,由利
13,240,中台
232,243,郷田
221,240,駒場
32,54,秀島
183,195,真弓
145,193,末武
202,21,葛城
172,226,壁谷
130,79,角川
201,253,初田
248,93,針生
82,94,真砂
122,99,小長谷
139,108,高地
88,160,江良
82,30,松澤
247,17,元村
77,208,柳澤
98,188,山平
145,3,蓮井
79,53,南山
215,90,帆足
219,27,鎌形
95,74,篠木
24,84,神部
85,107,野宮
30,248,花柳
222,16,貝沼
252,216,黒滝
170,184,天川
84,175,田之上
129,130,藤内
65,106,池畑
220,93,玉利
35,251,貫井
152,169,諏訪部
248,170,土川
13,169,浜井
123,252,猪熊
50,95,丹沢
72,214,小田部
252,113,後田
37,220,安沢
21,229,円山
108,166,三川
217,123,沖村
55,237,京極
179,148,執行
60,92,田本
140,241,小木
16,171,神永
227,109,五嶋
185,226,西城
67,248,土師
143,194,宇治
103,208,降旗
246,170,市丸
14,255,大見
197,164,安芸
109,162,染矢
187,2,光本
153,28,米満
185,232,片柳
11,29,鈴江
102,50,東浦
95,41,大武
229,54,沓沢
254,75,根木
136,102,中路
124,120,宮浦
90,40,寺脇
10,180,川谷
171,69,岡原
8,165,柘植
194,49,南條
234,67,麻田
231,199,木寺
137,70,徳光
23,234,龍
167,47,村石
213,48,立岩
200,42,戸上
125,205,山戸
106,97,山瀬
180,13,藁谷
63,167,古池
242,123,三苫
86,214,住本
4,7,豊崎
251,105,国島
253,218,尾原
145,67,中下
52,226,西久保
195,167,菰田
200,224,光井
211,226,高比良
176,169,実川
22,49,大草
136,77,永倉
236,120,桂田
226,51,小鹿
81,133,澄川
87,45,菱川
155,150,阿久沢
35,146,宇高
88,45,舘野
142,90,早乙女
167,240,友松
57,194,蓮池
202,234,森中
140,145,井手口
132,14,梶村
40,247,三船
167,99,朝野
180,47,輿石
144,90,清沢
9,88,村林
9,101,徳武
111,212,仲島
173,6,徳井
144,46,重森
65,148,和知
112,38,菊本
224,231,青砥
169,191,井浦
225,210,南口
134,93,中安
50,122,中藤
21,59,三瀬
183,92,倉知
24,6,下坂
49,134,桜本
182,7,平嶋
183,219,宗田
208,253,秋沢
117,187,室屋
41,1,鴨田
227,183,今吉
76,12,上久保
225,232,竹腰
142,217,藤下
159,206,相内
120,56,沼崎
59,233,広部
9,199,古宮
51,64,横浜
254,145,小野木
22,213,長畑
171,188,徳島
116,108,出野
226,67,藪
184,164,酒本
227,99,久木田
10,112,幸野
253,190,坂爪
76,200,竹上
220,37,市山
185,95,相楽
50,85,九鬼
231,244,広本
232,193,日原
249,51,新地
30,180,鳥谷部
28,68,川副
216,244,野澤
240,197,櫛引
74,189,平戸
203,183,中北
91,229,相羽
237,79,是枝
62,218,古関
209,224,狭間
30,127,芦原
231,123,加治屋
183,248,黒河
38,227,陰山
169,160,久島
73,74,岡戸
98,142,溝端
200,72,高市
17,100,井伊
194,113,橋川
240,109,交告
250,191,藤嶋
135,223,樋上
4,86,牧村
224,53,笠木
246,59,出川
18,11,薮下
187,245,八百
177,2,洞口
34,199,笛木
65,29,鶴崎
49,29,坪倉
103,231,江間
191,168,貝瀬
166,205,桑本
100,60,上江洲
155,190,峰松
15,55,澤井
114,110,鵜野
218,179,榎並
166,126,鹿田
38,105,西江
239,19,木嶋
20,151,梁瀬
54,65,稲沢
146,53,奥西
91,103,篠宮
151,75,小日向
151,12,小湊
186,136,上口
70,235,飯高
125,108,北中
138,182,村橋
40,244,大館
29,176,土生
105,98,町野
127,55,酒見
248,155,古郡
62,78,芦野
78,160,王
145,227,岡庭
98,177,駒崎
39,227,戸辺
160,62,釘宮
209,103,奈良岡
12,225,加山
242,30,坂西
24,119,南田
202,155,矢田部
210,142,古江
62,75,諸井
106,3,東城
246,202,安積
214,81,桑畑
35,245,刑部
61,164,得能
32,114,三須
202,102,川渕
161,34,谷地
194,68,芳村
189,10,湯口
247,199,大宅
108,234,金高
24,243,永峰
139,118,新本
240,84,中野渡
132,56,福住
222,83,鯨井
181,127,子安
178,173,倉光
210,69,砂山
139,146,有木
194,126,横森
106,142,屋敷
134,210,泉山
0,107,北垣
232,75,興津
42,212,寺戸
126,65,御園
179,137,貴田
45,74,樋川
10,145,伊礼
90,222,貴島
62,93,三根
1,189,増村
23,96,浜元
51,102,北脇
101,54,仲原
49,133,山端
70,12,吉中
193,43,栗崎
173,86,原子
2,63,中川原
244,155,藁科
30,93,澤村
16,221,渡井
56,73,呉
252,129,吉橋
134,250,伊野
69,178,永塚
211,194,橋
70,5,元吉
184,4,田路
83,165,薗部
111,59,岩坂
136,139,三坂
210,56,白谷
163,47,志岐
60,236,古島
248,13,国安
119,239,杉木
79,146,和久田
17,33,池松
103,98,村元
157,40,額賀
246,1,入野
145,79,阿久根
53,128,崎浜
228,176,川東
48,54,増谷
134,243,多和田
226,242,萩田
72,243,風見
28,1,丸川
10,70,今成
238,242,石浜
110,85,足利
49,115,角南
121,70,図師
4,160,秋場
150,99,田添
234,63,垣本
9,69,射場
248,134,倉重
44,92,久山
238,121,行方
6,31,俣野
163,115,笠谷
94,130,塩月
252,78,伊部
164,126,川平
94,229,納富
82,192,原川
26,17,黒井
200,121,幸地
128,136,古俣
228,101,野畑
36,45,延原
210,65,宮良
176,34,沼野
47,127,新留
43,192,中桐
158,22,小金沢
115,22,当麻
154,21,波多江
195,145,白須
219,138,井岡
165,240,作山
89,126,中津川
254,100,横道
155,62,重富
236,204,村口
187,1,綱川
222,62,宮山
29,84,榎戸
107,189,塩塚
240,9,海田
111,106,須原
249,46,扇谷
211,59,森部
137,209,池部
177,67,馬上
21,107,矢木
58,8,片瀬
242,206,茂野
129,223,西浜
87,251,有岡
27,56,河部
107,160,袖山
208,138,羽石
86,205,橘川
104,171,宮代
185,15,薄
194,236,浜上
43,66,光武
119,118,飯森
228,248,麓
231,221,明田
22,77,新関
191,133,釜谷
213,224,吉竹
229,156,栗野
202,127,飯嶋
60,204,伊集院
228,146,井島
185,24,英
121,130,坂梨
237,102,新沢
83,184,森泉
226,22,木佐貫
19,26,目崎
50,44,羽原
120,46,下西
10,96,井
227,164,吉木
20,200,高萩
224,120,山野辺
39,100,清瀬
232,20,生川
63,34,和久
51,234,芝本
135,128,末光
15,148,藤松
57,98,蒲田
136,114,永坂
52,106,安立
169,165,酒田
143,149,池亀
88,201,日向野
206,25,八坂
249,199,武者
123,66,稲山
252,37,佐倉
93,95,滝谷
128,237,槙原
211,10,友部
20,161,林崎
205,247,榎木
207,19,下
244,93,海老沼
204,93,前橋
216,195,安住
43,106,上森
128,6,福光
24,87,伊庭
234,152,勝呂
94,182,川
249,211,米良
167,249,半谷
7,216,藤戸
229,56,仲地
146,184,前嶋
10,41,星田
112,100,吾郷
43,3,富松
11,151,下園
133,94,洲崎
115,35,小須田
176,195,天満
157,42,野内
240,103,那須野
109,51,谷原
102,48,高川
208,161,松浪
186,150,醍醐
181,32,田熊
22,246,楠元
93,226,塩屋
59,32,岡谷
86,248,岩島
13,1,礒部
179,44,峰村
186,223,藤居
170,83,渡久地
182,48,角屋
226,32,賀川
63,43,江草
67,54,竜田
104,54,金指
185,121,徳久
46,152,岡松
143,6,黒部
173,109,波田野
30,247,亀沢
136,82,乗松
160,16,有元
86,150,梁川
171,28,叶
199,223,釜田
44,31,松前
209,85,網谷
39,215,玉那覇
119,102,仁田
179,190,千代田
101,166,滝山
74,37,椎原
170,154,南方
172,170,武笠
97,66,東江
251,123,中溝
178,155,五木田
254,133,乙部
33,51,大鹿
5,15,守
3,79,重永
64,146,尾畑
84,13,和賀
250,122,境田
169,54,芝山
65,150,常松
139,224,萱野
0,128,行田
45,95,高砂
77,246,国重
145,167,小堺
212,171,小田嶋
137,192,薮
182,127,喜友名
183,33,近森
127,205,丸子
215,145,染川
211,12,坪根
113,7,植本
191,202,穴見
223,242,軍司
21,53,梶井
215,149,時任
189,181,竹永
143,66,浦辺
170,81,小此木
189,133,多賀谷
254,252,嵐
123,51,虻川
117,27,見上
45,99,溝江
117,12,滝島
94,30,有光
218,153,仁藤
196,208,永浜
64,176,山手
65,47,小森谷
10,143,染野
192,139,武蔵
195,154,木庭
160,52,藤橋
215,118,千島
124,16,是永
18,1,沼口
170,85,奥寺
184,215,塩津
255,7,井山
177,173,槙田
83,234,鷲野
215,253,永木
253,121,小橋川
21,8,泉沢
203,90,朝井
70,155,野下
85,254,坪川
207,197,登
153,161,安松
69,32,鶴野
136,70,笹部
118,115,船水
253,241,米井
178,34,伊豆
146,163,七海
125,21,伝田
74,76,布目
178,57,本
21,0,天本
49,71,赤岩
5,135,牛丸
199,88,椛沢
141,149,下出
241,5,境野
163,215,江角
106,190,赤平
82,90,三和
82,199,勝浦
197,7,内
154,158,上沢
236,250,阿曽
120,94,越前
53,153,恒松
59,197,桐野
238,84,鈴川
188,85,苅田
102,36,松瀬
51,226,大藪
249,172,百々
171,44,引田
131,87,入倉
2,234,波多
172,12,富安
132,74,有松
44,126,福
151,192,城本
5,210,重藤
177,195,黒住
214,50,浦谷
231,71,安中
2,68,鬼木
213,85,山畑
32,18,萩本
147,94,浪岡
62,106,海老
66,206,角本
127,218,田場
190,106,門口
122,236,吉満
151,221,江波戸
221,207,沼
247,177,千
197,1,前谷
33,98,谷合
234,50,鷲田
139,90,芹川
53,83,北畑
15,197,萩
95,96,岩脇
139,182,五反田
87,160,内木
133,145,須佐
29,99,升田
188,213,花山
3,250,浦井
192,171,甲斐田
199,26,塩島
191,164,茶木
205,29,中浦
186,155,吉越
133,60,坂尾
160,125,板坂
182,217,牧内
254,167,瀬山
103,33,二本柳
198,112,伊崎
144,60,伊勢田
69,164,光安
90,133,北上
214,120,来栖
218,221,小柳津
121,210,池添
65,215,恒吉
198,71,作本
234,203,倉科
220,242,竹部
26,82,柳楽
51,53,徳野
62,31,天沼
33,17,樽見
153,93,倉
120,186,宇賀
60,58,金杉
120,112,秋永
183,190,鷹取
96,204,辰野
220,186,長根
181,170,岡川
66,74,三神
232,44,青戸
235,0,矢川
50,129,粟飯原
176,141,玉谷
110,91,国見
86,68,指田
247,93,持丸
81,81,白尾
65,83,新出
52,181,穂坂
184,159,斎
119,155,神成
208,34,荻
31,238,糸永
149,98,御厨
52,46,河北
6,64,古矢
73,47,生沼
216,98,鄭
218,58,藤掛
89,159,徳竹
25,245,高根沢
248,48,倉石
172,178,保谷
59,201,堀込
245,75,礒野
21,1,芳川
72,184,晴山
61,201,元井
209,124,亀崎
236,10,越
227,168,沖津
189,110,蒲池
27,46,勅使河原
238,39,名嘉
241,32,外岡
47,114,仲尾
102,63,当真
228,103,来田
74,5,弥永
144,202,蓑島
161,244,波田
198,89,杉林
18,184,下井
116,166,石綿
120,242,扇
16,225,前岡
43,118,坪谷
162,188,北郷
124,20,卜部
244,152,左近
135,43,崎原
69,171,清永
126,253,西河
124,132,草川
61,58,鳥
119,158,園
188,9,樫山
244,156,森実
23,113,川向
138,248,羽野
16,101,十文字
152,240,利光
141,249,茂田
3,159,日隈
208,77,大寺
46,146,赤司
51,35,蒲
73,65,宇佐
174,178,久保井
238,241,松石
228,21,赤穂
42,118,末木
72,106,児山
115,115,苫米地
33,35,二上
161,210,隈部
172,90,柴谷
251,235,蓑輪
219,21,寺林
76,44,屋良
117,11,青谷
236,107,町井
70,169,友成
236,148,荻島
189,224,森松
236,88,星加
55,96,泉水
58,155,松見
17,114,力丸
186,114,勝間
33,10,立岡
128,139,堀岡
10,118,小屋
165,163,坂中
38,124,開
69,74,鮎沢
59,160,金平
115,252,小田川
30,222,安居
194,104,塩山
250,131,久高
143,154,久村
169,194,布田
40,58,葛谷
61,80,細山
62,108,石元
62,251,千明
96,110,柳町
206,89,黒羽
104,188,寺原
29,252,可知
135,64,鍵山
124,163,大元
141,67,大川内
69,245,尾下
250,81,菊井
17,129,茅根
174,121,伊与田
131,241,皆木
16,183,石戸谷
62,54,村谷
35,64,伏木
18,72,児嶋
50,240,上石
29,117,大部
79,237,田近
176,51,田北
186,83,米森
196,227,進士
66,233,樋野
215,57,大国
242,6,朝山
7,208,石尾
227,61,牧島
124,220,犬伏
133,7,坂川
157,235,三澤
194,76,芹田
16,19,小野原
37,60,朝長
151,231,八塚
84,238,松長
212,163,戸口
89,116,山神
16,51,川浦
43,174,徳江
136,140,網代
137,227,奥出
198,143,鍵谷
32,185,大根田
164,115,福浦
96,46,平手
232,165,阿野
37,133,穐山
209,161,垂水
183,30,水流
155,243,濱崎
36,76,西巻
234,169,石郷岡
196,58,池浦
165,226,白藤
164,241,和島
247,111,美濃部
111,167,朝岡
9,4,仲松
23,98,森嶋
152,77,鹿毛
27,12,師岡
180,61,光野
107,172,柿内
177,201,三留
90,119,城島
49,223,木俣
113,174,庭山
209,236,矢原
95,90,輿水
144,50,並河
151,195,二井
22,96,大曲
228,230,車田
97,228,四戸
237,35,古堅
131,54,荒武
199,105,高草木
43,171,中町
125,129,長堀
195,66,牧瀬
131,224,筧
174,89,黒江
46,16,山縣
223,2,名村
28,167,野平
213,28,木立
139,4,網本
228,27,粉川
14,194,大栗
157,173,成岡
27,175,菊島
50,254,県
179,107,鴻巣
128,48,渋井
142,56,藤浦
193,98,柳内
95,184,岩戸
124,214,城内
116,250,丹生
18,153,井之上
115,68,稲福
233,61,海江田
80,117,楠見
222,57,北澤
163,229,有野
114,193,加田
171,231,三ツ木
32,70,白取
200,21,野々垣
202,177,北里
203,56,川出
248,110,江部
3,128,下津
21,247,阿武
145,214,出羽
195,109,政岡
143,87,島原
163,60,成毛
113,49,内倉
198,156,福丸
145,249,宮垣
184,82,功刀
82,56,多々良
134,61,北園
198,154,江坂
12,12,柏村
14,204,久光
230,23,狩俣
173,142,松延
29,223,正村
186,178,津本
182,54,木南
106,49,水内
142,144,大柴
133,131,姉崎
76,158,今堀
227,97,高辻
165,237,浦口
88,144,宇根
252,168,松
217,98,乗田
3,25,見目
21,147,早乙
164,143,大丸
59,39,田名部
165,108,戎
143,44,正井
138,81,清岡
62,111,宮国
186,71,後藤田
198,119,重光
174,165,清本
51,243,門屋
25,99,金津
111,105,西端
226,17,棚瀬
40,232,近松
94,49,山寺
171,181,真子
21,242,西牟田
16,114,増原
27,4,成清
85,195,杉元
123,13,佐保
57,162,駒村
206,238,渡嘉敷
34,133,茅原
254,202,久留
227,32,板津
135,37,阿川
144,118,寺園
185,110,竜
44,89,永川
157,124,高波
74,141,藤坂
62,132,武岡
19,241,一井
219,67,室橋
162,152,竹之下
194,136,番匠
15,211,米岡
13,29,黄
41,187,関塚
25,19,広橋
163,175,笹崎
40,12,圷
70,92,津金
218,75,原崎
159,97,家村
200,89,河原田
5,201,鎌谷
123,25,岩男
31,24,西木
123,246,椿原
108,236,嶋野
189,135,徳増
255,8,本松
217,4,江副
208,202,坂場
4,45,潮
163,228,竹市
42,216,鴨井
133,29,向江
115,134,降矢
251,226,重久
126,75,銭谷
248,156,瀧本
193,150,武末
143,236,平澤
79,246,武沢
143,145,畠田
84,106,敦賀
171,27,霜鳥
122,128,成井
161,60,佐多
247,165,牛込
37,90,高岩
12,197,中坪
19,212,鳥本
132,226,渡口
238,38,南原
12,81,関矢
207,146,細越
230,143,鳥谷
156,187,万谷
233,20,久岡
26,86,三隅
97,168,七尾
185,221,梅垣
6,74,福江
40,2,伊能
75,61,小串
200,188,浅間
204,35,万
212,196,勇
36,190,杉内
110,148,枝
182,116,黒宮
27,153,金久保
184,63,古森
150,197,小藤
217,231,辛島
123,235,片上
234,230,豊村
252,84,稲熊
227,209,瓜田
49,41,竹松
217,36,長部
64,74,鈴鹿
116,157,塩井
65,176,我那覇
35,63,桐田
207,22,国谷
120,24,今尾
126,181,平方
239,0,椋本
135,97,濱口
164,113,管
253,134,岩館
127,231,大日向
6,233,米野
234,160,富谷
219,242,成富
95,67,小又
1,115,小佐野
157,250,根間
165,139,奥島
222,232,額田
163,225,宗村
170,148,篠沢
174,157,松並
236,180,大田原
25,42,中河
239,90,中泉
1,176,吉丸
197,128,逆井
251,97,溝井
25,49,跡部
126,209,武知
223,8,矢後
119,148,尾中
65,142,池間
202,178,森高
130,208,渋江
59,147,久木
254,194,海保
199,208,城谷
114,189,大内田
4,220,武下
251,78,脇谷
247,208,矢ケ崎
217,151,門前
157,119,十亀
101,237,若本
203,86,鎌野
205,200,稲永
5,67,一條
122,254,税所
65,236,中地
96,22,畑本
137,130,藪下
217,17,岡内
254,191,久間
57,155,川淵
63,17,長町
31,108,殿村
52,41,道端
76,42,徳村
233,156,尾西
139,226,福吉
81,251,国光
225,72,武野
113,198,平栗
203,138,坂井田
183,173,今坂
191,163,古泉
48,121,永易
106,127,井手上
15,131,伊川
226,140,下浦
99,91,館岡
21,217,熊代
27,45,馬田
154,42,平柳
143,72,北森
71,162,薮本
44,36,永安
192,132,竹ノ内
226,16,与田
229,12,友寄
113,88,本井
141,147,幅
51,224,長船
26,238,在原
230,26,苅部
79,9,屋宜
94,198,鹿又
18,112,酒谷
161,7,水崎
11,78,千坂
217,139,蛭間
182,228,名田
57,100,平泉
222,217,土手
229,18,新貝
151,116,伊佐治
70,152,作間
36,132,鹿山
119,54,小宅
47,10,南場
15,71,出崎
58,103,前中
138,18,和智
101,13,越山
154,225,吉光
232,146,尾池
183,174,江守
119,66,吉冨
30,1,間山
244,190,重山
127,117,小
5,143,島尻
78,206,冨士
129,217,西館
152,245,円城寺
209,35,鯉沼
166,160,中松
151,43,本藤
69,143,米丸
145,19,宅間
245,4,則武
14,148,水町
148,226,水戸部
162,41,三矢
83,125,阪下
118,31,加々美
91,46,右近
245,157,押尾
129,180,沖中
65,230,蒲谷
83,101,真辺
202,137,長久保
18,183,下條
202,240,藤根
109,53,本名
153,117,会津
35,211,広
204,151,柴本
10,167,岩出
102,87,金島
194,183,三ツ井
49,51,新堂
175,57,立沢
171,65,崎村
235,194,山方
75,151,瀬沼
116,133,能美
248,102,熱海
189,206,田和
55,29,中東
202,22,広崎
86,126,向原
27,19,牛木
252,65,早津
40,98,嶋岡
95,145,守安
216,49,幕田
124,133,小堤
209,34,野路
236,243,犬童
193,135,辻内
240,154,田井中
120,63,道家
97,45,枝川
130,61,舟越
46,90,長森
255,61,田倉
156,178,飯坂
38,91,竹越
68,189,森一
242,33,松中
190,135,出島
131,179,細沼
232,39,奥富
122,51,吉津
132,189,山倉
81,188,豊沢
36,114,源田
73,27,三堀
59,63,真坂
201,252,仁井
192,105,大柿
199,211,兼重
9,37,秋田谷
242,43,真山
132,192,椙山
64,242,前園
241,3,村
228,195,引間
148,17,梯
90,48,飯盛
214,6,岩坪
57,106,菊永
185,19,中石
125,158,渡慶次
139,2,富本
67,38,小薗
78,243,玉岡
158,214,久川
120,210,稲嶺
124,161,狩谷
107,87,諏佐
73,130,赤羽根
132,222,前崎
79,49,越村
153,86,下薗
94,219,下釜
146,251,韮沢
15,40,木塚
63,2,橋谷
0,84,沓掛
124,215,壬生
137,159,大仲
161,236,豊泉
222,56,阿波
52,75,千種
95,214,昼間
110,211,二ノ宮
187,226,附田
110,199,時岡
114,36,米須
137,175,里中
144,162,竹
133,120,沢登
63,172,鯉淵
11,241,宮寺
94,176,炭谷
190,185,尾辻
236,136,布村
123,241,平下
7,202,木戸口
6,185,木曾
231,75,粥川
40,225,鬼丸
138,141,牛嶋
235,133,細淵
146,236,栄田
14,70,奥崎
45,104,嘉山
147,134,丸林
133,100,山出
74,54,船井
87,153,津波古
175,89,河嶋
195,253,岸下
27,91,三室
30,196,本堂
90,196,尾谷
186,120,肥塚
28,5,椎橋
197,124,竹前
77,193,相坂
242,13,川角
130,242,守本
154,136,江成
216,117,温井
9,36,小嶺
249,166,千村
226,101,大枝
48,34,伊倉
181,40,塩飽
234,235,高羽
187,137,小松田
86,172,田鍋
112,162,畑井
88,47,七戸
61,236,楯
88,55,小野山
245,244,堀籠
45,196,苗村
138,122,硲
209,82,折井
58,242,粂
18,186,河添
45,55,井澤
56,184,河南
169,241,久末
177,138,上戸
102,133,曽根原
141,106,大海
112,52,津守
201,59,武島
68,99,根田
0,226,森広
65,205,力武
160,201,御子柴
78,40,松吉
232,255,上羽
18,219,浅水
90,110,峰尾
113,73,澤口
169,103,蓼沼
238,122,笹村
70,243,西潟
63,193,礒田
132,139,堀木
236,60,樋山
3,254,飯倉
191,197,倉富
155,17,須郷
18,83,笹生
166,38,寛
56,244,稲留
20,27,財部
210,100,小岩井
27,150,合原
144,80,時枝
119,64,神本
251,63,泉本
215,83,平口
248,224,竜野
173,197,羽藤
80,111,奥間
31,243,岡西
49,179,若田
108,119,小坂井
197,72,親川
165,143,積田
207,59,庭田
94,84,露崎
134,181,石嶋
151,48,幸村
94,62,七田
70,107,小楠
172,107,地引
227,8,佐合
212,246,才田
227,103,小鷹
104,163,須沢
65,4,大吉
100,207,仲村渠
3,3,二俣
34,162,井垣
116,73,角山
105,8,畦地
96,218,鍋倉
196,115,伊神
127,78,浅羽
118,71,副田
135,19,田伏
116,158,鶴丸
251,1,長妻
17,121,竹重
120,20,倉井
41,43,酒寄
234,204,古謝
48,7,栗岡
237,224,佐々野
141,75,祝
17,77,石内
235,197,尾林
119,49,並川
203,235,紀平
126,194,山腰
206,226,肥沼
97,121,布野
236,210,長谷山
205,238,新実
111,239,後閑
13,105,磯川
186,100,下司
61,72,久場
44,242,広重
64,16,寿
112,196,地主
25,206,牧口
219,37,匂坂
170,246,湯谷
86,180,都
210,115,中薗
164,47,川窪
31,235,小笠
181,56,根上
62,5,高場
245,144,古口
128,232,弓田
17,152,佐貫
93,26,坂谷
47,82,勝井
68,249,神垣
49,144,石澤
134,179,草柳
184,186,樽谷
121,245,大輪
19,90,浅子
190,9,向川
184,12,玉手
155,230,下山田
165,116,鍵本
85,119,川見
18,52,能登谷
214,45,井桁
41,15,金塚
244,17,高浦
231,28,財前
213,65,宿谷
204,116,満留
159,236,平見
162,195,松家
138,9,山東
93,67,岡上
2,8,亀島
57,124,朽木
67,70,戸梶
217,136,尾身
55,123,野嶋
26,108,臼倉
112,168,吉浜
173,14,原井
175,87,広渡
189,33,三笠
53,48,常見
42,209,町
217,202,内橋
38,183,永末
201,225,岸部
180,45,港
171,224,但馬
196,80,竹迫
210,174,長津
52,166,余田
81,104,六本木
169,124,内原
92,30,村西
93,58,秋間
188,188,垣花
83,155,益山
234,215,一之瀬
114,161,屋比久
57,24,下川原
252,162,具志
206,39,古久保
88,128,三藤
84,51,平崎
89,69,橘内
91,86,本荘
30,76,余語
97,152,笠野
4,30,寺澤
16,96,松重
199,111,赤荻
172,141,八木下
218,181,富
155,91,穴吹
167,138,絹川
230,235,渋木
145,170,庄
127,156,矢尾
127,82,立崎
130,16,竹石
71,88,寺野
200,180,枝松
206,203,位田
143,27,榎原
157,242,岡橋
23,128,桶田
152,106,下瀬
48,41,江里口
189,84,寺元
28,122,生出
102,166,倉野
173,194,中牟田
154,55,本部
102,84,木之下
144,111,塩尻
226,160,渡壁
59,131,片井
248,172,永峯
208,45,早見
196,70,鵜木
166,66,塩路
82,170,辻口
246,33,田下
3,10,徳元
3,201,野山
87,40,保井
48,145,八角
72,98,萩野谷
135,166,仙頭
247,135,井戸川
5,132,阿蘇
164,164,小金井
198,56,石
150,61,大多和
130,28,池之上
226,156,釣
157,6,鶴川
153,233,良知
109,37,日景
58,159,湯村
41,30,長峯
57,74,大路
111,230,佐久川
24,174,高浪
54,204,芦谷
146,68,井波
199,107,三次
238,138,小町
218,170,浜畑
254,237,手代木
83,128,政木
30,82,青池
41,90,八嶋
199,187,有我
74,179,坪
22,44,西松
236,13,重見
230,152,国方
245,210,磯本
237,49,下中
49,116,新屋敷
226,202,津谷
202,134,浜西
35,86,伊坂
253,209,沖原
179,203,近内
213,169,寺師
227,85,上屋
100,126,木林
83,48,露口
77,175,永橋
255,94,亀本
149,50,勝原
33,49,森江
130,67,深作
84,185,蔵元
193,46,二口
15,150,鷲津
0,122,和地
90,72,瀧
149,170,荒関
133,216,溝川
245,252,月田
190,156,吉倉
43,210,吉開
132,49,梶間
202,43,加部
205,78,金藤
160,202,駒木
81,163,小長井
237,170,神里
242,41,大渡
197,58,藤牧
38,68,馬込
176,44,萩森
103,88,伊澤
198,36,奥脇
172,121,花見
60,175,広松
182,31,伊関
177,155,磯島
75,164,久貝
109,218,荒山
253,220,樽本
248,162,中屋敷
90,213,槙本
122,7,濱本
160,15,茂手木
247,21,北方
66,32,飛沢
231,218,天内
159,188,朝川
111,249,竹嶋
16,220,国定
34,103,井ノ上
22,118,塩出
92,54,押谷
20,80,岩部
111,15,溝辺
166,37,小石川
36,151,星原
171,57,西里
155,46,平元
185,199,稲津
9,60,嶺井
178,144,鷲巣
70,212,濱野
212,236,二橋
112,221,藤咲
174,204,丹後
34,107,古西
207,60,因幡
249,71,古寺
41,219,甲賀
26,54,高屋敷
12,124,坪山
116,105,尾坂
37,201,輪島
106,78,粟井
22,50,永渕
245,220,須長
208,38,鶴原
226,85,芳田
58,160,麻野
103,30,久郷
77,26,星名
243,59,折本
148,84,太刀川
31,87,福尾
254,199,捧
131,136,小手川
210,237,黒谷
73,45,桂木
214,33,岩藤
91,95,加藤木
20,165,井戸田
253,116,宮迫
62,127,早水
166,73,椎谷
250,52,白子
206,146,宇藤
76,218,園原
215,16,桑江
183,180,行木
126,165,轟木
42,166,天笠
89,84,梅澤
144,236,綾
86,213,笠川
172,145,関岡
239,198,寺町
251,178,小迫
186,8,菖蒲
175,115,大向
252,22,米内
97,211,茂原
247,38,津波
221,150,続木
4,223,石間
156,55,神園
191,75,今藤
236,183,桐村
237,242,永戸
93,246,見城
222,106,今崎
39,127,四方田
72,182,川岡
0,101,谷畑
242,98,宇都木
28,154,越後谷
164,168,下道
197,87,御園生
191,106,今江
207,97,大桃
190,69,米盛
139,216,北風
138,164,矢谷
97,39,名波
83,15,北河
165,142,保泉
131,24,米島
205,106,田
205,124,竹添
30,239,曾我部
152,238,鹿間
87,195,治田
17,101,岩越
108,129,菊原
53,139,後
115,157,今別府
176,48,崎野
184,74,神宮司
217,135,日野原
19,189,平中
14,93,立道
36,63,北浜
26,114,片貝
8,221,鎗田
143,43,今出
18,196,原本
108,116,永留
112,31,久保川
247,168,池尾
145,43,布谷
178,18,今宮
164,92,朝妻
94,80,堀家
136,150,門川
201,43,徳
8,1,石口
10,202,真栄城
180,7,山宮
143,94,古岡
212,200,井畑
207,48,一丸
12,77,出町
164,196,小田倉
46,230,中俣
32,44,有薗
147,66,浪川
111,192,侭田
250,76,柏井
222,71,貞方
86,93,船岡
171,16,上床
140,28,指宿
35,196,三部
81,137,坂詰
46,198,吉国
88,2,笈川
65,20,沓名
136,28,松竹
88,214,都甲
50,99,馬屋原
134,62,飯室
13,158,矢本
159,163,有江
68,48,白砂
78,91,馬野
90,124,大洞
31,61,大久
62,19,駿河
21,166,萱沼
99,117,古味
108,195,舟田
124,27,小田中
175,105,栃原
151,189,蓮田
127,33,伊勢谷
199,159,井阪
187,217,高嶺
92,78,砂子
90,3,盛岡
96,38,折口
12,1,川波
158,182,道本
131,177,牧本
204,72,目時
235,85,淀川
46,128,銘苅
17,60,嶋谷
73,197,長本
250,60,倉永
82,251,仁井田
219,22,小越
165,187,坂木
89,158,広山
236,55,家入
101,94,安元
31,96,雨森
161,43,瀬上
10,176,成尾
40,185,田形
193,73,嶺
208,37,富士
153,75,八戸
143,3,長戸
231,174,其田
42,143,真保
111,117,山代
16,210,掛水
188,20,増島
85,233,天間
149,201,隈本
119,193,広兼
117,169,室賀
115,89,田鎖
199,216,浜端
13,8,富高
19,72,平光
137,31,福野
211,88,田森
233,155,鳥巣
253,148,菅波
200,243,神前
136,131,熊切
194,154,空閑
147,191,芦刈
241,9,京田
233,128,広石
127,253,松沼
175,20,石栗
73,104,天池
103,202,藤重
213,197,反田
232,68,澁谷
5,94,藪崎
133,17,宇津
85,228,岡留
0,96,古場
224,127,持永
249,47,田名網
0,127,蛭子
143,175,馬庭
67,215,都留
62,55,但野
114,16,政田
72,252,春口
225,198,讃岐
153,113,恵良
24,136,秋岡
20,220,押見
18,64,蒲地
29,14,菊野
121,205,兼本
246,154,才木
126,80,姉川
100,2,志方
18,210,小渕
220,52,中庭
242,148,小北
162,151,沼本
51,58,神馬
82,14,福満
61,11,碓氷
174,230,小野口
203,199,猪田
172,23,土倉
18,221,八木原
219,243,北橋
153,251,渕田
243,75,富島
9,70,白
101,177,石附
15,1,久門
81,3,柿島
18,229,開田
59,173,横木
186,225,阿藤
126,30,奥園
92,47,海谷
51,60,行武
74,195,小金丸
243,249,森住
182,188,猪子
220,7,安形
178,180,盛山
5,32,西永
134,132,中富
178,229,都竹
64,206,堂下
115,50,浜尾
189,63,片渕
6,66,的野
120,40,多田羅
25,36,砂金
3,114,高内
156,71,行徳
176,218,垣田
137,78,家永
4,187,下垣
60,148,臼木
37,18,下林
240,74,京野
21,149,須磨
164,11,徳富
197,49,藍原
218,108,井芹
70,62,永村
53,211,塩野谷
158,236,奥住
92,74,荻山
104,192,海原
146,77,久米田
150,166,金築
235,106,重原
130,141,水江
141,99,大保
206,78,友岡
255,135,米
37,219,福冨
232,37,槌谷
123,41,中嶌
165,248,中堀
191,73,滝村
83,113,宇土
129,176,下間
125,104,高吉
9,215,三平
161,109,秋保
60,12,勝谷
213,230,植月
179,79,南村
229,126,岩室
41,10,菊間
139,203,戸来
37,52,鹿嶋
251,232,春本
102,252,勝沼
20,10,小内
252,139,大胡
134,101,谷水
97,54,蜷川
51,99,蛯沢
74,201,与座
30,90,末沢
241,225,当銘
202,81,辻中
167,17,川井田
171,47,小酒井
96,60,初見
96,239,山鹿
253,217,饗庭
165,79,関島
98,34,海沼
171,20,帰山
46,40,国崎
162,232,船場
125,72,鶴井
252,58,南本
48,82,能見
17,96,豊留
5,194,矢ケ部
7,88,狐塚
71,104,住
10,7,大植
72,176,辻元
113,249,峰田
136,222,末藤
200,193,長川
120,52,端
188,101,大水
97,169,大磯
152,114,松上
88,23,宮津
103,139,橋立
200,64,熊
221,168,幸山
100,118,今沢
41,62,三池
28,83,信岡
27,171,真家
71,212,折橋
136,67,倉元
45,164,豊里
223,38,劉
142,16,下崎
152,127,吉瀬
246,207,宮上
154,176,金安
209,67,真中
112,96,谷尾
20,136,長久
99,210,道田
243,109,浜屋
79,83,福寿
25,198,滝内
136,184,村重
38,2,佐武
140,1,河地
238,70,阿知波
167,46,岩屋
218,199,唐津
170,131,畑沢
32,97,柿元
102,17,赤峰
23,64,前多
253,184,田澤
208,151,蕪木
104,119,門松
181,204,水城
104,11,早稲田
142,71,大鶴
136,176,鳥沢
248,104,湯地
158,107,梅岡
155,35,八木田
6,215,壺井
104,154,濱
228,67,箕田
40,7,堀沢
205,3,刀祢
98,150,中木
123,194,川野辺
30,194,松園
207,56,坂間
104,140,見崎
83,25,河尻
96,139,鵜沼
194,13,岩森
106,229,吉賀
224,30,原嶋
5,70,上代
145,192,黒山
159,181,今永
181,184,十時
50,20,神内
27,242,水橋
187,241,大喜多
28,107,内本
185,122,牟田口
66,120,本江
108,80,米持
116,184,板山
63,8,巴
243,157,常岡
239,194,小海
20,78,車谷
28,4,高西
107,128,高江
222,35,弦巻
244,76,粂田
138,162,錦戸
173,19,蓮尾
105,179,沢畑
168,171,相浦
221,66,前里
72,188,諸富
170,111,柴沼
54,207,五十畑
156,10,一村
7,63,安室
52,86,安木
199,85,錦
24,98,色川
60,22,菅本
85,21,日山
132,85,富所
92,147,米永
177,73,嶺岸
163,127,枦山
92,58,鷲山
240,248,味岡
198,86,末安
89,40,米元
146,197,天木
87,100,津森
129,229,石浦
58,197,静
100,195,植西
235,254,志波
119,209,兼城
53,11,玉沢
149,211,向野
234,51,高麗
26,180,社本
196,150,若園
216,36,松場
111,6,上薗
81,14,武中
232,23,稲原
168,247,吉藤
34,172,空
206,91,江橋
136,49,坂村
132,112,正司
178,222,飯川
108,144,名畑
97,224,添野
104,34,山之口
142,173,笠置
135,140,河越
48,30,井形
154,194,下江
116,63,垣見
74,20,根井
135,151,漆山
31,126,森竹
198,93,成宮
213,96,相本
143,14,大政
76,53,知名
148,54,友広
228,49,鑓水
162,100,法月
25,83,白畑
132,17,小渡
95,38,柴尾
143,245,江木
240,242,阪
88,53,小曾根
66,217,征矢
194,187,西辻
71,76,村里
10,105,徳川
116,208,武原
193,107,物部
202,13,矢頭
103,128,南保
86,200,是沢
47,218,志茂
162,113,丸木
105,68,貝田
75,197,岡下
197,210,賀来
148,155,高鳥
233,149,坂牧
189,101,小間
159,119,瀬島
126,155,入船
209,227,飛松
51,215,武元
23,217,名久井
52,51,野里
204,210,外谷
6,75,熊澤
232,12,広津
18,124,室山
110,44,五月女
228,50,富崎
80,253,藤縄
144,103,星谷
152,14,新免
116,94,松内
70,19,重政
99,17,国府
3,193,菊岡
58,98,宜保
199,44,猿橋
5,29,宇留野
57,22,加村
78,0,久徳
203,220,高寺
41,107,三善
245,102,山門
16,228,鋤柄
2,245,正野
72,84,折居
49,4,尾前
23,216,有路
111,190,福居
86,245,尾張
206,49,柏葉
0,208,日浅
108,30,竹平
23,195,滝澤
113,37,加野
178,65,岡地
140,251,羽沢
149,142,岩澤
42,61,吉里
236,83,上滝
146,41,真船
237,240,石鍋
160,136,楠山
224,203,柏本
195,202,万田
248,208,須江
76,14,小郷
122,131,丸島
74,226,梶岡
40,52,押山
250,211,永淵
230,63,坂手
170,212,上畑
158,1,槌田
242,172,渡利
28,27,徳満
244,236,白瀬
242,193,東方
239,148,唐鎌
135,168,鳥取
5,122,大野木
2,26,新福
235,146,三林
206,180,奥泉
229,144,粟屋
69,220,一場
23,171,情野
53,25,川森
105,232,東尾
213,77,永本
159,157,加治木
37,122,加登
218,239,歌川
193,116,葛山
171,88,甲木
78,240,国生
0,191,住野
31,45,常川
233,14,神川
167,102,神門
145,116,大長
211,131,田守
114,70,峯尾
134,133,穂苅
171,214,鶴本
50,131,行本
34,87,岩立
168,155,加門
56,88,下口
196,170,井町
148,98,広原
48,157,若森
93,24,兵庫
183,55,永里
192,75,佐久本
126,51,佐谷
60,155,佐塚
62,17,生沢
111,205,井端
53,144,下城
138,185,葛巻
44,134,吉次
230,164,市井
110,63,神農
205,60,千崎
56,119,前本
82,126,中曾根
182,86,帖佐
227,68,能瀬
114,194,野々下
130,243,大湊
91,216,大房
230,150,森和
246,30,外薗
100,20,井草
209,235,榊田
225,108,志垣
10,147,庄山
36,129,雪田
46,26,大薗
23,142,尾内
217,87,武谷
63,53,芳沢
203,224,齊藤
122,55,鈴田
118,227,米崎
131,133,薄葉
22,8,谷元
137,188,上浦
12,108,山嵜
131,141,元永
77,174,久恒
240,224,浦沢
117,133,今北
230,234,山影
28,104,上尾
56,221,友沢
103,123,比良
137,184,柏瀬
246,188,土持
165,157,長木
176,82,大手
195,24,大形
102,245,杉島
52,139,鴻上
111,206,萱場
71,27,井門
77,152,下畑
30,161,江越
113,31,小井土
192,80,小野川
109,44,深海
43,34,二田
128,7,能村
2,204,馬目
218,156,福里
194,221,冷水
250,217,鷲頭
11,22,澤野
253,165,武久
44,26,梅宮
178,83,道脇
166,190,鳥原
244,91,中世古
114,2,川松
12,216,上倉
225,34,小辻
221,60,市沢
19,20,甲谷
204,156,栗島
120,67,宇津野
219,167,伊熊
147,219,嘉陽
148,122,萱原
248,251,京
211,81,恵
5,91,鯨岡
31,121,蒔苗
184,67,小檜山
164,245,成本
127,214,千々岩
163,83,大舘
155,11,津嘉山
4,50,平形
231,15,保木
189,240,湊谷
130,68,楊
125,38,亘
174,193,藤高
117,244,知野
129,227,神庭
192,72,計良
242,210,花川
52,242,羽生田
20,58,宇川
255,23,原岡
92,193,斎川
123,204,小和田
6,161,池元
232,83,明
181,211,木皿
18,3,有留
198,222,一杉
229,17,西丸
141,122,豊
137,61,雨谷
228,51,崎本
66,92,長竹
17,90,藪本
3,101,榎園
224,223,駒谷
208,52,高丸
4,143,真嶋
236,146,霜村
251,157,長岐
13,25,富澤
18,222,奥秋
198,152,樺山
140,131,樺島
134,129,高澤
209,117,勝目
73,167,西倉
10,103,鍛冶
248,96,百崎
198,178,阿達
53,78,吉塚
103,233,出浦
77,235,千石
131,139,竹安
50,190,楠井
159,22,萩生田
230,144,鈴
165,50,老田
131,38,尾木
218,223,楠美
240,165,浅木
10,52,出来
231,90,岩丸
118,142,監物
181,146,広末
9,56,佐脇
3,134,四家
251,83,住岡
78,87,森垣
17,241,森義
42,254,森長
7,79,尼崎
12,167,片川
98,185,野々口
211,27,末原
32,193,本野
159,5,文屋
49,159,日田
201,185,多久和
37,245,瀬藤
101,24,常木
116,134,守永
15,171,紫藤
158,194,国弘
249,122,厚地
215,218,芹澤
213,154,南木
175,153,見田
6,218,吉羽
103,29,岸岡
156,102,葛岡
99,178,開発
253,161,家城
218,18,吉島
140,177,山住
205,132,勝島
172,197,小田垣
166,224,大間
214,192,瀧澤
211,201,矢羽田
15,132,簗田
4,162,野間口
129,31,樋浦
76,172,白波瀬
224,112,塚口
100,4,棚町
208,168,前坂
97,136,石下
73,75,吹野
74,169,山ノ内
116,66,坂原
190,197,佐村
84,18,溝畑
216,76,古原
18,88,串間
43,23,菊沢
200,250,岩口
242,40,永長
100,62,安谷屋
180,67,川守田
38,178,波平
207,184,馬原
220,92,和栗
121,170,多川
151,141,今瀬
114,21,金武
102,204,橋岡
74,223,岩浅
36,196,佐宗
102,15,西迫
31,194,蔵野
68,169,太田垣
175,59,台
31,109,朝生
82,64,殿岡
121,38,伏屋
123,53,柚原
132,95,脇野
127,197,堀篭
18,110,船坂
113,254,西ケ谷
45,22,瀬良
200,61,上崎
84,174,謝花
196,20,篠山
116,23,蔀
32,247,元島
0,166,栗村
165,82,佐井
213,145,鹿倉
137,150,瑞慶覧
86,135,船渡
34,171,中津留
36,74,名城
1,201,音田
128,37,柿谷
5,150,吉兼
156,236,光成
36,182,七里
64,24,小保方
196,75,織戸
208,198,大伴
244,210,門谷
45,158,北西
209,252,西郡
68,204,時本
238,192,枝村
39,223,坂尻
102,140,橋浦
170,64,横畠
188,108,萬
70,223,友井
241,246,末崎
48,108,菱木
185,140,白野
204,241,忍田
95,1,入佐
199,124,猪爪
142,123,大楽
187,189,上東
67,53,七条
162,101,春川
243,101,徐
10,170,須釜
159,199,青葉
75,32,村杉
27,188,大桑
97,28,中迫
98,36,籾井
197,12,栫
146,145,浪江
52,22,平内
158,243,分部
100,30,入部
121,150,徳弘
31,181,西前
27,231,織茂
126,147,三条
223,117,井土
229,64,月野
226,71,国貞
95,148,黒原
177,191,根元
162,165,常世田
150,130,本保
165,249,類家
142,231,栗橋
186,168,沼山
19,227,曽山
215,53,巣山
159,118,藤盛
21,91,本杉
20,126,名嘉真
52,216,淋
132,150,鈴本
106,255,六川
118,218,楢木
195,51,栃尾
126,139,竹ケ原
225,90,川根
135,69,舘山
72,12,宇梶
127,158,宮岸
104,53,戸次
108,49,荒沢
202,24,小川原
171,196,深浦
62,141,西下
167,39,西橋
205,118,倉原
247,249,瀧口
203,48,朝原
215,76,末富
188,7,趙
130,178,廣川
26,130,万木
221,15,堀端
27,214,別宮
60,61,平坂
154,116,大根
23,185,真栄田
137,211,信沢
20,217,小木曾
33,143,降幡
108,31,鍬田
208,246,駒野
2,64,橋井
6,84,岩浪
191,185,伊敷
167,28,伊村
26,95,桐畑
137,11,金児
173,253,黒岡
216,243,照山
89,167,森平
4,74,峯崎
103,232,鳴瀬
52,59,方波見
46,69,尾村
182,125,柏野
136,145,乳井
216,209,辻原
99,40,竹澤
174,254,大波
111,96,赤野
174,64,吹上
180,198,佐々田
1,140,好川
69,141,五明
182,115,皆藤
12,133,宮北
53,116,国岡
190,15,山林
5,13,信夫
199,131,草粥
210,214,富野
10,75,冨士原
32,135,蓬莱
156,12,富原
143,141,八柳
31,182,等々力
146,166,津幡
52,12,中小路
159,146,端山
48,99,早船
160,163,惣田
1,210,石賀
144,175,佐俣
78,162,合志
158,28,紅谷
57,33,下斗米
160,230,益本
199,168,野方
229,164,納
136,64,田附
69,250,大岸
175,253,香村
123,150,桑木
150,41,粂川
202,93,加賀田
210,150,浦中
131,143,我如古
4,195,戸室
150,53,秋好
245,207,重
137,125,前場
241,142,竹浪
141,194,中塩
109,59,風岡
46,255,夏山
84,129,樫尾
109,176,吉安
83,208,溝淵
18,139,白方
66,223,野寺
79,96,枡田
235,111,和
158,208,内沢
196,91,唐川
129,159,新明
27,151,古谷野
100,11,霞
29,111,伊芸
159,108,乙川
142,81,栗谷
40,250,船曳
67,242,箆
106,64,本永
246,232,左右田
54,144,三間
155,176,大鐘
82,9,釣谷
202,129,吉積
205,128,忽那
204,95,松阪
150,139,霜山
7,107,谷田貝
59,238,池見
132,175,比企
221,86,飛弾
240,131,片淵
118,57,福澤
115,7,藤見
25,107,鶴山
58,15,蔵
132,210,三ケ尻
135,11,吉弘
77,125,岡藤
74,50,稲野
108,48,加賀屋
65,56,城崎
97,92,扇田
89,60,能島
178,101,堀合
163,69,末廣
71,236,薬師神
157,120,花塚
193,191,関和
188,59,久井
197,126,佐土原
144,181,糸瀬
32,192,時吉
102,234,車
89,76,若野
159,171,星子
27,211,八杉
20,178,有富
249,55,木岡
166,198,入田
104,67,瀧川
25,227,森末
136,129,四辻
34,28,桐本
245,241,横村
10,146,原木
9,84,古宇田
241,34,五井
75,121,小穴
96,127,善家
48,63,大南
208,243,中脇
83,2,東岡
182,130,満永
31,197,粟村
42,113,下重
19,170,亀尾
249,96,森貞
101,110,大菅
95,65,竹鼻
102,33,竜崎
88,204,有島
192,68,矢橋
100,175,池末
93,7,前迫
70,188,青地
180,164,盛永
73,213,杉坂
244,79,神岡
67,170,松根
54,111,小門
109,40,古屋敷
83,17,巻島
173,107,益永
79,86,高品
133,2,寺倉
67,82,勝川
253,72,小梶
2,38,小船
25,224,相島
132,143,則竹
51,238,大釜
11,218,貞広
209,50,野
187,67,木梨
217,101,田向
221,18,大網
90,115,草深
123,199,正垣
56,111,松代
144,215,種子田
163,75,三ツ橋
3,87,戸叶
139,46,角張
59,68,海上
112,89,間嶋
167,246,久次米
226,41,許斐
221,197,時松
194,101,石出
217,14,川幡
92,154,桃田
182,171,玉寄
45,244,宗石
25,50,秋丸
223,31,諸石
44,149,赤阪
59,92,赤山
105,157,長見
44,161,粕川
75,193,祐川
145,101,猪木
46,154,樗木
226,252,信国
101,155,志藤
7,156,黒子
176,50,牛久
108,188,運天
12,142,立元
194,111,末本
195,206,田家
210,114,滝原
15,92,森信
161,184,上辻
138,115,鹿沼
136,119,三俣
92,114,三本木
191,91,高槻
52,232,五日市
238,87,加倉井
77,81,安生
33,43,伊木
10,123,依藤
233,58,稲谷
234,58,花形
118,54,荒野
183,65,重川
11,120,森西
9,119,西銘
112,181,當山
80,149,平畑
125,24,樋本
74,28,八城
233,168,千々和
26,210,瀬賀
180,12,三星
217,185,荒居
204,16,古見
178,223,郷間
187,193,関崎
38,36,花里
171,220,関井
177,9,更科
80,158,四本
1,22,十倉
100,96,杉中
217,149,清松
201,232,曾田
0,3,棚木
183,19,梨木
171,153,門司
99,170,北角
45,220,飯原
1,127,尼子
212,182,田屋
152,128,谷平
49,201,川面
85,216,千木良
8,130,西片
173,237,清末
242,247,小柏
110,33,諸藤
237,11,寺中
36,138,宮成
197,19,丸目
2,163,間部
235,100,稲
36,251,玉越
160,116,光吉
64,238,赤岡
177,164,中埜
169,32,町山
141,251,矢上
36,95,柾木
191,167,冨塚
115,189,洞
90,56,相木
182,156,若柳
153,146,山見
202,120,隅
71,183,梶尾
218,12,梁
87,119,要
212,5,末長
228,210,嶋貫
207,162,竹淵
208,102,船崎
166,178,赤澤
93,205,生形
233,100,親泊
52,138,坂戸
210,63,犬丸
219,59,九島
171,6,金重
43,204,玉腰
99,104,花園
85,229,稲益
169,223,加世田
209,187,桑子
185,233,篠永
174,100,新町
87,30,大亀
218,76,白江
10,211,白柳
168,211,浜脇
166,100,木浦
213,0,宝来
210,80,池森
35,205,団
75,126,丹内
240,209,孫
45,145,増元
141,93,神子
167,243,植杉
237,187,似内
80,46,外池
234,94,横坂
56,72,引野
140,254,加賀山
31,23,菊山
114,57,三科
117,174,実方
205,164,森林
135,177,大作
149,24,潮崎
238,150,長松
151,122,篭谷
159,73,詫間
37,166,与那城
202,168,満尾
204,63,北代
223,96,豊住
204,240,冨安
180,166,菱山
118,224,八十島
161,80,八子
253,83,堤田
50,231,千秋
99,27,小糸
32,21,高阪
114,195,永久
122,57,古海
226,244,小代
254,192,千住
215,74,倉上
144,68,大工原
201,66,団野
86,29,能戸
163,25,里吉
177,6,朴木
194,248,比屋根
4,148,草苅
13,159,菅間
149,62,真貝
184,175,次田
135,239,今山
61,69,溝呂木
190,223,溝手
72,216,戸羽
11,202,奥地
211,104,永津
184,174,矢澤
219,233,大鳥
224,189,森茂
246,216,新道
117,180,上門
87,185,春藤
159,121,根橋
136,112,岸原
170,47,夏原
197,5,庵原
200,151,羽深
75,59,奥中
208,44,割田
91,197,関村
64,7,岩垣
54,97,甲
224,117,佐光
206,38,青江
243,57,沢柳
97,156,都倉
217,15,東根
38,114,木股
59,168,木上
7,1,平城
246,91,蔦
51,111,前林
137,17,植
45,9,小野村
85,13,諸見里
57,172,降籏
5,60,伊集
64,149,小金
233,228,小桜
189,65,赤根
63,26,倉嶋
152,120,勅使川原
124,29,尾嶋
2,85,米林
55,250,脇川
87,237,角倉
56,137,鬼束
170,8,久留島
101,84,細山田
126,32,堂山
114,87,武林
39,168,誉田
126,91,笛田
30,138,津坂
58,60,大井川
157,50,相山
76,105,生嶋
138,121,水出
61,88,真藤
90,225,松口
213,184,小東
222,121,山屋
228,155,幸坂
209,163,元川
70,142,橋上
153,186,巻田
207,98,糀谷
86,38,畑谷
125,150,奈良崎
115,103,鶴間
174,145,滝波
81,8,大楠
80,28,村形
40,109,石嶺
45,197,石居
230,120,瀬間
1,116,水野谷
107,190,雫石
200,242,阪東
128,217,佐々井
225,30,佐口
64,2,腰塚
201,108,恩地
245,97,嶌田
19,108,野月
25,144,木屋
176,174,島中
122,45,田畠
132,79,塚元
206,8,町屋
37,235,中曽根
155,241,谷奥
130,226,待鳥
42,93,相崎
230,237,実藤
167,92,今谷
177,193,越前谷
242,92,安光
129,4,蛯子
159,81,冨川
135,9,大峰
3,74,蔵重
241,120,曽和
97,192,船引
204,37,森清
224,198,松久保
9,24,向坂
79,4,桑沢
75,196,金刺
208,226,有原
219,12,矢幡
142,105,米屋
151,44,梅井
232,108,仲道
15,174,筑紫
201,72,草地
203,148,西薗
201,126,仁尾
56,26,松塚
186,119,小助川
112,5,小安
111,126,志知
188,17,薩摩
40,178,樫木
93,30,横畑
29,16,脇村
113,115,柳岡
198,228,浜津
213,29,尾松
227,229,比留川
122,244,湯上
197,104,早藤
225,196,千本
50,14,石場
209,63,三栖
181,68,牛久保
233,42,紀
84,2,喜多川
155,247,安慶名
152,101,金田一
218,187,窪内
138,84,甲野
108,45,漆谷
162,111,倉崎
162,88,倉部
12,134,蔵谷
124,37,坪野
71,1,飯間
158,5,平居
80,19,片木
86,79,傍島
235,145,木船
56,46,鳴川
235,13,東井
17,116,唐崎
224,49,城市
194,0,小里
47,222,市東
89,154,坂庭
20,143,佐波
239,139,向笠
27,43,古波蔵
22,186,金浜
254,151,掛谷
228,120,下鳥
182,26,井部
115,133,卯月
238,162,永冨
254,238,笠岡
70,253,隅谷
69,13,山日
214,29,戎谷
88,226,庄村
22,161,織部
38,103,森合
233,254,丹保
241,98,段
184,8,都田
95,52,藤垣
134,87,富村
15,145,北内
42,148,網中
76,28,名雪
96,108,文野
27,114,辻谷
7,153,山坂
253,124,山角
35,120,高道
177,120,喜瀬
6,232,阿多
96,18,岡根
67,15,海東
171,66,荒木田
97,74,森政
252,7,杉戸
23,37,清木
108,239,草田
180,239,谷内田
9,246,池水
83,127,米光
46,252,民谷
106,72,立脇
202,58,和崎
43,38,野仲
244,102,氷見
225,220,池宮
148,16,草島
225,244,新間
193,159,今道
0,94,久芳
169,169,岩成
114,129,塩満
56,118,吉葉
1,152,弘瀬
169,159,船倉
79,190,中釜
64,37,長安
107,230,天
184,225,灘
129,136,鷲谷
170,119,弓野
217,210,胡
92,87,江刺
237,46,国富
255,54,桜岡
86,128,小巻
89,56,成相
155,149,西窪
180,26,白銀
110,98,氷室
216,236,平河
79,174,長滝
199,213,大福
122,62,浅村
164,235,篠村
15,16,黒河内
182,40,轡田
192,43,花畑
21,15,宇良
122,199,園木
194,225,河又
66,127,葛野
176,189,岩船
152,237,高峰
209,9,宗野
145,145,小本
5,145,森近
56,71,中坂
210,29,藤ノ木
117,222,板屋
111,94,豊山
191,171,林部
241,252,堀山
229,123,宝
26,41,奈良部
189,156,道場
104,186,鳥丸
138,102,猪谷
249,23,清山
203,233,森久
203,24,作野
104,173,高巣
87,65,広永
63,11,元岡
245,164,玉垣
130,212,岩垂
56,180,岩重
107,245,稲尾
136,204,沖永
16,178,下部
35,96,岩附
155,245,慶野
184,92,荒岡
7,166,鹿志村
177,199,上別府
97,59,須見
241,251,村永
110,30,理容
18,168,樅山
169,48,木坂
76,125,柄本
98,179,日沖
86,160,東恩納
89,220,塚谷
128,147,小粥
28,103,小花
194,216,荒島
8,97,光畑
170,147,犬山
110,236,熊原
162,200,近岡
98,30,鏡味
226,52,岸井
248,10,河
124,176,片岸
4,213,文
27,126,福中
150,47,福場
0,131,谷端
121,98,大溝
109,74,大工
87,225,星島
40,0,住川
120,252,鴻野
93,184,古平
113,106,月原
123,177,沖島
194,150,浜浦
107,195,飛永
8,219,麦倉
116,209,白髭
240,179,栃本
130,33,仲程
28,113,辰田
118,128,大瀧
60,209,江刺家
164,73,光森
144,40,古居
14,16,久納
146,24,沖崎
114,130,奥畑
210,61,猿谷
83,35,鵜殿
127,62,綾野
34,114,肥田野
137,207,白滝
81,92,渡邉
244,176,定岡
7,12,石水
54,112,石亀
202,238,松屋
88,21,鹿子木
116,182,志野
75,132,三牧
18,47,高鍋
64,113,宇部
153,175,一ノ宮
176,167,有森
184,194,矢藤
9,220,野谷
130,119,万年
107,237,別役
15,246,津嶋
0,138,中戸
83,67,女屋
136,226,諸戸
154,81,高雄
145,25,古崎
49,85,橋倉
215,39,久木野
126,92,幾田
112,67,河東
219,182,衣斐
10,226,恒石
116,27,江花
223,131,国政
89,80,宗方
169,214,升谷
237,149,上阪
249,32,多久島
28,220,木須
97,101,老川
156,115,嶽
96,197,塗木
167,10,長池
98,168,大芝
226,66,泉原
17,92,森尻
29,94,城井
102,23,昇
51,34,小津
216,168,勝股
230,14,鴻池
149,13,広森
158,116,岩楯
45,19,益満
128,107,畑下
187,191,梅内
53,226,田野倉
178,131,中吉
85,215,前出
169,162,石月
202,157,新橋
134,81,斯波
52,158,四谷
99,54,三樹
222,114,戸丸
39,89,古荘
155,22,月森
32,76,宮城島
155,20,吉広
133,116,河相
78,29,嘉手苅
188,6,横幕
157,224,永池
47,201,井場
236,224,有水
184,114,明星
173,91,冨高
57,107,鶴留
67,197,棚沢
125,159,川股
83,79,西根
124,95,瀬戸川
250,244,神島
47,70,小薮
51,84,糸原
169,142,氏田
191,58,山守
181,159,刈屋
22,233,岡久
88,158,宇多
16,46,礒崎
249,2,豊増
248,51,片原
94,99,武永
5,227,内谷
251,141,徳安
246,183,嶋中
226,31,大峯
164,35,守口
78,186,志津
166,72,山近
11,170,江野
223,196,江面
238,48,向出
160,27,安森
178,187,荏原
67,211,越水
47,206,三代川
250,240,紙屋
19,67,小丸
241,192,小坂田
33,94,深草
44,208,早矢仕
175,189,鷹巣
242,191,仲嶺
115,15,東森
70,172,内匠
59,94,南浦
53,45,能田
205,186,美藤
110,161,龍野
247,101,立本
45,175,木浪
43,123,木瀬
65,74,姫田
134,9,水尾
98,200,高戸
91,59,穴山
89,122,奥瀬
102,152,塩本
227,129,間所
185,157,溝内
209,177,高祖
63,210,水永
106,16,西舘
104,50,大盛
128,178,直原
36,1,天久
73,31,塘
211,184,峯松
79,186,浪花
4,39,油布
118,253,茂垣
162,163,内尾
13,233,天津
120,236,釘本
42,162,猪岡
186,45,男沢
125,132,船見
115,107,真喜志
95,179,砂押
2,28,今木
131,2,高玉
153,76,戸山
65,84,橋間
162,125,安見
89,144,安蒜
43,252,見沢
47,76,柵木
31,56,舟津
220,140,出山
61,254,上手
99,89,滝浪
20,153,長束
75,185,島沢
102,109,餅田
175,98,八木沼
162,224,日沼
181,181,仲上
85,82,丹藤
145,158,曽川
99,176,水岡
21,95,佐久田
4,87,原園
151,61,桑折
78,193,九里
128,70,居村
81,182,永利
195,25,岡見
158,69,蟹沢
53,235,桐木
3,99,三岡
116,97,実松
42,26,宿利
67,224,新国
142,189,新林
247,23,森久保
140,151,菅藤
217,249,青
33,248,沢藤
98,22,置田
20,7,網
128,35,領家
100,174,鷲沢
158,75,中須賀
68,93,大勝
246,129,相葉
29,127,松室
105,21,重吉
225,170,金海
172,30,久能
43,31,杵渕
148,200,鴛海
250,107,阿井
129,249,皆見
209,204,柿野
138,103,樫田
62,244,岩津
224,39,三友
233,222,糸谷
118,126,重枝
234,36,上利
201,51,成山
118,216,石光
182,92,村雲
44,205,津留崎
7,102,福盛
105,147,来間
148,14,薮野
62,224,福良
71,55,箱石
111,165,滝瀬
157,215,大徳
140,4,大星
77,209,陣野
96,128,新子
8,113,菊
115,45,嘉納
171,113,阿曾
15,36,虎谷
146,207,糸田
196,90,滋野
218,39,重谷
254,16,小屋敷
223,106,大瀬良
44,66,長藤
31,225,堂脇
178,7,道野
86,208,平江
165,158,中垣内
224,132,築田
0,182,多湖
30,209,西塔
220,109,紫垣
242,110,枝広
98,107,御前
147,125,栗生
37,59,館田
218,17,加嶋
2,250,下河
48,45,岩
197,56,桐沢
92,0,荒堀
157,170,星崎
248,52,盛合
101,208,舛谷
202,142,前平
120,243,多々納
143,22,太田黒
116,85,美野
220,100,来島
42,110,龍田
146,230,矢花
4,93,末竹
234,101,芳本
60,112,兎沢
222,184,田実
195,104,中邑
204,208,上垣内
112,251,小坪
97,187,洲鎌
100,23,若島
155,246,原谷
202,200,元谷
191,79,干川
44,204,刈田
179,178,天海
153,65,釜井
74,35,印藤
7,18,乙黒
156,29,河谷
156,144,肝付
79,180,間庭
41,179,残間
236,101,宗宮
161,143,小館
219,147,沼上
25,98,津江
115,168,椎屋
195,110,内門
197,249,浜渦
85,149,椋木
115,234,木野内
69,205,牧之瀬
11,63,尾家
162,17,松成
73,236,崎谷
244,182,古園
155,30,櫛部
32,100,永作
235,232,稲積
165,12,福屋
245,215,浜下
56,212,島添
190,55,伝
155,248,相賀
200,206,神木
126,136,森定
22,128,新森
31,43,上北
123,113,守岡
187,153,七條
138,166,根崎
221,251,岩内
247,41,岩中
223,211,曳地
123,140,礒
179,141,豊浦
41,230,福武
238,22,武安
154,122,二反田
230,202,天神
252,95,直野
49,153,池側
16,168,続
95,111,生越
231,231,松野下
245,83,小守
113,160,初谷
25,102,三井田
241,23,細尾
142,6,向島
112,123,古越
137,191,牛越
14,80,吉長
156,243,葛生
230,229,加我
159,91,苑田
106,20,永崎
54,149,井深
135,12,鈴野
91,208,武重
190,187,白旗
158,26,南郷
29,108,徳橋
183,47,谷澤
93,106,川脇
89,3,常本
85,169,城石
204,234,国場
204,147,源川
28,191,家本
117,157,永盛
234,95,安平
187,24,五百蔵
15,229,鷺谷
148,203,三小田
184,129,若佐
53,237,森国
152,25,針ケ谷
93,220,大阪
13,201,猪本
140,25,朝見
70,49,道山
83,98,野林
98,62,鳥塚
75,25,長利
70,137,大和久
121,77,切通
64,12,清村
165,144,荒生
98,66,五味淵
56,166,亀村
60,78,鬼島
28,147,蛎崎
165,130,河中
46,156,永藤
96,150,釼持
225,102,麦島
197,43,谷下
71,22,大田黒
183,62,浅谷
71,135,成澤
127,18,信藤
225,184,江渡
105,56,光藤
74,19,駒木根
32,155,下本
5,38,荻沼
135,89,伊良波
60,0,伊橋
161,10,鷲崎
16,157,蘭
117,144,有福
83,254,木ノ下
102,81,本坊
34,180,梅森
185,130,鷹見
88,206,千頭
88,224,石合
252,228,新坂
56,233,諸隈
7,171,若
34,224,四釜
224,252,五ノ井
216,43,居石
249,219,亀野
17,103,稲荷
96,235,掛橋
69,185,黒松
95,88,笹沢
237,250,市木
54,63,篠本
28,102,若泉
129,237,春野
127,190,須合
175,121,西角
56,53,馬島
235,89,内林
199,233,土子
162,89,孫田
211,127,須之内
196,162,真柴
131,94,諸沢
82,124,広嶋
11,89,月井
86,70,吉海
102,158,亀石
190,74,葛島
105,84,角村
112,236,河岸
251,136,加治佐
80,168,塩澤
180,99,越中
61,139,浦西
91,107,羽毛田
61,130,一山
235,147,伊予田
167,248,渕
204,198,峰島
119,85,薄木
207,35,鍋山
171,216,道広
11,85,檀
61,243,谷田川
154,38,相模
81,176,西家
107,75,清島
36,3,政
115,200,図子
238,114,上窪
162,179,間下
10,21,安在
80,147,安丸
150,54,喜井
18,106,小板
193,78,数井
181,11,青塚
137,7,泉野
55,177,東内
142,224,日塔
123,109,迫間
149,172,箱守
239,212,帆苅
156,143,冨吉
60,100,斧田
123,120,蜂屋
168,115,立見
101,25,鳴島
235,143,中窪
154,242,前泊
229,0,緒形
73,61,寺部
46,77,香野
94,158,喜
192,239,花上
46,117,永堀
76,45,浦木
51,173,井野口
122,77,阿形
230,87,岡垣
97,200,花原
35,214,海宝
29,11,古門
57,195,御船
68,254,七野
63,85,瀬畑
166,222,田河
170,211,林下
132,128,畑瀬
101,193,内島
154,11,藤津
63,211,東元
238,89,田城
250,99,鶴園
191,125,中久保
8,56,池井
162,248,厚見
241,84,吉沼
54,181,野副
227,69,片島
84,107,夫馬
68,221,俵谷
211,14,泥谷
199,236,石和
174,76,清塚
221,141,小副川
74,98,室園
91,209,在間
168,139,兼島
29,241,久冨
17,193,艶島
41,66,友清
26,32,末石
194,99,淵
233,201,神作
25,211,小波津
221,33,勝岡
24,177,山ノ井
67,182,腰越
233,52,近本
73,185,郷司
51,208,遠井
27,226,浦岡
62,205,稲辺
92,16,櫻田
236,18,冑藤
166,14,六角
224,210,友枝
21,180,薮崎
132,255,矢山
247,43,野手
39,56,坊野
226,167,菱谷
144,185,板敷
131,26,東畑
29,40,曽根田
197,65,折茂
16,133,瀬木
149,215,森吉
129,99,上藤
248,58,宗岡
191,150,宮瀬
110,94,萱島
159,215,於保
46,142,薬師
200,45,堀崎
64,13,北岸
94,106,物江
89,104,不動
0,23,番
202,60,田高
11,231,中戸川
194,160,村吉
103,183,前浜
82,168,漆間
99,158,国領
12,163,広戸
244,162,幸喜
57,144,熊丸
122,166,宮竹
158,205,吉屋
206,80,苅込
209,181,荻本
127,176,磯江
29,205,伊山
109,50,立林
109,63,米内山
87,73,幡谷
126,83,藤上
61,127,鳥生
203,76,鷹尾
215,109,照喜名
194,234,甲藤
9,35,江下
97,65,原村
67,58,吉居
10,224,柿添
110,198,下妻
104,203,安納
123,222,益岡
149,92,桶川
190,81,丸藤
157,53,元
247,5,合津
228,194,佐方
66,36,信原
51,241,森瀬
78,137,増渕
74,11,沢畠
112,6,島元
38,8,東藤
169,1,楢山
82,220,部谷
66,231,木次
236,147,網干
249,13,本池
155,215,内城
58,123,椿本
163,245,倉又
148,134,桜
203,26,久賀
123,221,吉久
113,188,夏堀
22,245,下久保
22,60,宇治田
13,59,岩舘
194,211,饗場
114,92,秋枝
139,206,重盛
2,228,城川
129,41,村岸
210,203,築城
95,249,釣井
86,123,柏山
175,79,富吉
204,70,風早
110,242,由田
125,62,藪野
136,20,野町
122,28,面川
252,98,堀畑
9,65,福迫
233,212,波戸
206,216,南井
63,109,池淵
4,115,川並
223,61,織笠
4,121,室崎
23,197,佐古田
172,144,古田島
199,241,桐井
167,137,下向
196,94,伊豆田
111,46,安念
107,94,横矢
67,240,月足
33,121,原武
114,168,江夏
26,174,国原
252,243,桜谷
246,242,秋森
90,144,藤家
153,121,白樫
201,228,脇元
162,180,利根
56,139,淵田
90,41,彦田
7,195,反保
247,154,辻尾
108,152,中須
31,216,竹脇
12,88,曽谷
186,250,染井
1,118,川橋
62,16,小比賀
154,22,小勝
136,151,鷺
180,58,五十里
200,212,栗下
251,98,林本
122,70,茂山
130,207,浜里
210,36,東中
196,5,田草川
181,254,青松
107,146,成合
43,182,森友
162,128,出沢
44,128,舟久保
187,54,秋津
34,53,坂寄
193,225,高柴
229,211,光
51,145,宮古
161,179,久代
168,234,嘉本
227,149,愛
45,69,和木
5,248,本林
210,216,畑村
50,202,中竹
13,35,大音
131,200,小牟田
112,198,升本
11,122,勝連
250,172,宮治
95,31,稲野辺
105,243,愛沢
45,44,柳平
46,143,風戸
166,241,大図
72,37,多良
54,19,泉井
28,43,数野
27,129,神坂
97,88,上沼
178,118,若村
17,47,柴村
169,41,漆崎
111,63,高塩
28,6,吉牟田
87,249,鎌塚
3,188,荻谷
188,173,沖元
244,72,羽渕
217,102,伊瀬
111,26,野倉
5,179,毎熊
44,4,北堀
23,170,天井
238,5,大坊
46,176,政井
57,88,住山
239,195,細島
57,112,戸澤
230,183,吉仲
175,100,笠倉
227,76,下前
7,144,里田
192,191,二谷
67,81,東正
208,35,沢里
5,206,鷹羽
142,138,川南
238,109,小佐々
102,29,市之瀬
213,146,細沢
122,32,原和
171,158,建石
198,16,紀伊
103,93,加勢
53,138,加戸
31,223,依光
62,182,安池
130,214,渕野
104,117,浪越
177,135,油田
200,245,富森
210,107,村居
178,111,相磯
155,121,赤地
217,187,星出
98,54,上枝
238,97,江平
184,252,桐
133,213,岸村
179,17,管原
156,253,烏山
92,68,稲月
134,31,井倉
76,219,岩泉
18,128,櫛谷
134,112,窪野
123,70,船川
254,236,大津留
53,209,畑岡
94,133,木伏
231,77,矢次
86,171,稲元
233,167,温水
209,96,加畑
201,207,気田
213,5,周防
57,36,初山
20,201,新郷
229,85,請川
131,121,舛本
251,55,増成
191,82,樽川
245,96,津上
13,212,日向寺
133,183,平安
160,18,末政
94,223,脇屋
118,88,梁取
199,137,明瀬
80,57,名島
168,127,堀上
108,133,淵脇
226,155,登内
85,210,伝法
57,91,川和
110,196,青嶋
80,85,翠川
108,19,妻鳥
249,73,戸枝
233,182,穴水
62,98,窪川
192,251,関藤
21,169,関森
161,198,横林
174,63,脇阪
27,85,福見
136,172,内園
217,111,谷貝
23,127,舛井
147,217,市島
97,131,溝下
94,72,更谷
219,120,広内
174,58,玉本
182,208,久保村
150,222,奥薗
225,247,羽村
252,86,宇城
74,208,湧川
163,250,冨谷
30,131,板本
21,114,竹藤
168,200,太
95,174,倉掛
176,16,松土
57,114,佐東
32,19,後山
183,76,海部
5,189,奥永
157,46,猿山
182,227,隠岐
228,57,一関
123,111,井塚
163,110,有竹
81,5,名古
188,60,味村
8,162,八橋
62,160,田栗
131,163,長濱
14,118,草木
154,171,相見
103,172,浅生
129,10,石脇
78,79,星井
123,10,菅崎
92,69,垂井
219,197,森分
104,64,小比類巻
249,174,寄田
134,142,岸根
125,231,下池
54,55,井高
34,238,楡井
204,218,木脇
139,228,木ノ内
217,60,保立
98,85,平村
25,81,福代
120,37,比護
199,53,仲座
20,224,中曽
174,220,谷部
237,221,大阿久
151,106,世羅
114,118,神薗
102,176,小吹
226,136,周東
188,71,貝森
250,250,下尾
184,182,伊津野
121,61,平郡
159,2,柏尾
7,68,仲摩
47,50,上橋
47,230,好井
233,15,下館
237,113,岡坂
47,142,宇戸
154,200,六田
218,70,畑島
19,70,梅北
11,110,田牧
191,210,静間
68,98,生熊
73,3,小溝
175,175,小井
246,132,柴岡
244,23,室本
79,165,三溝
148,141,笹目
51,179,栗尾
45,103,桐島
96,68,叶内
210,2,煙山
171,127,永澤
181,13,伊牟田
198,52,嵐田
225,106,蓑毛
217,32,末森
35,16,堀谷
31,132,峯島
51,245,米重
195,18,白橋
72,5,忍足
28,90,南崎
114,75,辻山
145,86,成重
114,20,小鮒
120,15,小井戸
167,113,肱岡
186,97,江黒
62,40,金久
131,216,杵淵
172,71,吉平
99,15,岸波
238,167,関上
193,18,瓦井
241,180,蓮実
72,152,木野村
143,79,尾曲
197,156,播本
235,188,二本木
73,51,楠野
3,247,頓所
232,5,道川
240,115,唐橋
246,124,川道
241,24,真方
5,71,小窪
52,111,志和
233,188,佐生
69,174,古高
175,229,宮之原
92,56,岩塚
93,107,樫野
77,113,円尾
252,114,益井
223,163,背戸
192,117,堂田
144,161,田賀
201,10,虫明
51,164,竪山
126,118,三城
80,29,佐和田
223,103,高師
131,70,金盛
31,48,桐ケ谷
211,119,汲田
37,145,外尾
131,181,外館
21,76,横路
202,214,一谷
107,209,筬島
204,138,名原
155,85,牟礼
216,51,能城
201,116,徳地
28,152,椿山
103,132,通山
57,179,仲林
246,230,大利
194,123,浅場
228,119,石木
243,58,生天目
151,124,助田
103,13,住井
188,21,山極
92,205,岸谷
120,234,榑林
240,14,目良
173,11,南園
124,140,得田
215,69,生山
20,89,真庭
205,187,舟生
85,236,高妻
178,205,金親
30,199,岐部
132,62,釜野
123,148,下垣内
6,8,岡森
92,209,伊福
107,28,豊口
215,153,平地
154,183,桃谷
21,93,田ノ上
37,160,宅野
142,205,西間木
69,76,深松
15,185,森勝
108,120,色摩
139,144,山石
212,59,座間味
46,42,宮石
212,98,河江
202,236,羽立
134,51,渕脇
235,198,来山
156,245,柳野
183,13,南島
205,226,当房
54,222,湯野
7,226,鶴島
52,206,猪鼻
185,104,中部
147,222,竹端
77,128,浅葉
242,240,政本
178,55,常山
39,158,上柳
93,90,周
136,12,三津谷
169,55,合沢
184,13,合屋
248,163,橋山
89,125,吉行
49,105,来住
146,55,入川
168,131,日詰
22,105,島井
137,67,張本
106,54,大神田
137,201,水品
41,251,七沢
213,86,山入端
106,24,笹子
176,235,作道
60,96,国仲
156,159,金元
210,204,宮中
113,99,河内山
24,67,井堀
255,222,井熊
250,38,矢尾板
163,31,明智
151,140,桧森
97,231,村嶋
84,241,浅石
217,179,菅村
50,38,椙本
47,221,宗近
182,212,国村
97,238,古坂
70,128,岩満
145,228,黄木
212,152,稲石
12,153,木許
141,210,穂刈
81,202,福長
235,247,梅島
238,234,田林
226,13,大段
241,110,盛本
142,213,舟本
56,133,佐分
201,230,甲村
29,102,窪谷
140,22,窪寺
96,137,牛窪
22,190,角岡
152,144,横松
230,131,羽成
252,211,堀ノ内
194,121,北平
78,53,北地
137,55,平根
147,138,東間
0,93,貞包
220,1,大方
247,14,帯刀
149,63,蔵原
122,14,前西
76,19,千歳
63,158,初沢
222,88,三本松
123,65,蟻川
95,229,釜本
110,232,黄瀬
53,37,為我井
233,249,友光
99,5,坊
242,18,冨井
35,104,匹田
124,46,備前
32,173,那波
108,56,大峠
211,149,松添
118,69,小長
137,38,持木
160,248,江嶋
30,191,塩浦
208,57,木越
6,80,保住
92,76,縄
61,172,島影
121,137,定森
100,15,村椿
96,148,小野島
45,191,高司
14,240,熊岡
166,83,久保谷
189,82,花坂
119,95,乙幡
31,107,桶本
145,237,井戸本
19,47,伊林
98,94,穐本
93,250,阿佐
107,132,安土
204,182,井東
165,168,河原木
132,153,関東
194,48,秋友
175,92,諸角
170,58,小藪
142,117,成塚
158,171,唐牛
142,28,日渡
147,144,美山
136,234,馬場崎
146,87,定方
222,80,辻林
209,29,長浦
246,131,壇
57,209,前地
111,103,西東
91,122,森迫
33,222,小豆沢
140,135,小篠
95,70,宮嵜
82,69,釜
152,254,海瀬
225,4,塩貝
81,118,伊賀上
12,150,有安
186,244,友近
63,50,野々宮
12,3,野水
242,23,美甘
252,206,二階
159,107,島口
139,19,天白
216,215,沢部
68,23,造田
110,208,雀
223,4,床井
85,36,桜川
102,138,紺田
221,116,高際
119,206,郷家
204,100,岸山
215,41,舘岡
49,47,間藤
96,86,塩瀬
15,87,遠島
5,222,芦塚
23,210,野部
187,166,堀金
153,241,板村
99,140,二又
162,21,二戸
184,45,田幡
170,30,塚脇
137,97,世古口
74,178,神鳥
204,173,森保
157,76,信川
253,52,城後
121,225,小角
25,63,戎井
172,184,栗須
119,150,灰野
111,14,河原井
177,131,當間
38,236,与那
146,220,門林
58,70,樋熊
215,78,二本松
19,107,奈良原
101,161,宅見
67,166,折出
0,240,石畑
41,170,水鳥
49,117,鹿児島
147,180,今富
40,88,牛沢
72,217,宮間
134,58,皆本
66,141,海老塚
180,134,我喜屋
50,212,越谷
247,103,友納
87,13,夜久
60,118,椋田
148,3,梅
38,229,日当
71,46,内木場
108,96,竹久
225,181,足助
85,140,前薗
233,238,上迫
245,163,上道
138,14,山河
50,27,戸坂
212,72,古牧
191,94,幾島
145,83,漢那
154,229,下宮
179,168,伊佐地
24,212,名川
5,199,比佐
38,64,半場
158,110,萩元
108,68,鳥潟
45,229,長壁
84,138,竹間
68,113,大城戸
112,232,生江
37,202,新部
151,161,上保
87,145,重留
99,28,軸丸
97,89,四ツ谷
180,123,三倉
160,231,三鬼
78,133,稲崎
150,107,簑原
11,93,簾内
176,221,末村
233,126,畑佐
213,148,日紫喜
31,161,池渕
156,13,但木
94,47,初瀬
105,51,紺屋
50,110,高水
86,162,関下
86,223,磯上
148,92,井尾
229,57,伊志嶺
137,170,伊
93,2,眞鍋
49,198,和多田
215,156,槙尾
28,143,北向
72,97,平安山
55,103,樋高
134,102,猪川
195,150,中宮
119,116,谷戸
55,229,打矢
93,134,仁村
94,196,上之園
140,43,小市
148,28,山盛
134,49,久安
230,130,河戸
149,255,塩
235,180,蜂須
157,239,保
85,222,平池
42,152,入交
201,156,奈良井
65,173,沢田石
181,197,正本
242,106,水尻
163,237,神辺
194,145,神蔵
21,37,森塚
17,11,松生
142,75,鹿谷
33,151,妻木
127,93,鍵和田
184,131,穴原
224,80,栗川
137,176,郷野
139,166,宮松
205,251,永元
201,236,伊勢崎
114,154,和仁
221,163,和山
157,177,有永
46,209,麦田
149,138,猪井
24,73,中満
237,165,大空
202,33,星合
167,203,数藤
38,9,庄内
9,158,小田木
27,119,小前
41,147,柴木
240,228,光延
165,94,逆瀬川
201,170,間々田
235,216,角掛
26,79,羽島
108,157,磯和
225,149,野寄
214,134,楓
66,29,半澤
3,181,白上
154,43,日和佐
184,9,朝香
199,165,池西
97,15,真殿
249,15,森澤
48,20,上埜
243,94,小太刀
236,198,守川
192,175,四井
44,148,幸島
51,93,曲田
15,186,魚田
14,90,宮根
130,143,吉内
205,122,舘林
222,101,下方
151,250,粟国
231,252,安喰
137,219,恵美
190,215,月山
211,237,古角
29,58,洪
115,178,谷古宇
169,136,北添
212,33,木間
188,142,澤木
250,71,扛
171,9,養田
248,247,網田
213,226,北市
190,86,福徳
133,240,沢目
107,103,村主
53,119,出石
35,140,時津
49,106,戸根
125,223,栗沢
29,234,近江谷
75,228,影浦
105,114,卯野
42,249,稲塚
167,192,立入
26,202,幕内
148,251,北城
60,5,福泉
200,144,富久
247,217,追立
219,148,沢原
206,190,西門
144,167,小脇
193,110,嵯峨山
150,239,郭
42,213,角崎
4,238,河手
183,54,宇野沢
135,207,粟生
244,246,本地
175,83,伏谷
202,112,赤谷
138,188,積
182,63,杉渕
177,38,諸江
35,75,祝迫
13,198,枝元
145,72,山吉
16,182,三成
211,222,好田
121,221,玉造
177,224,奥浜
204,231,永広
46,151,友重
83,133,野々上
12,154,槙島
242,128,保苅
235,218,渡真利
46,92,渡久山
69,12,猪上
62,220,沢入
124,203,川江
83,54,石角
224,86,青鹿
38,51,上前
82,48,阪中
12,104,荒内
25,101,荒屋
151,226,月村
203,149,宮丸
29,76,吉福
129,208,斧
64,51,貞松
207,80,大須
95,167,村部
243,28,船島
164,6,水
236,214,神立
255,87,小網
21,146,秋
109,45,広浜
122,111,金岩
159,112,鷲塚
152,94,薬
191,174,毛内
218,219,明野
214,171,満
179,116,武士
12,158,富家
169,217,播摩
132,77,長渡
145,207,鷹觜
3,210,多和
10,129,小森田
141,174,三鍋
173,223,嵯峨根
84,191,佐沢
180,157,高津戸
106,29,向中野
5,234,兼光
27,101,隈
204,11,各
185,152,梁田
225,3,薮中
214,132,木名瀬
78,210,平生
125,71,浜道
49,217,飯吉
170,224,八重尾
155,68,津端
175,181,竹生
18,126,大湾
253,111,草壁
59,170,川嵜
40,137,瀬能
242,5,神宮寺
245,49,城尾
7,252,小佐井
90,250,芝池
209,12,最所
135,59,佐々本
231,152,近石
168,229,久武
116,79,掛札
190,225,夏田
143,229,羽下
53,19,和合
255,105,冨松
90,111,飯星
50,107,二渡
77,80,嶋川
36,32,登尾
111,182,天願
83,95,村社
140,224,船原
9,58,星屋
23,55,樹
227,147,手束
255,219,持留
191,255,鷺坂
52,196,今市
206,117,国米
101,47,幸松
226,73,兼山
153,11,吉家
220,63,儀保
187,168,我孫子
40,85,歌代
238,9,益川
145,162,林野
1,163,梁井
66,247,大湯
85,203,赤須
121,134,榛沢
180,35,松栄
12,191,三阪
102,151,館林
32,186,塩地
44,144,安瀬
250,41,阿万
181,169,簑島
144,174,鈴置
167,144,来海
186,160,有地
27,124,嶋倉
100,10,登山
18,198,大古
31,247,小峠
45,139,小仲
124,204,勝倉
29,68,才川
111,79,砂野
68,151,国近
181,240,関水
210,121,栢木
198,231,梶木
68,206,仮谷
113,220,奥岡
250,86,安山
29,231,毛受
222,72,本原
56,146,普天間
100,138,日名子
24,69,道中
53,210,藤池
43,99,渡来
182,233,倉津
158,197,説田
83,66,上釜
117,232,篠島
136,96,鹿取
12,110,阪部
239,127,古幡
64,160,古田土
135,200,隅野
39,47,葛本
80,96,下迫
233,174,烏野
144,220,涌田
255,189,茂
226,217,舞田
207,246,田阪
211,192,筑井
166,98,大曽根
23,94,澄田
192,107,水澤
253,74,須本
134,200,仁部
255,204,新居田
37,211,上居
251,166,春
190,152,出射
97,73,公平
77,232,五百川
107,1,金枝
162,214,飴谷
94,115,有友
206,46,有藤
80,231,木地
18,238,八束
239,36,池嶋
194,85,倉品
50,55,先田
221,81,是松
74,140,水梨
157,233,小番
18,158,橋崎
113,134,巌
208,166,下門
234,216,一森
231,94,和光
48,154,鈴山
233,234,又野
75,230,貞森
38,41,珍田
165,68,長谷井
47,59,大櫛
218,245,草山
235,47,西依
166,215,清武
26,66,上畠
13,114,三松
192,18,後迫
82,62,玉崎
39,48,角間
109,22,翁
255,113,奥宮
34,19,安次富
67,29,矢守
24,99,名塚
168,158,盆子原
179,49,福安
81,87,湯瀬
206,109,長柄
12,170,達
40,8,大広
46,83,相庭
49,3,政所
171,154,杉町
197,93,吹越
122,127,神取
85,180,新江
97,43,小濱
175,205,小県
224,129,市成
221,230,弘津
228,236,鯉江
44,212,窪木
124,226,紀藤
30,250,荻堂
194,102,永浦
98,219,一倉
14,221,安座間
122,160,老沼
158,29,林谷
32,130,野竹
56,231,俵積田
103,178,道岡
153,95,程塚
84,247,蔦谷
40,203,長迫
228,55,仲嶋
240,125,茶園
98,158,大鋸
31,159,川真田
177,209,崎
29,60,堺谷
188,87,戸ケ崎
105,188,慶田
88,166,屋嘉比
167,123,浦瀬
90,95,安留
150,211,野場
88,75,豊野
51,255,淵野
14,60,飯浜
175,3,長石
36,4,川原崎
14,142,石中
255,139,植島
121,99,譲原
122,240,山吹
97,99,高頭
68,234,原賀
115,102,見山
60,57,菊地原
193,0,韓
247,53,栢野
15,161,海道
203,244,伊谷
155,217,堀中
123,249,宝満
200,142,浜出
128,189,馬場園
158,138,池岡
159,6,沢江
124,128,宅島
53,38,大歳
79,26,西見
201,233,正
217,33,栖原
95,233,常深
64,15,宿里
33,31,秋川
252,97,汐崎
157,67,市坪
131,92,四条
161,39,讃井
105,198,黒
165,76,甲地
217,188,江渕
122,5,後村
191,67,外丸
75,172,音羽
232,156,塩浜
191,190,羽部
173,249,井辺
245,180,阿見
89,245,万野
157,64,保延
31,193,福与
176,142,萩山
168,49,堂上
38,166,土志田
166,29,登川
67,13,中館
47,21,三明
225,148,綱木
103,203,鍵田
170,218,許
62,126,宮廻
198,8,久保園
143,32,嘉瀬
202,1,嘉戸
22,154,下森
171,182,雲井
233,132,井料
214,0,礒谷
212,113,林口
154,96,流石
126,234,油野
162,156,麻植
70,54,片石
91,4,田母神
107,16,竹馬
179,82,新穂
43,203,小芝
61,112,秀
11,156,市塚
38,18,三箇
240,66,甲山
92,77,江波
5,137,兼井
159,99,金巻
118,159,近間
215,32,兜森
147,233,荻窪
110,240,横岡
244,99,押部
228,69,宇治川
244,126,安尾
69,7,里山
99,154,野溝
15,70,堀正
161,183,峯本
160,10,保川
254,103,並松
157,37,浜内
239,84,尾添
170,11,檀原
145,31,多
82,104,倉山
244,239,森宗
20,111,上部
119,173,松友
12,139,重成
67,165,蒲沢
174,187,梶ケ谷
18,80,貝谷
74,220,河岡
231,82,宇治野
94,238,保母
109,117,楳田
49,212,内池
218,56,徳広
139,9,田方
95,58,張間
227,166,新矢
156,91,織原
113,143,上瀬
19,5,照内
88,241,若竹
254,40,三保
48,244,笹嶋
89,58,阪元
104,77,権代
73,120,夏川
51,171,安徳
127,224,粟根
227,75,芦名
105,144,縣
188,174,矢板
207,120,野々部
192,214,槙山
39,40,別井
158,52,白髪
30,216,豆田
47,33,泰地
227,204,川喜田
83,180,糸魚川
208,65,黒津
11,187,荒畑
12,141,胡桃沢
206,70,権
121,242,海川
156,37,華
193,23,愛川
45,200,明賀
136,212,峰崎
61,223,福室
139,241,巴山
54,151,東園
206,34,鳥田
88,27,丹田
165,105,真
163,236,志鎌
203,29,山津
133,39,原中
53,9,岸良
51,237,笠嶋
13,205,掛田
95,202,柿山
23,254,浦郷
246,18,末宗
112,164,峯山
217,148,飛鳥
62,24,板持
24,199,椎
152,43,大郷
131,191,船生
17,31,西津
233,17,上城
81,232,小紫
179,252,七
241,238,坂之上
227,226,根立
101,138,高力
248,169,高子
98,138,桑谷
211,207,吉峰
189,183,羽地
96,111,利田
73,192,門岡
177,88,満井
231,167,能沢
111,175,島尾
89,226,天坂
0,106,朝永
13,54,達川
249,234,大芦
241,64,西峯
253,97,盛川
218,147,沼畑
120,90,小名木
111,73,出戸
190,3,四倉
71,209,五郎丸
211,90,君和田
66,5,間渕
219,158,釜崎
233,183,奥迫
15,34,堀下
234,102,房野
129,8,保崎
139,69,畠野
79,161,馬見塚
99,240,田野井
48,92,中畠
166,21,谷越
196,105,霜出
33,141,折野
148,88,折尾
91,195,税田
57,253,種本
189,131,若江
229,250,戸津
122,82,古戸
215,203,宮副
199,23,覚張
108,209,井福
177,79,保利
193,80,平敷
33,241,徳平
200,66,島森
19,152,栂野
95,43,津志田
182,30,仲内
14,75,大豆生田
14,217,村手
108,72,倉増
60,74,畝本
172,160,小櫃
58,246,小亀
134,120,江塚
110,172,後川
75,216,月川
181,111,駒林
120,220,錦見
247,204,宮阪
228,148,吉泉
166,109,岩熊
20,6,灰谷
237,135,押方
173,210,柳元
70,27,野呂田
18,245,目野
26,194,末
147,70,穂満
166,53,片見
45,87,平吹
61,203,浜岸
181,7,百合野
221,232,白数
145,243,毒島
166,71,土沢
215,150,則松
61,120,蘇武
241,230,森武
213,238,城倉
207,105,上見
226,180,手柴
243,235,鹿目
27,88,皿井
60,177,古渡
81,157,兼清
181,187,宜野座
248,116,梶塚
141,25,角地
75,20,我満
228,173,羽川
27,234,和野
246,93,養父
70,187,米塚
165,4,武隈
4,182,畔蒜
50,48,藤長
110,251,津布久
253,68,中南
169,147,足羽
129,107,草加
79,107,石割
248,229,正路
208,164,水藤
32,49,須々木
254,33,深石
73,40,常石
184,173,松堂
128,221,妻鹿
143,148,佐々岡
235,114,二葉
27,210,高椋
90,171,後野
22,151,嬉野
105,168,遊馬
224,174,末川
1,170,茶円
1,43,谷浦
226,94,荘
133,78,宋
157,48,曾山
37,74,浅津
200,3,千代谷
244,8,青崎
116,167,瀬井
92,177,森兼
121,10,森浦
19,41,松金
38,24,小舘
210,21,市倉
178,14,佐崎
60,54,行川
111,75,戸出
0,251,兼森
4,202,桑波田
111,41,窪山
49,19,鎌滝
253,31,垣谷
176,79,安高
17,83,鯵坂
116,39,籠谷
171,90,柳迫
74,185,矢坂
96,255,目代
31,157,明比
170,155,墨
2,165,百
140,5,白澤
204,243,徳森
171,208,藤ケ崎
150,24,桃木
93,157,田波
214,185,長塩
253,204,中重
92,32,西正
30,221,清井
90,16,松末
180,30,重冨
69,253,若田部
239,59,佐本
163,41,国藤
167,198,江南
95,210,桑垣
175,250,久保島
151,248,吉嶺
40,19,亀卦川
219,230,笠本
113,84,園川
196,4,一橋
173,209,淀
251,111,芳山
229,146,島山
223,129,朝賀
19,104,大谷内
66,104,速見
228,93,石榑
52,85,西俣
36,195,真名子
28,240,小桧山
188,27,小久江
106,7,漆戸
236,128,財田
16,55,高居
79,228,光石
125,84,嘉手納
167,145,立和名
33,227,本道
1,206,北詰
218,128,白垣
123,122,鶴沢
17,41,鎮目
104,121,大瀬戸
255,242,太田原
28,76,多久
196,119,星本
120,19,真瀬
5,4,新浜
19,19,宗川
67,244,市
154,162,四ノ宮
151,129,三方
150,21,佐久
196,34,岩辺
37,61,角尾
136,241,家崎
118,39,力久
253,249,有園
101,72,末野
158,126,畑尾
128,142,唐澤
231,31,冬木
222,216,田垣
128,220,定本
83,248,潮見
8,110,竹垣
53,46,池ノ谷
43,11,只木
121,183,倉茂
73,16,青海
137,87,菅又
230,94,翠
222,223,上木原
19,36,勝瀬
253,177,今石
240,89,腰山
198,227,高中
140,7,江
225,103,境谷
186,105,宮司
234,232,吉坂
42,91,岩名
229,91,河畑
228,182,横張
199,169,越塚
226,88,阿波根
248,92,澤本
23,77,利川
204,155,有住
42,30,浜坂
107,79,馬橋
149,94,日比谷
237,37,日影
0,112,楠目
74,138,頓宮
169,163,鉄
116,0,濁川
102,149,待井
224,128,川竹
193,99,瀬之口
158,65,上仲
98,96,松広
196,123,三條
92,215,細萱
9,17,国司
86,251,高光
75,111,宮倉
16,166,喜島
202,132,河渕
167,114,友安
61,51,末益
20,120,並里
109,99,浜部
247,172,尾又
194,197,楢本
71,28,内薗
249,94,藤宮
224,177,渡海
8,78,津賀
237,22,中目
12,152,中熊
8,183,城村
163,221,秋村
250,167,篠川
15,183,山仲
27,255,弦間
112,131,強矢
68,147,吉戸
99,30,関内
195,42,柿下
157,225,塩畑
125,144,阿賀
119,201,里井
63,220,矢田貝
244,142,又木
138,60,武宮
48,67,八反田
179,124,釘崎
205,53,定松
185,244,中坊
184,141,中場
10,128,沢内
97,201,大信田
251,5,仙道
217,204,是川
176,181,勝矢
91,222,舟川
114,177,幸崎
184,83,浦松
189,242,廣岡
196,126,倭
172,232,里川
165,59,本家
26,109,伏田
3,245,長光
250,196,谷渕
38,48,瀧田
66,28,大代
19,12,川住
200,221,赤土
135,233,室町
156,78,指方
137,59,三辻
226,83,三ツ石
145,2,根石
89,222,高荷
24,221,金石
34,75,嘉屋
141,66,井林
239,237,鈴井
44,246,立浪
190,64,野波
229,235,末弘
66,181,北住
14,244,美和
159,168,入内島
234,4,槻木
224,178,長谷田
200,215,茶屋
200,153,多鹿
239,61,織本
246,60,小圷
14,178,小塙
140,24,小谷田
47,13,左海
28,25,今倉
125,238,高上
154,140,金松
49,5,久志
220,120,鞠子
164,216,我謝
97,80,下茂
209,127,岡正
187,201,押久保
171,80,一寸木
171,137,依岡
122,72,西馬
1,150,雪本
63,233,倉成
222,120,多治見
177,165,大牧
66,155,辻下
255,132,田籠
80,191,日坂
59,166,埜口
33,110,飛内
195,70,富重
175,213,普久原
59,61,福塚
55,243,流
220,40,眞田
184,207,生地
21,86,菅尾
35,10,森河
91,120,上家
166,26,小茂田
106,15,室野
213,191,山野内
38,117,見原
134,2,宮道
3,109,久森
0,250,喜舎場
192,74,岩竹
254,211,鴨
139,45,横町
114,49,遠峰
133,218,円子
139,101,和佐
107,107,友村
249,236,柳村
105,159,網倉
2,96,北薗
138,8,福園
99,12,馬木
31,9,日根
11,188,東一
202,165,渡名喜
202,166,椿井
20,54,倉松
67,73,瀬野尾
172,52,森次
150,189,新内
6,182,山橋
236,207,坂江
30,185,佐渡山
166,9,喜多見
70,197,加々見
226,176,安蔵
148,1,萬谷
77,79,門永
36,106,木多
95,59,末延
249,44,染田
109,159,石引
208,181,瀬端
16,127,杉藤
254,155,厨子
10,138,出合
182,109,若崎
33,197,室木
156,141,山王
44,0,佐近
187,11,黒飛
250,106,君嶋
157,161,駒津
83,123,居川
141,186,丸屋
104,166,榎谷
238,243,羽富
60,152,宇津宮
112,33,稲継
153,1,一川
55,31,辺土名
183,138,畔田
3,26,縄手
123,99,渡貫
35,73,棚村
120,146,曾根田
70,18,川中子
136,162,成木
167,162,信濃
115,90,松清
208,130,小上
83,64,三戸部
144,66,笹渕
145,176,最首
94,240,高添
125,37,高貝
142,120,海
30,188,磯井
0,170,庵
108,86,安海
47,251,阿由葉
6,115,茂泉
140,72,牧尾
92,223,平家
243,86,道林
228,102,浅野目
109,185,親松
123,127,上池
252,104,松雪
222,228,舟見
131,170,采女
110,124,砂本
22,25,後呂
38,204,兼次
136,134,角口
143,100,磯前
128,112,崔
131,228,余川
41,44,尾口
238,112,峠田
162,49,町谷
40,241,仲丸
94,77,地下
189,103,村地
232,114,倉見
229,160,千綿
61,111,森忠
113,221,常住
169,137,重広
55,142,受川
214,62,酒徳
109,166,三ツ谷
103,194,三ケ田
131,84,砂辺
91,249,高堂
150,7,溝尻
108,70,角森
153,120,印牧
75,232,安友
227,79,敷田
107,187,祢津
102,198,定
92,162,仲真
83,176,中池
169,224,丹生谷
0,150,帯
57,192,掃部
185,18,千々松
6,217,西室
85,38,星沢
102,178,森繁
158,156,城之内
214,246,庄島
63,86,紙本
119,40,崎川
224,188,細岡
68,252,砂場
241,87,向畑
127,148,戸祭
100,129,興野
145,127,牛場
147,48,巻口
152,255,越石
176,246,井手尾
177,196,井奥
183,249,伊久美
199,249,松若
146,239,上柿
254,45,増崎
247,246,滝元
51,141,沢渡
81,191,炭田
95,151,猪
234,83,塚
148,243,砥上
107,80,砥綿
203,180,内記
30,66,納田
76,241,敷地
120,5,武尾
227,252,北坂
112,132,与
113,121,鰐部
201,127,宗政
33,226,伊計
225,85,育藤
12,185,花立
11,129,萱森
207,181,丸石
41,75,岩井田
216,50,鬼原
134,55,久堀
241,247,曲山
163,121,栗屋
140,70,桑鶴
165,67,兼久
87,47,五戸
107,77,工
15,117,今原
113,179,氏川
199,122,種谷
39,142,藪中
74,39,落
60,116,鳴滝
46,244,米坂
100,73,平館
62,181,文字
174,53,比田井
108,233,箱山
181,17,東平
224,5,猪越
164,21,船間
217,158,川筋
253,11,西埜
108,141,腰原
145,197,光宗
128,75,戸館
113,211,月館
193,94,杵屋
209,205,家中
8,211,岡辺
142,112,横枕
106,210,横見
45,180,押木
36,160,柳堀
217,52,満岡
36,126,牧岡
184,224,保倉
39,112,平佐
90,246,飛山
29,215,入井
136,5,追川
169,10,茶畑
164,161,池澤
170,153,丹原
100,215,大仁田
234,121,相野
204,246,祖田
198,73,前澤
76,238,川代
211,169,松熊
216,184,小八重
137,204,諸永
202,156,山成
71,140,窪井
129,121,牛腸
228,36,関場
249,153,釜石
37,126,嘉悦
26,226,横原
28,229,安成
33,167,礒辺
20,228,澤山
3,176,揚野
156,165,木根
65,146,片本
72,181,布山
68,139,富士原
179,38,白濱
63,76,津下
251,0,中井川
43,159,池脇
111,168,大良
71,141,大宮司
8,247,清和
112,118,新徳
70,252,初芝
209,184,桜間
171,1,佐保田
80,118,原科
227,30,舘田
96,90,伊深
183,38,井脇
65,22,歌田
30,158,甘粕
87,23,金古
43,143,五十棲
207,28,広地
44,100,溝脇
118,221,小嶌
172,148,松苗
216,225,沼井
19,102,乗本
216,142,水山
235,112,炭本
118,36,貞光
204,106,東良
197,74,百井
80,162,布留川
199,46,北折
80,194,蓑原
104,113,明山
201,58,矢津田
139,212,友森
126,76,米窪
232,81,平安名
49,120,冨野
42,150,堂野
219,178,湯澤
117,114,東峰
34,244,津野田
92,156,谷森
20,239,滝石
182,97,大鷹
197,73,増森
216,140,赤江
100,123,西垣内
170,223,常泉
191,251,小井手
137,110,四柳
55,138,三木田
253,38,荒本
207,103,近重
121,243,戒能
99,29,河原林
238,50,餌取
58,210,羽佐田
33,117,烏田
88,255,安ケ平
224,154,阿彦
43,184,蕨野
143,122,野垣
162,143,木川田
139,207,湊川
114,94,板沢
53,194,馬崎
207,142,日名
186,20,東久保
99,69,田爪
92,203,津原
197,63,中納
111,70,大道寺
45,63,赤
233,44,清崎
246,32,小管
196,240,兼古
42,149,経塚
133,58,桑崎
240,43,笠田
127,27,改田
51,128,夏見
31,199,下枝
88,114,阿佐美
157,105,阿江
102,111,和泉田
146,88,立谷
127,217,矢形
218,168,芳井
96,205,物井
193,76,冨澤
248,154,飛鷹
122,15,馬詰
232,105,能代
139,178,日
167,108,徳吉
201,176,道原
25,51,東松
239,94,鉄本
81,135,長富
237,164,中静
88,252,代
234,57,多喜
198,233,川邊
96,249,西戸
72,18,山蔭
134,121,桜山
6,51,高清水
32,121,溝越
213,107,恒成
96,177,古石
134,39,兼村
185,248,越沼
43,243,阿出川
214,104,和多
96,184,友常
102,54,保原
202,124,半藤
187,178,八神
148,132,奈須野
79,123,藤後
182,118,唐田
141,224,仲岡
89,148,中牧
193,75,中峰
14,202,竹入
187,91,先山
107,126,雪野
202,35,主藤
138,247,若色
74,29,寺平
32,0,三並
141,159,三柴
240,150,薩川
222,220,絹田
197,201,久枝
153,38,下倉
5,39,一岡
137,154,安次嶺
97,30,廣野
199,56,野々川
132,21,毛呂
108,180,福成
161,253,洞田
67,75,蝶野
49,98,滝岡
112,202,宗広
189,17,志沢
21,35,笹淵
171,239,光崎
37,130,吉末
60,45,亀
101,154,井狩
72,65,輪湖
162,115,野際
71,101,木所
140,217,北瀬
197,117,平藤
31,167,鳩貝
240,142,藤曲
85,198,島守
169,152,茶山
199,146,大堂
82,167,太宰
53,217,杉川
46,186,松館
121,55,山之上
207,133,吉峯
78,21,亀倉
130,206,気仙
85,235,椛田
166,154,垣原
87,49,安並
183,73,柚木崎
11,230,野々
45,254,名護
226,197,服巻
194,245,尾立
173,75,板崎
108,43,陶
145,100,椿野
52,133,大隣
149,14,浅妻
70,203,諸留
232,235,重石
74,120,洲脇
158,17,朱
29,3,三雲
84,98,高里
68,179,厚木
249,202,恵谷
146,33,郷古
198,55,牛渡
167,135,岩政
90,160,下嶋
75,177,岡添
1,159,穐田
113,122,柳館
216,122,綿田
135,219,豊吉
36,75,保手浜
177,14,百合
39,110,飯窪
232,38,内河
197,40,得丸
33,161,長棟
78,104,中市
124,105,中舘
35,151,竹末
66,17,大富
141,164,大霜
204,96,大貝
215,80,太田代
70,28,川和田
222,206,杉永
124,155,須谷
30,62,小豆畑
131,48,寺見
72,113,菊次
19,34,椛山
41,140,外島
7,255,雨貝
74,6,羽切
17,185,磯脇
158,90,伊良皆
174,158,宗藤
201,17,出本
25,251,水溜
104,97,嵩原
88,86,赤座
106,197,貞弘
213,51,田鹿
83,105,東沢
19,51,道又
14,129,梅下
188,230,迫口
186,10,八下田
46,140,平位
179,0,明間
16,69,蓮
30,63,浪崎
47,4,鹿糠
3,39,高沼
126,15,五来
116,153,櫛山
140,117,居城
82,158,宮久保
91,160,吉河
59,202,菊入
81,200,垣下
91,246,岡室
247,37,稲橋
206,139,井嶋
251,60,井越
134,253,安嶋
184,38,安場
93,133,綾田
236,151,澤谷
179,212,廣澤
127,169,有満
63,161,片根
155,99,尾鷲
193,96,備後
206,69,日根野
39,83,定塚
174,124,沢中
213,206,大鷲
111,196,大束
31,244,善
58,68,石母田
200,48,仁田原
113,44,小部
206,120,住江
212,103,柴川
15,235,元橋
203,98,権守
245,221,久次
199,222,奥林
121,178,伊是名
120,13,阿河
151,60,畝
149,184,政野
52,11,清重
75,119,清滝
30,65,川杉
74,85,丹代
15,232,端野
149,61,池畠
231,193,竹俣
61,113,竹葉
21,122,秩父
137,146,嶋根
211,208,入澤
173,61,北迫
60,38,面谷
173,7,門奈
236,235,与古田
210,213,陸田
130,216,簑田
58,96,世戸
19,63,一原
10,54,宇敷
63,96,岡口
96,76,岩槻
235,6,鬼武
203,78,玉江
144,245,金綱
149,112,櫛野
253,122,月本
44,216,佐和
32,132,砂塚
107,211,坂岡
95,71,阪倉
142,201,山澤
208,43,時崎
136,0,狩集
122,105,上竹
227,86,常陸
86,45,数田
76,162,野城
240,15,名本
209,102,比江島
6,27,麦谷
16,196,道添
192,25,道前
185,202,忠地
92,220,竹縄
67,190,石高
83,251,西峰
148,214,世永
45,46,上水流
72,131,松高
160,3,小薬
47,46,小江
192,198,雫
74,18,今井田
73,91,古塚
119,218,古後
144,77,吉鶴
150,22,丸地
47,254,下橋
141,157,横峯
16,194,奥貫
246,198,浦辻
180,112,磯口
147,95,蛯谷
193,167,要田
236,92,有間
233,190,柳浦
255,124,鳩山
104,225,八野
216,177,日谷
213,132,仲条
63,165,倉金
181,36,初鹿
0,241,宗本
155,28,七原
82,152,似鳥
236,245,山島
53,140,阪根
152,222,隈井
218,254,窪園
203,84,久須美
67,253,橘本
211,132,祇園
224,27,巻幡
69,140,貝川
182,110,乙坂
44,129,岡澤
47,136,岡尾
6,139,塩村
78,167,濱中
136,79,北御門
8,82,冨江
98,208,尾見
103,165,湯藤
36,244,菅根
114,124,新立
16,80,山後
9,79,佐分利
176,215,佐島
0,132,糠谷
213,100,金戸
58,130,及部
93,59,気賀沢
74,86,永冶
195,159,影井
181,27,安枝
175,144,野並
174,62,満生
56,96,満園
10,168,片村
84,47,板場
245,42,辻浦
168,151,池ノ上
241,212,赤倉
233,8,生稲
113,146,椙村
214,167,真尾
145,68,松矢
180,69,守矢
252,186,時
255,125,寺垣
74,59,山市
247,54,国兼
206,40,五条
245,81,兼坂
66,239,恵木
75,93,旗手
117,68,貝沢
98,197,賀数
131,197,烏谷
155,40,宇佐川
182,84,茨田
74,106,芦崎
70,181,愛知
68,212,帯川
222,73,知識
87,52,中永
19,37,調
91,203,長永
225,12,天辰
200,31,日裏
60,73,入来
22,90,肥田木
166,123,飛島
65,8,美田
239,3,浜武
109,36,鳴沢
199,123,友
92,75,忰田
113,40,渕本
111,28,霜野
222,163,稲次
178,167,越地
108,153,園村
47,40,河波
149,247,見留
231,64,広藤
91,183,高篠
33,246,高泉
245,253,治部
182,91,若藤
216,46,若梅
211,129,松縄
19,134,信貴
162,146,深代
61,188,世利
65,0,船谷
245,17,目片
159,114,芳岡
38,160,難波江
234,140,鐙
193,134,田久
187,6,沢地
64,115,早苗
99,0,川畠
59,33,上米良
98,191,上鶴
28,163,初村
215,10,行成
189,146,広村
236,19,巧
63,175,古嶋
27,120,串崎
250,215,九十
103,254,吉門
44,159,亀甲
89,188,鬼崎
224,140,茅島
231,50,鴨崎
98,209,加園
10,68,岡畑
210,198,押本
5,12,藍沢
180,229,野池
86,247,富成
213,59,日和
144,124,日馬
228,100,廿楽
149,81,田地
169,34,猪尾
246,155,中杉
202,77,蔵満
118,58,船瀬
10,246,須戸
72,119,七種
31,150,兼崎
131,30,金銅
139,248,久保野
169,135,岩鼻
11,126,遠野
21,237,井之口
237,157,安崎
84,205,國分
36,66,和佐田
232,1,由本
42,175,有末
22,189,友原
161,221,野邑
16,148,本石
120,238,墨谷
98,125,藤光
173,198,東崎
155,50,唐木田
203,254,猪山
67,181,池宮城
50,50,大濱
212,54,束原
37,86,霜越
147,4,西広
101,129,小作
52,74,砂岡
128,78,厚海
148,33,魚崎
183,163,宮戸
0,44,貴船
157,0,海堀
92,10,荷川取
125,49,鵜瀬
155,181,瑞慶山
55,78,赤石沢
173,78,船迫
101,227,草原
119,169,道畑
243,176,波間
204,19,畑崎
230,58,八川
210,138,尾越
125,173,伏原
223,45,蜂巣
5,166,牧浦
209,33,民宿
137,189,目次
3,104,弥富
230,226,嶽本
2,209,針山
34,169,種岡
79,223,軸屋
206,128,佐内
10,40,根路銘
138,55,香坂
154,226,金箱
103,62,魚本
64,220,宮薗
24,70,岩滝
228,205,花牟礼
95,102,下松
32,160,永楽
116,54,因
25,94,伊勢村
251,88,伊森
219,119,浅古
3,119,大土
42,12,大年
214,40,沢頭
118,157,竹橋
72,139,仲江
213,36,昼田
182,17,猪崎
74,252,津吹
71,227,栂
220,203,碇谷
51,191,道井
105,4,楠部
110,171,八山
138,187,本園
166,135,鑓田
133,215,川城
249,117,千吉良
160,129,垂石
5,59,神出
251,175,植地
76,232,上内
19,57,昌子
200,74,小名
102,135,三鴨
28,189,黒本
59,115,国保
196,87,江添
185,85,橋谷田
254,225,橋ケ谷
139,111,岩西
164,252,益
53,14,稲船
130,120,水迫
182,182,清谷
59,191,西池
198,5,竹見
149,241,猪島
82,206,度会
232,229,二之宮
112,219,日永
7,22,日光
104,48,馬篭
185,75,樋沢
76,150,撫養
27,82,桝野
22,43,矢追
206,58,友定
203,169,和中
87,1,蕨
104,15,劔持
6,130,小貝
53,203,伊良部
155,98,羽倉
62,202,羽多野
15,134,横本
62,143,荻須
143,225,会川
141,49,鎌苅
210,180,久積
219,206,迎田
22,153,古徳
146,37,五味田
42,114,細内
64,47,笹間
105,160,山領
182,78,四條
77,50,室川
137,101,篠藤
34,96,春井
29,37,檜森
101,5,野入
40,74,名執
89,72,武次
56,99,徳間
63,5,地福
6,38,谷坂
60,50,大居
65,103,前垣
150,157,川相
164,127,西明
6,235,上武
213,72,秋定
78,93,宗和
76,90,時沢
221,38,寺浦
213,56,四位
81,212,三門
96,140,座波
186,232,溝尾
19,11,口石
234,114,桂山
174,29,金倉
197,192,金居
23,67,近久
76,186,魚津
247,215,牛之浜
144,84,牛崎
239,4,弓指
229,79,吉間
240,23,開米
14,199,開原
249,170,花光
46,28,家原
59,58,阿久井
235,39,諏訪田
167,154,椙田
111,252,世良田
87,168,西留
64,97,石地
90,155,早山
132,80,相星
209,138,多田野
74,40,泰
31,209,仲辻
12,165,島ノ江
110,181,島上
120,35,波部
13,223,板原
139,113,片江
27,215,又川
203,129,野呂瀬
161,83,矢持
204,30,矢竹
136,68,友国
62,211,神足
131,45,阿相
164,190,一志
50,97,一二三
190,138,一番ケ瀬
28,40,演田
57,50,河面
8,180,皆越
91,109,樫谷
47,104,岩花
11,12,鬼柳
150,4,久藤
248,205,呉本
143,199,江種
127,251,合谷
21,13,坂山
213,81,出倉
106,202,出頭
29,168,上元
142,147,上総
138,107,森弘
254,96,流田
172,131,頼田
168,18,野秋
55,5,木森
100,231,木賀
152,90,明戸
33,80,平工
43,186,百目鬼
185,69,鉢呂
139,219,楠戸
14,226,藤目
240,158,藤武
45,114,東和
241,47,土岡
139,137,朝隈
180,250,中ノ瀬
137,212,一野
126,182,円田
188,130,皆吉
2,58,外舘
163,62,割石
170,192,吉場
153,43,犬井
187,141,広政
198,206,座安
154,135,笹平
207,214,宗片
43,165,小座間
11,196,上脇
89,195,城地
119,51,数馬
235,210,生井沢
161,12,榑松
174,120,緑
234,165,梁島
31,68,法村
78,101,武馬
105,25,武子
48,228,冨士田
26,33,飛岡
143,86,畠沢
28,182,島名
5,134,島居
253,242,田里
5,131,田神
143,237,追分
243,125,津国
143,70,長廻
236,126,相蘇
140,112,船野
192,101,川久
154,56,森根
99,162,四十物
216,148,古長
216,138,久嶋
63,29,貫名
4,124,河澄
94,73,羽角
129,161,一松
59,13,廣井
102,95,芳谷
213,24,峰野
130,113,尾熊
85,115,樋爪
194,77,藤部
91,61,藤好
129,55,藤河
71,95,棟近
160,232,椎山
23,34,猪塚
30,12,中渡瀬
125,88,池津
77,12,対比地
177,154,石和田
38,219,仁保
207,240,新畑
215,225,市野瀬
55,80,坂脇
179,210,今給黎
224,175,高徳
145,103,綱
48,111,古元
124,45,櫛間
78,213,宮家
53,68,加賀見
236,122,岡宮
4,11,老松
241,88,木城
205,143,平湯
249,4,幅田
55,88,尾石
58,131,博多
81,33,鴇崎
128,4,島林
27,121,庭瀬
99,93,定行
204,168,中広
126,237,大峡
246,0,則本
222,145,千脇
124,70,千藤
152,194,酢谷
103,7,真井
251,94,枝光
1,17,今若
188,154,合川
35,139,行友
192,66,向谷
28,73,光島
200,183,玉島
41,108,久米川
153,41,寄川
201,102,掛布
237,226,奥藤
141,233,柚山
17,52,堀脇
140,127,堀地
147,186,楠橋
45,107,内貴
163,163,栃谷
22,100,鶴羽
79,94,大葉
15,63,村端
11,195,蔵前
208,194,折山
196,178,市谷
132,246,黒見
80,56,荒幡
185,59,光川
125,46,権平
83,190,兼安
116,30,栗脇
234,75,岩嶋
168,19,河路
31,214,越阪部
176,66,井石
232,47,安養寺
154,143,愛須
72,134,増木
207,143,多比良
199,155,大同
174,16,大力
86,156,仲俣
105,226,直田
224,59,鶴木
159,62,田野口
132,202,島方
188,140,道明
187,207,日下田
85,227,波岡
245,190,半井
77,117,末久
129,69,野藤
202,141,溜
250,229,清水川
184,246,秦泉寺
226,84,沼里
30,139,守部
1,229,式部
85,109,汐見
164,254,康
35,122,広実
168,207,後上
147,73,金納
74,175,郷内
82,217,牛谷
195,163,雁部
210,248,屋田
198,15,井木
228,199,井森
137,196,粟谷
83,207,清見
220,243,青森
147,162,川床
244,214,前之園
9,123,荘田
241,122,則包
183,100,帯金
137,245,袋井
148,180,築島
154,177,竹居
106,71,長谷場
165,209,得永
133,149,平上
72,45,豊倉
109,86,夢
131,36,矢間
102,242,尹
133,228,搏林
65,41,礒貝
62,165,藺牟田
204,177,芦澤
20,175,榎元
167,105,横澤
146,167,河元
63,153,栢森
77,177,宮後
32,208,笈田
31,104,駒込
225,112,君野
74,219,結束
77,43,絹谷
155,102,戸屋
226,122,国部
254,227,斎野
74,209,鹿川
9,226,勝尾
87,122,小美野
247,200,森満
138,64,真々田
63,194,真川
121,196,剱持
197,18,豊巻
97,160,保永
104,184,東福
90,241,島脇
237,203,田苗
170,191,池中
140,174,村竹
121,146,前河
87,76,水畑
182,55,埴原
122,174,小賀坂
187,173,坂地
29,242,国久
214,157,喫茶
78,219,菊竹
98,203,鬼海
33,65,岩水
220,202,柿花
243,32,賀谷
107,13,河出
52,204,羽二生
120,189,一見
32,120,竜口
172,183,立神
238,238,毎田
42,42,福池
162,127,冨重
179,78,畑口
192,176,土野
119,4,田吹
111,33,貞末
231,170,長広
201,100,中久喜
12,241,滝脇
34,175,滝浦
139,255,倉垣
238,177,瀬長
135,91,植垣
62,7,小野内
171,227,井神
129,157,臼居
102,60,浦和
38,54,永
239,244,押領司
146,180,岡平
164,111,下家
117,96,駒
64,77,戸野
219,38,荒原
85,142,黒尾
209,146,今仲
22,253,崎元
187,206,山並
117,215,姉帯
192,245,小甲
197,75,國井
3,251,陸
160,86,藍
4,114,薬丸
252,187,本柳
117,242,南畑
214,149,辻上
194,195,長元
80,37,宅和
57,8,善積
72,25,川那辺
178,85,西阪
189,9,生原
249,5,森居
171,40,森越
5,154,山品
70,168,三芳
27,0,三春
192,92,札場
106,226,榊枝
78,147,財満
27,157,国宗
9,26,古茂田
57,234,古垣
135,188,鏡原
111,87,花香
203,120,乙津
191,11,一ノ関
220,130,綾木
124,123,小野坂
34,99,常光
10,205,神近
190,57,成嶋
178,224,西形
247,141,倉繁
52,177,草本
21,209,中三川
144,22,天明
217,74,藤里
79,197,洞内
14,6,八並
178,81,北館
63,201,茂内
7,212,木住野
192,202,門沢
122,143,由川
17,93,立島
81,159,秋武
205,21,阿辺
49,204,為永
8,190,雲野
236,71,音川
99,101,下河辺
215,219,花水
215,126,柿迫
127,183,寒竹
244,187,鬼山
66,106,玉元
63,117,桐越
177,213,近山
190,173,粂井
208,126,高永
93,104,高科
4,49,高芝
215,197,高信
252,238,坂出
37,64,篠岡
122,247,上玉利
210,15,森若
141,88,仲佐
127,186,仲森
111,4,仲矢
123,90,提箸
175,117,桃沢
54,194,徳谷
252,250,乃村
26,87,埜村
207,32,八本
75,134,樋之口
120,162,浜平
74,62,米花
125,125,峯野
83,175,牧元
176,86,本居
194,69,矢村
24,231,矢富
40,187,友藤
132,137,与那原
162,22,井下田
249,133,井沼
161,242,音喜多
65,177,河下
183,16,河角
242,87,柿坂
192,153,岩隈
68,106,久道
237,148,桐林
50,113,近井
248,72,窪島
48,22,形山
35,255,古米
174,67,江畠
199,196,江澤
1,230,溝添
118,62,荒賀
0,108,砂坂
137,166,桜場
100,80,市本
20,118,師井
242,138,七島
15,233,折目
237,70,川良
27,169,大牟田
238,204,滝尾
126,251,中沖
231,223,張山
77,141,長郷
214,189,鳥畑
41,180,入戸野
88,220,任田
168,102,乃一
204,92,肘井
109,137,苗代
138,212,片谷
118,237,片庭
97,41,片野坂
199,206,牧戸
56,154,本条
133,217,名児耶
179,120,孕石
101,20,赤枝
169,130,円井
164,51,横石
199,119,夏秋
82,227,外田
102,72,岳野
39,39,丸一
170,213,桑嶋
155,175,荒船
157,132,荒平
217,86,高井良
252,81,細金
93,169,榊間
224,38,志手
33,76,宿輪
16,156,小鍛治
221,80,松信
160,65,真浦
202,232,水瀬
178,30,成見
87,178,石郷
157,129,頼
197,55,保志
48,193,保高
31,55,平峰
33,111,伏島
146,154,繁野
5,98,斑目
237,234,入村
130,142,唐渡
246,212,田保
149,136,碇山
4,43,長堂
97,119,中茎
103,41,大浪
20,213,多木
224,184,図司
184,211,真塩
127,110,森橋
151,188,阿嘉
60,133,雨堤
48,148,永福
182,253,遠竹
213,160,下窪
225,250,下郡
147,243,叶野
9,54,刈込
112,226,岸元
172,216,鬼村
165,55,金泉
8,240,玄
215,141,五代
211,166,高遠
1,85,細村
184,199,三竹
236,2,小美濃
34,97,野辺地
100,183,福水
115,108,百済
119,153,伴田
158,80,伴場
242,50,白松
141,120,馬瀬
108,220,日南
195,213,南城
46,216,南光
41,106,道見
50,241,島木
13,136,土崎
218,6,田戸
242,108,田元
183,172,船尾
27,86,盛島
95,18,清水目
61,37,杉橋
119,28,新元
8,79,信本
17,105,出嶋
101,233,住永
227,188,樹下
135,107,志々目
212,70,今松
4,69,高濱
130,170,江淵
83,197,玉
248,82,久津間
42,98,王子
70,219,永徳
177,26,永光
164,30,中沼
69,165,中水
236,162,仲亀
181,8,丁野
106,252,張田
107,152,鶴飼
125,169,縄野
168,209,梅元
243,111,博田
105,65,冨里
25,21,布袋
214,248,武吉
196,220,淵本
242,230,豊本
216,105,餅原
226,103,利岡
219,79,和井田
205,63,對馬
157,248,澤崎
210,25,竹屋
94,45,岡里
205,48,下河原
57,105,下内
225,87,紀野
100,117,吉高
34,33,久手堅
163,29,許田
198,88,筋野
149,217,元野
229,243,根塚
237,100,砂村
240,249,三屋
63,4,七井
196,81,小場
11,5,小瀬村
45,93,上運天
68,21,上之原
30,48,鷹木
222,84,辰本
154,4,葭原
54,195,末国
241,116,牧平
29,66,白金
69,70,堂薗
127,243,田港
188,32,帖地
0,242,中光
204,249,竹浦
232,173,地曳
205,198,谷和
33,184,曽木
38,75,前畠
162,45,折坂
224,181,西邑
20,20,神矢
25,161,乗富
201,110,実原
203,22,黒土
79,21,金輪
13,47,間崎
102,9,釜沢
229,89,永岩
219,199,稲子
187,223,舛岡
126,238,村内
148,45,地村
69,10,中峯
202,235,丁
175,119,坪坂
41,19,嶋原
113,161,堂坂
217,6,奈良橋
64,0,二星
179,204,飯谷
2,12,味元
64,143,木佐木
133,203,野見
130,136,有海
227,1,猶原
224,8,西勝
22,32,申
120,244,小田野
88,215,舟戸
24,28,種
94,60,志智
252,160,佐用
230,146,黒丸
128,225,口田
116,177,袴塚
126,125,栗谷川
229,167,宮守
176,97,岩清水
202,83,花澤
162,168,越沢
114,65,浦浜
253,10,囲
15,118,瀬底
6,141,請井
170,236,石坪
219,238,赤上
230,106,霜島
233,221,蔦木
29,9,渡川
199,72,奈良田
139,52,抜井
16,240,美崎
184,181,浮島
154,217,風巻
139,16,福林
234,181,保木本
130,48,綿野
21,195,面田
112,214,木佐
232,92,有家
234,38,伊香
240,217,伊地
68,240,宇塚
104,191,羽染
178,193,栢本
65,138,館石
237,177,京増
174,156,兼岡
48,117,見村
127,234,向平
238,175,広上
109,175,坂森
103,133,笹口
162,226,三関
48,1,志良堂
109,150,春成
179,239,小張
141,175,常井
184,94,露久保
228,7,目
149,107,本望
134,30,姫路
48,139,播
103,222,二塚
204,118,提
167,106,長手
83,56,長岩
157,157,中鶴
66,63,丹尾
141,100,相部
240,75,埴岡
193,53,上根
152,10,小掠
18,162,小材
16,30,舟崎
239,50,篠倉
212,96,佐上
104,24,御堂
165,111,源内
159,243,見附
200,102,義村
176,248,廻
91,53,延藤
243,167,羽室
53,187,稲波
156,199,安陪
8,177,安久
193,92,中芝
172,223,仲井間
39,157,忠
87,109,長洲
132,89,鎮西
20,152,棟田
50,165,湯元
33,239,内沼
191,170,日永田
128,42,八森
95,144,尾尻
75,73,俵山
244,77,浜原
36,207,武長
86,145,武良
128,247,房前
107,140,網屋
37,4,木和田
158,86,葉
228,43,枦
54,24,羽入
228,75,奥嶋
188,121,瓦谷
5,245,広池
126,47,高士
94,52,根子
115,28,材木
128,83,山野上
124,66,糸満
107,173,紙田
62,26,式田
17,34,諸熊
186,125,小石原
189,76,神徳
193,180,杉澤
112,86,石平
252,167,赤見
146,202,善本
75,34,倉川
59,188,大穂
134,233,籏野
65,53,簗場
100,227,帷子
246,224,有里
182,149,木
88,123,本嶋
73,231,尾沼
181,168,樋笠
77,181,八百板
213,192,薄衣
200,202,斗沢
29,193,中郡
125,236,竹若
248,165,滝藤
157,241,鷹箸
26,195,相京
167,27,清遠
166,95,稲冨
226,138,羽太
206,174,音成
233,220,下屋敷
173,140,加福
174,255,掛端
145,125,久木原
42,3,栗坂
77,185,厚東
249,245,高渕
27,23,国森
10,216,黒葛原
159,75,三股
113,145,秋原
210,146,小酒
222,254,沼波
7,152,森喜
169,50,棗田
27,62,来原
225,252,有澤
107,221,野網
250,49,門崎
68,33,木津谷
71,247,木宮
13,110,万徳
41,73,末満
110,80,堀添
249,42,峰本
249,243,保村
230,189,尾堂
249,28,白武
70,41,当摩
55,87,為国
76,147,羽入田
178,80,荻沢
72,204,蟹谷
139,208,吉口
224,202,形部
184,236,才野
66,60,十鳥
75,26,森泰
97,21,杉若
189,250,蔵屋
135,73,町口
21,201,長谷見
187,107,辻森
193,106,釘田
128,0,余吾
165,244,唯野
134,13,木野本
81,57,椋
169,116,富坂
189,225,発知
217,125,八十
165,221,渡具知
15,112,田房
117,98,鉄川
206,181,谷地田
53,69,泉岡
43,78,西住
40,118,水科
117,220,条
88,152,常峰
137,62,上江
172,32,小埜
83,93,初鹿野
88,80,重黒木
125,137,糸洲
162,0,笹栗
102,125,金剛
13,208,芹野
224,136,巻
239,203,永嶺
96,29,多田隈
219,250,仲吉
185,215,長家
24,85,鶴ケ崎
228,136,定金
178,2,得津
178,208,八重
220,211,浜瀬
232,122,武正
25,14,暮石
64,225,北辻
242,250,麻
15,18,末綱
129,187,鳴戸
150,184,鳴尾
28,145,木畑
240,33,川染
84,125,勢力
106,60,瀬在
5,83,仁和
196,236,新行内
172,142,沼澤
75,23,小和瀬
177,245,出海
95,60,志
242,26,三ケ島
66,170,江里
254,125,呉羽
62,238,喜村
86,105,海崎
72,112,賀沢
53,121,加辺
180,131,塩坂
37,175,村澤
31,202,池垣
153,145,竹丸
92,101,筑波
161,192,鎮守
77,139,津口
140,157,定村
69,3,添谷
114,43,島宗
92,218,堂原
242,149,栃沢
103,107,白勢
234,56,鳩野
65,195,尾鼻
25,66,尾留川
17,45,瓶子
181,102,冨島
172,200,冨本
241,39,望田
2,92,門内
243,205,野毛
131,3,林川
27,127,櫻木
182,77,安倉
226,86,伊津
172,152,越知
50,54,久谷
240,162,兼高
129,155,犬束
154,231,見谷
11,249,古永
152,143,戸石
100,162,御代田
234,21,光沢
247,40,厚川
8,116,行天
70,156,四ケ所
102,221,酒瀬川
147,141,小布施
199,30,松実
75,1,上坪
176,209,森賀
64,232,森坂
42,129,真喜屋
179,171,諏訪原
96,120,石幡
177,170,北倉
184,132,田盛
98,196,鶴賀
17,63,壷井
243,165,辰見
48,179,沢岡
36,252,双木
142,182,千頭和
217,63,瀬部
196,113,上塚
46,235,諸喜田
232,135,山広
91,254,三田地
15,216,桜林
8,33,斎賀
197,33,根市
209,193,高仲
173,180,高星
199,203,荒城
23,189,江場
62,35,好本
198,76,光富
102,154,兼行
40,26,共田
206,48,牛来
212,219,宮畑
234,188,橘木
204,7,丸毛
107,158,丸沢
234,61,開沼
153,197,賀屋
160,104,遠間
211,2,雨田
195,187,西之原
224,55,斉
50,179,大屋敷
74,26,辰已
41,118,谷尻
173,124,長宗
96,0,唐仁原
246,96,道浦
166,219,納所
137,40,白熊
153,253,備瀬
9,99,文田
108,65,木代
73,133,矢加部
9,165,輿
8,108,裏野
173,246,立津
85,213,詫摩
229,145,針尾
128,190,粟倉
182,75,伊野波
230,241,稲泉
160,177,鎌上
221,16,亀ケ谷
73,37,吉垣
14,214,漁野
0,236,古殿
190,61,五十
214,218,五味川
188,93,才原
56,165,三紫
14,201,山我
168,69,寺久保
229,14,勝沢
236,125,小深田
214,94,小川内
107,93,松富
45,7,萬代
254,61,簑輪
23,21,由谷
75,27,友添
210,81,霧生
61,227,桝
123,50,平部
1,178,白間
231,24,徳沢
158,141,湯井
194,164,東坂
168,180,津吉
174,253,成海
120,212,小杉山
25,222,召田
175,225,市古
179,56,山高
12,53,在田
215,168,佐鳥
232,96,江利川
183,218,金治
77,205,橋之口
174,8,弓削田
112,113,解良
244,80,下総
35,67,荻久保
31,192,一尾
35,24,伊瀬知
156,47,阿閉
52,254,稲上
84,227,貫
185,216,久江
62,58,五十子
97,147,砂賀
84,103,三口
105,81,油原
247,211,柳島
252,47,野牧
251,22,門伝
210,8,木室
43,96,明松
39,210,辺田
157,247,平馬
117,207,浮須
226,253,美川
12,146,薙野
76,184,藤屋
195,119,島瀬
98,247,天利
18,60,大幡
214,112,前口
243,164,川隅
193,57,千代延
175,247,石阪
128,33,制野
119,58,城宝
96,252,舎川
98,240,山南
216,0,留目
203,177,芳原
21,24,飯笹
14,23,帆刈
159,253,蝿川
175,78,田ノ岡
203,192,津藤
232,211,谷河
92,244,辰口
135,123,善方
103,211,前北
36,171,赤迫
144,131,青石
40,131,甚野
23,58,仁礼
78,188,真継
249,53,森地
184,166,小谷内
61,61,重安
97,218,榊山
216,69,高鹿
213,155,江浦
57,43,君山
245,187,金井田
186,229,橋内
189,72,弓山
140,234,久留宮
221,198,干野
219,49,海和
205,158,桶屋
18,25,猿楽
75,52,新西
152,174,斉川
41,155,千羽
210,186,扇原
70,3,相生
161,2,大井田
237,123,大学
205,159,竹並
38,152,猪村
237,107,弟子丸
80,18,添島
65,14,殿川
44,123,那賀
222,242,筏
20,59,繁永
245,72,布
14,207,文山
153,223,末継
178,63,野田頭
84,26,有谷
77,20,有冨
134,216,嶺山
159,46,甕
65,238,小綿
136,56,稲部
231,182,円藤
156,119,栢原
9,160,義本
182,87,久後
82,101,宮奥
128,125,宮藤
82,96,金屋
239,55,鍵
137,186,古地
14,235,古道
93,199,古明地
193,182,光村
168,169,幸本
155,93,構
196,230,荒屋敷
239,216,高知尾
205,101,国永
105,134,三家本
33,155,四之宮
152,54,寺迫
49,86,耳塚
22,83,出牛
248,2,水下
159,149,水石
118,251,斉賀
116,217,大志田
153,150,谷間
146,9,中渡
96,9,椎根
111,158,渡里
213,23,日岡
14,150,日本
67,111,白壁
49,124,八ツ橋
224,12,板鼻
158,7,尾仲
189,117,服田
101,116,福知
77,91,明井
162,145,野井
112,250,裏
69,55,連
189,237,松月
43,225,井後
4,110,一安
218,213,頴川
13,33,塩野入
52,116,加美
67,203,灰田
175,61,岩科
229,189,久木元
77,149,橋戸
1,55,金口
253,255,熊耳
102,188,栗秋
45,154,古武
124,195,胡子
42,1,高重
198,118,国立
245,121,阪谷
220,154,芝辻
180,57,諸見
76,65,小鶴
180,82,神元
111,171,杉上
197,181,西光
107,179,千北
186,134,大見謝
35,97,沢上
213,75,樽
233,176,仲栄真
110,220,土村
129,74,萩庭
176,123,柏熊
158,0,緋田
213,128,美坂
122,119,桧田
214,17,明珍
10,57,明田川
229,47,里崎
71,56,竜神
111,114,濱村
180,181,新中
241,97,稲光
86,104,越本
102,51,押味
96,145,下町
124,101,垣添
113,57,岩国
46,60,玉水
32,9,金正
71,150,高佐
83,229,佐薙
172,0,皿田
149,32,山沖
175,126,山重
95,7,糸
253,215,実
212,189,小武
71,117,小保内
121,211,小野間
198,199,植中
141,117,竜見
250,66,来
4,109,余村
141,124,揖
189,216,八重垣
66,96,梅尾
41,32,梅園
205,237,楠川
57,243,長栄
153,231,朝木
53,167,竹歳
77,127,沢出
206,134,沢紙
151,64,大嶌
216,129,束田
73,60,倉形
89,85,仙洞田
225,33,西之園
22,93,水林
206,234,真道
232,158,上永
2,205,小禄
64,164,助野
111,61,祝田
211,69,舟根
122,6,芝尾
66,48,高家
201,76,光谷
136,21,後谷
145,144,恵藤
20,122,九嶋
22,52,郷津
58,31,喜久山
234,158,雨沢
58,165,安心院
202,61,安広
209,131,重井
159,143,出光
111,55,須賀田
42,45,水垣
190,160,石ケ森
157,202,石永
42,27,石鉢
102,120,染宮
134,134,前波
5,232,曾根原
42,136,中岸
136,125,津沢
145,60,天城
212,147,二岡
217,78,繁昌
157,121,峰山
242,249,茂庭
230,243,蓮本
222,123,六反田
250,189,伊予
93,105,栄村
218,158,遠坂
41,191,奥居
91,45,押元
64,142,下脇
217,212,加本
228,19,河埜
138,222,花嶋
13,77,戒田
216,63,葛目
113,48,鴨居
182,201,桔梗
14,139,宮辺
10,208,玉上
52,10,玉尾
90,45,糸日谷
177,123,寺
110,106,若目田
57,63,正林
207,217,西居
127,170,川山
216,30,浅地
2,146,袖岡
86,165,村角
20,60,村原
255,120,大柄
44,162,大和谷
143,254,谷川原
223,54,檀野
157,111,直塚
107,32,伝法谷
162,150,東光
46,118,楢村
43,200,能重
8,91,飛田野
151,251,武江
200,60,福栄
240,148,保浦
144,47,木平
36,36,籾木
75,36,有明
4,145,愛場
2,240,為房
202,231,井久保
41,138,宇崎
33,223,永洞
186,95,益村
147,6,玉栄
73,117,古志
30,10,呉山
225,226,広見
41,3,高綱
78,151,黒米
18,176,根尾
182,117,犀川
52,47,三岳
246,25,寺石
183,232,秋池
14,106,小祝
197,182,新盛
8,156,森栄
168,37,真境名
80,59,諏訪間
172,42,数見
19,132,三津田
203,144,私市
208,98,松ケ野
235,12,成谷
39,238,西地
78,41,倉員
77,122,倉根
176,84,鷹島
189,170,辰井
10,214,築井
145,38,田之畑
178,241,唐島
244,151,馬嶋
249,8,富尾
46,137,満山
154,29,木滑
106,57,友金
9,208,篭島
106,33,脇島
105,181,三五
144,239,芦村
182,25,伊豆野
152,184,井貝
127,168,鵜池
174,153,浦塚
206,252,屋富祖
169,57,下舞
133,232,岳
170,143,岩武
32,184,久和
3,97,宮台
13,144,金井塚
59,96,金林
179,145,古室
24,80,孝橋
165,162,甲本
112,133,紅
80,128,行広
13,131,菜花
28,86,石野田
53,168,雪丸
171,11,棚井
67,168,中楯
197,233,中土
127,124,壷内
83,145,田角
247,148,飛鳥井
162,164,美濃島
38,194,牧志
208,103,本戸
58,120,槙村
106,153,万波
114,226,野矢
250,148,由比
102,179,粒来
88,205,和久津
60,83,葭葉
176,53,萬田
249,248,瀬
63,79,磯尾
210,26,右高
64,233,羽馬
102,44,奥家
187,246,黄川田
218,107,岡光
230,253,賀集
143,215,館下
44,223,丸中
116,212,吉金
155,183,久
46,188,源河
149,0,御崎
240,134,国頭
213,39,三縄
206,235,手賀
201,167,床次
163,254,鐘江
245,25,杉沼
6,128,六鹿
139,229,油川
161,139,野依
66,137,法橋
38,3,樋江井
173,255,板木
241,111,白仁田
133,76,桃野
22,73,東雲
82,211,直
53,192,仲子
224,170,中郷
219,26,竹政
26,34,西屋
169,61,吹原
24,164,人江
99,119,松渕
132,119,小河内
187,65,小井田
41,64,出岡
70,105,重里
187,251,若谷
162,171,三重
98,88,笹浪
185,234,高味
165,159,広幡
179,136,穴澤
190,43,玉熊
134,126,喜古
101,52,館内
161,189,間淵
11,75,角皆
150,226,横家
133,87,延
191,70,穐吉
232,72,前森
131,159,大嵩
91,165,大田垣
90,198,大野田
240,26,中植
135,156,鶴長
244,219,笛吹
190,44,田貝
110,31,嶋口
22,34,東浜
122,208,那須川
39,113,畑原
46,71,判治
18,131,半崎
233,163,冨原
230,179,武仲
93,225,平畠
146,247,米木
115,185,与倉
207,111,廣木
49,138,稙田
212,145,泉屋
124,180,按田
75,144,伊月
146,142,宇原
131,244,笠巻
1,121,橘井
56,239,橋尾
221,36,熊埜御堂
240,234,粂野
77,75,兼元
157,240,古和田
85,185,五十部
97,234,荒神
209,87,坂ノ上
31,166,寺阪
160,193,時川
16,216,俊成
152,180,松舘
155,185,上治
166,33,神倉
202,198,神之田
141,137,成
69,190,上水
82,10,上津
83,104,上路
240,191,森明
12,201,正保
86,254,川治
215,27,浅越
58,34,船渡川
181,124,滝戸
232,98,筑後
93,160,庭
153,131,提坂
246,80,楠岡
146,42,白河
80,84,姫井
224,93,別当
222,93,北池
122,232,當真
89,137,礒村
188,217,安仁屋
231,203,伊串
253,58,羽木
75,213,荻津
228,32,下藤
110,228,歌野
25,236,角藤
32,47,岸沢
68,0,郷右近
133,114,古仲
61,157,高樋
120,7,高堀
56,39,坂平
254,48,崎間
149,250,七村
246,102,若沢
81,171,所谷
124,12,小神野
44,77,沼津
223,65,仙台
201,111,大参
252,59,中奥
176,35,朝枝
142,37,坪本
177,27,鶴薗
100,103,湯尾
234,88,内之倉
21,198,白地
48,198,板花
15,98,部田
27,243,豊後
223,139,北埜
174,68,本下
63,45,桝岡
227,201,末友
233,82,民部田
79,54,目谷
43,227,門村
16,8,野戸
174,123,頼富
73,223,林山
13,226,曵地
164,220,伊島
186,84,伊豆原
238,3,衣袋
19,246,棚倉
64,52,一本
83,58,姥名
88,189,永海
39,160,岡市
174,238,花森
12,123,久木山
47,74,香
25,154,高草
147,157,国清
109,143,佐柄
177,211,三反田
54,246,市ノ瀬
7,74,鹿子島
61,76,重国
71,15,小岸
93,83,小瀬川
101,190,松脇
154,210,上川原
175,68,城取
38,65,松窪
179,110,水船
18,6,政次
150,58,西向
31,184,石貫
110,180,石切山
180,171,千国
52,245,相曽
236,219,辰川
35,74,段野
189,80,辻沢
119,18,鶴貝
169,100,堤下
38,141,二瀬
156,189,二方
255,196,萩沢
10,240,幡
43,21,板川
32,10,尾浜
76,171,浜根
45,208,富居
198,80,福馬
112,152,文元
119,227,片伯部
102,156,堀元
4,123,本馬
111,217,伊知地
152,225,為田
10,142,延岡
105,20,下舘
31,249,下境
138,249,下郷
203,113,下鶴
154,190,加知
110,142,夏苅
112,170,夏坂
146,92,株本
139,100,岩岸
214,37,久万
91,94,久礼
209,214,魚見
170,205,玉生
103,110,戸板
180,255,高氏
191,253,高室
87,96,高武
246,76,佐坂
5,148,山羽
214,35,寺木
248,25,柴橋
127,232,酒川
13,52,升井
4,10,谷江
52,0,地崎
222,95,竹広
58,84,湯之上
215,171,藤並
26,233,尾脇
159,128,冨森
200,54,武信
4,184,平和
97,20,保里
33,192,鳴神
159,72,野北
245,43,竜沢
21,21,挾間
104,187,櫻庭
56,175,籔内
33,18,大津山
18,117,増茂
34,56,相根
19,254,前納
162,65,川坂
87,241,小瀬木
97,173,酒元
20,19,佐尾
68,13,恒岡
44,194,金橋
31,25,近澤
124,146,葛
216,21,垣野
254,221,横部
53,185,遠嶋
83,217,遠近
151,183,杉目
123,144,石曽根
92,144,舌間
112,129,川前
219,31,川内谷
105,60,浅輪
161,133,代永
176,175,定兼
172,27,都木
140,163,湯舟
126,233,馬杉
33,135,萩島
168,132,浜垣
79,13,峯川
19,21,名嘉山
244,249,明渡
19,230,綿井
75,192,里内
111,238,立部
60,161,龍崎
178,23,籏
72,190,伊勢本
47,22,完山
234,55,亀屋
236,152,宮近
80,14,古尾谷
43,115,戸城
5,37,高増
126,208,佐熊
112,36,笹瀬
61,45,三輪田
213,25,市河
183,227,紫村
41,120,手崎
152,102,住沢
141,26,小松沢
71,58,菖
86,166,上土井
196,68,織井
152,182,深貝
136,63,真武
219,107,杉之原
213,134,小賀
119,43,小成
183,27,上ノ山
195,73,森北
194,227,石金
14,169,善田
233,146,大佐古
37,159,沢居
92,20,沢島
68,24,谷嶋
162,53,檀浦
65,130,遅沢
16,239,仲鉢
48,225,辻脇
157,62,天貝
108,186,藤石
175,141,内丸
109,77,二羽
72,56,畑川
211,251,彦根
99,222,福世
50,227,傍士
123,203,木綿
185,23,弥栄
20,52,柳林
184,251,柴藤
88,190,芦立
42,206,伊保
189,74,宇都野
142,148,栄木
221,189,下東
185,158,加瀬谷
101,76,加沢
13,181,加茂川
80,255,貝崎
209,69,栢沼
65,185,久志本
121,233,金行
50,197,金地
196,159,桑代
31,241,古財
188,31,江井
124,138,行
202,201,高元
84,183,高峯
132,2,黒光
121,119,砂沢
151,200,山副
86,28,山片
191,186,枝沢
84,66,柴戸
170,66,辛川
30,152,清成
229,224,西名
193,164,静谷
32,51,仙北谷
42,6,浅居
6,69,前城
193,42,袋
212,89,大矢根
241,71,辰
28,123,谷池
108,131,竹治
0,18,筑田
77,189,長阪
90,17,坪木
237,252,釣本
14,54,田野辺
35,5,八文字
197,166,尾台
128,203,百木
246,145,浜山
11,148,福司
246,231,保本
11,39,本波
193,48,妹背
14,234,妙見
72,159,野武
187,187,和藤
57,1,檜原
31,146,升水
121,209,安良岡
96,27,井樋
31,129,磯見
32,110,宇沢
14,87,宇波
90,236,羽方
22,185,浦添
24,155,延命
55,3,下牧
119,89,海老澤
203,37,灰原
33,114,柿平
73,20,鎌仲
110,250,岩片
100,108,基
232,231,魚野
32,148,金生
194,210,駒宮
55,116,桑水流
201,30,月俣
208,92,江野沢
253,229,荒河
88,14,荒明
39,187,国信
79,15,三寺
153,219,山菅
104,40,市江
144,89,児子
100,197,出利葉
47,79,勝崎
97,166,神志那
99,4,菅森
9,198,千川
230,11,川目
133,206,船元
249,16,船曵
76,203,蔵内
69,17,大饗
134,252,大深
59,67,鶴橋
161,15,堂元
22,116,堂免
79,226,波多腰
81,239,馬郡
252,3,飯ケ谷
41,26,飯伏
235,233,福浜
51,144,蜂矢
185,228,木之内
40,111,立尾
244,26,齋田
164,251,秋和
77,15,阿座上
28,131,臼沢
90,207,下和田
154,204,笠見
67,3,寄能
228,48,幾野
123,232,近谷
251,17,慶徳
236,178,古中
88,61,広尾
254,230,香林
197,159,高栖
128,251,国元
156,38,佐溝
57,165,嵯峨野
121,164,斎須
120,118,三嶽
65,155,山花
126,27,芝岡
96,81,守家
11,157,狩山
123,110,寿山
9,252,上津原
32,4,神浦
226,34,神頭
52,15,神明
79,138,針原
200,32,須摩
163,80,水巻
236,33,成定
88,236,西畠
243,19,泉尾
132,231,草皆
23,174,増見
19,151,沢見
188,249,貞岡
49,67,土信田
188,33,島垣
107,52,道
133,109,二ツ森
127,44,馬谷
29,204,鳩
175,192,峯元
65,156,豊見山
36,131,堀辺
153,181,本告
110,158,味沢
11,239,木挽
52,180,葭田
19,28,一田
112,106,稲盛
17,189,永久保
127,59,屋我
50,22,海辺
129,233,葛川
172,94,勘田
190,210,巻木
153,206,久戸瀬
11,149,弓矢
211,155,牛坂
160,195,駒水
44,38,元広
223,150,元松
234,30,御宿
136,78,好村
95,247,江袋
100,139,高淵
43,169,佐相
185,206,寺松
149,103,寺上
122,68,実石
239,7,戎野
180,71,出
184,155,小礒
61,82,上高
13,192,上市
89,108,石動
64,190,相宮
112,41,尊田
244,20,谷頭
0,95,竹ノ下
14,254,津郷
84,203,嶋内
0,232,藤安
41,111,藤方
14,77,入月
98,166,百合草
253,238,富張
82,75,宝谷
140,172,北端
122,10,麻原
76,11,味田
115,4,務台
52,165,面高
36,56,与語
79,216,羅
188,123,鰐渕
98,184,礒川
124,26,宇治橋
56,25,浦元
106,185,雲
196,151,円岡
216,251,夏野
239,167,岩石
187,86,紀井
81,228,吉清
87,46,芹生
95,72,金永
89,102,桑木野
221,183,原勝
149,246,高次
144,165,芝井
204,113,守重
162,225,十
77,242,諸川
3,124,上堀
121,7,植谷
175,26,真板
164,133,神森
168,2,神武
247,146,折川
76,49,雪下
56,208,大井手
213,121,谷屋
239,39,築館
0,145,辻崎
127,209,程島
62,115,塔本
8,248,日達
27,54,尾久
246,190,尾作
109,6,美里
141,247,府金
64,114,芳之内
124,143,本西
190,188,民部
129,219,明坂
104,5,門山
9,174,和泉沢
44,255,颯田
45,92,石蔵
90,0,安谷
205,211,姥
110,70,荻巣
187,37,河原塚
152,118,花元
62,236,角島
97,245,萱嶋
135,231,玉橋
143,104,五
8,210,国末
64,48,黒畑
86,140,今滝
217,238,細羽
176,159,寿崎
11,143,出沼
146,6,小斎
119,135,昌山
31,58,鐘築
164,154,上原子
29,208,神道
2,232,城ケ崎
176,60,真茅
163,108,西貝
17,155,善波
111,81,鎗水
30,182,大掛
244,19,大漉
102,150,大市
47,172,池袋
243,24,竹吉
95,193,張ケ谷
73,141,程田
161,212,田矢
124,35,東倉
234,138,桃崎
43,74,洞沢
251,36,道満
31,236,納村
124,23,板羽
111,207,飛渡
161,255,浜塚
180,206,平峯
70,185,椋野
52,208,木附
242,144,野神
66,148,陸川
253,91,和歌
130,220,枦木
245,172,小尻
122,154,羽崎
46,27,益留
94,170,横平
180,151,下見
169,106,花垣
7,173,角原
15,204,掛井
17,24,菊村
126,212,久行
147,182,久瀬
38,21,玉津
84,38,桂島
22,175,経田
131,190,兼原
202,128,元林
105,126,後町
130,175,広門
33,218,甲元
61,162,荒浪
24,74,高宗
237,128,今屋
242,223,今門
176,26,三羽
29,89,三辺
190,67,指原
223,190,氏本
232,174,小駒
176,161,小住
110,157,西須
17,25,千谷
56,193,千馬
249,62,川原井
22,248,全
130,162,相野谷
78,172,多部田
18,164,谷林
232,119,仲條
66,158,津高
106,160,津覇
106,184,鶴我
61,43,渡木
130,124,東堂
215,81,東洋
179,234,奈良輪
125,179,南館
105,57,日出
17,222,尾城
139,99,苗加
248,115,武士俣
128,133,満島
242,37,余湖
86,101,楊井
190,143,廣島
9,183,上赤
168,92,穐原
172,56,安岐
181,244,伊与木
198,244,井ノ本
160,226,井平
42,199,井浪
170,86,芋田
206,147,浦嶋
104,213,下戸
48,251,嘉田
11,16,菊元
177,47,久城
55,148,金堀
96,165,櫛原
176,107,古松
226,236,合戸
161,20,今東
143,157,今浪
180,48,左古
191,155,三ツ矢
158,125,三垣
94,209,三杉
105,213,三又
49,174,持山
13,141,時政
227,114,榛村
93,84,積山
156,64,祖母井
120,100,大源
41,117,谷光
229,206,地田
189,219,町中
150,201,長曽我部
133,105,藤春
155,218,那須田
255,224,内部
33,93,二子石
33,228,日村
13,56,白岡
185,42,浮穴
136,41,平嶺
221,57,茂森
238,221,利
25,84,鈴森
231,201,會田
199,143,礒本
100,211,森芳
194,80,阿左美
183,23,一沢
100,88,一法師
189,114,雨海
156,3,浦壁
71,207,薗
32,182,乙丸
53,180,加持
100,148,葛貫
119,17,岩壁
92,237,桑久保
189,235,古津
35,113,古東
149,244,五百木
48,19,甲原
1,69,高窪
38,203,今溝
170,17,皿海
101,186,寺床
89,181,篠部
49,128,新熊
99,11,大巻
174,176,大間知
80,23,大治
203,147,地頭所
237,74,中薮
115,224,辻丸
165,43,貞本
148,15,定野
36,103,田幸
39,228,砺波
176,105,東宮
110,113,東瀬
220,115,日垣
159,173,日色
132,100,飛
160,158,尾登
8,100,美斉津
142,87,福添
132,103,米地
94,95,保阪
98,205,北吉
225,9,堀居
174,119,満木
233,153,野阪
160,106,和家
77,107,浅本
219,39,伊坪
217,211,遠部
54,134,沖川
2,82,沖沢
194,229,荻村
252,29,家高
67,187,冠
204,1,紀本
170,142,駒月
172,61,元沢
65,186,後関
145,5,厚谷
56,114,更家
25,62,今長
246,31,才藤
152,195,三野宮
74,171,小田村
233,202,上住
77,157,信清
50,163,森畑
194,15,成子
5,231,清久
111,108,生見
128,93,雪
187,26,千徳
113,183,千ケ崎
59,88,草村
255,100,滝崎
53,0,辰島
189,55,中畝
150,207,鶴身
42,108,土永
251,27,東嶋
64,101,迫本
177,186,標
118,140,福手
49,202,福羅
191,81,片方
88,87,北国
175,36,牧園
84,147,柾谷
249,157,木尾
49,136,野出
36,173,邑上
94,36,和嶋
172,83,亘理
199,237,鰐淵
217,30,楡木
106,53,齋木
176,119,伊本
250,174,伊禮
164,43,井手本
103,122,卯木
86,19,延山
125,0,桶
170,108,乙井
5,205,家木
123,185,巻野
45,101,金見
232,214,古滝
93,146,戸本
63,149,才津
11,61,坂林
117,252,志子田
167,241,持原
161,3,寿福
140,250,小池田
146,136,小藤田
75,224,小木田
17,3,植岡
225,215,杉立
15,45,西谷内
245,7,仙名
115,104,東屋
91,87,東ケ崎
178,69,朝本
225,131,猪坂
181,220,中別府
178,72,池江
79,77,沢瀬
247,189,大清水
216,187,泰山
250,197,打木
221,24,倉方
158,161,千場
255,141,碩
28,218,青笹
32,11,瀬高
242,182,神定
26,48,当田
158,231,道口
182,108,徳毛
77,146,内山田
60,101,南都
147,226,二平
114,216,飛川
123,81,尾迫
76,114,平津
97,252,方山
168,228,北藤
251,194,牧井
230,159,矢敷
177,0,和田山
149,173,脇園
74,222,濱岡
55,145,安竹
121,5,伊場
179,219,伊南
85,245,一政
138,233,稲守
66,95,越前屋
223,55,奥松
65,239,奥木
115,49,荻上
109,183,外
63,101,角浜
121,165,瓦田
57,128,丸塚
230,212,兼武
113,234,戸畑
243,243,弘
246,168,神下
168,242,新門
31,145,城戸口
22,229,城丸
163,119,勝海
254,113,重住
122,233,主浜
70,180,篠森
152,241,実重
176,132,志喜屋
93,91,司馬
254,24,皿谷
144,235,高園
228,241,荒崎
87,182,綱本
109,60,江山
207,123,初野
70,233,小棚木
208,234,小鳥
108,37,上吉原
58,66,信末
246,229,須佐美
19,229,静野
107,70,川内野
66,55,大目
152,159,中河原
116,74,丁子
178,198,槻
51,123,貞永
51,32,堤内
160,45,殿塚
92,39,冬野
139,133,能口
169,164,馬本
88,250,白本
88,1,迫川
84,19,畑上
207,182,浜家
225,202,本倉
90,190,末包
164,74,明地
34,55,野代
11,114,矢城
14,34,友澤
237,84,有銘
126,52,棗
132,160,若海
127,131,阿竹
143,13,案浦
75,138,井黒
127,19,井坪
117,195,磯西
128,69,芋川
99,163,鵜山
109,250,鵜澤
67,61,閏間
117,29,影沢
71,252,岡和田
61,233,嘉門
76,99,岸江
237,131,岩宮
188,110,鍬本
112,139,芝村
3,4,竺原
61,225,志田原
68,79,三津山
146,117,坂和
249,165,左高
80,13,佐怒賀
235,51,根村
231,211,今治
212,83,高埜
32,178,高館
159,228,高越
113,120,弘光
134,167,光部
163,54,戸内
230,187,上方
227,238,森石
207,16,親富祖
177,34,針田
187,105,成原
166,179,生水
253,128,西道
240,123,石立
186,48,雪竹
16,145,大知
170,179,竹渕
154,34,中祖
171,24,仲神
35,103,唐戸
216,214,徳嵩
132,71,任
19,18,波形
155,170,尾園
167,237,柊
8,112,表田
175,103,武生
31,174,枚田
139,149,満仲
69,41,有浦
242,221,有瀬
115,125,袰岩
155,130,阿久
18,101,逢沢
95,16,伊従
131,53,一円
186,141,影島
78,250,沖倉
94,102,海賀
43,170,貝野
140,113,樫
74,44,蒲野
133,118,牛膓
84,61,玉石
58,12,金江
241,68,金政
10,150,熊王
109,114,桑内
120,65,月舘
28,248,戸所
239,132,荒深
218,177,高堰
205,252,高宮城
134,205,山末
107,61,秀平
94,58,秋広
19,158,女鹿
180,9,小根山
92,50,森蔭
81,205,須加
148,217,曽野
152,212,相吉
174,10,瀧下
146,100,淡島
23,156,竹熊
130,66,朝熊
91,193,天童
136,29,殿山
170,169,田立
80,226,土合
140,155,徳長
148,170,日栄
71,147,韮塚
34,86,濃野
169,9,白木原
200,44,八重沢
85,113,尾之内
100,192,風張
39,204,片野田
42,24,墨田
214,249,無津呂
247,131,明楽
199,98,木ノ本
115,172,木次谷
114,145,友保
68,8,利部
231,204,留田
204,142,阿原
47,223,安延
154,109,為広
215,217,印田
61,87,沖浦
28,59,改発
238,45,皆元
111,164,角館
140,51,掛本
171,5,梶屋
124,207,茅場
150,146,丸亀
56,185,久喜
161,178,宮宇地
192,212,宮河
136,115,弓立
190,128,空田
46,202,空本
195,77,原澤
91,224,戸舘
179,123,五十君
143,48,幸保
67,112,恒田
127,115,忽滑谷
240,93,糸長
66,135,宗安
146,120,勝元
38,0,上河
70,120,埴田
47,171,新延
5,75,新富
11,8,神納
170,230,須甲
55,151,嵩
82,60,石巻
67,79,舛屋
96,189,属
212,122,村津
164,188,大岩根
122,163,大毛
174,111,池平
190,196,竹蓋
46,8,竹節
131,130,天方
138,17,藤友
113,46,配島
85,88,鉢嶺
213,87,畔地
213,198,冨
210,132,武上
1,148,武貞
153,227,法貴
206,224,堀出
68,77,桝屋
64,123,木倉
41,98,阿瀬
80,50,阿波野
104,162,岡芹
106,172,沖井
115,0,仮屋崎
229,178,家島
227,54,垣尾
4,99,角石
241,128,角木
250,7,魚井
73,178,熊山
131,131,欠端
0,168,兼沢
88,173,原之園
124,206,戸泉
204,12,御幡
231,149,広富
200,6,今任
199,185,佐孝
12,69,三由
18,42,四
153,110,宗重
205,131,小堂
148,37,小薄
24,3,沼辺
29,155,信定
219,241,塚村
78,196,仲澤
223,228,中住
231,198,中軽米
25,248,増満
189,173,増戸
148,157,相子
16,23,早勢
230,114,早間
56,168,前門
196,107,千須和
37,141,石貝
161,28,斉野
3,220,生亀
184,189,清友
172,29,瀬々
195,142,辻坂
213,79,鶴淵
40,204,田町
224,169,道木
250,26,栃内
222,182,内潟
238,4,能塚
24,197,畑地
229,9,富江
47,83,浮ケ谷
188,229,譜久村
215,9,風穴
128,239,芳崎
103,101,蓮子
45,232,和才
79,93,壺内
227,42,神場
255,159,井ノ川
227,64,羽中田
177,150,永宮
73,168,越坂
135,48,越路
239,125,塩手
134,48,奥口
62,234,沖口
184,192,下石
69,180,覚野
133,155,葛迫
53,137,鬼形
156,75,義永
136,255,宮重
197,88,京本
20,108,仰木
112,213,新戸
64,252,新井山
34,14,小牟礼
162,169,狩生
177,127,守下
116,78,篠浦
223,87,自見
115,208,市野沢
167,57,三登
18,199,三丸
130,161,今栄
80,30,高矢
247,178,厚沢
192,135,原尾
188,144,兼近
141,248,月城
219,231,杉政
65,12,瀬脇
198,172,折谷
99,194,船石
34,129,倉下
209,169,村方
133,157,多村
94,234,沢幡
112,37,炭竃
70,69,池羽
66,54,中見
95,11,忠鉢
198,214,朝
59,16,楢橋
208,41,南端
245,2,日比生
231,111,波木井
159,131,馬
85,9,樋下
230,70,敷島
62,91,本澤
144,75,末冨
122,116,名幸
236,79,明日
229,242,綿屋
133,252,来馬
76,116,安冨
221,178,伊豆丸
32,74,宇賀田
79,34,宇和川
223,191,羽広
70,220,下澤
167,165,嘉手川
205,19,柿
63,105,栢
160,240,岩品
193,133,吉新
254,178,久米村
127,2,絹村
94,121,古塩
73,29,江浜
249,207,国行
164,68,座喜味
213,4,坂越
16,229,坂藤
173,118,小荒井
4,106,小片
6,30,上農
113,152,森寺
171,97,甚田
243,42,水貝
232,152,杉安
79,239,鹿住
119,63,寺越
56,116,左
198,170,黒鳥
115,8,糠信
255,104,幸谷
92,228,幸前
46,15,金広
86,15,久良木
38,184,吉林
134,105,喜久川
67,120,関向
99,44,貫洞
235,77,掛
117,191,過足
24,234,下岸
37,252,横前
255,82,押村
249,246,永守
246,38,永仮
218,142,井橋
88,6,椹木
215,95,葉田
137,1,弥
51,204,又村
234,28,北舘
65,201,美濃輪
226,43,半杭
113,142,筏井
50,242,畑内
239,23,萩中
73,137,日笠山
41,112,藤末
148,230,土性
250,80,鳥島
34,35,長房
246,99,長洞
47,145,知見
68,239,大尾
240,12,西場
49,48,清住
237,61,小野関
247,192,小屋松
185,190,女川
133,230,重水
57,201,重元
20,212,芝口
213,21,小田巻
66,194,生垣
52,131,千草
145,71,倉西
35,243,足田
86,195,大花
156,132,鳥屋
140,50,塚川
182,18,南平
193,102,尼野
246,16,繁本
225,117,府中
146,204,豊間根
189,231,末房
211,234,湊本
176,112,友次
52,49,揖野
253,182,鰐川
55,158,圓山
214,161,小段
163,16,宇谷
31,172,宇野木
151,217,横嶋
133,117,舘内
76,220,喜安
24,143,寄本
246,121,杵鞭
105,209,久保庭
83,26,漁
84,198,金堂
12,149,戸栗
29,54,鼓
232,202,荒砂
176,1,荒蒔
65,228,四分一
220,177,糸久
185,2,汐田
150,190,舟坂
254,128,勝屋
222,134,箭野
110,28,草谷
15,84,太田尾
238,195,大笹
246,19,鷹田
220,33,沢下
87,149,谷向
3,77,谷保
171,211,長須
214,255,長代
127,195,長末
62,255,直島
115,113,直木
56,155,塚平
28,77,田名辺
181,110,嶋守
147,29,桃園
248,99,堂崎
28,46,得居
240,19,鍋嶋
51,27,南埜
164,48,梅景
150,69,飛高
147,51,本瀬
211,96,岬
158,201,明道
22,125,木野田
69,233,木葉
225,173,門原
38,106,野端
248,3,邑田
156,48,藍田
43,231,六反
252,6,眞野
62,100,阿波連
15,217,安久津
161,241,安道
94,173,芋生
210,67,越後屋
11,115,温品
56,136,下河内
246,58,加美山
95,228,家子
204,166,灰塚
144,3,関家
254,226,岸浪
174,1,喜入
2,148,久留米
164,242,玉根
19,78,金近
175,85,栗
22,0,川里
84,127,千手
186,215,石瀬
99,118,瀬村
161,69,仁熊
191,46,真城
75,51,出蔵
160,189,祝原
2,21,秋島
31,187,種山
72,103,室原
70,81,時光
76,46,三武
32,207,坂神
90,64,高荒
131,206,御供
178,191,源馬
21,39,小野澤
23,242,庄崎
23,50,盛満
2,135,切替
238,211,足沢
114,32,大縄
143,93,大日
30,92,淡野
1,113,地本
26,190,竹田津
165,250,中易
183,90,中束
4,127,長場
91,134,追田
134,180,東端
123,106,藤富
118,12,堂
128,113,得地
239,71,徳嶺
194,127,内ケ崎
248,28,南茂
78,88,能崎
136,80,能宗
72,143,伯井
173,233,白築
160,191,米長
114,139,本館
129,5,友谷
214,10,友末
10,248,落石
127,165,路川
201,202,篭田
76,175,小財
38,250,芦辺
10,131,安居院
217,209,井指
241,150,雲田
228,53,下手
17,198,外処
86,5,垣崎
48,168,間地
202,118,吉宮
186,0,久常
168,128,休場
254,35,牛草
150,9,橋向
52,247,曲渕
201,128,玉代勢
152,60,金嶋
98,218,栗元
143,47,原内
33,231,古杉
24,8,戸苅
196,154,戸矢
14,210,光原
123,85,江並
97,113,砂子田
88,121,作元
139,136,氏平
66,156,糸島
75,206,至田
219,122,鹿股
144,49,謝
142,245,種井
144,81,鋤田
247,72,清河
44,107,生藤
209,36,倉敷
142,33,早出
238,86,相河
247,0,草ケ谷
67,18,太幡
248,94,大砂
5,25,谷出
167,55,池場
234,156,貞
27,158,東地
4,94,藤ケ谷
186,221,内舘
223,90,福角
29,186,福庭
120,230,平倉
19,61,片口
46,66,保積
247,156,末続
61,65,万屋
23,116,面
50,126,伊与部
170,182,宇陀
239,251,永栄
230,49,塩越
79,130,奥江
148,12,奥森
125,190,花咲
178,9,花松
177,32,亀元
178,232,久寿米木
209,126,弓岡
95,220,玉虫
183,202,見越
18,132,戸越
38,177,黒目
83,199,汐月
24,249,種子
128,244,諸伏
14,120,小神
7,7,森角
58,69,須能
62,144,菅山
91,7,灘本
242,76,道谷
57,111,道越
218,55,藤墳
82,130,田西
85,105,鶴海
74,244,中寺
224,148,鍛代
161,21,沢西
64,200,台丸谷
223,89,盛谷
118,114,雀部
67,147,杉淵
109,144,水杉
135,44,神子島
199,153,森前
228,16,新館
21,244,南舘
15,212,日戸
43,37,馬籠
203,28,白男川
7,235,繁原
42,132,比気
79,252,尾ノ上
25,196,美谷
15,50,冨金原
23,227,武樋
255,162,柄谷
44,187,保岡
180,44,芳
253,169,堀北
231,141,矢永
255,217,薮谷
34,152,鷲
134,217,濱谷
136,123,城口
254,30,阿世知
62,228,稲員
170,220,栄藤
24,157,遠西
78,144,奥元
28,253,岡前
23,146,仮屋園
232,228,加塩
21,105,歌
2,167,花倉
211,76,芥
108,69,外塚
40,207,釜堀
255,17,吉柳
237,34,久林
198,51,宮窪
38,40,曲淵
32,227,玉森
12,75,鐘
198,230,鋤崎
28,196,守友
116,13,漆田
161,95,左藤
148,8,佐京
201,18,今池
245,90,今口
205,111,高馬
11,204,荒津
172,171,広長
173,143,幸内
84,163,御代川
60,128,五反
156,49,古部
94,180,熊取谷
156,61,近村
239,111,森作
114,157,杉平
33,177,船附
89,193,前久保
88,56,倉澤
172,137,大永
122,221,大喜
152,64,段上
42,71,長渕
178,31,鳥光
115,145,津軽
178,11,天草
48,61,田野尻
197,161,田脇
207,101,飛塚
165,83,尾瀬
77,148,浜木
18,215,風呂
208,132,平垣
62,199,平久
15,146,平片
13,225,鱒淵
163,212,茂川
133,250,野首
254,101,友川
61,96,溜池
82,17,濱川
231,147,阿山
119,52,穐元
108,247,伊丸岡
47,148,伊勢山
96,223,稲穂
135,40,隠塚
228,191,宇多村
65,209,宇内
164,226,永縄
218,11,押井
252,12,笠村
142,204,樫根
214,79,吉嶋
144,79,宮塚
204,175,京井
93,222,近嵐
97,151,串山
247,39,湖山
71,82,広滝
110,115,高相
88,116,黒下
117,208,根城
243,77,佐浦
163,238,山先
189,208,秋草
109,113,重高
46,130,上関
2,143,山水
106,246,秋林
242,57,振角
46,195,森津
97,222,真杉
203,103,真銅
63,169,赤壁
196,221,扇山
37,116,船江
43,26,多井
245,225,大工園
241,119,大当
55,143,棚野
134,223,池ノ内
165,119,坪崎
178,153,土戸
195,178,白塚
254,102,八十川
86,206,菱井
60,25,富里
181,177,布上
76,32,平櫛
81,45,妙中
23,95,木澤
254,205,矢端
198,128,来嶋
66,88,両川
151,47,姜
252,32,為谷
249,196,印出
67,134,宇栄原
104,156,宇田津
228,245,塩野目
97,18,岡出
56,93,河治
163,162,河名
152,63,華山
20,109,岳本
134,148,葛井
144,229,丸内
28,250,喜多山
154,208,亀高
241,40,吉楽
157,75,吉持
252,178,吉信
181,89,久司
224,28,京塚
177,30,慶長
153,114,古都
167,66,五関
26,37,公門
3,178,今戸
202,6,根建
100,239,細根
186,29,作佐部
245,141,三幣
237,155,登藤
176,78,田之頭
50,205,中室
5,216,棚谷
185,134,蔵座
187,183,曾雌
199,130,川間
204,80,千本木
129,205,仙崎
206,222,西小野
186,72,盛重
131,250,生内
182,180,生津
212,245,成迫
40,222,東家
173,64,道永
38,142,徳倉
127,81,内宮
229,239,二沢
52,224,白潟
0,142,畑辺
221,249,浜永
218,202,福薗
203,107,北洞
249,141,茂谷
251,95,木戸脇
100,78,木寅
239,217,矢久保
174,168,矢戸
9,196,勢田
71,229,安済
76,109,羽岡
196,22,浦津
130,186,延沢
240,98,屋久
17,72,下吉
132,178,下竹
206,141,下別府
176,151,蛾川
182,52,閑野
172,177,駒走
252,212,古谷田
95,140,向谷地
42,231,行実
149,7,腰高
251,167,鷺山
131,18,三塩
118,79,三日市
203,189,山登
230,230,枝並
166,143,鹿熊
120,178,出張
44,115,諸
138,223,小曾戸
93,197,上段
161,108,植平
109,226,植林
116,249,殖栗
72,43,水柿
194,34,田縁
199,109,定久
16,90,中濱
254,81,中瀬古
106,186,竹津
86,117,竹国
203,241,竹園
237,99,大澄
244,67,大胡田
106,68,大玉
79,118,大宜見
221,208,蔵下
125,105,早馬
3,249,倉智
165,140,曾木
134,53,切田
226,2,切原
248,233,徳差
164,14,南風原
242,97,能条
160,109,八十田
166,149,八瀬
15,177,八町
93,88,比内
69,33,冨満
129,115,武舎
36,230,福多
199,245,末平
180,178,名須川
37,103,茂村
207,118,薮木
176,214,遊
213,229,立和田
155,133,當銘
97,50,贅田
98,104,石藤
54,83,安波
145,175,伊比
161,141,井家
33,191,越井
121,66,何
221,65,加賀城
133,184,開地
194,97,貝賀
5,190,梶並
248,19,官野
178,77,丸吉
159,105,儀武
5,203,菊崎
13,171,吉房
247,16,弓
214,129,金敷
17,137,駒ケ嶺
107,5,戸原
158,132,胡内
139,180,後久
22,133,幸福
154,48,行平
87,78,国川
229,109,佐中
89,176,済藤
87,93,堺田
245,61,三津
159,180,三觜
199,152,山来
137,44,柴内
140,152,松風
22,232,仁田脇
229,152,是石
6,17,正能
129,250,清光
93,38,東明
95,178,田光
69,212,槻田
57,14,鳥屋尾
94,247,中後
15,97,鍛治谷
151,172,大麻
132,162,大川戸
62,159,草
100,9,倉住
105,111,川藤
186,129,折小野
234,253,数原
249,255,水守
90,252,垂見
29,250,真仁田
28,144,新蔵
82,209,常藤
17,57,道村
93,121,内桶
175,86,内布
59,51,凪
59,135,南海
99,193,入
62,207,伯耆
4,181,八藤後
249,95,浮津
93,149,北東
208,197,埋橋
220,48,末盛
245,152,味戸
235,65,野勢
86,159,柚
191,159,和久利
7,58,籠島
215,187,藪井
85,164,藪谷
254,164,井爪
42,111,稲坂
141,36,稲住
234,65,永礼
138,106,延時
37,195,岡沼
179,238,荻生
156,89,加覧
10,6,花戸
95,78,皆田
119,152,柿澤
219,4,掛村
108,50,瓦
218,121,館脇
94,116,岸端
91,196,岩嵜
116,211,喜屋
245,228,宮東
115,64,金ケ江
89,90,松嵜
217,93,小原沢
123,17,小薗江
3,86,酒房
27,236,若旅
46,14,実平
182,9,糸岡
115,118,四反田
29,33,桟敷
231,144,佐柳
146,209,紺井
17,22,根川
101,187,今浦
99,2,戸森
57,178,原光
204,196,袈裟丸
116,82,隈崎
37,187,金須
208,224,大多
37,105,沢近
158,32,中右
19,164,中臣
140,109,町村
153,183,椿谷
128,80,鶴町
113,229,貞島
136,224,塗師
144,209,土坂
45,16,刀禰
90,73,内垣
5,224,馬部
174,170,伯川
19,94,風
54,115,福内
182,175,平床
184,15,平鍋
167,184,宝珠山
172,5,本行
185,49,本明
197,90,鱒
203,62,桝永
105,50,桝村
198,142,綿
10,116,矢治
131,248,矢地
9,144,有尾
228,73,余郷
198,189,揚村
237,83,立藤
149,150,良川
178,242,林道
48,188,廣中
92,14,大司
246,209,鞍田
92,57,稲越
189,53,永幡
87,90,家元
239,56,河原畑
14,61,河邊
41,79,外立
247,56,釜口
152,61,舘下
217,217,喜来
100,61,紀田
60,186,橋下
124,219,曲
170,116,熊手
29,147,桑岡
8,214,景井
78,64,犬竹
4,179,多勢
251,176,草葉
70,225,曽原
79,230,川滝
16,12,雪岡
56,127,正宗
66,166,仁志
40,219,森富
127,58,上高原
66,44,勝賀瀬
178,251,柴坂
90,202,実吉
105,151,三島木
38,137,財間
214,1,今宿
57,75,国嶋
34,23,戸成
161,33,切明
102,57,浅枝
118,175,前間
240,97,草津
154,223,束野
9,73,大岳
0,6,炭山
152,200,茶
200,15,中妻
125,12,樗沢
252,132,長間
79,137,津隈
216,99,塚尾
104,13,都野
253,47,湯佐
149,96,南義
169,72,二股
112,102,能登原
28,50,半野
207,44,肥山
84,119,風祭
107,214,福久
190,65,豊蔵
153,144,堀水
90,83,妹川
133,121,名手
43,233,名木
235,42,野稲
28,53,友竹
235,97,螺良
8,144,和賀井
107,42,石曾根
135,53,井澗
243,9,宇留賀
19,211,奥屋
94,71,下屋
101,255,加曾利
93,115,貝吹
99,243,楽
43,44,間仁田
115,182,牛村
68,26,近堂
242,32,桑
120,48,薫田
72,186,兼岩
85,103,弦本
122,196,古郷
83,173,杭田
12,233,須内
85,4,上浜
215,178,上之薗
218,24,沼部
35,23,小路口
168,254,小槻
103,193,小銭
24,93,勝畑
98,181,諸原
105,240,秋口
252,62,七五
81,110,志柿
78,96,山迫
193,86,坂見
152,167,江熊
96,169,仙北
165,37,川縁
110,45,浅黄
215,25,大安
157,211,大箸
25,163,沢尻
146,20,地蔵
128,58,竹友
244,228,中舎
242,84,津末
75,251,渡橋
174,252,土
56,142,内館
207,238,楢林
76,197,二藤部
143,152,拝野
250,173,舞
225,228,豊丸
188,104,坊田
2,73,堀河
29,219,名生
218,214,茂田井
149,229,木虎
53,82,野堀
41,9,由里
86,167,和出
101,214,檜田
116,106,仁宮
200,146,愛敬
55,241,安重
176,144,陰地
46,136,奥下
23,161,沖見
199,57,下大迫
79,179,海本
30,0,岩沼
83,84,久坂
95,171,弓座
32,145,桐明
31,63,桑元
251,92,見並
182,20,虎沢
17,82,五代儀
72,116,向吉
16,128,高関
41,80,佐次田
28,88,左川
74,191,咲間
253,202,賛田
80,25,師田
152,145,支倉
173,129,守時
231,226,秀野
184,204,小波
48,211,森杉
217,144,藤定
212,255,田副
240,149,田付
211,87,田寺
170,120,田岸
100,194,蔦川
154,252,直川
254,65,長里
54,162,中冨
103,204,中川路
54,25,地濃
8,225,丹伊田
206,119,太斎
81,41,蔵持
230,136,早福
105,52,善野
175,146,奈木野
214,66,南澤
29,32,二川原
207,74,入間川
239,54,菱本
14,171,浜沢
226,231,富木
97,40,冨家
248,147,浮谷
215,63,平森
161,113,峰岡
197,83,末元
198,30,矢野目
4,241,油木
104,221,湧井
74,21,立間
91,76,濱島
69,21,赤名
44,75,安坂
78,150,一氏
12,232,一力
132,25,宇江城
77,10,羽吹
86,168,園尾
196,38,奥隅
175,82,岡江
188,175,下浜
175,228,鴨野
44,57,瓦林
53,154,関光
235,220,貴
66,51,吉盛
40,227,宮長
148,2,牛房
35,179,九谷
70,90,見延
185,38,五條
70,170,光嶋
112,155,桜内
105,236,志治
55,63,示野
244,4,鹿角
237,68,種池
52,137,勝永
236,255,小井沼
27,66,小坂部
98,252,焼山
191,245,焼肉
236,48,上芝
253,129,真行寺
2,215,神屋
171,240,縄稚
221,5,内芝
152,97,道津
149,222,道祖土
69,79,湯前
154,54,渡島
201,173,田積
121,145,定免
249,90,鶴来
59,224,町永
108,139,忠内
63,118,仲光
197,211,中邨
131,57,中久木
158,190,築野
188,132,沢根
60,223,入木
172,81,埜田
168,51,樋下田
7,17,尾道
168,90,姫島
173,214,富満
252,220,北裏
128,77,牧谷
181,47,茂利
66,53,門池
134,54,野久保
17,223,野俣
214,211,柳崎
255,137,涌島
75,174,用松
82,221,篭宮
199,120,糀
155,54,阿蘇品
118,239,綾井
113,74,稲毛田
104,123,乙守
218,132,河森
172,151,花尻
203,127,海山
99,87,儀賀
199,161,吉増
57,77,久保埜
115,161,月橋
111,120,原瀬
138,104,戸波
239,16,五箇
143,116,国中
224,2,今元
216,207,佐々部
124,6,大櫃
242,219,大船
87,17,則岡
197,23,倉園
142,218,倉益
246,172,扇野
36,46,西面
18,14,上栗
54,228,小舟
58,196,小家
243,118,十田
154,180,秋江
52,113,寺薗
104,16,志塚
235,117,四日市
162,210,才本
238,193,小曽根
37,58,小道
97,142,城代
41,47,条川
52,101,深美
143,222,神高
40,236,赤塩
14,190,箭原
0,130,善如寺
170,118,祖川
136,167,東矢
174,57,湯木
114,126,堂地
179,59,発生川
127,227,隼田
233,208,彦野
181,107,桧
86,65,福嶌
24,139,平向
106,41,片
233,29,宝井
122,42,放生
32,35,芳中
49,147,房安
225,197,茂見
55,55,矢神
111,220,雄谷
190,12,良田
35,62,林保
89,241,茗荷
102,77,阿尾
7,10,芦高
212,62,磯目
218,73,栄永
185,156,横大路
50,40,音地
198,94,家弓
150,14,家守
1,225,家泉
1,147,君崎
33,21,見野
219,209,光内
139,184,厚井
126,98,荒石
211,206,高野橋
38,170,国料
196,69,今森
229,129,今和泉
4,232,根布
198,203,佐取
7,247,山条
216,103,七宮
37,172,柴森
103,85,芝地
145,10,射手矢
189,12,手登根
102,40,秋澤
146,59,春日部
203,193,小宮路
79,16,小石沢
155,59,東泉
4,111,都地
115,124,仲渡
229,151,中野目
117,172,中農
206,51,丹山
101,23,蛸島
73,212,滝ケ崎
79,115,大築
68,130,大谷津
229,1,太原
167,31,多島
216,208,多根
208,209,川沢
64,81,川神
21,62,川阪
86,138,千枝
115,66,湯下
156,36,藤竹
13,24,内井
19,98,内富
3,24,楳木
135,50,八ケ代
33,103,八方
85,132,尾倉
164,107,桧皮
19,65,百地
102,80,武輪
4,254,友久
135,41,由木
254,220,頼本
182,8,檜
30,87,秡川
70,160,蓼原
112,144,藪木
201,177,伊多波
176,4,宇津井
31,246,羽間
122,157,浦出
22,160,延島
194,240,乙藤
28,125,下川床
227,200,河盛
32,117,柿川
199,92,冠野
88,88,舘沢
96,201,亀原
100,247,久古
24,207,久保沢
108,184,居内
177,214,強瀬
206,62,栗又
129,228,糊沢
105,34,西野入
173,204,西手
169,38,正治
30,69,深坂
151,93,新小田
43,40,信野
254,215,秋浜
21,101,宗平
58,201,守内
236,9,鹿島田
64,254,持塚
61,3,持地
85,147,市口
126,46,佐子
162,221,国
151,253,高向
191,105,行正
76,68,手銭
127,111,舟瀬
131,135,重倉
199,115,深本
170,146,真岩
187,228,須々田
15,254,菅江
219,16,瀬名波
58,61,征矢野
147,178,倉前
199,97,大内山
120,12,大用
124,118,池野谷
118,229,虫賀
16,219,丁田
19,210,朝稲
251,188,町川
84,254,町頭
28,9,天尾
245,108,田邑
186,237,東樹
74,3,筒木
102,104,藤貫
193,1,徳里
21,123,八丁
66,218,板岡
53,5,樋原
238,176,尾股
177,54,米子
199,150,万崎
9,34,密山
206,56,目加田
104,239,揖斐
220,162,惟村
174,6,一ノ渡
163,14,猿子
207,2,於久
20,150,下井田
155,203,加用
13,153,河俣
159,96,貝本
9,100,外賀
136,120,角脇
250,19,椛本
86,96,釜萢
205,192,苅米
88,77,吉迫
29,24,吉備
113,59,久保内
13,57,櫛淵
13,116,経沢
138,4,月見
41,116,兼信
227,195,建山
207,106,源野
129,22,古久根
108,29,御田
132,10,光明
200,43,好永
131,204,佐高
42,65,坂主
71,109,笹内
26,111,山隈
56,156,市位
127,103,市森
43,244,柴倉
174,44,貞清
104,158,津呂
20,79,中新
127,109,竹辺
134,97,知崎
58,37,谷ケ崎
193,97,大礒
35,124,大栄
211,19,打川
35,212,多羅尾
94,222,船ケ山
182,176,浅里
198,91,杉生
156,247,真角
218,203,信木
232,115,沼宮内
55,114,沼館
186,165,東中川
13,197,頭師
37,65,得平
193,31,日南田
93,130,能野
240,96,櫨山
8,164,八崎
37,158,板尾
180,246,飛知和
66,179,浜頭
57,139,武森
1,81,福石
32,67,宝蔵寺
144,71,名和田
200,20,籾田
186,80,由上
229,88,落田
14,198,梁本
197,189,粟島
49,84,安堂
245,226,伊里
63,225,越原
183,137,越戸
111,45,横
248,84,柿森
69,147,寛田
197,214,机
164,80,菊武
140,207,吉宗
15,3,京藤
70,132,桐淵
87,36,琴寄
163,183,権野
96,208,古旗
211,75,口野
203,163,恒藤
136,18,小元
17,228,小垣
214,251,周田
176,62,守分
170,41,識名
204,81,鹿戸
59,199,鹿原
144,210,寺畑
193,30,糸屋
74,200,山嶋
46,159,山永
195,39,三海
117,227,作井
250,93,高池
32,88,高群
63,176,綱田
250,175,溝
226,36,川ノ上
160,194,川頭
56,149,草留
50,109,大小田
214,174,滝吉
145,41,地原
68,125,竹ノ谷
140,231,忠津
31,152,長砂
179,51,津浦
217,61,坪松
69,192,鶴尾
6,168,吐合
192,152,唐
138,51,徳力
184,193,内畠
67,161,日根野谷
243,159,納見
94,70,能川
59,139,八須
83,168,平西
117,246,北垣内
237,117,本所
190,237,毎床
238,131,又平
10,37,満石
59,154,矢葺
95,200,友池
242,115,流郷
121,124,廣谷
200,36,濱地
114,78,逵
61,146,阿美
202,80,伊郷
40,255,永滝
209,125,益原
23,26,奥浦
3,198,奥長
217,114,岡一
90,26,岡倉
72,96,河守
61,218,花屋
199,40,笠石
60,6,岸尾
252,172,客野
117,181,救仁郷
185,154,居原田
213,127,古根川
211,215,後河内
153,252,江谷
195,160,肱黒
163,158,枝野
120,55,秋久
246,193,習田
10,144,住原
91,194,照本
228,166,森里
175,28,須和
165,173,瀬津
150,11,清治
253,214,西守
95,97,西頭
178,91,折元
132,220,千代川
112,35,鉄谷
32,137,程野
115,213,貞安
71,124,津
251,195,鳥村
170,107,忠田
186,254,中代
91,64,中多
28,155,大信
71,160,大山口
238,216,大古場
181,121,台野
26,241,村七
61,41,曽布川
58,145,千布
157,34,石渕
201,39,斉尾
238,46,菅澤
208,135,砥石
254,53,土家
52,72,播田
158,13,飛世
93,128,富浦
219,155,布施谷
129,139,布瀬
48,161,武松
65,199,平船
221,196,保屋野
124,137,穂高
225,39,北越
110,17,蓑和
123,153,野嵜
234,49,矢下
49,178,有門
129,225,篭橋
185,26,鷲北
109,152,櫃本
47,1,諏訪園
167,206,安長
173,51,右京
4,250,臼山
159,122,永露
46,193,横橋
217,193,下田代
65,68,加々良
216,32,加集
78,111,歌津
202,225,蟹井
56,35,鎌本
6,200,管田
38,202,鬼澤
100,193,境井
154,117,橋中
211,145,熊上
143,131,元家
114,116,古和
87,87,胡桃
66,201,仁後
50,237,人西
179,67,城森
218,197,小根沢
10,78,小吉
195,2,初貝
57,72,出路
33,188,出店
209,149,宗正
46,182,種子島
251,68,七森
211,173,市ノ川
230,196,彩
136,15,佐賀野
141,126,黒森
255,221,黒金
162,254,弘岡
247,203,康本
177,101,土原
62,151,土井田
191,113,潮平
171,37,張谷
225,150,仲前
141,223,中能
104,253,竹倉
77,131,竹光
54,53,樽沢
182,51,只隈
118,195,多門
37,226,曹
68,53,膳
135,195,川守
61,7,石久保
211,162,石屋
118,65,西別府
164,184,水戸川
43,94,陣川
3,81,真鳥
79,144,土取
208,28,桃
169,99,徳冨
31,149,日巻
170,90,日諸
63,136,祢宜田
229,60,梅地
51,167,白原
219,227,幡本
2,201,飛石
185,153,尾和
109,187,表谷
103,80,冨成
81,221,朴沢
122,60,堀一
41,23,本蔵
242,228,万福
251,143,網島
48,237,木付
187,114,矢古宇
159,109,伊永
75,67,宇木
25,0,永宗
86,54,越湖
11,92,越尾
234,143,王野
106,118,屋宮
213,95,嘉成
190,175,河住
167,185,柿岡
76,227,釜屋
241,179,甘田
21,130,舘川
47,5,丸小野
84,255,魚地
123,78,玉里
37,102,金垣
186,239,犬島
251,74,古根
7,230,虎尾
8,235,新久保
158,172,信永
224,230,城塚
209,74,上領
195,153,沼端
208,229,沼岡
192,42,小合
186,58,小境
13,155,小賀野
244,195,寿賀
103,70,寺家
21,28,榊本
72,29,砂崎
246,214,佐納
25,104,佐々江
177,228,高出
248,12,江河
233,217,厚田
225,180,光枝
159,12,五十幡
166,192,生本
106,219,赤本
19,74,善林
122,201,楕松
222,82,大立
24,45,谷道
255,92,丹所
121,222,丹村
24,230,智田
218,65,池城
242,70,築谷
217,9,竹地
152,155,沈
46,38,東館
2,222,東垂水
79,189,棟
76,55,湯田坂
93,251,豆塚
146,186,栃倉
152,86,萩坂
136,1,浮辺
188,191,武地
22,192,北元
73,106,末金
217,109,紋谷
19,88,矢羽々
191,19,涌嶋
181,226,葉梨
119,100,國吉
118,11,栫井
218,120,水浦
175,91,鮎田
52,20,安喜
34,8,井汲
94,233,宇宿
170,101,鵜久森
9,201,堰合
6,242,沖谷
87,162,佳山
208,108,会見
169,118,角替
131,83,株木
216,124,起田
95,138,金守
81,189,狗飼
143,21,熊林
159,245,溝本
90,31,高附
40,163,高牟礼
95,53,崎岡
144,156,三国谷
144,132,志甫
81,59,室津
195,7,出縄
83,152,所沢
86,25,諸泉
94,237,上新
169,132,上坊
251,23,新鞍
31,94,新玉
122,241,新治
17,177,粕田
112,143,梅基
148,168,波江野
104,44,道地
45,245,道久
67,117,藤綱
6,49,嶋尾
221,20,田才
211,49,定永
95,112,坪島
138,192,津熊
236,53,中藪
107,110,中土井
130,77,中陳
72,245,中阪
77,9,池之内
169,197,旦
182,191,大美賀
85,112,大兼
157,147,瀬筒
5,165,半間
15,158,尾美
179,24,冨士川
204,227,布沢
74,2,福坂
118,169,福木
141,225,片沼
183,130,穂谷
194,64,飽田
174,151,鉾之原
171,186,末柄
115,100,蓑口
158,27,目取真
79,51,野一色
137,122,矢幅
196,163,友杉
223,239,有方
87,173,竜門
205,23,六浦
198,126,六笠
116,61,安信
79,43,安増
46,33,安富祖
78,7,伊佐次
7,114,伊豆倉
111,13,移川
127,159,磯永
195,106,宇恵
101,42,益戸
36,170,加賀爪
88,227,嘉陽田
90,185,花尾
195,46,外木
213,105,関元
122,156,喜多野
17,109,久守
6,16,京屋
55,183,古井戸
112,130,古積
215,167,古浜
206,254,世木
199,78,仁瓶
170,168,常国
246,4,上吹越
61,137,上ノ原
114,45,松迫
101,168,小師
151,243,重宗
150,118,秋重
150,123,時山
82,54,寺杣
73,25,紫竹
238,209,志鷹
155,92,山火
202,2,三桝
142,198,薩田
252,34,砂永
20,125,高丘
55,133,御代
3,41,戸堀
246,126,大風
245,203,池町
200,197,中塩屋
30,99,中木原
237,103,長楽
32,26,都志
17,117,嶋林
165,218,東風谷
63,191,当
149,93,日川
120,11,忍
1,136,馬路
84,3,八原
103,255,発地
64,163,尾竹
182,166,美濃口
155,3,菱倉
95,238,姫嶋
133,231,片嶋
172,106,宝泉
223,33,豊平
53,243,鳴坂
226,161,門真
186,16,野浪
31,153,油本
115,155,立井
167,91,漣
62,9,樅木
69,60,礒山
94,16,籠田
202,123,伊与
226,105,井水
171,190,井辻
148,154,引木
7,243,下永
134,225,下玉利
175,39,架谷
5,26,居山
118,137,境沢
215,215,恵本
127,101,五位野
139,131,向井田
128,210,向本
26,18,江西
128,72,荒垣
225,176,行谷
235,159,鴻田
210,95,佐々川
86,103,佐木
187,103,柵島
32,170,実森
255,116,小立
174,134,新上
170,158,神宝
56,157,政氏
210,84,清信
97,36,西富
101,192,多賀野
98,195,対島
211,190,大頭
111,77,阿戸
107,104,伊海
107,68,升岡
137,42,小田代
188,216,松蔭
67,21,松任
196,72,上河内
78,98,上和田
72,235,尻無浜
250,12,新田見
188,146,水草
118,33,菅川
91,108,星宮
172,203,石北
216,112,石躍
209,241,前井
178,106,滝北
123,105,築地原
163,77,竹長
161,148,蝶名林
171,204,長良
72,253,定平
82,29,藤渕
138,250,鍋野
215,67,日熊
25,125,八村
145,189,八板
151,96,樋脇
91,28,冨士本
189,93,武縄
102,53,平阪
36,24,母里
76,97,埋田
191,136,満行
171,140,茂住
160,42,木場田
4,221,野満
241,242,檜野
164,59,渕崎
47,98,蔡
99,76,助永
243,105,伊佐山
39,35,為近
201,159,永水
139,210,沖藤
141,244,下沖
18,59,可部
244,78,河邑
250,169,潟山
157,152,勘場
88,64,貫田
244,37,岩朝
111,255,吉実
0,152,久利
145,180,魚返
72,17,駒居
138,146,櫛橋
155,117,栗岩
204,101,継田
37,77,見世
4,38,初
31,0,秋里
90,2,実光
241,245,鹿本
84,73,山館
196,12,三分一
70,166,三田寺
122,64,三窪
243,73,坂之下
246,94,細畑
86,119,今牧
167,53,黒神
76,157,荒家
142,62,光瀬
227,181,戸巻
52,161,古知屋
99,13,古性
176,57,古金
110,122,鍵野
51,236,仁多見
67,159,吹谷
209,209,瀬倉
228,28,石掛
51,163,赤島
217,2,染葉
56,84,早渕
121,64,袖野
211,60,谷津田
238,248,樽田
134,141,池北
160,241,仲尾次
63,62,津金沢
29,233,津々見
4,180,貞苅
245,132,貞野
34,132,渡沼
2,123,桃坂
51,7,楠生
85,130,能代谷
247,20,萩村
207,119,白羽
202,87,判田
145,53,本元
103,39,又賀
111,123,免田
152,65,木邑
123,211,矢越
31,102,友滝
220,249,利倉
137,60,和平
80,203,鯰江
65,123,神河
10,2,安恒
133,221,安澤
204,154,伊差川
228,183,井七
173,232,宇座
66,81,羽子田
108,94,臼谷
121,138,塩釜
228,239,荷宮
16,253,外所
59,10,橿淵
105,37,刈部
44,109,苅野
164,94,簡
109,219,興
114,215,局
72,191,畦田
121,28,綱沢
27,36,佐護
33,106,山畠
17,221,市園
13,37,時村
20,192,鹿庭
248,175,若栗
126,34,守井
74,157,秋穂
2,252,重城
2,105,諸山
188,26,小松本
66,68,常
115,222,新栄
221,62,真岡
155,105,鴇
70,247,藤門
225,116,田染
106,136,田室
202,100,坪口
4,56,塚腰
19,123,槌本
161,23,朝日奈
118,188,中洲
208,124,中角
145,128,谷添
89,162,谷掛
64,103,棚辺
66,196,瀧野
105,1,続橋
77,32,増倉
201,219,霜崎
14,76,早木
209,22,曾根崎
64,140,西矢
120,208,須尭
84,246,神品
9,121,栃下
79,50,楢館
129,108,南幸
110,5,南葉
181,52,二郷
173,53,日江井
240,206,尾之上
139,78,菱
74,23,富浜
191,43,宝木
171,199,芳地
230,53,堀見
142,38,鳴田
100,164,毛戸
201,151,木我
224,144,木水
27,110,木方
108,196,門出
238,235,野海
116,200,与沢
109,109,里館
230,81,榔野
105,174,國本
26,53,阿内
5,42,井中
34,61,羽尻
1,124,羽尾
202,254,永迫
242,3,覚前
85,68,角中
199,147,叶谷
158,155,亀之園
92,197,亀澤
69,148,宮館
175,194,牛ノ浜
236,217,居森
211,247,居倉
98,165,権丈
131,189,古結
87,204,戸水
131,85,五所
1,226,光元
94,194,広神
72,35,江国
5,7,紅露
184,223,荒町
185,11,真栄里
124,57,新枦
76,207,新飯田
15,104,常広
6,129,小武海
10,237,小鉢
29,67,小猿
100,6,小引
160,215,宿野部
224,45,秋満
124,208,手倉森
36,200,篠井
236,115,漆島
132,199,寺岸
92,117,四田
101,249,三國
52,93,在家
221,235,佐名木
200,1,佐戸
98,243,今仁
42,204,国塚
226,54,高正
131,210,萩平
127,123,波照間
7,130,南岡
107,177,内平
16,5,徳升
57,96,島浦
175,122,田子森
6,107,伝野
246,250,鍔本
136,90,鳥内
129,16,朝来野
139,249,朝重
42,205,中正
44,215,段原
127,222,谷一
161,223,大宝
85,251,大倉野
20,63,大幸
162,208,荘野
148,19,草竹
151,137,八上
35,248,八波
52,134,繁
127,202,飯牟礼
117,47,尾曽
241,169,尾澤
230,18,富士本
240,105,布藤
142,150,部坂
153,132,宝利
119,115,芳尾
125,233,豊満
219,136,北門
201,14,名嶋
244,111,木目田
238,105,油座
140,124,龍頭
95,76,廣嶋
209,211,籠橋
132,236,鰺坂
123,101,川倉
129,105,伊勢亀
156,86,伊草
61,242,井ケ田
254,154,鵜島
79,176,下木
34,116,角町
208,155,角矢
235,181,掛江
101,238,釜山
49,220,関澤
74,212,吉識
120,99,芹ケ野
59,220,芹口
68,207,近川
114,25,金持
246,135,銀山
50,128,熊添
214,71,茎田
119,216,兼丸
176,127,鯉渕
106,22,石隈
161,237,生松
164,173,畝田
29,249,杉光
50,18,須賀原
37,46,上広
86,154,小泊
153,254,小田井
241,248,小袋
57,70,小瀬良
44,139,出納
90,135,秋末
214,47,謝敷
76,164,実近
76,73,時実
142,244,市吉
32,191,国次
37,155,高志
220,99,高見澤
60,176,高沖
223,41,飯久保
94,98,馬道
49,32,波々伯部
107,244,能登屋
248,153,土平
234,151,田制
195,135,堤野
105,97,蔦野
157,195,朝尾
123,60,中川内
94,241,滝尻
191,88,大仁
152,46,相
71,97,善財
163,193,川場
163,214,切石
24,77,水摩
121,203,信江
188,41,樋村
55,185,浜添
16,130,冨尾
226,134,舞木
118,164,平道
4,130,片浦
61,215,母袋
207,89,峯下
242,80,牧迫
22,215,本広
1,58,満保
56,241,味園
235,45,問田
149,11,野々瀬
66,94,弥吉
184,26,祐成
154,246,淀野
32,245,和波
153,31,伊塚
15,137,井幡
146,109,一本木
157,198,宇美
196,188,羽坂
63,227,浦越
230,188,横越
164,49,黄田
22,142,岡屋
195,85,下田平
70,16,海口
241,171,角鹿
8,109,掛野
83,171,喜久
178,235,貴堂
106,224,牛原
74,166,鍬崎
25,135,兼石
107,53,見市
198,38,源島
148,129,古波津
191,63,広居
96,112,高秀
142,35,今立
117,6,三日月
115,44,市ノ渡
24,44,鹿屋
32,133,宍道
159,127,酒井田
150,112,酒部
125,241,住村
37,108,楯岡
14,168,諸冨
110,23,小友
56,76,上神
57,210,植嶋
222,250,津々木
190,154,町島
15,10,朝間
190,192,大塔
7,11,大土井
125,89,大竹口
119,231,大後
242,137,祖慶
243,141,善福
77,166,千嶋
107,231,赤西
79,244,石走
153,149,西信
146,254,盛武
97,177,生長
56,160,水倉
101,66,須子
113,98,針替
147,75,秦原
83,41,天下井
192,120,道辻
124,117,徳尾
234,107,幡司
116,219,畑木
254,204,発田
115,184,繁沢
209,203,飯生
186,169,肥川
144,188,美村
164,187,幅野
221,50,峯岡
149,196,房
52,84,北木
9,170,目沢
131,96,薬袋
239,70,由水
172,91,浴
8,85,浪瀬
68,81,鍜治
166,124,伊美
188,38,井前
1,77,井柳
151,145,一家
176,226,宇地原
71,167,越善
7,123,榎森
193,206,延本
102,3,猿木
23,233,奥苑
249,247,岡信
164,157,沖西
231,245,屋嘉部
3,49,音無
79,126,加留部
242,117,河副
229,179,荷見
122,120,角元
156,197,管家
22,74,原良
249,76,神田橋
217,28,神守
225,219,真谷
7,232,真栄平
113,203,信谷
102,247,上田平
244,106,上江田
94,214,松薗
112,252,小八木
111,226,小端
114,106,舟井
241,56,三津橋
11,108,頃安
27,61,高名
3,120,高知
126,178,綱嶋
87,64,甲佐
201,166,江後
107,240,広海
159,120,釣田
103,243,鳥羽田
186,191,中保
87,85,蛸井
210,169,太野
77,140,多賀井
158,195,蔵方
121,153,倉吉
217,126,善明
91,172,浅島
207,159,川木
75,89,赤峯
127,83,石ケ谷
110,233,西奥
120,229,雀荘
136,118,仁野
64,70,上牧
185,143,小手
150,196,小下
33,180,程原
143,130,天崎
69,109,登丸
233,26,藤脇
165,180,堂浦
247,15,禿
153,107,日沢
54,77,能地
111,98,畠本
84,88,八倉
138,239,尾籠
11,20,表野
251,91,風野
251,52,法師人
58,82,牧嶋
105,250,末谷
35,82,味方
81,146,野明
109,2,揚
107,88,國枝
205,47,宗行
177,136,阿佐見
242,234,依知川
144,56,為井
132,34,井地
187,122,磯ケ谷
226,123,一石
149,10,右手
111,180,鵜浦
90,181,浦尾
31,177,浦林
24,232,越間
248,35,猿川
48,250,奥埜
183,205,王丸
135,10,下市
122,223,加東
58,152,廻谷
158,241,海住
156,196,貝島
184,72,角戸
132,102,柴沢
8,107,漆川
26,166,次藤
234,238,時久
252,151,鯖戸
180,227,作原
108,85,堺沢
216,58,細原
123,132,済木
101,213,高貫
200,182,光木
120,127,五十島
103,217,懸田
65,251,兼頭
108,47,畦崎
180,118,君田
78,38,玉野井
67,25,関沼
168,168,釜江
209,199,楢木野
175,114,島立
177,140,島地
80,143,土島
210,106,都沢
164,20,田中丸
202,160,長弘
129,255,中栄
98,189,茶野
228,129,沢尾
234,191,沢向
233,94,大洲
213,108,村北
97,175,祖山
223,133,楚南
252,110,前木
38,127,先川
107,29,生頼
190,99,勢井
111,127,諏江
137,92,神杉
238,130,森行
250,79,常森
17,99,南坂
165,146,二藤
160,225,能
104,245,煤賀
4,95,白形
77,253,白杉
238,120,尾頭
106,244,尾白
173,239,浜石
78,211,浜渕
71,4,布宮
9,227,敷根
187,225,平舘
252,40,宝崎
177,15,宝達
249,93,本並
128,240,末重
248,254,野道
40,102,友弘
244,230,有阪
246,244,嶌
46,73,嶽山
71,107,枡本
101,201,阿部田
152,123,芦部
149,232,安国
218,145,伊ケ崎
89,94,稲家
185,44,宇南山
164,2,永草
203,36,永畑
32,87,応和
220,90,屋
81,151,乙武
18,202,下保
46,98,家坂
1,181,家塚
88,136,冠木
248,136,岩吉
123,71,亀割
163,103,久津輪
1,208,宮一
57,183,橋原
133,151,金瀬
114,242,桂井
130,223,古小路
225,155,上重
61,235,松垣
19,173,床波
128,116,小日山
211,117,小谷地
243,5,渚
142,88,春永
167,34,取違
194,141,芝内
50,238,芝谷
108,200,柴口
89,180,実井
161,234,室星
119,168,式地
240,20,志牟田
73,184,山保
194,184,柵山
155,74,作村
32,246,砂畑
133,212,今釜
125,156,国房
4,68,糠塚
96,237,後根
197,158,田松
168,166,田郷
65,235,泥
209,122,椎津
75,143,仲秋
211,25,中来田
4,198,池長
198,187,大坂谷
33,159,帯津
190,79,増地
116,101,倉片
233,232,前川原
90,28,先本
15,42,石木田
163,100,水森
51,65,須知
118,43,辛嶋
49,246,湯ノ口
107,45,南薗
171,178,乃美
111,242,尾垣
156,148,福増
159,230,米今
83,91,米増
215,130,保刈
5,40,北神
167,74,堀永
172,159,明本
61,31,弥益
160,233,矢畑
44,78,由布
54,130,用田
38,45,利重
236,103,梨子田
239,197,澤地
213,194,新良
89,216,阿左見
168,253,伊野部
112,16,井瀬
127,30,宇治原
20,17,宇杉
229,240,屋部
225,110,恩塚
65,165,蟹
95,113,関尾
37,5,丸口
10,232,丸森
99,86,亀子
203,188,吉益
213,15,堅山
226,199,原尻
206,64,御木
6,35,綱脇
34,51,国木
135,0,上加世田
152,92,松盛
227,84,小土井
94,161,小水
173,229,種部
192,241,蛇口
128,255,紙
219,51,桟
1,42,三膳
245,194,三住
105,116,堺井
66,162,細渕
113,105,砂子沢
204,98,佐名
151,227,佐枝
109,17,今塩屋
156,172,此島
25,254,内場
146,48,刀川
38,205,田木
220,36,田面
240,227,田儀
30,23,庭月野
14,243,陳野
21,89,鳥居塚
106,158,猪浦
109,153,竹岸
212,38,池邊
209,80,池守
184,255,鍛治屋
245,183,谷利
180,19,大美
79,68,大田和
130,210,大生
229,133,駄場
143,213,太刀掛
98,113,多谷
13,250,村治
208,156,束
14,121,草開
95,40,惣万
246,180,曽根崎
189,5,前阪
29,34,二山
201,210,波塚
133,88,楳原
110,131,箱島
201,8,板子
20,155,般若
189,141,桧物
233,200,品野
248,70,浜高
219,63,冨村
216,115,風晴
84,242,平古場
220,61,豊坂
66,197,豊重
17,79,北川原
165,77,堀間
126,124,本内
58,205,名井
210,53,名渡山
118,37,柳屋
82,67,友兼
188,180,有倉
205,173,与五沢
70,139,陽田
248,149,来住野
199,35,呂
245,22,和川
241,82,川音
105,251,一居
82,45,稲角
198,219,羽瀬
195,76,丑山
102,65,碓田
235,207,栄井
15,25,永妻
11,35,円城
246,160,嘉味田
122,21,角道
100,142,梶沼
211,197,株田
30,164,釜坂
246,81,久馬
239,43,境目
142,46,橋長
86,66,狗巻
107,33,堅木
0,154,古厩
139,159,古水
116,229,五十木
107,96,御法川
114,180,荒張
113,168,高柿
184,2,高洲
114,128,佐長
122,31,砂
83,10,雪山
53,174,石富
87,205,石江
249,61,清板
58,243,成冨
219,251,是常
208,220,瀬原
12,138,須浪
152,84,神郡
6,99,森数
118,163,新潟
202,217,植元
63,60,上奥
23,91,松淵
253,191,小出水
223,36,出間
111,135,宿南
120,44,洲浜
234,60,守野
222,124,芝垣
242,169,室塚
155,251,鹿俣
75,103,次郎丸
93,244,山分
39,224,山前
172,31,傘木
102,148,鳥養
61,49,竹西
165,122,丹呉
225,61,大須田
100,22,大垣内
12,90,増富
33,87,倉口
193,242,川船
28,201,川高
124,235,川居
102,93,千代島
97,33,赤熊
55,26,石館
57,228,盛内
245,168,成枝
37,12,是澤
168,95,寸田
30,166,水庭
138,59,水竹
92,17,針金
183,123,真光
123,233,新池
121,117,辻永
230,255,釣巻
162,246,田野上
219,33,都井
225,78,嶋沢
13,175,峠本
98,21,徳渕
228,172,半戸
54,50,板
91,70,稗島
139,225,桧谷
211,86,福海
19,255,平等
89,246,保戸田
148,216,宝積
171,67,縫部
204,77,北奥
35,55,堀松
244,22,名内
178,138,目見田
230,72,弥田
233,114,有国
163,180,篁
2,220,逢見
248,18,安齋
234,168,伊左治
88,43,伊与久
91,233,井窪
198,194,一重
222,111,宇留間
53,33,越中谷
91,211,押
210,103,家門
229,255,歌丸
9,50,外野
94,91,垣沼
44,176,柿塚
121,169,葛綿
181,122,苅屋
179,206,苅山
82,35,館沢
180,74,岩里
193,118,貴家
110,145,久留須
77,114,居林
168,63,橋迫
143,134,上町
34,226,焼田
108,135,松良
33,153,床並
99,177,小野尾
74,182,時永
12,66,紫原
47,77,四海
211,123,三砂
121,12,三ツ村
73,209,鷺森
1,52,細目
249,249,砂長
178,74,今安
243,92,耕田
96,84,江津
53,36,光浪
167,190,五宝
24,187,五十住
27,227,古溝
221,161,粂谷
192,9,橋目
105,163,同前
97,248,東門
255,73,東梅
147,168,東辻
187,158,東上
137,83,辻畑
68,186,塚島
11,123,津元
153,74,仲泊
7,69,竹宮
204,99,大都
12,155,草水
20,211,早原
44,111,曾原
241,182,前芝
71,77,石束
18,89,石王
177,117,星見
141,30,堂端
119,35,堂満
157,133,奈良坂
102,171,能祖
242,56,八木岡
198,229,飯竹
241,49,尾北
70,244,美島
66,115,富士田
206,228,武津
211,212,舞原
199,8,幅口
6,154,柄崎
148,178,北側
215,62,北道
94,138,門上
148,245,野浦
127,24,野々田
239,68,栩野
182,150,成吉
88,196,安曇
58,47,井寺
136,66,益崎
110,190,黄金井
163,159,下杉
164,42,河野辺
174,48,鎌原
174,75,吉荒
205,241,吉名
76,135,久下沼
52,117,牛野
147,152,金長
176,28,兼
189,15,元持
32,222,戸頃
17,128,菰渕
145,234,広住
159,36,江馬
226,247,国塩
168,15,瀬本
124,196,水門
72,28,森金
131,151,常葉
122,92,床島
75,42,出津
152,91,宿院
0,151,重清
188,0,秋篠
75,5,宗友
72,83,宗内
88,32,鹿村
229,175,寺居
140,211,飼沼
200,4,山塚
41,11,山外
248,204,三家
243,191,今徳
61,240,日尾
26,119,二杉
191,89,徳植
91,124,藤園
137,203,藤栄
133,244,東福寺
110,188,島戸
14,42,田茂井
159,169,田名後
46,43,天倉
139,33,貞国
93,60,椎塚
23,23,調子
133,126,仲平
143,231,中門
202,196,谷仲
115,174,滝花
254,49,大茂
3,71,大肺
110,9,村戸
172,208,草部
181,155,組橋
210,60,善養寺
238,21,千代森
108,35,石淵
192,71,生永
72,93,日並
226,159,迫村
243,83,幡井
85,123,八馬
37,189,髭
64,61,百村
115,198,浜路
67,115,冨士野
105,133,武口
38,129,武広
240,117,柄澤
210,233,豊国
227,137,房本
147,192,本図
215,31,毛見
170,16,矢納
128,20,柳詰
209,0,薮井
166,239,油屋
69,229,里岡
200,101,良永
177,87,嶺村
38,53,鈴谷
203,231,六郷
215,228,和食
188,227,梛木
66,73,水留
219,78,井生
76,98,宇仁
219,50,永家
150,30,榎屋
240,40,遠原
218,183,応本
136,136,下位
120,144,下吹越
35,219,家根
107,171,皆葉
30,120,外狩
85,27,樫内
83,86,間杉
53,159,関守
107,20,岩手
136,169,岩畑
70,173,喜岡
194,190,喜名
24,140,菊屋
168,217,吉岩
40,71,玉浦
117,202,金場
135,174,古我
182,141,古清水
98,110,御子神
255,118,広垣
140,83,植栗
208,136,上之
253,40,小瀧
66,222,小佐田
76,153,小潟
84,31,書上
117,236,初川
96,143,酒居
6,7,柴宮
98,112,治郎丸
238,18,時安
217,242,寺沼
2,231,氏野
17,36,志磨
103,67,山子
150,133,山奥
177,158,三保谷
95,44,三熊
201,133,三園
39,68,作花
231,10,細
53,205,座光寺
227,223,高野瀬
145,34,高熊
19,154,香島
167,36,広吉
206,107,田篭
206,130,田多井
113,240,田切
80,248,殿井
236,244,天達
214,190,定井
138,150,中礼
167,0,辰馬
69,211,但田
205,7,沢浦
183,149,大條
47,169,大箭
122,102,大廻
252,189,待田
90,69,対木
20,173,多良間
55,50,村長
192,67,泉名
155,27,川池
42,142,川喜多
22,48,切山
45,111,赤藤
165,32,赤垣
131,11,赤井田
207,183,石破
3,96,星光
92,88,成戸
81,112,瀬角
151,6,杜
175,124,礪波
75,13,媚山
247,49,六
73,28,鈴東
205,246,裏川
90,217,野渡
195,134,野間田
145,115,門西
170,0,門坂
40,25,杢田
243,90,末澤
63,33,末兼
8,30,峰川
73,55,米道
114,133,富阪
121,18,表原
92,82,俵木
191,156,百目木
98,136,桧作
45,250,畑間
180,141,梅屋
238,72,馬立
21,85,日野浦
123,210,曇
199,86,徳淵
34,76,藤由
161,202,東保
226,220,渡谷
31,204,椙原
110,71,橋垣
228,94,境原
66,228,宮添
166,121,菊森
201,205,岸口
186,151,丸崎
166,36,割烹
19,27,樫葉
140,106,外城
144,52,介川
163,24,河室
254,165,嘉代
177,111,加茂谷
242,60,加藤岡
249,215,加勢田
135,95,加悦
236,114,音
24,163,屋鋪
162,244,横小路
44,200,横屋
40,143,奥澤
203,53,栄野川
84,217,卯田
235,165,羽矢
214,15,稲林
4,67,稲庭
202,150,井向
248,65,安部川
129,181,粂原
192,124,森岩
24,43,松里
93,245,小鷲
193,165,小永井
164,135,諸木
133,164,諸貫
181,34,宿野
55,58,種橋
41,125,若見
104,160,社
147,190,実成
232,99,鹿子
39,73,紫牟田
89,73,志熊
60,64,市嶋
230,89,山竹
137,213,山陰
127,216,作
173,146,佐飛
75,160,今島
104,193,今園
215,105,紅野
133,202,古南
172,174,古巣
46,231,原茂
235,50,原国
113,4,鯨
18,236,荊尾
46,206,添川
192,195,定光
204,152,椎田
91,26,鳥毛
92,242,長西
156,39,仲根
213,173,中柴
1,88,茶原
91,179,竹信
142,132,谷治
210,185,谷吉
68,62,台場
128,28,霜
150,254,相津
142,110,倉木
132,230,前盛
64,29,前花
24,185,浅坂
38,176,折内
225,114,切手
150,59,西賀
180,231,清尾
88,235,清元
27,183,水池
137,165,田湯
224,152,土元
55,156,島松
46,218,頓田
235,191,内ケ島
20,23,内浦
22,87,薄根
226,224,八木澤
66,248,飯出
236,100,美留町
78,39,苗木
173,191,品部
82,19,布施川
230,17,福王寺
18,105,兵働
30,136,本崎
190,5,末信
221,166,箕川
69,38,密本
251,133,木造
102,255,矢辺
229,238,友渕
77,116,鈴岡
29,10,枡谷
175,173,阿曽沼
233,57,安仲
166,184,伊地智
103,4,井西
5,163,唄
126,196,榎島
203,27,奥尾
181,20,下農
245,59,柿村
247,137,笠崎
31,26,環
38,174,間世田
80,177,関西
39,145,岸畑
197,232,久崎
22,51,鏡山
150,246,巾
115,29,金中
214,110,隅倉
102,100,元原
234,206,原戸
119,156,吾田
101,62,好岡
150,235,広光
46,158,尋木
42,189,神澤
154,119,神月
131,186,埴生
135,119,上国料
19,3,上楽
179,39,上仮屋
197,136,松茂良
114,86,小草
165,56,春元
143,205,手川
249,233,室越
207,104,室永
120,222,七瀬
94,127,七崎
107,92,児矢野
73,21,枝木
242,90,司城
111,83,三竿
218,134,鮫田
186,143,細美
179,132,根
90,76,高舘
58,65,行村
199,244,奈木
236,118,栃山
148,99,当瀬
18,34,唐井
57,123,田靡
220,153,田甫
98,55,槌屋
48,197,仲元
253,110,竹場
32,12,端本
68,12,只石
153,240,大埜
121,136,大浅
232,107,村坂
59,203,千喜良
85,100,石迫
170,194,青本
163,146,請関
241,80,畝川
167,250,瀬田川
228,233,菅佐原
239,157,水関
148,107,厨川
186,211,波木
77,179,挽地
212,64,尾浦
238,57,美濃羽
15,120,浜園
52,200,兵動
255,143,縫田
10,69,本門
224,15,蓑
150,63,名切
247,157,名知
197,251,明里
241,121,木戸場
186,142,問谷
79,55,野久
50,203,野畠
167,48,矢矧
98,64,有ケ谷
179,213,柚田
197,200,里野
194,176,鈴間
149,76,簾
63,204,浪口
251,69,神波
32,13,綾戸
64,166,伊早坂
254,112,磯俣
190,90,羽仁
1,241,円道
165,17,奥内
149,74,沖園
159,130,屋嘉
167,81,乙田
29,85,恩村
193,243,音部
222,191,音野
73,4,下笠
169,21,下木原
1,13,加原
2,119,加木
222,153,河鍋
171,85,海地
107,11,笠尾
129,38,鬼久保
9,237,吉利
69,68,久保下
116,154,金月
19,228,真間
89,155,信平
43,148,上篭
35,42,松方
184,42,松浜
92,234,升
1,106,秋光
224,82,酒村
127,213,芝木
28,19,司
84,156,崎尾
235,22,坂斎
4,53,佐能
23,8,国京
192,200,行司
212,61,荒俣
7,227,広常
248,190,広安
84,148,光橋
84,218,見藤
40,140,権瓶
141,53,穴久保
170,240,桑幡
4,40,東風平
207,72,奴賀
189,42,都鳥
168,12,登根
166,102,田住
113,18,殿内
198,3,鉄井
128,184,提橋
174,3,鶴永
13,120,辻西
244,132,長張
86,112,猪倉
234,177,仲倉
47,51,仲居
204,239,中大路
94,81,中川西
119,199,池堂
190,239,谷塚
144,16,大槌
0,114,大湖
120,111,大菊
223,220,蔵園
158,62,増
234,135,桃山
70,221,祷
121,179,頭川
144,155,道倉
253,179,灘井
190,136,日夏
23,135,日方
49,189,納庄
149,163,馬殿
254,233,八倉巻
165,47,尾賀
24,114,美原
60,44,百川
167,67,保戸塚
137,16,甫立
92,9,宝迫
41,223,北之園
83,124,本目
139,230,名尾
61,184,明平
233,18,門戸
189,241,弯藤
122,91,枡井
139,233,萬年
244,192,相笠
178,93,一二
234,15,羽根川
0,8,押江
244,18,横沼
234,194,下辻
178,49,家治
105,62,貝
121,57,外口
97,17,垣
51,251,管谷
70,110,菊水
189,207,宮宗
108,40,弓納持
65,90,業天
200,26,金道
22,152,原重
97,237,古下
199,110,古作
181,132,古住
103,52,古倉
244,73,呉田
159,106,鯉田
210,221,江中
171,32,甲高
243,242,早河
27,53,撰
67,121,摂津
71,66,正中
232,168,成ケ沢
205,103,是木
172,135,新船
153,106,新生
163,48,色部
88,24,場谷
45,161,城前
136,36,上屋敷
55,89,漆沢
104,49,七字
25,85,山梶
106,47,三津井
25,237,三枝木
132,141,左近充
103,95,今久保
202,138,香椎
15,181,荒竹
85,240,荒海
253,154,甲州
97,98,藤多
107,236,藤阪
42,122,田京
13,218,堤谷
188,114,鶴村
68,44,長吉
72,149,中水流
217,237,地曵
186,69,谷重
67,157,只松
71,159,泰中
26,250,帯谷
218,189,太地
84,144,多々見
131,154,倉貫
39,52,前津
206,4,船村
45,251,川嶌
33,7,積木
86,144,青沢
54,214,西表
139,5,生子
164,124,清水口
190,123,道幸
188,243,徳見
92,60,灘波
192,148,南橋
13,157,二浦
21,87,二部
211,250,入矢
189,86,禰津
99,196,八ツ田
201,101,八重畑
103,253,菱岡
85,197,百沢
126,64,平橋
92,43,米久保
49,72,牧之内
143,185,木野下
224,204,門木
247,63,矢壁
9,67,夕部
52,188,葉狩
144,86,淀谷
96,47,立仙
192,228,留場
169,88,篭原
229,35,安栖
51,158,井戸沼
150,237,一万田
184,219,宇留島
69,97,栄山
47,242,延川
14,112,岡野谷
0,137,下仲
96,251,下之薗
174,90,釜付
219,139,間辺
45,255,舘石
74,238,久内
120,28,久保河内
49,238,久木崎
219,216,串原
6,48,源平
43,110,後沢
254,23,鯉川
44,108,更田
227,196,江城
67,36,香原
17,180,合木
173,98,国実
139,218,須部
40,86,仁枝
27,208,仁賀
193,143,仁
23,149,神力
102,101,森池
84,149,城守
143,25,上船
7,76,小梨
152,170,小樋
168,54,升川
122,115,春岡
78,54,出水田
207,137,秋成
251,236,秋鹿
48,140,修行
135,221,宗実
98,24,実田
140,215,鹿子嶋
181,219,山松
147,1,阪西
77,52,今地
252,227,国上
152,13,大粒来
198,137,太郎良
204,15,足高
49,145,水之江
201,48,水見
36,169,仁井谷
64,8,針貝
114,172,森宮
148,167,新竹
138,93,新口
165,45,植川
96,161,城台
170,70,松比良
104,150,初岡
193,84,出渕
215,100,寿美
77,27,若畑
244,6,車塚
82,18,漆館
52,230,大六野
201,99,丹部
208,114,竹綱
52,145,中佐
48,28,鶴久
186,209,田玉
16,124,東脇
108,104,堂口
51,223,堂谷
93,204,道崎
102,127,二場
60,229,能津
233,117,番野
19,250,樋泉
94,51,菱刈
211,254,冨久
90,85,武捨
106,93,平久保
229,66,片尾
213,139,粟
163,125,以倉
167,160,伊佐野
20,101,井戸口
44,97,井手元
39,167,井出口
185,255,井城
142,22,稲玉
187,175,羽金
255,77,永平
144,25,円
14,227,塩冶
146,243,加太
91,19,夏梅
12,188,賀戸
244,216,賀茂
180,101,貝津
170,112,角舘
124,126,角丸
18,220,柑本
131,180,間口
156,145,喜々津
220,206,橋脇
141,4,筋
167,133,金賀
21,74,原見
208,139,広坂
230,215,江郷
94,220,荒殿
162,11,行政
169,125,高盛
183,231,高土
120,26,此村
177,119,砂口
81,97,三ツ
189,147,三浪
3,23,賛
60,37,市道
206,161,豊久
85,165,満塩
210,20,木明
235,202,野条
50,199,矢向
89,133,藍野
171,86,廣本
173,27,枦元
29,92,葭谷
101,244,嶋山
25,213,党
55,125,天見
44,197,中所
216,157,谷所
244,153,瀧沢
244,7,大澗
229,197,西側
204,91,西ノ原
70,89,生貝
76,2,星尾
166,22,植森
16,79,植永
64,245,常塚
165,197,城岡
208,172,上宮
253,44,松芳
62,3,松好
92,120,小田口
163,138,匠
10,241,若岡
217,13,楢島
79,5,二石
87,48,飯作
122,228,百海
32,147,氷上
151,19,浜洲
23,75,武澤
111,99,片所
149,52,保野
4,135,俣木
78,16,末成
249,150,名達
133,214,明見
253,144,明治
221,187,矢根
11,150,矢野川
146,224,友貞
36,189,有信
90,226,落海
187,172,輪田
128,101,鈴木田
200,235,阿久澤
4,90,粟生田
139,141,安城
4,242,伊勢川
84,166,一楽
211,248,羽月
91,119,永柳
165,128,衛本
200,236,園井
255,248,塩沼
236,164,塩生
37,62,岡嵜
120,110,沖広
2,208,屋木
55,110,加護
138,183,我部
169,112,芥田
189,227,笠羽
161,98,釜下
213,158,萱間
142,168,岸辺
135,136,柴草
172,218,七五三木
29,22,紙野
8,126,枝本
255,184,子川
39,50,山鳥
186,242,沙
58,206,左座
89,99,黒渕
12,36,国師
43,176,口羽
206,182,後神
178,164,見波
248,212,桑井
63,87,隈田
184,160,串橋
9,112,玉泉
15,26,橋坂
103,74,供田
10,61,居相
219,192,気谷
11,139,徳能
128,161,筒渕
211,171,東丸
124,67,嶋宮
32,106,土金
185,201,田多
121,47,天雲
250,213,坪沼
198,19,蔦原
62,252,塚下
194,130,長和
208,187,長牛
112,112,猪沢
189,154,中立
241,38,筑木
16,218,池知
116,171,鍛治田
247,132,樽木
0,249,谷輪
217,23,鷹合
67,40,大名
230,110,大亦
103,229,大谷木
115,144,足立原
238,91,相方
4,35,前尾
90,251,内崎
97,104,内出
3,219,乃万
49,200,倍賞
172,125,梅戸
106,213,梅枝
180,76,飯国
70,236,尾井
251,12,尾嵜
251,173,浜吉
177,192,浜町
111,155,武嶋
26,7,分銅
224,11,片峯
156,203,磨田
9,90,名坂
111,161,矢菅
250,187,有
133,179,有延
233,142,葉坂
164,222,陸野
223,251,立畠
101,124,力
61,135,恋塚
46,6,和佐野
66,226,廣
31,163,葭本
170,75,伊織
90,80,井守
196,168,井比
84,60,浦東
65,21,雲藤
165,231,越膳
96,63,榎坂
84,87,燕
31,185,奥戸
155,63,乙訓
123,174,加古川
162,134,加須屋
66,79,加茂野
216,94,花堂
78,174,賀山
141,70,皆方
199,121,葛葉
241,21,岩撫
38,130,久野木
211,68,朽名
76,159,元石
209,185,原部
149,90,古薗
241,44,古守
219,208,虎岩
212,87,五頭
208,147,荒滝
113,64,石若
136,171,西川原
77,25,瀬越
86,237,菅俣
67,118,杉園
107,90,水無瀬
194,219,神子沢
51,11,真屋
1,162,森薗
104,126,上館
13,239,照田
18,154,小岡
139,6,升野
255,93,酒出
129,63,紫
76,69,三馬
200,83,坂大
188,138,細間
201,186,左合
169,52,佐立
129,6,佐直
169,188,根ケ山
183,168,国竹
16,153,高張
56,144,香本
75,4,行沢
81,74,徳松
159,66,道面
140,181,堂後
82,177,藤樫
99,48,東畠
74,142,鶴林
24,215,坪上
231,55,津久田
92,91,中軸
241,102,中隈
148,128,知野見
193,128,谷郷
219,11,沢津橋
216,6,大立目
99,25,代島
57,62,鯛
156,96,早戸
50,188,曾川
68,16,西一
193,115,水長
17,0,深村
252,90,森好
24,59,新飼
60,171,奈尾
167,153,内方
130,222,南地
74,181,薄羽
173,211,畑添
227,98,彼末
214,67,飛騨
108,137,桧尾
102,4,百野
233,40,浜林
100,54,伏野
222,128,文谷
125,140,別部
14,18,保月
184,130,本舘
246,146,野家
128,197,野頭
187,48,有持
162,141,陽
192,81,梨田
136,199,林元
252,209,簑口
109,39,薊
156,171,浄土
54,138,鞍掛
134,224,井戸端
236,143,井達
250,67,右島
44,27,越崎
151,180,榎沢
205,117,延安
98,43,延広
15,231,岡城
120,122,下馬場
146,206,海鉾
249,69,海老江
244,140,外海
129,65,角江
245,82,葛尾
228,107,鎌
163,87,鎌井
229,202,茅
128,144,菊名
57,27,宮吉
94,65,九野
166,48,窪津
181,131,月形
19,159,常谷
192,231,乗附
84,215,小薗井
57,5,小芦
198,31,勝家
232,245,十枝内
132,205,樹山
135,142,釈
81,0,七木田
74,110,時野谷
149,85,志賀野
14,9,山舗
248,113,山床
15,133,山海
149,12,三町
147,212,斎場
6,177,黒政
86,204,国居
101,70,国丸
35,117,高儀
3,15,恒次
226,119,五家
36,236,建川
164,203,椎崎
108,22,朝海
188,207,苧坂
253,59,忠政
217,48,中堂
93,77,中切
146,35,中岩
222,144,竹野内
2,134,池藤
236,99,段林
61,159,辰尾
133,142,沢石
176,182,大籠
135,25,大和屋
148,233,大無田
163,8,打出
175,252,太治
126,42,川腰
140,199,仙
79,92,西良
207,75,西保
113,148,登田
57,87,内嶋
59,93,南竹
92,232,埜中
35,165,八矢
102,220,板宮
65,182,尾碕
94,253,美谷島
136,108,福ケ迫
87,137,壁
221,78,宝蔵
214,75,法邑
105,23,北牧
49,88,木花
91,220,木竜
53,113,目原
12,79,門藤
203,45,友本
103,109,嶺田
104,151,廣江
36,69,檜谷
98,253,西多
249,210,案納
133,112,伊瀬谷
21,210,伊豆川
218,234,伊豫田
224,1,宇於崎
120,239,永良
131,145,益成
253,158,益野
0,140,奥名
199,170,黄海
100,50,黄地
66,71,下津浦
80,49,河根
186,55,鎧塚
156,108,鴨谷
98,123,蟻坂
42,10,吉用
165,15,杵築
239,247,弓桁
249,178,金曽
247,127,玖村
34,153,水飼
63,13,甚
16,174,新目
32,236,上拾石
208,180,上久
105,138,障子
240,184,小谷松
188,206,小鯛
191,224,小見川
127,32,篠谷
36,164,鹿久保
125,212,鹿
117,102,山足
87,175,告
33,202,高多
31,123,弘重
137,162,口井
198,232,古手川
132,99,元尾
64,100,月東
190,228,桂原
108,25,土淵
69,204,田渡
78,6,鉄野
156,201,塚根
1,98,長曽
62,81,竹達
170,214,谷迫
120,226,谷永
31,232,鷹栖
255,117,大古田
181,183,太井
25,39,相上
31,113,早尾
203,23,蘇
248,228,前堂
76,245,浅草
30,88,浅貝
148,234,石子
122,17,西羅
207,248,西影
188,4,正代
62,84,正原
105,185,勢川
219,55,瀬良垣
155,45,瀬利
141,72,摺木
4,85,厨
197,206,須黒
192,38,神座
237,181,檜枝
15,93,篭
24,39,冷川
64,247,利波
204,47,由
119,198,有隅
212,193,油科
210,224,木邨
151,68,満崎
206,7,万治
202,55,本河
8,168,北居
177,63,北久保
2,34,宝福
158,238,戊亥
143,217,米口
188,151,淵之上
70,7,福上
127,132,譜久山
188,51,冨名腰
16,197,富盛
196,59,板越
200,97,畑迫
67,87,迫野
187,21,白鞘
189,222,楳沢
203,106,入道
75,31,南勝
51,2,東前
7,110,真柳
175,10,荊木
235,167,栗井
81,47,熊懐
196,152,駒見
88,228,桐岡
52,239,牛垣
169,246,牛
238,31,吉政
149,249,義沢
56,90,亀和田
226,92,季
150,255,岸和
190,248,樺澤
131,245,椛木
82,93,角沢
99,148,角正
159,183,鈎
130,233,海鋒
135,57,花枝
86,107,家森
223,203,加賀沢
152,178,屋島
172,168,横崎
1,131,横井川
117,28,雲丹亀
229,73,右山
144,96,稲畑
206,135,稲増
173,99,為貝
151,45,森福
69,9,森成
47,7,乗越
79,149,上川路
236,106,松木田
37,55,庄谷
242,24,小柳出
52,102,出貝
220,192,秋国
213,218,酒主
148,213,若子
31,139,七浦
82,184,寺道
174,78,寺腰
125,82,児野
25,136,山泉
215,157,山垣
35,236,細部
9,200,歳森
155,235,妻神
247,95,佐野木
11,71,佐郷
182,88,佐喜真
185,98,江泉
24,27,江元
136,2,呉藤
25,166,鍵村
147,24,軒
84,140,穴瀬
183,201,殿畑
139,39,鶴窪
2,109,鶴屋
190,29,津畑
231,51,直本
231,102,竹野谷
85,199,池光
124,131,池延
101,119,沢津
121,109,沢川
152,83,大木場
213,241,大底
241,48,大石橋
185,254,大庫
208,162,対間
132,127,蔵岡
117,72,草尾
2,169,倉藤
101,191,西木戸
71,40,西分
129,0,西鳥羽
169,28,西重
77,243,数納
186,140,渡仲
39,166,土佐林
15,149,島畑
34,216,藤畑
57,115,道方
112,101,筈井
171,43,幡中
54,188,八太
181,120,比田
119,46,尾河
9,120,桧原
150,90,百枝
31,69,夫津木
92,130,普川
135,13,淵辺
237,112,本塚
235,41,桝山
231,69,門島
215,237,由元
197,230,立柳
167,41,了戒
164,114,鈴見
86,198,眞木
147,50,嵩下
77,51,安濃
134,104,伊勢野
44,184,井根
88,246,井野川
74,248,一花
100,182,右川
186,92,浦志
59,250,園生
227,127,横室
119,16,岡武
202,117,岡峰
55,42,下高原
51,40,嘉野
249,205,河鰭
53,101,角和
176,76,葛上
204,250,岩前
82,23,吉年
45,81,杵島
210,227,金住
209,216,隅内
6,122,栗巣
171,134,鍬形
41,93,須坂
111,47,真栄
87,127,深迫
136,107,新舘
14,251,上瀧
133,96,庄原
23,187,小野垣
3,98,小栗山
227,110,勝吉
102,165,十島
168,8,志原
86,255,山滝
164,197,坂牛
245,114,斎間
73,63,最勝寺
19,23,合六
143,128,高槁
225,249,午来
146,255,伍賀
77,203,五位淵
44,239,古根村
90,200,古我知
241,126,穴口
245,145,竹味
73,6,地野
21,16,達城
165,24,沢橋
191,48,瀧上
179,208,大嵜
221,3,大牟礼
147,8,大社
115,121,大光
0,139,大給
50,193,太平
172,209,村藤
126,190,村枝
33,105,草別
190,201,倉兼
118,124,前東
35,231,前羽
103,219,泉口
178,136,青原
30,75,西風
139,82,西入
86,83,西堂
238,165,清水谷
197,26,正富
248,33,人野
82,37,神先
42,235,森奥
167,231,新松
57,32,触沢
74,111,六波羅
136,3,湧田
155,173,門別
96,26,箕島
189,47,桝川
214,53,鉾立
16,233,鉾田
18,217,宝代
122,190,穂波
120,115,幣
93,119,武友
51,31,冨嶋
222,150,富倉
204,190,尾出
196,173,白津
173,56,日和田
56,248,日野沢
191,198,楠根
112,55,鍋沢
174,109,内西
64,178,道正
219,221,道坂
57,174,土出
11,182,田野岡
128,196,田名瀬
225,164,田中館
240,90,田地野
227,207,槻舘
139,202,槌野
84,210,月居
196,149,桑平
16,48,熊地
120,18,曲尾
168,149,牛頭
1,123,宮鍋
49,14,宮橋
159,117,吉郷
227,66,岩腰
150,94,岩ケ谷
250,5,岸名
123,220,外輪
42,103,家山
93,150,下水流
90,150,下高
101,8,桶野
33,33,岡中
168,222,浦里
166,172,浦久保
68,230,羽谷
213,179,宇和
123,75,右松
55,233,茨城
26,206,一の瀬
149,235,磯沼
35,2,伊辺
21,253,伊堂寺
248,211,庵下
79,2,粟沢
111,35,城戸崎
123,130,上堀内
19,73,上場
79,79,床
247,151,尚
103,97,小斉平
47,111,小永吉
220,207,出永
138,129,鹿瀬
103,60,志太
196,122,三治
114,24,阪尾
39,99,佐々原
206,154,佐桑
165,51,佐久山
124,218,根深
112,194,高久保
27,135,荒毛
23,69,荒西
88,107,溝垣
82,13,江浪
134,10,江東
75,168,江沼
44,232,恒本
36,41,公家
52,39,古町
29,5,古跡
163,140,原永
239,97,犬走
162,23,茶本
152,132,中子
87,200,中津井
107,248,仲野谷
149,9,長畠
232,150,鳥浜
157,29,鎚持
223,124,蔦井
207,234,釣部
179,150,鉄田
175,1,天摩
60,215,伝宝
73,219,田胡
68,232,土佐谷
215,82,東武
98,211,大矢知
229,96,大江田
225,113,袋谷
122,182,村垣
90,9,草分
56,207,倉冨
183,2,船久保
43,183,洗川
143,174,泉保
147,242,赤瀬川
160,208,正山
116,113,畝原
94,124,杉保
68,102,水吉
103,154,針木
175,29,湯
241,172,熨斗
72,140,廣畑
39,72,脇中
16,131,慮
177,110,立澤
166,132,有年
195,208,薮口
145,76,矢中
203,132,門畑
226,173,名古路
75,254,無藤
143,206,湊屋
67,225,宝亀
183,146,平国
85,145,冨木
88,146,冨上
138,109,百本
144,43,美並
145,69,飛鳥馬
63,119,繁山
69,231,繁岡
53,16,八重田
195,157,八高
118,55,八軒
79,224,拝郷
173,33,馬鳥
33,212,能渡
130,202,南塚
163,133,南中
132,136,藤賀
96,170,森道
74,124,桑迫
236,109,沓間
137,242,隅山
43,191,空井
210,240,競
10,92,魚川
23,68,居波
160,90,去川
121,229,牛尼
163,205,久語
165,241,吉儀
43,173,吉延
239,209,岩代
100,137,岸和田
211,125,鴨沢
132,172,叶田
206,81,楽満
5,80,柿並
199,49,夏木
135,55,嘉茂
156,147,下川部
67,219,遠江
20,30,榎波
11,233,永屋
6,29,瓜生田
40,69,宇垣
93,22,一ノ木
3,6,磯畑
150,51,衣畑
78,246,粟竹
247,50,後口
242,89,信
225,126,常富
193,230,常沢
109,84,城元
229,137,城越
24,90,上澤
33,57,上泉
171,185,菖蒲谷
200,187,小飯塚
41,134,宗山
163,139,宗光
177,99,糸井川
253,181,氏部
243,230,志戸
163,188,四十万
221,106,弘川
52,32,更井
3,16,荒地
64,34,高輪
72,50,今上
44,160,今嶋
126,244,根角
63,31,佐潟
119,50,在津
88,244,坂路
6,212,笹俣
205,220,三ツ山
179,86,三和田
232,77,山舘
255,6,山入
101,75,柏岡
137,133,播野
65,40,二野宮
80,107,鍋
104,90,道籏
252,120,堂森
183,53,藤広
152,11,島藤
192,163,田福
224,107,田中井
6,226,天水
252,53,追木
88,247,津組
53,7,長与
170,54,長命
96,19,樽野
125,25,谷勝
31,171,大木戸
165,160,大附
23,184,大条
211,204,大守
136,203,増澤
142,237,倉村
45,41,前寺
243,117,浅上
78,94,先名
74,7,石寺
120,68,西中川
5,217,檜皮
2,164,脇水
141,196,林中
135,26,里本
177,75,夕
74,164,有城
109,177,友塚
0,92,木又
119,230,明壁
12,193,又井
247,162,麻場
164,79,北江
168,62,北隅
17,110,鋒山
246,14,芳我
242,222,平永
207,110,鮒田
144,138,淵岡
77,40,武南
196,71,布引
92,188,桧野
135,178,尾首
68,208,飛谷
201,227,番沢
201,97,飯
171,223,八藤
177,216,八久保
244,183,箱根
215,43,熊部
69,179,隅川
90,52,空野
34,151,金栗
157,82,旧井
85,208,宮負
156,26,久保薗
153,164,久々江
39,62,久一
135,32,吉城
62,206,岩久
12,96,館崎
164,82,岳下
26,5,外林
70,184,貝阿弥
164,176,花渕
156,76,家住
195,56,沖吉
245,6,横須
126,129,奥見
250,4,越口
238,47,越河
11,166,雨池
219,76,一島
44,137,一ノ谷
150,106,伊久
113,180,安庭
79,192,安杖
144,232,西小路
201,94,西幸
103,251,生
44,3,清都
158,31,水流添
96,106,吹留
208,245,須賀川
230,107,森治
166,77,新宮領
227,67,床枝
120,25,庄林
147,147,小屋野
20,242,重友
35,208,渋佐
129,144,洲之内
120,22,宗沢
50,47,宗円
170,152,四角
203,222,山富
124,39,坂瀬
50,34,佐土
251,82,佐仲
231,92,高長
68,165,高寄
78,71,光広
93,179,玄間
180,39,硯
99,106,郡谷
118,172,中津山
91,144,長綱
236,229,釘島
248,44,鉄尾
19,64,殿谷
193,148,田橋
57,119,田名
179,50,登立
61,10,島下
240,91,藤次
94,68,徳中
91,147,徳門
155,216,敦沢
41,88,繁松
203,85,筑摩
30,39,智原
242,183,知原
114,46,谷辺
24,41,谷後
55,149,瀧山
30,192,瀧井
98,140,大墨
215,58,大達
155,26,倉賀野
88,72,千足
35,15,仙葉
231,172,石畠
241,25,青柿
104,179,薛
0,97,檜尾
216,101,戌亥
222,108,國武
224,33,國田
83,245,脇内
76,229,和宇慶
41,215,六本
205,94,良元
125,113,頼実
239,25,友山
26,98,勇崎
144,95,野洲
113,108,木滝
217,49,木郷
1,57,毛木
48,122,亦野
7,143,北庄司
246,22,峯苫
38,67,保土田
240,146,米納
89,31,米沼
183,96,平盛
29,175,福平
168,220,福松
213,141,武方
153,129,冨手
139,42,樋園
249,218,西園寺
226,61,隅本
139,130,具島
21,148,駒橋
50,1,金関
165,3,近見
196,155,玉澤
255,194,郷地
226,115,牛塚
5,113,久々宮
168,38,吉浪
124,42,亀口
191,72,希代
204,159,岩河
81,93,苅宿
32,181,鎌内
113,93,叶井
22,54,覚田
254,42,街道
244,161,皆上
63,71,花宮
57,222,加計
7,39,下雅意
179,138,永嶌
127,138,影本
20,210,運上
161,36,磯松
156,40,井宮
241,159,安塚
82,133,正谷
73,150,成行
3,65,須方
214,224,陣
106,84,神丸
253,226,信楽
255,192,上舞
97,5,松繁
226,132,小浪
28,153,小徳
141,73,勝地
235,184,勝丸
71,185,出下
180,214,住元
202,49,式
57,197,糸野
156,33,才賀
170,206,黒巣
128,82,高嶌
220,128,弘永
167,233,広林
192,39,互野
82,65,互
6,24,元安
179,174,兼広
226,28,月野木
61,105,祁答院
220,66,栗間
39,136,天畠
13,87,田原迫
53,13,田谷野
56,117,東清
69,200,藤久保
0,220,道城
8,45,栃久保
192,174,縄井
157,25,南家
94,87,南日
19,220,二宗
18,193,納土
249,223,梅永
164,174,粕尾
126,250,箱岩
27,190,八郷
210,183,坪江
173,46,蔦本
141,107,辻阪
192,99,中留
77,188,中新井
80,243,竹江
216,110,池信
109,180,樽角
50,141,谷亀
95,131,泰田
175,71,村畑
234,48,善岡
213,209,前岨
87,243,舛沢
210,179,舛永
35,49,赤畑
123,48,赤波江
174,104,半村
104,56,饒波
252,232,藏本
154,39,櫃田
215,164,檜物
135,125,拵
253,89,嶽野
219,36,脇原
48,24,和手
236,75,冷牟田
255,206,領木
55,32,余頃
35,176,由佐
24,120,薮原
64,69,柳場
111,11,矢元
197,69,野又
253,233,門垣
142,200,目木
51,152,名淵
218,28,万場
175,75,末山
184,206,麻井
251,93,本上
22,228,鳳
166,137,抱
186,219,福積
152,81,冨所
138,218,浜戸
40,13,蛭沼
4,36,枇榔
229,208,肥留間
241,112,比毛
90,24,比田勝
233,162,石灰
162,38,鍬塚
213,165,桑高
40,15,熊迫
168,66,熊内
184,90,沓澤
89,83,串岡
27,141,金縄
116,58,金清
211,103,京免
121,40,弓手
165,123,久米井
6,111,義山
89,44,義
159,82,儀同
225,140,岸中
105,184,樫浦
222,138,角家
158,60,河見
246,178,夏
245,87,加茂田
122,246,加井
155,123,下入佐
190,101,下栗
186,214,屋形
232,237,岡住
80,139,越賀
238,125,永溝
144,101,影近
234,129,印東
224,105,稲倉
14,158,稲妻
14,203,衣鳩
255,188,安部田
78,244,古株
191,228,青天目
73,100,声藤
150,249,清浦
112,200,星場
141,123,世田
222,154,水之浦
214,219,仁戸田
252,217,真水
27,198,森孝
246,35,新夕
24,101,新ケ江
41,234,上良
194,206,上南
216,24,上寺
22,24,上角
214,180,小佐
217,85,小屋畑
216,70,所司
192,82,出宮
193,8,秋富
230,57,宗清
220,220,宗崎
160,30,宍野
200,179,式町
82,240,算用子
247,106,山邊
74,99,山洞
23,246,山頭
208,183,崎久保
91,255,弘末
56,60,広町
66,136,御簾納
25,173,五十田
79,153,島部
164,206,棟居
10,95,湯峯
88,65,道古
21,179,奈良場
250,203,鍋内
3,165,楠村
229,72,二重作
12,13,入枝
46,170,入本
67,162,年岡
84,27,年見
17,46,能任
253,240,櫨
183,81,畑江
76,6,飯渕
226,126,飛弾野
231,93,塘田
126,207,唐松
151,98,唐下
97,146,土蔵
214,41,田之脇
178,113,天春
79,133,的井
17,106,定政
32,53,堤本
249,104,辻松
4,59,朝比
206,96,中野谷
206,20,中磯
0,239,谷高
47,195,太楽
141,133,蔵根
162,186,早
102,146,前角
214,69,尾畠
253,130,與那嶺
96,65,脇沢
193,217,錬持
109,31,蓮岡
191,80,練木
130,188,簾田
46,100,立
75,63,里深
83,203,葉賀
40,36,有嶋
50,208,唯木
251,205,油利
197,103,矢北
167,23,矢武
240,212,矢郷
152,199,目羅
55,232,明村
2,15,柾
233,63,堀信
102,143,牧野内
39,254,牧之段
254,184,牧石
70,124,北守
166,129,方
52,178,穂山
129,141,片峰
5,123,米嶋
228,6,平久江
65,42,平安座
226,27,福和
78,142,福部
211,91,府内
204,71,冨迫
79,58,富増
110,178,枇杷
171,26,船
174,184,橋渡
160,122,橋永
24,210,居原
145,195,宮之前
187,249,宮ノ原
183,66,久保崎
73,38,久重
142,175,久吉
109,207,久楽
114,98,貴戸
121,27,雁瀬
50,154,葛間
103,167,梶島
19,113,角出
252,193,貝嶋
170,117,絵面
54,169,海内
235,69,嘉
193,218,加倉
145,210,加瀬沢
30,179,下之園
166,174,岡鼻
168,225,押上
231,8,奥河
133,54,延谷
188,211,永濱
215,6,浦橋
244,150,一方井
5,0,井添
15,65,為末
163,199,伊勢脇
252,0,伊師
64,148,伊香賀
37,222,阿津坂
50,228,阿
23,226,狭川
164,90,泉地
186,159,川成
38,179,仙場
57,53,切畑
239,234,赤路
65,39,青屋
239,181,西国
78,208,清長
206,145,須恵
178,249,真室
228,11,新発田
122,3,城門
92,249,小馬
164,233,小若
86,136,宿沢
46,174,住広
183,103,宗高
137,49,朱雀
48,2,鶏内
185,20,欠畑
36,210,月元
73,194,権正
99,57,胡本
154,123,虎井
87,34,幸脇
30,58,広畠
200,40,江積
165,73,行岡
136,200,穀田
121,227,砂庭
4,26,三奈木
90,168,始関
169,220,枝吉
124,49,芝宮
12,19,主
198,226,湯脇
127,46,棟久
45,178,土畑
121,212,土地
63,55,登石
121,11,天瀬
245,69,辻武
93,155,津ケ谷
108,26,長滝谷
179,28,仲屋
52,31,中野内
193,69,池沼
10,233,炭屋
61,75,谷矢
59,125,大鳥居
3,28,大下内
150,128,村井田
242,232,祖堅
2,247,千阪
54,75,赤岸
181,105,石埜
73,57,石床
115,225,西宇
27,244,生部
176,99,新甫
121,79,小梁
218,207,小澄
243,60,小寺沢
221,162,小鴨
236,108,饒平名
164,120,搏松
236,140,和田野
35,8,和沢
241,90,立場
6,160,友景
146,64,矢合
208,109,野表
37,148,木口屋
151,36,民
138,238,麻木
14,64,北永
121,158,柄木田
4,157,武塙
66,61,冨士井
165,75,婦木
192,79,百鳥
201,255,鼻崎
135,138,樋詰
243,76,肥留川
44,168,飯酒盃
179,23,繁村
189,151,柏淵
53,189,波
55,211,日小田
61,40,楠葉
65,7,奈倉
167,7,道法
123,74,堂込
13,142,初瀬川
110,26,金浦
161,163,近成
115,162,居上
22,164,牛見
69,252,丸下
177,184,館洞
166,251,間城
208,49,釜元
140,176,角銅
223,126,角橋
34,182,家富
183,109,家納
41,194,嘉指
34,189,翁川
47,89,横出
45,169,遠見
124,244,永重
233,143,永住
23,109,宇江
151,147,一海
67,189,磯道
50,30,井野元
41,177,井手野
182,124,為本
240,133,伊元
222,115,伊規須
242,200,伊賀崎
6,178,安慶田
127,144,阿知和
170,129,舟岡
105,169,秋竹
247,193,若命
75,37,斜木
68,65,漆坂
131,195,蒔野
38,79,山波
62,86,三堂
10,42,三鼓
215,251,窄口
237,120,済田
39,243,最相
141,234,佐味
227,112,今居
107,215,黒塚
92,250,国平
22,127,光行
195,124,御牧
253,131,御山
223,3,戸賀沢
227,217,見付
222,203,見尾
19,79,見川
168,159,犬石
137,237,穴倉
136,43,軽石
141,92,畦元
177,144,栗俣
35,68,熊見
231,142,仲埜
92,148,長幡
238,231,長淵
154,237,長林
95,81,坪池
245,208,鶴若
203,64,貞金
221,109,定広
16,137,田作
19,153,渡村
190,216,都外川
153,244,土岩
130,11,土松
116,150,土生田
49,56,土内
219,207,桃川
181,227,中材
24,201,中玉利
62,233,淡中
193,70,谷木
204,180,棚内
38,22,濁沼
199,116,鷹紫
96,87,大蔦
163,181,蔵光
67,94,早房
247,109,早井
8,24,倉迫
39,19,曽利
101,149,禅院
28,38,千鳥
180,78,切江
51,148,藤久
3,192,椚
226,186,良原
147,220,揚石
186,210,与安
114,72,由藤
173,97,有重
184,1,有近
246,54,矢井
27,240,木曽田
158,142,名定
237,126,万城目
244,87,本條
102,184,本合
173,3,北間
239,14,房田
10,204,傍田
208,217,芳垣
94,172,壁屋
31,85,兵道
17,71,武道
184,183,不二
42,167,飯澤
177,167,畔川
8,149,八賀
140,141,幡手
222,104,伯野
51,218,萩岡
220,156,日野林
144,186,二本
172,24,奈佐
48,105,洞山
213,99,藤近
72,180,原明
30,126,見立
253,42,絹笠
97,184,月
183,193,恵比須
235,162,郡川
19,202,栗塚
120,8,宮繁
87,235,久冨木
86,9,久富木
7,150,久宗
8,134,吉波
37,250,吉添
12,194,鴨狩
234,89,滑
135,189,掛巣
151,214,家藤
205,168,加谷
132,23,加崎
196,82,下畠
219,181,黄金崎
135,66,押目
190,133,塩足
98,133,榎林
29,87,越高
3,64,永桶
33,134,引場
59,175,稲付
71,43,井鍋
114,235,井花
189,44,飴田
4,142,阿萬
196,98,古頭
116,155,石成
74,150,請田
204,41,西嶌
152,253,西高
121,51,清澤
222,85,勢理客
223,215,杉嶋
100,46,水馬
95,161,真玉橋
39,129,森見
128,195,植手
244,184,乗原
198,193,上舘
18,251,小田崎
190,162,小船井
139,84,小正
26,146,戸野塚
77,204,五輪
61,60,光増
36,77,左納
250,116,在本
200,136,坂柳
212,233,四村
125,14,志場
88,232,志渡
254,163,氏橋
165,70,時長
71,114,種石
243,99,渋野
157,66,重栖
99,246,出谷
25,169,小井川
62,229,築比地
138,126,淡田
250,61,達家
143,120,沢永
7,96,鷹嘴
240,79,大泊
3,208,待山
8,122,太崎
166,138,村脇
139,15,村浜
63,215,赤井沢
221,112,石踊
243,122,西吉
180,212,盛野
201,80,清国
94,143,政時
41,201,成末
24,158,勢
37,35,陣田
133,174,真次
237,245,新浪
131,243,新平
228,31,新迫
172,7,城殿
238,101,上ケ島
69,130,中洞
67,243,中浴
89,187,塚辺
103,149,釣船
193,240,田雑
123,173,土井原
194,70,土濃塚
160,110,土部
42,23,島仲
24,247,東京
149,227,東木
210,124,湯治
47,237,奈良間
243,189,楠崎
125,19,納戸
73,254,能丸
158,206,梅根
222,67,梅藤
199,90,梅里
242,21,白村
137,43,畠井
20,44,飯井
213,93,飯利
14,89,樋掛
135,244,美浦
119,224,筆谷
225,222,阿田
96,37,粟津原
157,208,安味
225,120,伊良原
212,25,稲又
21,77,瓜谷
35,152,雲林院
30,80,越部
183,185,榎村
149,115,塩口
234,98,塩脇
205,16,恩賀
199,228,下堂薗
98,193,嘉部
2,83,角坂
21,211,葛和
33,19,甘中
55,37,丸上
165,153,岩端
243,107,亀丸
179,155,吉種
133,255,宮保
30,45,橋都
128,34,玉地
178,20,金室
160,47,駒澤
6,39,見浦
89,21,後明
182,147,碁石
232,216,光定
221,133,綱井
47,216,行松
251,191,国奥
82,247,根矢
122,200,笹林
7,103,山敷
149,118,市居
17,165,市石
184,201,志谷
205,197,糸沢
170,13,漆野
245,1,芝沼
255,200,宗森
240,137,宗前
34,202,十代
79,84,初崎
182,33,諸根
100,181,小股
210,208,庄本
234,223,松門
180,41,照
1,72,鞆
179,250,蠣崎
35,203,臂
197,79,綛谷
252,64,簗
0,141,渕之上
22,202,櫟原
22,223,梛野
104,96,廣部
47,168,鎌崎
110,75,力竹
98,68,両国
130,3,里谷
214,42,与口
146,140,柳葉
143,127,薬真寺
99,224,野正
213,76,木橋
33,183,密岡
221,98,麻尾
203,197,弁野
241,19,平八重
102,226,兵田
190,83,兵
151,74,福倉
84,151,百石
191,142,塚沢
25,32,辻子
199,135,潰田
126,88,鶴森
50,71,庭木
171,51,田根
181,119,田瀬
156,181,田中島
244,15,渡士
151,244,東別府
63,154,藤関
236,194,堂面
186,53,徳納
94,184,奈良谷
82,20,那知
130,197,南利
37,51,猪腰
2,255,谷名
184,184,棚網
36,218,滝ケ平
220,112,大味
54,84,大冨
93,97,大井戸
8,12,多武
22,205,多気
201,138,村武
5,215,蔵品
218,146,相武
9,161,倉八
88,59,倉坪
36,243,蘇原
68,126,前元
32,58,節田
41,33,能海
71,73,簗取
19,168,廣松
184,240,廣重
196,50,有滝
46,81,勇元
223,249,柳武
153,213,矢巻
170,37,門平
150,171,門多
238,172,茂刈
51,216,綿本
247,86,本白水
67,235,保富
106,209,保土沢
205,27,保沢
120,254,片畑
126,58,壁下
186,139,平渡
118,29,平河内
205,86,福垣内
76,88,冨士谷
220,78,富平
120,159,富長
17,161,不藤
110,237,浜見
190,78,俵田
74,52,桧木
238,128,美沢
117,65,備
77,58,畔津
82,239,畑林
16,67,粕渕
191,14,梅月
79,23,江目
155,154,広庭
76,64,口脇
45,213,後長
207,176,古屋野
239,163,現王園
91,55,原藤
19,86,鍵井
176,207,見角
18,182,熊瀬
84,244,串
55,38,近持
226,200,玉内
177,246,吉形
97,132,亀永
41,162,亀ケ森
87,214,紀川
59,1,喜多島
239,220,滑田
178,218,梶崎
5,204,海端
159,166,菓子
102,162,河藤
229,191,下堀
99,168,乙成
26,61,押岡
185,102,延近
52,42,益谷
79,48,鵜戸
74,217,一藁
203,13,井之川
161,86,安房
39,249,安吉
140,185,高鷹
229,92,西川路
185,6,西成
54,46,西庄
79,194,杉垣
50,143,仁川
222,199,真原
63,63,深道
25,15,深沼
111,232,新改
102,213,信長
251,149,上敷領
0,43,上大迫
38,221,松留
145,141,小豆
251,209,小椎尾
3,83,小鍛冶
198,54,小蔵
75,226,小飼
89,139,周佐
23,206,実盛
135,127,室住
89,93,鹿野内
107,205,汐谷
253,8,指出
218,161,四季
14,126,山蔦
85,150,山光
232,125,三毛
106,137,三高
185,242,笹垣
217,233,座覇
113,69,佐嶋
153,71,高鶴
24,76,棚部
22,187,地頭
166,86,中兼
131,217,中谷内
133,6,中里見
140,190,仲町
62,239,忠岡
84,44,昼馬
220,70,鳥元
89,10,津越
37,230,椎本
75,112,鶴元
174,141,土渕
42,109,湯崎
68,103,栃窪
127,51,椴山
185,179,大極
38,20,大我
135,106,大榎
128,60,袋田
26,192,苔口
22,23,太島
110,152,孫崎
245,76,草次
254,132,倉ケ崎
71,211,川之上
243,215,川延
232,7,千年
202,45,千光士
186,135,雪松
123,117,赤丸
88,92,生木
48,215,神社
194,138,南元
4,18,與儀
103,191,六井
38,99,両瀬
105,106,龍口
192,242,竜川
254,217,立平
94,43,立中
146,27,与川
10,28,由村
96,211,涌沢
0,210,矢鳴
168,188,野母
42,97,面家
52,251,鳴嶋
20,249,名古谷
98,244,蓑部
83,112,麻谷
172,246,片多
147,119,米玉利
32,116,平綿
50,105,平仲
72,15,仏円
171,179,福万
209,76,服藤
234,29,武波
231,26,浜先
180,53,浜咲
160,78,品村
161,54,反中
148,204,柏浦
159,111,博多屋
183,95,楠林
251,62,南幅
72,49,月永
67,62,金上
210,177,金氏
98,137,蕎原
100,99,橋満
187,5,久々湊
116,12,関端
23,13,間根山
104,236,梶内
222,70,垣口
220,80,賀村
106,50,花巻
222,136,花ケ崎
250,150,河東田
63,35,家久
92,13,下神
186,207,岡成
72,199,押鐘
117,87,押手
52,124,遠目塚
67,51,延田
233,148,越場
71,154,羽澄
207,42,宇和田
174,26,右城
94,112,胤森
93,62,稲用
28,75,一藤
196,181,井津
240,30,井河
198,81,伊代田
169,138,伊妻
213,181,阿子島
226,107,兼藤
239,60,真本
148,120,森鼻
156,240,森新
188,69,織間
101,185,常包
128,41,松冨
74,117,松ケ迫
199,20,松ケ谷
199,202,小緑
84,11,小嵐
35,233,小谷津
36,179,小原田
167,110,春見
193,173,重実
153,24,宗吉
23,82,朱宮
115,197,手代森
124,121,湖城
48,87,菰原
65,196,御村
32,176,広納
47,241,鴻江
122,96,黒越
74,79,今利
54,231,佐渡谷
13,177,坂橋
118,182,市崎
201,147,志津野
37,217,糸村
143,102,寺瀬
64,173,七五三掛
218,193,尺田
78,122,若城
73,125,田部田
44,103,田之岡
91,184,店橋
44,122,天宮
151,32,辻出
100,134,槌井
123,163,椎貝
190,68,中明
221,219,竹盛
136,95,大硲
239,172,大智
77,219,大志万
183,253,束村
243,40,浅沢
20,241,川底
79,248,千倉
32,55,石代
62,28,斉喜
236,253,清水田
222,116,是安
117,190,瀬戸島
216,178,進野
40,27,神達
106,250,上向井
168,47,沼野井
34,145,小野江
186,11,小名川
82,153,小筆
133,65,都合
194,63,眞崎
119,181,嶌村
140,34,國澤
64,35,落水
16,142,有久
127,29,友坂
189,51,柳川瀬
26,218,矢野間
217,169,木藪
204,130,木戸岡
72,32,明尾
176,138,椋橋
154,173,本持
76,59,堀坂
109,89,北湯口
154,18,淵崎
62,145,福智
72,111,布井
65,167,富名腰
182,57,富上
58,95,浜守
246,107,半
222,78,八頭司
115,27,八家
205,213,猫塚
42,211,内納
200,113,嶋屋
241,239,土工
77,92,小田上
42,242,玄田
198,216,原富
94,156,月成
104,101,窪添
111,67,駒瀬
36,42,九沢
249,252,金馬
245,206,郷戸
141,101,弓倉
80,235,宮宅
33,224,宮久
194,218,岩柳
200,225,漢
92,124,貝山
175,254,皆倉
138,160,海渡
96,151,賀久
106,70,岡副
194,71,遠入
170,32,園辺
189,39,園城
94,9,悦喜
9,110,浦畑
1,33,姥貝
82,131,鵜崎
168,116,井面
99,235,井馬
188,250,粟原
92,173,古用
160,218,小谷川
52,174,小斉
62,214,春谷
128,9,戎本
150,127,戎崎
214,56,若桑
236,135,蛇石
7,112,蛇沼
253,109,式守
227,150,児林
117,84,資延
159,98,枝尾
187,9,子田
106,155,四橋
25,150,山枡
0,171,三冨
169,33,桜野
35,71,佐世
109,8,佐久真
242,243,今平
15,56,今部
68,133,黒水
189,99,国金
97,58,行森
71,164,甲斐野
34,109,公手
246,43,菰口
237,58,戸沼
141,166,谷敷
30,169,端場
110,68,知場
23,52,池成
54,118,築紫
150,56,竹高
109,179,中一
173,112,中畔
67,109,仲家
180,28,津秋
225,15,渡沢
44,182,島嵜
192,113,嶋森
219,24,藤芳
139,109,道元
51,4,道免
53,223,二関
252,5,二重
120,237,二之湯
138,3,日出山
159,42,谷内口
237,235,谷知
11,153,大中原
250,198,大谷地
191,222,大松沢
35,35,大字
171,228,大桐
18,155,大王
63,80,泰楽
183,244,太村
227,58,多留
188,86,多並
204,120,多ケ谷
25,190,足木
34,204,相谷
15,198,前塚
29,26,船屋
225,6,浅野間
212,160,泉澤
21,215,仙庭
85,122,年代
191,192,濱元
35,159,渕瀬
213,83,榧木
241,231,竜本
184,191,裏田
233,107,頼住
48,102,邑本
92,175,友廣
82,92,友宗
200,254,柳山
0,68,柳光
130,87,野嶽
123,35,満重
154,230,万羽
39,153,万井
225,147,埋金
254,19,北古賀
105,9,北潟
14,86,峰沢
181,51,鞭馬
141,121,平良木
196,77,福頼
221,17,幅崎
163,153,浮貝
182,199,浜比嘉
19,247,浜館
200,161,美野田
230,206,美尾
182,74,樋谷
185,76,比企野
121,185,飯本
218,230,繁森
16,158,反橋
241,148,八色
50,132,八十嶋
47,94,八汐
189,70,迫中
200,175,馬塚
40,3,馬場口
131,13,納屋
246,68,摂待
95,253,高広
11,103,講神
194,241,行元
74,174,綱渕
144,107,広間
177,207,向当
84,199,互井
240,166,古正
29,196,原槙
209,197,恵川
108,123,隈田原
69,64,金矢
241,53,金太
61,190,金星
227,27,玉ノ井
20,134,久泉
237,96,丘
161,199,義田
30,242,寄木
120,17,丸瀬
79,71,丸岩
66,241,舘脇
200,13,巻渕
69,107,釜賀
229,210,葛田
239,184,垣迫
76,13,外内
4,46,横水
8,115,奥友
53,207,永芳
70,130,永間
140,27,雨野
76,148,宇久
253,81,伊平
3,170,伊高
44,40,以西
148,60,鞍本
227,131,阿諏訪
196,148,阿式
175,207,阿久戸
40,55,高世
37,94,跡治
144,20,赤祖父
107,241,西納
42,180,西長
158,104,正藤
202,68,水書
136,181,水主
127,180,針間
3,130,辛
63,135,親里
224,147,森豊
244,248,森康
157,249,織川
39,95,植崎
164,117,上向
148,201,上岸
41,226,上丸
147,77,小野地
119,225,小蔦
174,245,小谷中
119,138,国正
111,157,此川
152,220,今住
125,247,差波
106,236,肴倉
77,216,崎下
240,247,崎口
8,236,鯖江
149,226,志倉
158,210,時国
180,20,時里
80,82,若井田
240,170,主田
24,235,蹴揚
225,132,十二
193,55,出居
195,94,出塚
216,134,除村
255,160,勝治
202,248,小荷田
51,168,中向
103,144,中新田
100,38,中鳥
76,10,町原
49,142,津屋
34,130,辻栄
9,102,貞政
140,242,定国
83,183,天河
174,216,伝刀
184,56,殿本
113,125,田居
91,89,田嶌
147,236,渡野
63,141,土館
173,176,東堤
41,157,鍋井
171,115,鍋岡
58,188,南林
90,86,波切
73,174,煤田
24,97,筑間
80,15,地道
34,85,炭
61,222,谷萩
132,26,谷垣内
35,99,辰村
24,9,沢野井
49,160,大辺
49,183,大背戸
55,242,大津賀
142,100,待場
3,149,太田和
110,185,多々野
124,25,則定
163,33,蔵地
134,187,早部
65,152,操
99,53,想田
150,231,倉俣
38,181,前屋
196,199,舛森
2,144,眞島
22,115,濱名
253,12,劒持
11,58,鷲足
76,78,脇崎
52,190,李沢
50,75,来本
30,4,柳舘
227,187,矢能
207,170,矢延
0,159,野脇
30,106,野木森
76,156,門元
53,171,杢野
124,173,木津川
187,36,毛井
178,171,茂出木
4,199,鳴井
77,31,密田
76,26,箕野
13,118,麻生川
104,36,本房
170,128,本迫
209,16,本津
16,154,牧坂
162,24,宝槻
241,217,穂園
11,172,片出
35,252,片居木
116,35,米吉
32,38,兵後
213,247,分藤
74,204,福若
79,31,福持
110,14,福垣
98,52,福下
63,247,風呂本
62,118,布浦
9,21,百万
152,104,尾亦
35,192,八津川
14,145,伯田
40,40,川堀
30,79,五百部
56,223,顧
190,129,菰池
30,47,戸敷
145,121,古上
122,206,古賀野
152,177,元平
139,43,元嶋
37,197,犬田
8,19,権頭
134,125,懸樋
192,188,兼氏
35,182,金次
111,211,金宮
120,148,玉屋
196,204,橋沢
174,34,牛玖
168,125,久保江
177,91,久保原
76,239,久国
206,255,吉脇
219,2,吉部
156,80,吉玉
32,15,義間
36,60,寄藤
15,139,岩織
209,231,緩詰
183,25,蒲倉
82,225,外松
215,48,海老田
150,16,下代
97,193,音瀬
226,58,王田
107,91,曳田
174,19,鵜狩
181,96,宇津山
130,85,茨
216,42,稲島
154,163,磯中
116,34,伊尾
178,32,伊勢島
79,152,渥見
88,97,石政
252,198,西渕
230,224,西盛
102,85,政二
224,232,是則
68,251,垂野
185,40,仁上
63,140,神沼
104,22,神子田
86,158,森枝
225,205,新長
64,228,信高
34,208,松西
179,37,小浦方
233,73,宗次
20,253,手計
200,216,篠根
66,203,実政
181,154,室矢
101,4,寺司
228,135,氏江
202,69,孔
93,25,荒矢
227,148,高日
89,151,国土
26,179,黒後
140,3,黒仁田
45,29,今重
208,248,佐次
46,95,左口
171,245,砂井
40,188,最上谷
11,13,細道
127,104,札野
123,133,三ツ川
91,153,三栗
155,57,三味
242,242,始沢
172,136,市尾
46,39,師
8,7,志築
209,123,志満
37,93,南嶋
229,100,鳶
219,35,道島
173,212,藤正
212,109,筒口
241,77,田茂
204,124,田勢
144,173,田安
77,106,釘村
198,164,鳥川
76,115,鳥家
170,229,長副
216,52,朝戸
68,167,猪苗代
177,52,仲保
114,171,中和
156,95,中山田
248,244,大呂
246,159,大豊
142,242,待木
3,214,太鼓
254,34,前堀
81,139,銭田
108,27,舛野
86,55,赤林
85,75,西槙
163,35,西滝
215,111,水頭
46,12,水久保
181,23,須納瀬
124,54,須河
235,23,須井
75,245,真謝
66,58,南良
89,218,葭川
185,246,澤畑
178,1,朏
85,95,廣渡
203,223,國廣
15,237,六平
219,115,料治
16,170,立蔵
28,15,藍川
185,32,柳井谷
117,93,野々内
65,169,問山
59,243,明利
225,46,明城
168,194,湊崎
4,174,本屋敷
150,206,堀毛
252,75,豊富
46,192,峰下
53,54,平木場
70,209,福澄
51,244,俵本
105,189,百留
150,55,稗貫
74,170,美浪
181,6,美代
253,22,鳩谷
193,151,鳩岡
182,28,白籏
224,185,配川
122,49,波津久
163,105,波佐間
246,210,入里
1,222,深野木
244,233,畦原
56,153,恵村
215,242,郡田
156,24,錦野
88,195,暁
192,159,橋津
222,157,去来川
251,222,弓崎
113,206,吉敷
209,28,紀村
71,171,稀代
148,173,岸信
255,109,間鍋
39,216,刈間
105,143,樫部
109,23,階戸
3,225,皆瀬
127,102,海村
59,239,賀島
245,19,王生
151,5,塩森
235,79,栄本
133,204,栄福
165,71,雨川
205,22,羽迫
102,26,宇畑
13,124,宇多川
195,89,井合
78,255,為重
194,43,安和
59,40,梓沢
242,190,葦原
184,143,阿島
185,71,計盛
255,134,深須
60,71,新毛
248,230,織
127,177,植戸
204,54,植井
119,222,上肥
109,142,上ノ園
134,73,松房
22,5,小用
141,241,小松谷
40,170,小妻
68,6,小井出
73,182,出家
118,32,十林
252,16,守沢
148,30,主代
147,241,実本
251,234,寺東
203,4,獅子内
202,193,指山
58,190,山佐
163,21,山根木
221,242,山ノ上
252,237,三柳
175,162,座古
61,42,根守
103,241,江洲
149,87,江向
75,15,江隈
82,36,後岡
38,216,五十公野
61,136,原薗
209,225,元重
0,172,大朝
223,47,大馬
101,251,谷生
39,152,谷米
221,228,樽石
114,123,鍛
113,208,段下
170,84,池貝
244,98,池迫
223,32,築沢
40,252,中央
86,124,中元寺
254,28,朝広
51,80,長曾我部
203,194,定成
200,232,提中
15,122,田原春
5,175,登口
139,7,土手内
56,18,大宗
95,213,蔵並
201,98,善光
117,15,前垣内
169,178,前屋敷
32,90,川那部
117,177,千尋
176,70,千竃
58,224,石搏
223,85,石城
22,239,青羽
69,36,西水
111,38,西垂水
80,134,正城
27,71,瀬ノ口
65,16,水地
75,175,水ノ上
145,20,推名
97,125,須田山
144,69,繞波
54,219,廣崎
215,143,鈴島
157,246,力田
128,135,立嶋
188,233,雷
110,140,頼永
37,180,淀縄
48,44,余宮
55,30,涌本
137,79,有波
12,203,友石
192,221,柳森
36,8,矢埜
41,210,餅井
173,184,餅
180,242,木月
57,80,桝見
6,1,槙谷
129,43,本常
76,189,北小路
159,195,望木
188,64,法量
82,73,尾篭
145,59,尾角
24,214,肥高
209,81,幡山
122,104,白島
55,255,波呂
208,8,二井谷
104,35,楠森
64,116,南孝
74,104,那谷
137,155,那倉
51,185,銅谷
177,233,藤白
18,130,藤兼
120,106,嶋元
23,164,仁張
156,111,月崎
97,176,駒板
151,13,桐木平
183,84,玉理
214,64,魚山
196,125,宮之脇
230,134,久保市
185,14,久部
138,216,鬼本
154,1,喜藤
99,245,岩住
163,89,萱
217,252,釜瀬
210,209,海下
189,85,花盛
243,169,花
99,75,河浦
180,65,家
154,175,佳
80,64,下向井
22,80,岡利
203,213,岡治
245,248,延与
180,135,雲雀
143,90,浦地
102,75,臼本
224,163,宇郷
92,123,印部
67,237,一本松
140,37,井苅
212,6,伊大知
68,159,伊世
26,200,伊尻
41,173,伊舎堂
92,235,安良田
126,141,旭岡
189,119,葵
184,179,阿辺山
2,116,神橋
195,216,真篠
45,201,真見
220,253,森多
230,111,植高
209,2,上馬場
164,72,松寺
57,120,松行
92,127,松ケ下
121,247,諸正
43,120,諸我
229,219,秋尾
214,108,七枝
200,52,式見
9,203,施
137,69,志保沢
187,117,山信田
98,202,山場
222,26,山香
52,246,懸川
14,38,見形
75,240,後原
189,210,光家
251,215,厚
134,64,幸治
97,123,江嵜
149,75,溝延
164,109,香下
180,25,高花
124,178,国江
199,54,黒羽根
197,36,黒嶋
36,38,此本
211,6,今後
227,192,今澤
124,168,根笹
113,86,艮
104,46,佐津川
59,8,中善寺
70,153,中之薗
103,224,仲門
220,6,忠平
168,120,張江
141,145,長沖
101,142,長通
153,122,鳥渕
22,218,塚部
213,114,栂尾
255,167,田海
181,77,田外
4,79,田水
45,6,塗
30,244,唐笠
108,66,東真
126,133,東瀬戸
89,169,東盛
158,83,東峯
53,18,中小原
217,241,中宿
180,225,竹多
143,204,馳川
180,84,地家
31,135,谷広
5,16,棚山
181,166,大港
25,183,大兼久
171,34,大科
138,195,大益
73,208,多々
170,43,早狩
80,70,銭場
125,224,舛添
83,106,千保
222,21,青坂
124,2,西鶴
211,168,生谷
200,255,生盛
7,165,簀戸
68,70,炬口
162,43,澤部
57,176,櫃口
24,5,檜木
22,214,垰
128,74,哘
90,138,和歌山
21,9,和井
205,160,蓮野
82,194,旅
223,97,理崎
197,8,落部
174,247,矢冨
193,40,木材
161,29,網岡
48,230,堀島
127,54,堀光
10,153,蓬来
108,238,宝金
178,59,米加田
48,253,平薮
235,107,平丸
26,36,福政
11,59,富士野
151,138,浜嶋
176,20,苗田
108,92,飯富
127,57,櫨本
107,46,播磨谷
232,162,能智
173,135,年森
34,70,二色
60,63,南迫
54,209,楢岡
50,52,内牧
200,49,奈良木
58,50,徳網
239,219,藤若
223,200,正崎
8,101,五郡
81,134,胡田
58,5,胡谷
50,138,源間
233,248,元藤
68,161,月沢
204,68,金友
79,253,琴
57,191,錦古里
99,218,魚屋
161,230,宮住
56,202,久保野谷
238,79,吉方
98,239,吉栖
134,34,喜久里
148,50,岸森
202,12,丸市
158,153,関亦
37,98,茅本
96,72,兜
226,33,掛上
48,69,掛下
217,138,外西
65,6,下国
158,140,延永
87,152,越島
148,86,永添
177,169,永口
232,121,栄川
203,8,栄森
222,38,浦滝
94,67,浦城
50,168,浦江
233,56,蔭西
149,240,一
119,91,井開
181,140,為則
26,97,伊内
61,161,阿部倉
165,49,瀬戸崎
91,192,菅宮
234,76,水平
195,125,神西
20,159,深萱
69,108,森家
167,157,信賀
153,169,織野
45,133,松葉瀬
106,44,松河
113,3,松ケ崎
32,134,小梛
148,208,小那覇
227,43,小鳥居
140,223,諸本
217,71,潤間
116,45,十日市
4,66,宗原
176,5,若葉
67,154,若瀬
58,216,御守
228,140,厚芝
48,206,口村
216,199,向高
148,68,更屋
204,76,糠沢
8,226,荒波
30,96,高以良
59,208,高御堂
200,28,合瀬
40,242,国則
189,106,黒永
3,14,黒内
175,14,左山
199,95,崎向
246,97,山長
107,99,山納
200,165,寺北
180,21,実広
141,96,泉元
164,236,霜垣
154,152,村串
188,248,太箸
78,141,大衡
238,103,大波多
215,249,池和田
70,80,長能
206,15,鍔田
38,23,天道
84,118,田中舘
239,206,堵本
123,234,塔筋
93,144,藤社
68,2,堂領
240,182,道券
253,244,徳石
154,170,南明
17,75,背尾
125,123,川末
177,151,川原林
138,6,千里
100,216,千蔵
232,56,先間
15,11,石射
251,216,西仲
255,198,盛口
200,14,清嶋
255,80,清竹
47,116,清弘
63,195,正津
103,198,正池
141,91,政近
135,225,菅木
102,241,水中
168,208,水成
180,80,仁田尾
43,229,神脇
188,172,神生
16,59,梅香
235,125,與那覇
92,180,欅田
52,220,槐島
215,185,廣石
229,95,露無
60,201,廉沢
244,167,鈴石
179,181,落井
4,98,頼金
195,63,陽川
40,108,野角
224,125,杢
173,0,木目沢
89,128,木高
237,163,面来
241,92,明上
118,92,名賀
36,7,末井
232,222,桝崎
25,86,本巣
67,152,堀渕
246,137,牧川
164,246,北海
208,53,蓬原
147,62,米多
108,5,平義
164,232,武弓
137,54,浜北
102,251,浜千代
185,17,浜橋
253,146,美濃谷
143,142,番屋
199,7,飯見
146,211,伴内
71,253,八重柏
163,59,箱木
83,78,白栄
10,130,柏川
47,129,柏戸
208,235,元栄
147,204,軒原
132,66,犬養
57,20,兼弘
123,56,熊村
81,17,金桝
177,161,桐部
63,32,玉乃井
155,122,京角
183,199,居島
174,30,久良
45,130,久住呂
176,206,吉鷹
111,178,吉上
145,244,吉
231,76,岩角
83,14,貫野
174,46,笠江
219,18,街
149,69,皆良田
239,44,花内
20,5,花石
101,123,嘉島
230,216,塩木
94,154,遠松
112,4,榎下
4,227,曳野
27,165,影平
233,30,鵜之沢
24,168,羽持
112,98,稲澤
110,105,稲瀬
68,144,一郷
24,237,一浦
85,155,井寄
124,194,井丸
51,217,伊勢木
60,34,安松谷
64,212,粟ケ窪
176,217,原竹
164,195,埴渕
164,12,上蔀
123,198,笑喜
247,187,松裏
71,59,小谷部
148,5,小水流
195,166,小鹿野
107,14,升沢
205,39,宿田
79,117,寿松木
110,254,社領
22,178,持井
12,220,枝久保
220,30,四野宮
66,144,四ツ橋
82,164,三中
60,24,三階
33,3,三王
253,9,細口
11,7,才村
149,73,古浦
176,9,古岩井
119,68,古吉
85,12,古玉
36,212,古堀
174,33,五郎
185,60,御影
90,98,向口
182,56,弘島
249,80,恒木
204,46,江指
255,115,江辺
151,215,荒江
96,30,高鍬
124,125,高智
69,110,高和
26,106,黒古
36,254,頃末
223,6,今奈良
37,139,蔵富
157,109,太野垣
141,23,大桶
103,23,大薄
188,119,鷹橋
241,253,鍛治川
117,241,中木屋
80,125,仲手川
119,229,仲瀬
238,12,朝霧
59,87,調所
82,89,鳥崎
147,231,鳥部
22,92,鳥野
191,59,槻館
97,203,田後
36,84,土森
84,45,島末
236,17,東司
235,212,荘加
76,127,糟屋
2,42,善利
212,161,前馬
7,23,川連
193,47,川尾
229,40,川述
252,199,千本松
31,201,跡辺
241,226,石堀
227,65,西竹
213,34,西古
176,39,秦田
205,61,真志喜
108,125,深滝
55,210,森澄
22,58,森腰
154,128,森外
128,179,新澤
208,223,新阜
114,158,礒脇
92,72,濱松
14,223,忰山
184,128,廣橋
177,29,来須
229,48,葉石
49,94,与賀田
123,68,有宗
35,43,友繁
90,51,油
196,255,薮上
170,57,矢野口
63,121,矢寺
245,79,弥園
48,115,野久尾
107,239,門本
237,139,門之園
37,200,綿木
5,18,万歳
50,114,本平
123,98,本浦
226,183,牧子
28,176,豊竹
26,65,法島
22,250,平識
103,120,平垣内
37,190,彦
236,84,尾宮
254,247,尾潟
69,221,樋尾
162,235,飯崎
155,78,畔見
128,156,箱谷
229,149,迫井
133,242,馬飼野
76,248,波方
177,100,日朝
74,186,徳良
243,48,東馬
189,162,古張
93,208,兼谷
127,90,形岡
228,14,隅岡
125,170,九
95,198,金吉
142,41,橋塚
5,133,京島
215,45,居藤
241,190,弓取
229,143,宮子
223,141,久長
226,23,杵山
66,151,蟻塚
78,90,紀之定
87,70,苅和
200,185,開本
148,147,海平
227,193,家口
181,38,岡埜
214,163,王子田
28,252,堰
196,218,永柄
143,139,永翁
60,94,瓜本
93,131,浦賀
122,36,浦下
90,165,右原
120,59,引本
173,85,稲丸
82,15,磯岡
75,131,井渕
70,96,井隼
42,221,井手之上
143,109,井戸上
161,190,伊尾木
157,15,庵谷
76,244,安戸
2,186,粟木原
227,162,浄法寺
44,236,常世
243,33,上小路
168,104,上所
127,113,小足
55,166,小酒部
131,9,小夏
122,209,勝藤
137,47,女部田
12,118,舟窪
27,27,秋松
155,171,室沢
225,189,宍田
226,188,時森
104,14,市戸
125,91,市浦
83,218,四枝
164,50,三徳
111,131,三道
140,81,三守
183,213,股野
80,188,吾孫子
184,39,御子貝
194,239,護摩堂
161,137,向瀬
75,188,好光
177,134,高富
84,173,高落
15,152,国持
88,127,国東
190,150,黒上
82,174,腰本
87,43,根布谷
44,130,佐羽内
125,244,佐々倉
218,216,砂生
179,70,宰川
109,200,作永
88,4,札本
195,214,前鶴
251,7,曾谷
212,55,組坂
92,31,倉中
30,91,早島
89,43,相井
59,49,則末
222,225,代谷
117,189,大萩
44,90,鷹
117,39,沢栗
57,90,辰元
123,134,端村
135,238,端谷
61,189,地井
15,243,竹房
82,1,中黒
158,24,塚井
231,85,塚中
137,102,扇子
186,220,千木
30,237,仙北屋
47,226,石徹白
50,249,静岡
187,109,西北
69,224,西武
113,90,西博
47,60,西土
112,134,成元
189,203,杉野原
21,46,水堀
240,208,水波
95,132,須網
53,227,須河内
189,60,針本
60,77,森由
138,235,新吉
51,197,植前
13,244,和住
185,192,嶺川
50,173,裏山
42,153,余島
119,8,余越
118,7,矢立
148,236,矢津
251,56,矢浦
182,71,野底
220,8,民野
182,135,末高
158,131,北戸
255,177,蓬沢
21,98,宝地
249,36,壁田
169,25,平吉
35,72,文珠
91,91,武曽
210,94,浜子
27,118,百成
249,131,美野輪
66,253,美根
131,63,尾森
22,222,半下石
201,254,八百谷
67,95,八沢
70,241,箸尾
195,83,韮山
242,102,入木田
145,225,日野岡
131,117,二島
16,73,二川目
249,225,二ノ方
83,6,那珂
153,85,道園
95,175,東埜
180,56,伝農
148,39,辻合
45,88,桐石
180,102,居附
188,105,居場
96,6,宮出
214,140,久津見
132,72,橘和
229,93,岩神
135,76,丸畑
114,96,関茂
39,0,間弓
44,231,漢人
238,163,勘
165,125,茅森
202,130,梶丸
90,232,笠山
54,90,角永
92,164,外石
232,137,賀門
20,176,花野井
153,248,家野
20,203,加守田
195,118,下坪
55,130,乙倉
93,27,奥上
120,21,於本
207,7,園本
25,218,円崎
150,159,丑田
181,42,引原
0,207,一箭
134,47,井立
5,103,井勝
59,116,井ノ下
11,31,為藤
49,34,伊加
54,153,庵地
116,7,安方
221,253,綾香
208,227,状守
176,134,常陰
39,176,城平
167,252,上西園
163,9,小桐
107,66,春沢
218,61,春宮
65,55,宿利原
42,187,重泉
163,85,重弘
244,185,住石
183,56,種川
20,76,時盛
34,46,時見
58,53,糸崎
179,115,四竃
33,69,山木戸
42,83,山時
60,220,参鍋
20,15,金庭
25,133,犬木
220,28,戸賀崎
123,45,戸渡
41,68,湖
111,151,後潟
38,196,好
104,132,行定
122,146,高杢
211,160,黒地
73,116,今出川
77,250,今竹
210,167,根内
198,10,佐草
64,4,佐道
216,131,作左部
143,155,笹下
200,111,皐月
29,199,三田井
132,163,岩貞
252,88,岸菜
244,226,丸居
143,115,舘花
175,163,巻淵
139,172,貝出
190,189,花瀬
113,205,夏迫
18,4,沖林
35,94,横田川
151,39,塩幡
202,167,堰口
233,108,益森
187,139,永延
10,60,栄留
234,6,雲川
187,8,稲井田
139,70,一水
176,101,一守
67,16,芦口
18,188,阿利
142,73,阿草
33,50,阿児
199,101,洞井
249,188,藤冨
84,101,湯目
7,45,嶋脇
254,140,土上
70,162,土海
173,254,土井内
79,227,田又
176,244,田坪
136,217,田出
112,217,田治
161,186,坪水
94,160,坪郷
165,0,津倉
239,131,珍
241,43,鳥屋部
13,21,鳥羽瀬
150,136,長冨
192,150,長辻
228,163,長勢
183,124,町本
255,79,町元
178,228,朝吹
87,228,虫鹿
177,243,仲畑
98,97,中井戸
179,125,池増
136,230,地代所
128,59,地紙
238,214,団塚
29,213,樽岡
120,251,大槙
179,47,大財
102,192,泰江
226,150,対中
203,186,藪原
214,237,籔本
197,155,瘧師
157,1,國友
153,52,脇屋敷
27,78,落谷
227,123,友草
47,86,友延
240,76,柳園
123,247,矢田目
153,192,矢賀
4,224,野越
187,148,明崎
12,212,堀之口
250,3,房崎
113,219,豊浜
129,167,芳澤
39,102,米中
196,88,風本
221,69,俵屋
109,124,美口
60,137,挽野
235,60,八里
221,101,八鳥
180,189,八若
163,204,畑森
174,36,畑尻
56,10,幡地
199,156,梅若
104,204,馬内
168,86,年永
165,175,尼田
118,52,内生蔵
157,91,苫谷
153,224,峠岡
42,130,多原
221,47,釈迦郡
221,156,時末
236,144,児王
146,240,師橋
132,171,市根井
216,119,四関
132,251,山渕
42,25,細海
105,121,高幣
136,38,高東
96,122,貢
162,176,弘井
5,136,広西
208,22,光平
232,14,光益
89,8,戸津川
175,179,戸草内
58,162,古別府
169,30,古川原
92,99,古座
211,99,見方
178,4,兼浜
203,49,兼定
65,247,桑添
123,154,栗丸
93,201,空山
2,49,駒坂
166,96,金剛寺
249,191,居垣
147,44,牛川
249,204,宮辻
136,223,亀浜
170,80,貴嶋
246,106,幾度
4,194,岩林
75,54,則次
59,3,草道
122,129,岨
52,29,舛元
44,166,浅
48,60,泉宮
231,165,節原
213,200,西飯
20,32,西ノ園
57,186,清須
234,33,成安
187,23,諏訪下
83,115,陣之内
87,107,仁田野
160,111,神中
103,216,真鶴
41,153,織内
140,158,常友
231,241,城生
228,253,上堂薗
163,209,上殿
204,232,上笹貫
122,234,上笹
70,50,上荒磯
81,147,上ノ町
169,172,松舟
231,161,小野本
193,249,小野谷
57,76,小田内
75,109,小田長
20,16,小鷹狩
87,231,小走
103,147,重長
91,191,住安
189,41,手老
138,101,只熊
161,129,只友
45,183,中空
66,235,中座
141,111,鳥尾
177,48,津城
222,127,津脇
210,164,鶴藤
232,206,鶴迫
117,19,田桑
226,6,田枝
78,148,田野崎
113,197,田力
237,8,都藤
115,243,嶋井
18,195,湯朝
25,30,道祖尾
69,160,道塚
85,250,徳道
81,77,那覇
202,103,日数谷
71,215,沢館
57,65,滝見
17,76,大竹野
73,1,大宜味
103,169,帯屋
73,211,打保
184,241,多部
75,182,村江
33,129,走出
160,150,草階
234,46,早雲
81,190,礎
46,120,船津丸
124,69,仙野
160,243,西蔭
187,161,盛林
22,172,盛一
99,65,正月
39,173,晴披
169,144,勢司
22,89,瀬頭
174,28,世取山
4,222,諫山
17,125,藪上
61,180,萬屋
163,240,濱砂
100,84,壹岐
160,24,浪内
255,44,龍山
94,64,葉玉
125,106,唯根
242,146,矢岡
24,23,免出
62,139,蓑手
138,153,箕作
23,53,巳波
187,253,槙岡
204,34,麻柄
230,71,本宿
166,141,牧草
1,200,北邑
164,4,北丸
17,226,棒田
55,46,豊城
111,251,法山
165,245,母良田
106,42,片町
152,172,米戸
45,5,分島
54,121,淵江
123,58,武冨
28,148,布施田
137,246,冨部
192,177,冨坂
137,53,富部
60,143,俵口
224,3,美保
166,116,枇杷木
106,216,尾平
236,105,肥後橋
99,38,飯豊
124,3,板見
175,132,白草
159,0,杷野
214,117,猫田
81,94,恵利
48,249,恵中
68,97,君波
43,141,栗賀
246,73,櫛桁
97,70,玖島
178,148,金竹
156,114,金今
181,201,金気
199,3,金一
55,202,弓井
225,186,宮居
246,11,久保倉
110,219,吉多
91,3,菊嶋
44,114,記田
55,193,幾世橋
183,50,岩鶴
193,233,岩沙
128,88,岩金
32,105,関吉
21,203,間沢
203,178,鴨頭
189,205,釜台
126,132,樺田
245,247,笠鳥
130,229,皆口
210,13,我田
100,72,科野
117,124,家近
253,94,加生
212,107,桶作
139,98,荻野目
91,97,荻迫
210,6,奥成
234,109,奥城
114,6,永合
34,156,永金
170,219,栄谷
126,138,栄喜
48,94,伊野瀬
155,110,綾織
73,205,芦
246,113,水信
193,29,水ノ江
235,253,須野原
247,51,真利
39,170,森倉
119,65,新増
246,174,上矢
207,148,上之郷
243,13,上塘
61,165,上沖
201,181,沼生
18,57,小新
221,212,小松代
183,164,諸節
251,124,祝嶺
76,213,十万
170,34,舟渡
126,172,秋房
15,54,洲本
90,70,周郷
102,181,手戸
132,38,芝川
103,239,軽込
26,31,原元
235,238,原塚
187,199,五百井
22,210,向村
216,2,幸長
209,129,高縁
229,31,告野
246,217,黒髪
126,82,腰
133,63,込田
62,80,佐林
100,112,左京
12,58,砂月
160,247,才所
65,197,細倉
96,82,細堀
212,88,三ツ森
254,124,三久保
185,123,三尋木
6,41,糸田川
70,108,善村
155,58,善木
133,253,草下
186,146,多辺田
114,15,帯田
201,75,沢海
33,39,谷舗
142,211,丹菊
65,50,地神
222,167,池園
122,237,竹折
136,104,中ノ森
80,210,仲下
145,107,長坪
172,37,長埜
61,224,柘野
218,208,天藤
168,192,登島
255,74,都出
47,106,染木
68,203,赤埴
6,11,石窪
118,234,青津
62,195,西連寺
172,154,西添
196,191,西生
131,183,勢登
227,243,瀬和
83,118,杉野森
48,196,仁位
155,82,新後
67,90,常次
140,162,照岡
245,9,松木平
208,204,小矢
138,225,小松平
1,46,小更
85,92,諸麦
73,190,祝井
156,154,都島
195,127,榮
253,247,和間
72,138,龍川
185,167,隆
101,34,留岡
24,169,柚本
58,176,有迫
154,167,木綱
129,220,茂古沼
242,27,味谷
11,251,麻岡
63,223,北前
114,51,宝川
194,10,平浜
80,21,兵野
196,167,淵川
126,197,福来
62,150,福辺
82,102,福滝
120,88,部屋
202,158,府馬
2,39,不老
174,112,疋野
29,158,樋
221,11,飯銅
140,87,板林
245,67,伴瀬
150,5,麦沢
229,83,泊野
223,212,南垣内
204,28,縄本
8,5,内浜
229,20,那花
124,97,得本
210,166,鴇巣
64,234,湯越
95,36,棟安
46,245,土器屋
100,89,土井口
228,138,金色
150,27,近都
57,35,曲木
163,49,興村
100,130,興松
36,199,弓達
73,134,起塚
180,79,幾井
114,74,喜山
97,220,岩井川
219,142,岸里
231,160,丸池
251,29,関芳
104,197,鎌尾
204,123,樺
155,199,葛馬
106,199,賀内
203,249,茄子川
69,104,苛原
251,186,加瀬部
193,250,下柳田
47,191,下北
175,41,下広
92,113,乙野
236,192,横洲
139,254,奥墨
21,75,奥坂
152,29,塩賀
38,55,永目
19,40,永関
63,202,鵜篭
202,162,隠地
234,73,隠居
124,92,井頭
253,77,伊阪
91,67,伊垣
15,240,粟崎
240,199,綾城
153,104,愛原
106,239,九万田
136,195,洲上
78,131,宗雪
76,234,手呂内
158,37,実沢
185,243,鹿渡
207,116,獅子原
63,42,指吸
55,28,師玉
185,129,市野川
167,25,四木
58,237,四至本
131,58,仕田原
22,75,三宝
204,39,三波
137,181,咲本
133,56,阪内
212,80,宰務
225,115,妻沼
88,67,座馬
239,57,佐向
213,175,沓野
226,127,窪倉
38,26,隈江
126,137,桑尾
113,245,君
77,94,迎山
10,35,建
56,132,戸賀
207,128,戸木
101,7,後出
99,160,江蔵
53,178,甲良
213,251,荒木関
67,247,高治
250,219,高住
186,199,国賀
198,44,国山
229,132,今駒
112,188,今多
228,110,長窪
94,206,辻橋
96,55,辻道
163,13,鍔持
96,196,堤崎
0,39,渡引
160,223,都原
43,185,都所
46,105,土赤
170,222,島巻
71,239,東迫
43,133,藤懸
90,239,藤成
197,50,藤嵜
111,185,堂村
116,37,徳澄
129,203,鍋本
186,36,南新
75,79,楠永
81,26,日座
66,230,入海
161,112,入福
193,152,朝子
65,118,中渕
40,39,中塔
123,197,筑前
212,49,築根
140,64,築
34,131,置鮎
87,229,男鹿
45,219,谷政
196,133,滝森
113,107,大仏
171,12,大足
160,49,大小原
255,172,大歯
239,73,大坂間
21,188,大恵
216,149,泰永
194,4,増保
12,189,草井
149,99,曾篠
250,247,前道
126,103,船富
226,90,埜崎
139,56,龝山
19,249,齋
199,58,櫟
49,135,榑沼
29,210,楮原
26,227,楜沢
158,253,廣末
252,68,峪
146,150,和南城
172,49,輪違
117,25,竜山
15,33,粒良
83,3,立壁
88,105,揚田
104,89,雄鹿
53,64,薮根
243,121,矢ノ倉
43,223,木田橋
119,132,満武
25,103,末浪
228,89,麻川
99,116,堀良
251,225,芳賀沼
157,71,縫
158,227,方志
175,94,宝本
113,123,宝山
222,86,片塩
95,106,文本
96,247,分田
1,117,蕗
213,244,附柴
8,181,富嶋
148,241,樋廻
214,123,番匠谷
204,226,飯淵
210,51,鉢村
66,185,白府
140,120,白阪
82,156,博
231,67,梅影
102,110,馬場田
102,164,波止
250,159,能藤
15,5,琴浦
213,6,桐川
186,73,狭山
246,62,橋端
0,218,強力
252,215,巨瀬
97,62,牛江
86,163,宮野入
142,190,宮形
237,26,菊口
189,226,菊浦
191,71,鬼倉
139,157,起
108,117,喜連川
127,185,閑
226,215,間篠
247,66,萱津
216,48,梶栗
218,20,梶家
34,38,角園
85,111,海老谷
134,152,花登
149,203,河淵
123,16,河内谷
173,110,加森
69,146,加口
225,91,下ノ村
4,100,乙戸
102,39,沖坂
189,217,岡堀
189,167,岡政
234,243,横岩
12,186,永代
219,239,鵜口
109,120,鵜原
28,30,羽土
110,6,宇尾野
142,2,引馬
52,62,一言
250,233,井置
143,230,井手迫
9,178,伊井野
225,16,安代
179,22,飴本
229,97,近添
94,86,石積
237,47,盛下
207,253,清政
5,87,瀬来
53,4,神能
226,222,神瀬
33,81,森恒
126,218,沼川
163,11,松野尾
219,73,昭和
121,46,小槙
141,208,小武内
111,181,小丹枝
201,213,小岱
162,247,小瀬古
218,10,祝部
140,154,宿久
65,162,酒蔵
170,150,狩屋
199,41,守護
159,89,篠澤
206,67,室内
67,22,熊渕
172,227,元西
126,21,原地
57,239,五林
184,208,御厩
206,35,厚ケ瀬
116,205,幸森
74,113,甲崎
224,197,耕
183,152,荒薦
101,121,高実子
165,61,高路
67,85,今辻
19,122,佐尾山
53,41,坂ノ下
134,254,笹辺
140,86,三秋
54,213,三野輪
8,206,山咲
203,232,山澄
71,19,鹿江
98,173,執印
87,239,仲筋
214,245,仲正
249,108,仲塚
122,145,猪八重
41,0,潮来
60,179,長谷尾
36,176,津路
149,15,塚瀬
14,191,坪子
18,96,程
247,67,釘貫
125,196,田間
246,254,田前
229,205,都賀
116,195,都崎
42,179,都志見
229,46,島屋
190,125,東垣
70,199,頭島
157,45,道合
194,12,仲安
253,135,茶屋道
232,254,池住
79,140,達野
16,217,大機
135,31,太古
30,24,則政
244,200,相徳
105,202,槍田
250,125,倉渕
1,71,倉畑
177,65,前上
131,46,扇本
246,184,川熊
59,132,折登
35,92,赤神
196,182,石濱
150,200,石持
63,190,静川
172,240,西隈
46,242,生平
29,189,徳盛
47,205,蘆田
134,71,澤柳
246,8,澤入
14,237,六谷
1,231,由地
220,12,有塚
64,218,矢満田
86,129,矢舗
82,228,木戸浦
3,174,木間塚
165,52,木稲
106,133,茂籠
58,104,茂呂田
177,235,茂岡
48,136,民田
48,164,満江
127,36,満丸
4,159,万寿
231,181,桝沢
194,60,鱒沢
157,95,北室
141,182,法田
202,78,暮林
173,47,甫木
53,183,文倉
3,168,分須
204,10,譜久里
2,0,布施木
157,210,浜住
11,26,尾矢
10,56,樋元
4,1,飯草
181,88,板庇
213,182,畠岡
57,188,筈谷
16,209,白丸
146,108,柏樹
232,151,馬川
99,99,播戸
223,56,日内地
176,15,日隠
215,211,生尾
161,128,向所
235,104,向佐
118,156,口元
80,69,古家野
203,68,見学
236,190,月木
85,138,君成田
8,15,鍬
180,174,熊尾
206,37,熊井戸
129,37,金渕
66,103,金良
44,65,錦田
158,79,桐戸
139,177,玉林
147,139,蕎麦田
1,192,魚岸
171,35,居関
132,70,久澄
140,92,桔川
36,59,吉地
152,36,宜寿次
91,71,岩畔
11,33,間谷
8,16,花方
122,227,加世堂
98,118,加減
230,176,下荒磯
250,176,乙須
144,177,円福
194,116,益富
29,154,羽嶋
80,17,宇那木
114,169,一文字
179,243,一ノ倉
77,234,井須
135,130,井戸坂
16,207,井戸垣
255,173,為実
102,74,為岡
11,54,鮎瀬
184,104,幸正
167,230,清時
34,187,是津
87,215,瀬戸内
116,1,人羅
160,246,神名
125,99,神賀
91,128,神井
148,36,真籠
40,212,榛原
66,24,信時
1,84,織田沢
187,98,上入佐
71,195,上長
49,15,上四元
67,39,上吉
147,131,上下
89,62,小長光
59,246,小町谷
8,136,小原木
7,127,勝手
200,62,諸越
145,22,行弘
56,4,国津
224,13,黒肥地
217,134,今熊
84,248,根占
171,110,佐守
149,34,佐敷
59,159,細馬
210,31,財木
128,253,雑喉
117,104,珊瑚
17,242,市薗
252,150,志鳥
104,198,篠ケ瀬
34,211,芝間
107,123,宗盛
146,218,秀嶋
223,118,舟倉
213,162,重兼
208,54,潤
220,150,中世
182,82,中末
97,171,直山
17,206,津内口
160,214,的山
172,236,田吉
124,237,田伐
54,171,渡津
175,134,土器
95,29,唐谷
252,169,桃北
82,233,藤峰
133,22,道向
148,101,徳部
176,10,奈雲
47,176,内久保
118,53,南渕
251,160,日賀野
145,172,馬場先
124,150,畑仲
173,235,伴藤
140,114,中斎
227,35,竹畑
195,64,竹仲
170,178,池林
44,125,谷次
156,180,谷角
219,226,大浴
133,198,大田尾
69,27,大欠
15,165,大弓
68,94,大加
228,87,太和田
247,241,袖川
175,54,増金
174,185,増間
100,251,相松
151,201,巣立
68,178,掃部関
245,60,倉屋
70,141,善平
166,153,川迫
193,204,節安
8,233,飯箸
148,38,當眞
198,208,濱上
205,40,濱井
221,37,澤登
34,134,廣山
34,181,岑
83,61,浪辺
147,99,梁木
191,165,立住
45,207,里口
236,215,余野
237,63,余
118,3,遊津
228,61,柚留木
194,151,柚口
19,131,柳尾
119,56,矢沼
100,64,矢ノ目
96,57,杢代
253,197,木実
161,150,網永
88,248,綿村
194,139,本美
39,205,本丸
203,111,本位田
234,59,堀村
190,52,牧崎
139,58,牧角
83,59,北尻
49,166,豊澤
11,246,方田
230,62,穂崎
5,169,片海
215,71,米里
132,235,平屋
196,243,文室
80,124,福神
207,41,伏井
94,76,浜多
239,208,百島
234,84,彦久保
227,180,尾塩
252,15,飛坂
140,31,赤部
28,228,五野上
214,162,厳
51,254,見須
19,56,駒山
100,196,玉中
153,168,笈沼
181,31,宮向
252,155,宮ケ原
189,182,久多良木
172,38,吉畑
224,219,菊澤
0,32,亀里
126,228,岩地
109,123,岩阪
230,115,諌早
252,219,甘糟
32,253,樫出
71,111,垣屋
150,26,外久保
2,115,貝増
41,123,河股
62,154,河窪
155,177,家谷
48,50,家倉
142,3,家合
217,251,岡ノ谷
7,38,横市
116,190,奥橋
157,234,塩ノ谷
124,22,英保
85,183,永窪
213,122,浦丸
38,116,鵜鷹
176,121,宇和野
73,171,隠田
204,53,印丸
85,90,稲満
52,76,一町田
0,60,井貫
171,70,伊貝
48,233,安藝
105,146,阿木
145,147,阿辻
242,147,向久保
73,161,青村
84,154,是友
147,196,是洞
168,70,畝木
96,172,須古
84,29,神塚
53,126,新羅
70,91,畳谷
108,103,常吉
107,194,城定
143,54,城岸
16,249,上川床
84,134,上神谷
180,85,沼能
32,153,小鍋
166,44,小須賀
158,66,出葉
225,13,出河
106,198,種崎
95,123,狩川
174,210,若代
140,65,車井
89,77,幸池
65,227,広浦
87,238,綱分
210,92,高溝
169,13,国府方
243,152,此下
93,167,今清水
17,50,今荘
117,26,根目沢
236,169,佐佐木
13,130,坂居
132,11,咲山
53,158,薩美
114,31,三ツ口
103,14,三ツ野
226,219,山埜
163,131,山名田
56,54,四ツ井
206,193,似田貝
107,234,時谷
53,55,篠瀬
255,1,側
135,52,則友
83,75,太細
50,82,太田口
224,195,大引
53,107,大番
118,6,達富
24,18,辰岡
51,9,棚池
125,61,谷信
184,167,谷前
222,193,淡谷
44,14,地口
173,163,遅塚
19,155,中堂園
235,231,中力
195,44,朝居
190,96,鳥見
111,29,鳥嶋
131,65,津和
206,246,辻広
156,94,坪原
240,204,鶴ケ谷
190,176,鶴嶋
255,102,蔵ケ崎
242,226,霜尾
134,203,善生
138,24,前鼻
25,246,川埜
217,88,赤水
70,146,石峰
75,81,石西
108,113,生馬
116,168,生賀
43,103,正畑
208,10,正清
233,101,成広
17,175,是久
26,220,瀬合
253,123,瀬見
180,129,真竹
151,53,深
51,109,新籾
119,72,新冨
55,228,乗上
49,107,松鵜
141,213,小縣
42,31,小白
226,95,的崎
87,128,蟇目
49,82,莅戸
213,88,礒道
249,113,柬理
159,222,頼政
38,145,与島
6,44,猶木
229,26,柳ケ瀬
251,184,矢船
31,224,矢尻
30,212,弥久保
35,254,野老
231,158,木保
141,102,木之瀬
202,249,名部
76,31,摩庭
212,16,本久
232,10,堀喜
210,163,牧下
222,231,蓬
59,157,宝栄
127,77,保良
202,197,保地
3,84,米虫
28,85,平久井
124,47,文箭
56,222,福盛田
38,210,風呂谷
207,94,冨崎
92,210,冨ケ原
85,177,樋代
245,170,飛野
151,252,半貫
36,44,畠腹
248,185,波場
206,72,能條
41,184,能間
178,100,入岡
71,103,日角
243,17,徳住
4,164,筒
110,22,湯野川
222,97,湯屋
190,8,東窪
67,88,島宮
74,43,渡田
43,211,渡司
126,173,田場川
156,15,小長野
192,244,強口
166,7,享保
71,178,牛窓
6,60,牛上
190,102,宮端
223,42,久保杉
130,247,吉滝
204,27,義川
114,103,鬼追
19,137,鬼窪
42,223,記虎
169,212,紀室
252,240,雁金
247,69,岩方
96,23,岩並
93,109,岩寺
59,236,岩郷
27,206,間明田
31,88,釜中
117,59,葛木
70,56,楽山
182,119,岳藤
32,156,角畑
80,156,角津
2,196,海沢
131,212,会場
26,13,河浪
7,70,河毛
100,114,家長
113,110,家氏
177,132,加幡
186,26,何川
130,253,乙村
223,182,岡畠
119,112,黄倉
243,129,横戸
73,82,押野見
206,22,奥矢
127,189,栄徳
9,130,宇尾
242,251,宇津江
238,119,稲浦
229,187,井無田
51,230,井手内
134,92,伊納
183,21,芦内
208,81,芦浦
153,171,阿倍
99,111,橋根
179,143,小瀬戸
239,74,小松野
30,156,小司
227,230,升永
112,70,所崎
44,227,舟引
126,56,宗島
169,123,寿田
236,52,寿恵
55,48,若柳吉
8,158,室野井
236,236,七山
128,218,治
26,15,滋賀
29,134,時信
181,163,持増
199,104,紫芝
196,138,四郎園
183,34,山白
247,130,山階
47,120,三津木
108,93,三代沢
44,175,左官
183,200,紺
132,243,郷上
190,209,金定
68,180,九十九
248,119,九重
206,172,粂内
99,221,軽米
245,148,玄番
9,103,古曳
164,210,古知
133,177,古茶
247,80,古藤田
91,140,呼子
241,69,戸蒔
84,91,胡井
105,30,後安
115,17,厚美
16,93,口町
29,83,向窪
124,147,広口
140,235,甲斐谷
180,161,高殿
222,181,高辺
47,204,込宮
217,35,今冨
32,146,船城
197,176,曽
122,124,倉満
23,235,相知
49,24,多屋
199,1,大尻
188,241,谷相
16,68,中宗
180,190,中鋪
138,186,仲戸川
78,184,猪巻
95,25,長居
4,205,鳥羽山
46,180,鳥谷尾
168,10,津多
49,242,椿田
68,213,田子内
99,107,土場
142,227,奴田原
40,96,東影
117,8,東美
174,135,東部
91,221,藤極
88,3,千早
253,189,千神
96,105,折見
66,10,跡見
222,252,赤鹿
215,79,石嵜
150,48,石田尾
224,48,青竹
46,164,西町
43,201,西秋
239,254,西久
10,63,生澤
38,139,晴
230,178,星河
9,243,菅内
93,166,水足
118,162,垂門
122,90,吹春
241,137,須佐見
117,176,須金
72,38,須賀井
108,228,諏沢
107,136,真玉
227,140,森出
183,24,豆谷
35,217,乕田
212,229,綛田
108,167,渕沢
141,0,脇浜
167,163,老月
211,211,来代
36,135,浴本
106,215,揚張
56,61,遊田
235,209,遊座
186,17,矢渡
26,216,野老山
203,57,木子
55,11,木佐森
178,54,木井
154,62,鳴山
53,100,箕谷
239,191,満名
3,204,北殿
39,183,望戸
108,146,坊垣
41,245,宝沢
100,26,宝諸
211,152,穂垣
41,152,片橋
5,233,米尾
253,100,米家
109,236,平目
22,72,平高
229,119,仏坂
77,47,福土
208,24,福市
55,97,譜久島
11,72,譜久原
159,239,冨中
79,120,筆保
156,14,鳩間
76,160,筏津
248,226,八隅
232,42,萩倉
199,103,波賀
211,110,能仁
168,193,能松
114,187,二位
157,207,呑田
0,22,道源
236,156,堂岡
47,42,熊元
126,214,空久保
0,64,苦瓜
234,142,九門
58,168,汲川
251,170,宮房
11,248,宮定
16,165,久米原
195,162,吉貝
136,211,義積
174,137,鬼嶋
112,243,鬼川
165,93,貴俵
105,63,岸添
183,155,関目
214,91,観音寺
192,102,椛澤
2,221,橿村
237,217,外井
190,166,蟹田
109,234,芥子
201,56,海北
82,132,過能
23,240,花家
201,107,家常
228,118,下阪
95,205,下根
0,90,牡丹
237,127,沖浜
63,147,岡竹
149,133,岡宗
117,78,横打
242,253,横光
168,79,塩倉
173,69,演
212,115,永須
38,146,栄枝
210,249,臼坂
253,206,鵜塚
163,161,羽牟
95,146,蔭地
240,156,稲内
207,216,逸崎
193,130,磯矢
183,167,芦本
97,143,茜谷
101,46,阿部川
157,55,鍬先
8,53,新満
63,30,新多
185,105,城一
188,42,上明戸
176,45,松柳
84,225,小濃
74,249,小代田
116,40,諸口
23,3,出上
156,41,重中
95,19,住中
190,186,秋根
149,190,若鍋
120,160,車戸
155,95,治武
214,2,志小田
111,200,志貴
19,15,四津
22,13,山野下
154,31,山福
98,111,山久保
95,208,山丸
185,93,三ツ股
93,37,細谷地
66,224,慶伊
192,106,軽尾
116,51,剣
215,246,検見崎
113,27,絹見
240,2,玄葉
206,95,古源
209,244,古志野
220,29,庫本
146,195,五百崎
209,54,御田村
162,8,向日
176,111,幸重
72,72,江ケ崎
233,197,荒見
111,125,荒松
48,191,香内
88,46,国延
119,9,国峰
70,234,根之木
107,6,佐貝
228,25,佐復
105,238,左野
34,7,蔵増
208,250,則行
158,20,村住
14,188,大軒
88,165,大能
201,49,滝平
231,33,滝林
6,12,沢越
118,197,谷下田
195,169,谷富
235,16,段塚
190,219,池神
97,51,中久
60,125,中治
84,52,仲藤
130,235,津戸
134,159,津根
132,182,栂瀬
121,25,辻倉
132,197,鶴居
130,132,天花寺
18,160,蔵永
17,10,増中
212,22,相地
204,119,泉館
37,115,川邑
178,204,川妻
120,54,占野
54,98,千家
99,209,切敷
81,66,石徳
243,81,石滝
102,217,西代
114,5,成平
225,229,瀬治山
139,139,水取
75,78,仁王
142,151,深木
55,238,新渡戸
164,129,新渡
161,59,上野平
83,186,上符
145,254,萬木
153,19,粳田
115,20,當麻
201,211,垪和
213,70,和井内
167,169,蓮香
29,201,凌
160,203,立畑
232,95,湧口
254,229,柚野
199,0,有上
133,110,野長瀬
244,71,杢尾
99,149,木榑
141,32,木ノ上
170,65,茂上
47,246,明吉
173,200,明翫
63,48,椋代
203,33,北松
95,57,坊農
225,96,保々
12,7,片浜
107,181,米陀
10,14,福味
29,114,伏江
49,10,富来
102,187,肥土
51,170,板田
126,99,馬頭
86,202,波野
218,195,波戸崎
131,124,南須原
126,3,南上
245,26,灘谷
159,135,徳茂
191,193,徳成
69,153,湯座
235,8,東屋敷
20,158,嶋矢
130,36,唐見
15,39,田先
219,89,金房
20,91,橋屋
157,87,京山
181,232,宮谷内
31,64,宮階
12,70,久保出
93,54,久斗
249,20,久池井
109,43,久綱
137,25,吉道
160,239,規矩
242,130,旗谷
177,242,館川
201,121,観野
51,97,萱村
69,207,鎌村
43,95,釜我
153,236,梶西
246,41,樫崎
162,59,角前
170,189,垣上
5,55,賀本
106,173,可野
208,196,下遠野
66,62,恩蔵
254,12,乙咋
36,96,屋野
175,184,屋根
87,114,岡明
154,8,応武
36,104,奥仲
168,68,塩野崎
214,212,悦
189,14,浦住
135,154,羽豆
51,22,芋野
169,44,井能
111,17,井手田
202,209,萎
152,234,伊富貴
229,108,伊覇
173,49,逢阪
142,128,松政
68,136,小竹森
53,81,小蕎
186,198,小屋原
52,9,純浦
174,113,春園
0,7,出月
178,110,酒木
205,123,篠丸
178,104,次山
87,219,市角
13,12,四月朔日
159,212,山幡
68,174,三栗野
139,61,笹久保
92,167,佐甲
58,251,今場
142,113,国里
246,238,合野
191,112,高田橋
159,184,高守
15,115,空谷
194,194,桑形
90,134,桑原田
185,131,月旧
174,74,見富
10,101,見米
139,134,見浪
119,208,原渕
108,16,玄地
30,59,戸軽
200,25,戸伏
254,137,戸木田
55,119,菰方
90,87,呉竹
16,6,後平
53,198,御所野
177,230,工野
149,195,広保
206,232,広里
173,32,行待
96,42,高桜
234,249,真能
54,109,真宮
136,33,森子
142,155,新帯
236,31,慎
229,147,植芝
115,143,錠
108,9,畳
151,229,常定
223,60,城坂
60,255,上坊寺
195,238,松間
163,4,小納谷
235,157,小田喜
71,248,小森園
130,0,小梢
33,83,小手森
150,221,勝瑞
197,157,出見
166,163,十八
157,58,若間
36,246,次原
82,0,糸柳
20,130,志戸岡
4,166,姉歯
195,174,四日
195,156,三渡
20,74,三添
152,67,三津間
165,113,晒谷
209,159,笹渡
22,6,鷺池
129,70,神之門
34,197,壇上
206,113,丹川
180,64,丹上
219,183,沢水
83,178,滝塚
83,214,鷹松
233,3,大登
224,222,大懸
132,201,大萱
125,138,大樫
118,26,村城
237,27,村高
24,202,足代
161,31,則安
186,34,造酒
220,27,蔵薗
163,230,惣島
127,48,曽良
111,235,曽部
220,13,前仏
154,220,染
163,30,千代間
158,160,青瀬
147,228,西念
184,220,西大條
237,132,政平
119,210,政谷
32,255,菅野谷
241,178,菅長
241,151,菅瀬
10,253,杉松
150,18,数山
11,178,坂辺
143,20,巻山
39,184,鎌江
117,173,鎌戸
173,136,恰土
44,67,割貝
214,230,梶房
110,239,笠水上
206,125,笠森
77,202,角一
125,52,外戸口
140,79,海発
62,179,賀田
187,208,我有
242,131,花積
77,18,加堂
5,5,加芝
81,252,塩治
130,180,越渡
127,254,越岡
201,19,永喜
171,251,栄野比
160,67,卯都木
176,153,稲餅
88,203,井野上
171,92,為石
149,166,位下
213,41,伊勢戸
80,41,伊賀並
217,95,鞍馬
247,188,安水
106,5,粟山
106,254,綾目
219,159,観音
93,17,砂盃
149,200,砂古
66,40,佐野川
120,158,黒葛
73,5,甲斐原
150,29,江篭
130,126,恒光
199,166,光地
152,111,御所
204,164,御供田
144,64,五十野
97,16,五十井
88,103,五江淵
227,94,五井野
125,174,虎見
40,61,袴谷
226,45,古渕
40,103,古立
85,37,元良
93,48,元起
23,255,元浦
87,91,恵島
72,222,櫛本
149,43,櫛下町
83,53,近西
157,139,筋田
86,40,弓戸
171,250,宮杉
163,156,休石
38,248,久留主
174,144,菊一
145,104,儀部
191,184,百谷
110,118,富加見
72,163,舞野
172,114,保居
88,133,北清
70,17,本徳
97,86,槙塚
205,6,槙納
112,150,柾本
190,112,万本
164,255,味野
142,114,名合
30,11,明河
219,218,門家
81,31,弥重
233,123,弥生
109,32,柳井田
221,254,柳幸
79,143,有高
15,222,祐谷
33,194,揚妻
141,162,用貝
63,148,葉室
58,38,頼藤
196,234,龍見
48,177,両沢
230,42,隣
54,70,類瀬
154,236,蓮川
118,23,浪本
73,180,六倉
17,192,鷲本
102,7,圓谷
120,207,眞下
237,190,眞壁
200,150,籠
237,228,藏田
122,39,邊見
24,228,魏
170,9,疋島
114,62,男庭
211,219,茶房
196,109,中蔵
113,16,中美
54,8,長神
184,3,長多
234,52,長嶌
170,121,鳥倉
29,105,通事
228,54,貞富
211,141,殿垣内
182,102,殿田
74,131,田那部
75,117,田邉
56,250,田邨
225,206,島塚
11,43,島雄
174,133,嶋瀬
54,216,東重
61,132,東末
240,239,美土路
86,132,美安
85,66,備海
244,227,飛田和
77,142,八道
88,180,八重倉
248,108,楳村
174,15,播間
244,211,能町
124,113,入手
67,251,二唐
31,234,南藤
85,202,内波
0,121,内匠屋
214,233,内屋
5,147,銅
152,204,道喜
108,132,道願
68,146,筒丸
62,137,天根
162,35,田垣内
220,187,田生
212,102,土井良
243,100,土居原
248,158,島子
48,219,東仲
132,28,当野
194,94,藤郷
120,107,藤室
37,100,藤信
178,29,篤
223,172,栃岡
114,221,内嶺
10,227,鍋屋
2,98,日水
30,190,禰覇
74,42,埜下
174,146,播田実
214,107,白竹
135,2,畑部
250,144,八窪
147,37,鳩川
91,20,飯場
136,250,天岡
130,155,碇本
133,9,蔦田
51,106,辻生
63,205,辻喜
224,122,槻木沢
73,153,塚目
104,25,長谷目
45,120,長治
27,170,竹次
252,135,段村
131,104,鍛治本
146,69,琢磨
117,121,鷹架
32,113,大矢野
75,106,大割
116,29,大奥
112,167,大羽賀
9,142,苔縄
102,115,多嘉良
126,176,続石
135,39,相園
125,201,倉家
4,169,前神
195,19,藪根
187,244,壺屋
66,9,和唐
211,126,老久保
125,235,冷泉
2,230,林金
206,169,龍門
83,204,立光
167,16,里園
222,79,藍場
186,6,与坂
112,171,与久田
208,143,猶崎
153,140,柚谷
255,114,有居
181,108,勇田
45,64,矢鋪
74,13,矢動丸
245,5,目々沢
143,29,木檜
173,225,網川
111,198,網城
48,90,茂崎
139,121,茂永
21,185,無田
98,227,満村
195,241,本末
128,231,本尾
47,19,北俣
30,252,北仲
47,95,北芝
133,102,北根
145,183,房川
51,192,坊山
76,228,芳仲
216,171,法華津
225,238,峰平
166,176,包国
33,139,片之坂
16,177,柄田
79,172,平能
86,85,文原
160,97,福宮
83,216,浜場
74,158,尾茂田
34,3,尾塚
183,115,尾郷
107,131,尾
112,24,向川原
38,252,護得久
37,88,五味沢
113,130,五十崎
213,40,戸神
200,173,古菅
8,124,見島
226,213,見代
120,203,兼折
94,110,栗嶋
204,215,隅井
171,150,金蔵
48,173,琴岡
13,227,鏡堂
172,213,牛若
43,36,宮方
16,140,久宝
195,123,久保見
27,94,鬼
72,114,忌部
50,153,喜内
237,219,岸脇
248,234,関寺
131,249,間橋
3,50,干潟
80,0,釜土
54,217,笠貫
172,62,霞末
91,148,花吉
119,127,嘉地
78,116,加賀野
193,15,岡持
163,173,岡浦
219,62,黄前
140,203,奥邨
241,4,奥道
66,82,塩道
131,17,丑久保
224,97,井並
48,232,井美
161,50,井戸木
58,142,井岸
54,157,衣田
45,236,伊作
115,72,伊左次
18,20,伊花
80,121,阿波加
91,99,阿納
197,219,前住
172,220,浅部
251,159,千野根
149,116,石間伏
4,54,青川
92,142,西中間
132,15,西弘
220,96,清水頭
225,48,清古
37,76,正者
230,95,星信
129,238,政光
230,0,成実
96,1,瀬渡
87,95,瀬ノ上
45,203,菅和
71,86,菅島
155,37,水俣
125,219,水牧
21,233,榛地
232,85,森廣
81,246,新巻
51,199,信山
59,237,上金
47,173,恒見
64,253,恒任
146,225,江竜
189,87,高稲
237,253,高成
49,155,高達
153,33,高築
132,168,崎枝
116,143,笹江
219,149,札木
68,138,三ノ宮
98,251,三滝
82,171,三東
44,116,四役
29,97,志萱
83,219,志多
30,215,時尾
72,23,渋澤
37,80,重金
68,228,重満
45,222,春尾
214,27,小相沢
117,63,庄嶋
181,188,床尾
190,1,丹家
20,114,炭野
128,155,地挽
71,217,池奥
6,21,竹野下
248,142,中斉
4,165,仲井真
63,129,柱
89,174,長谷坂
162,33,長谷野
55,111,鳥津
228,2,鳥澤
86,20,陳内
192,232,塚岡
82,250,定家
231,137,釘丸
0,12,的羽
183,114,天地
142,126,天堀
85,118,田主
48,223,田野中
107,69,田野島
15,143,都祭
29,142,島廻
194,23,島峰
92,102,東久
177,66,東林
247,140,藤満
20,189,谷地中
154,168,西邨
88,115,静井
62,42,昔農
155,166,石向
138,211,石司
206,66,赤畠
171,218,切中
100,223,雪村
225,234,川谷内
235,2,浅埜
219,10,善塔
212,126,倉鋪
111,250,早弓
18,71,増留
244,42,則信
238,236,村富
33,11,多米
214,3,太中
243,145,打谷
178,70,泰井
240,218,大旗
12,84,大黒谷
65,5,大窄
228,251,大壁
47,108,滝頭
8,178,瀧谷
151,164,宅
155,55,沢端
67,76,童
179,101,富板
105,183,浮海
161,87,福生
216,86,別城
100,205,宝徳
69,198,牧江
40,192,本勝
15,206,又
207,73,万行
198,188,満野
15,182,鳴本
199,200,木地谷
213,63,木道
206,11,目瀬
43,68,柚上
78,120,祐野
12,59,用正
28,80,立上
172,225,立村
65,107,六島
213,133,脇岡
92,73,嵜山
101,16,楞野
18,230,欅
8,152,渕川
189,245,渭原
170,48,礒島
254,240,糀屋
171,50,富士谷
35,235,道音
13,19,独古
91,189,栃川
63,108,奈良野
98,73,内柴
109,154,内畑
143,207,南浜
14,3,南堀
144,191,楠谷
73,128,二井矢
106,90,二間瀬
119,23,日下野
66,67,波佐
165,223,波左間
121,128,馬見新
55,83,馬酔
74,95,煤孫
161,11,麦生田
246,69,箱嶋
207,213,畑澤
166,5,班目
175,160,畔木
65,52,磐井
175,66,肥前
83,114,尾ケ井
86,228,浜正
237,6,浜之上
101,105,富園
60,226,義岡
234,147,久鍋
126,5,去石
70,75,橋富
73,177,近平
65,77,桑下
118,104,恵比
143,117,兼吉
162,190,見本
68,109,元長
114,27,古家後
210,78,戸佐
41,72,枯木
253,51,光久
52,187,光林
233,186,向坊
50,33,広元
224,74,広辻
191,95,弘松
105,96,弘本
227,50,江利山
184,135,甲川
138,196,糠森
109,174,高旗
175,243,高野沢
30,31,高来
102,249,国守
246,243,佐平
117,36,亀嶋
62,133,阿古
140,143,阿志賀
152,142,阿瀬川
10,151,阿津
233,10,芦垣
82,123,芦苅
200,11,粟森
43,20,伊江
25,72,一ノ
177,105,一口
226,166,宇賀村
1,94,永林
184,226,奥冨
0,183,沖松
190,62,荻内
63,110,億田
9,207,恩河
99,147,下坊
13,168,仮家
54,126,夏伐
160,82,河竹
237,195,花生
172,245,皆森
34,6,外屋敷
253,56,梶永
124,157,簡野
243,20,関部
149,125,寄高
78,8,歳桃
126,97,小金谷
242,111,小金澤
63,189,小森山
61,35,小梁川
166,131,小和
29,139,松寿
139,65,上安
182,96,上光
203,74,上酔尾
95,130,乗金
12,30,新枝
2,249,森徳
73,173,真沢
11,215,神楽
252,236,神通
107,0,神南
121,135,神白
161,153,仁義
55,254,諏訪内
175,196,吹井
56,254,勢子
176,77,政安
112,183,正橋
112,58,正入木
49,37,正法地
60,8,清水野
24,137,生月
145,93,生和
127,171,小柿
17,250,阪村
147,199,崎坂
197,70,笹治
203,155,三井所
76,132,三喜
190,137,三軒
149,206,三原田
187,51,三十尾
90,84,三露
112,216,山一
57,187,山王丸
223,84,氏井
21,118,時友
81,56,七川
159,132,室館
105,16,室之園
36,37,実山
19,114,芝元
237,220,手操
36,136,珠玖
253,80,種沢
37,251,酒屋
80,252,宗兼
145,220,宗利
241,57,出畑
196,207,緒賀
184,247,諸頭
79,242,小曳
18,29,中作
37,83,中積
206,148,中木村
239,11,中葉
223,180,中和田
252,94,町居
83,213,長重
246,67,長水
124,201,珍竹
101,226,辻久
38,38,貞宗
60,85,程山
168,134,天日
22,216,田合
191,220,渡場
176,179,登里
244,58,島橋
127,244,東岸
120,185,東邦
254,110,徳世
251,169,奈田
40,145,南尾
23,179,楠間
102,43,入屋
199,149,納本
201,247,波留
198,235,中願寺
80,170,筑地
172,54,竹城
76,249,築茂
178,66,築出
250,228,池之野
226,198,地頭薗
148,237,谷瀬
133,80,達田
220,85,沢和
55,132,大録
22,106,大留
25,27,大導寺
141,237,大床
182,140,大汐
157,218,蔵敷
89,47,増形
68,145,走川
42,43,早志
203,54,倉瀬
60,247,倉坂
169,186,曽根川
252,123,曾我辺
90,192,浅浦
140,128,川奈部
171,52,千沢
229,102,雪吹
188,232,梅花
158,57,霍田
74,243,籔下
128,36,籠原
61,34,澤畠
66,131,澤紙
132,24,嶽石
224,114,和西
74,55,老
87,9,浪間
25,209,露原
43,1,例鎌
183,9,林屋
206,215,旅田
2,185,陸井
21,140,薬師川
226,239,野々目
251,104,杢谷
146,82,茂松
197,125,明和
58,141,明内
20,115,椋尾
94,24,霧島
63,18,民本
181,255,箕岡
252,207,満沢
131,198,万戸
178,192,末利
204,59,麻里
21,44,本窪田
32,29,堀切川
20,229,堀西
89,198,牧薗
14,149,北波
98,10,並田
47,187,文岡
183,70,物
164,100,仏願
119,251,淵沢
64,137,幅下
5,61,武鑓
118,202,浜詰
186,85,美登
254,201,尾場瀬
99,18,飛嶋
218,29,肥野
133,175,畔野
32,23,鳩宿
113,83,八代醍
250,54,畠平
50,191,白木沢
172,111,白鷺
239,62,萩永
54,37,梅坪
185,9,跡田
134,163,幸丸
48,3,光貞
144,73,後小路
25,59,呉島
238,153,伍井
210,154,古保
48,214,古怒田
42,68,古梶
10,192,源嶋
249,144,見神
181,69,兼若
75,11,月花
95,85,桂野
9,238,窪塚
243,181,金牧
78,56,玉邑
26,80,朽方
209,98,宮正
141,79,宮庄
185,200,久連山
234,119,吉雄
99,247,吉町
79,28,幾留
255,205,岩江
37,227,寒沢
169,150,蒲牟田
235,149,笠波
63,216,角上
236,176,絵幡
237,7,荷方
13,151,花泉
234,178,花浦
51,82,火山
54,129,加子
122,242,下小牧
149,123,下柿元
187,204,屋地
183,6,沖上
226,146,岡積
208,167,奥垣
240,24,遠宮
161,77,永治
73,109,浦屋
9,214,宇納
205,43,宇埜
208,174,宇津見
177,159,蔭田
156,200,稲口
27,49,井奈波
110,147,井月
115,119,安宗
231,236,粟戸
11,80,阿隅
70,211,幸良
130,53,赤時
108,124,西水流
71,93,生信
199,252,牲川
161,117,瀬戸井
70,51,菅嶋
139,79,進木
31,67,神埜
64,11,新舎
121,187,新階
208,105,振原
7,29,上端
138,47,松城
138,5,小榑
147,89,小木戸
28,12,小田橋
192,127,小砂
249,240,小割
170,244,升元
46,194,潤井
219,84,渋屋
19,115,舟元
199,134,秋宗
238,8,樹神
2,236,酒勾
211,54,若穂囲
9,187,若元
39,43,江湖
88,150,甲把
69,30,高乗
55,147,合場
127,122,合力
148,52,腰前
213,2,今間
144,160,今針山
19,53,今峰
248,91,佐野峯
164,144,砂森
41,174,咲花
47,29,三巻
25,1,三反崎
216,206,三壁
0,144,山関
205,239,山郷
227,189,山初
81,186,産屋敷
134,192,四津谷
57,185,志佐
42,11,寺江
7,163,持舘
106,152,実村
159,67,柴井
253,187,柴辻
67,68,猪ノ口
141,173,朝来
161,38,長谷地
0,91,長谷中
142,219,長徳
234,164,津堅
217,207,津乗
48,189,辻塚
128,27,鶴戸
227,255,堤原
52,126,定常
208,121,定木
119,165,天賀谷
216,202,伝川
191,129,田米
245,21,登嶋
3,139,土沼
79,206,道政
198,184,馴松
23,72,南清
200,170,二家本
145,166,二子
247,186,二条
244,133,二森
88,192,入鹿
9,0,濃沼
93,132,中通
38,168,置塩
223,161,知覧
163,61,谷石
57,66,沢岻
58,22,滝宮
173,238,大籏
128,73,大開
229,228,太子
123,135,増住
228,85,草信
239,89,相吉沢
126,135,惣慶
89,136,惣角
146,2,倉森
38,189,倉狩
209,120,浅瀬石
13,161,浅江
46,148,川那子
121,216,赤繁
205,183,生西
66,70,正力
68,238,姓川
6,205,瀬見井
70,248,須澤
162,215,須増
83,44,鈩
38,163,磧本
29,104,榧場
101,67,椨
109,108,會澤
19,32,藁品
242,68,脇口
247,116,和高
201,168,養老
48,167,陽山
8,52,用皆
107,238,与羽
254,224,夕田
56,186,友尻
169,17,矢入
91,162,矢熊
63,231,野木村
197,53,杢保
94,125,木鋪
145,219,明慶
1,143,椋梨
243,102,末留
184,46,本樫
203,94,牧添
237,230,北窪
18,55,房村
20,169,豊中
12,143,峯浦
6,112,穂谷野
128,76,保元
9,240,柄目
85,153,平福
163,248,平佐田
158,63,福竹
211,100,部家
157,92,武淵
100,111,武佐
67,2,富内
175,123,富士川
174,45,浜江
212,20,苗代沢
157,57,菱野
119,24,尾屋
10,238,飯迫
164,151,飯土井
74,192,飯柴
85,5,繁泉
59,184,板屋越
214,200,櫨川
194,253,粕井
195,245,白玉
146,89,梅中
204,214,陣場
181,71,金兵
140,102,金富
55,47,近正
103,77,玉作
204,22,京崎
139,147,弓木
79,74,宮渕
70,1,久力
237,212,久保本
55,117,久津
232,84,義経
44,250,岸崎
52,157,丸矢
100,226,間仲
166,195,間正
149,70,勘米良
74,80,瓦吹
24,149,角辻
250,70,柿倉
237,231,垣中
159,198,垣村
80,27,垣貫
251,39,貝淵
40,93,賀藤
25,215,賀好
242,66,河方
6,76,河杉
14,62,下青木
35,222,下寺
41,78,温
160,92,岡永
95,194,押条
146,242,塩内
191,15,猿倉
26,38,円入
80,232,永由
235,240,影林
203,15,雲岡
157,85,浦宗
175,151,雨木
91,214,雨倉
10,177,雨笠
148,182,羽座
82,61,宇恵野
225,227,引頭
45,147,井道
90,214,井伊谷
175,240,為川
144,137,伊代野
116,114,安陵
193,156,安政
37,87,安上
133,220,仁昌寺
103,24,真仲
211,187,森主
230,30,新後閑
249,41,新戸部
125,214,城和
23,28,乗川
124,55,上兼
29,181,松兼
210,42,松賀
203,121,床嶋
15,58,小諸
60,227,女池
193,122,重道
73,69,重丸
55,150,宗久
146,182,若曽根
45,52,漆舘
96,91,児平
180,2,四十住
213,183,山野目
47,96,山貝
137,220,三本菅
93,236,三畑
62,50,坂槙
143,190,斎竹
27,200,具
143,7,窪地
7,101,熊久保
245,198,熊橋
218,31,軍地
87,217,景浦
84,124,建入
23,248,鍵岡
26,120,源本
54,67,玄馬
138,10,古岩
191,243,五町
40,164,厚味
76,138,幸元
177,112,幸尾
208,46,綱野
68,225,荒引
155,143,行部
189,61,高鴨
174,82,高嵜
166,52,黒萩
4,140,黒淵
207,140,今飯田
168,56,今浜
102,223,佐渡島
128,198,砂留
61,195,鳥井原
158,234,長福
135,27,長正
167,2,朝久野
132,45,朝烏
245,84,猪頭
175,226,中並
209,232,中古
145,245,中畦
106,225,茶圓
242,203,竹瀬
74,101,竹氏
132,111,檀崎
64,1,谷日
250,254,谷代
243,68,直海
174,197,津滝
245,92,釣川
43,152,貞廣
34,63,定池
222,52,天下
116,173,殿木
95,183,田隅
202,18,田津原
55,1,田之倉
6,245,兎本
240,255,都川
124,75,土井川
180,184,湯汲
22,134,湯場
133,168,大梅
116,80,仁見
0,222,数
29,149,数間
132,84,椙尾
75,7,澄
19,69,瀬古沢
202,121,成家
97,214,正部家
8,55,正留
201,32,生森
40,176,盛崎
46,171,西間
52,207,西関
54,253,西子
114,225,西寺
33,195,請園
110,102,請地
120,240,石原田
55,33,石盛
72,157,石墨
83,212,切東
121,155,雪江
139,150,雪入
88,76,素野
130,199,操上
68,76,早沢
21,71,蔵川
128,10,太居
54,190,代市
108,197,大喜田
214,173,湯通堂
157,128,北峯
3,108,墨岡
126,115,本寺
6,137,麻畠
140,78,満吉
124,8,木野瀬
28,34,野竿
125,81,野住
99,175,矢羽
166,246,矢住
115,192,矢浪
201,77,友行
15,106,揚原
188,153,浴田
186,248,来夢
212,170,裏谷
54,73,立森
218,53,連川
34,30,露本
107,97,老平
58,245,蝋山
82,33,和根崎
123,159,和田森
149,207,和田谷
88,9,侘美
22,196,國方
225,27,澤辺
142,233,筥崎
225,241,罍
182,202,譚
227,143,峰元
51,139,藤政
20,112,徳家
234,198,徳崎
163,192,徳舛
255,111,徳保
6,88,寅丸
203,118,内八重
236,117,二野
61,163,日俣
18,163,能本
235,82,農本
92,64,波瀬
168,61,芭蕉
190,46,萩崎
33,25,白賀
161,126,白峰
113,215,幡多
149,60,八千
144,67,美作
253,4,俵原
30,67,瓢
190,153,冨着
151,113,扶川
64,119,斧原
127,125,武崎
31,7,武用
169,195,伏間
206,1,福別府
139,35,分
219,60,平墳
151,102,河重
64,128,河平
184,62,荷田
12,140,菓子野
38,133,海出
35,177,樫井
116,136,葛見
25,11,椛嶋
42,183,茅嶋
215,189,勘解由
183,45,舘崎
204,129,舘谷
83,227,寄元
57,84,岐津
209,128,紀太
144,108,亀貝
35,210,義家
160,147,義元
92,111,吉筋
56,36,求
12,253,橋沼
108,169,橋部
127,69,襟立
20,148,近馬
26,244,金家
133,19,金辺
113,175,串本
26,22,栗永
21,249,栗坪
28,161,結田
62,230,河向
25,78,愛宕
73,220,以頭
33,92,易
112,215,衣本
186,203,井古田
94,89,井佐
77,100,井手下
101,39,井滝
180,232,稲数
188,222,宇夫方
204,191,烏
231,248,羽住
41,135,羽納
206,177,姥谷
29,221,浦底
169,23,永椎
36,33,益尾
237,249,榎木田
0,197,園中
104,231,奥代
58,156,岡弘
0,111,岡木
25,221,沖森
82,11,恩納
6,101,下泉
251,164,下長根
216,123,下埜
87,103,加瀬田
6,36,加瀬野
28,72,家里
127,199,月尾
111,2,汐満
23,103,鹿森
37,146,鴫
149,144,鴫田
50,239,実島
46,204,篠江
10,254,芝波田
245,138,主計
211,177,種瀬
57,215,宗定
19,142,出馬
170,243,升崎
46,237,小羽
166,49,小勝負
138,243,小達
42,255,小槌
179,158,小田林
117,82,小嵜
110,167,小搏
247,42,松名
160,198,沼舘
207,203,上田井
171,169,上野谷
15,35,城月
141,253,常安
129,36,常楽
132,151,新嘉喜
221,39,森常
251,102,深渡
106,220,真渕
114,71,汐川
117,193,元上
23,169,原井川
159,164,玄蕃
89,233,古座野
166,74,古柴
190,33,御調
14,246,向仲
108,52,江俣
103,28,港川
169,77,高薄
130,82,高比
64,243,高野倉
165,90,狛
60,156,今高
130,101,今畑
6,43,紫葉
93,89,糸乗
173,159,指
2,31,志馬
140,205,志慶真
203,116,四茂野
137,249,山徳
237,145,三水
54,186,鮫嶋
88,149,作内
153,4,左子
240,67,佐賀井
28,111,紺藤
11,191,根保
40,182,今渕
54,48,仲石
101,210,猪鹿倉
26,125,猪平
111,197,朝日向
185,204,津司
51,176,津地
124,107,津尾
81,6,津木
210,27,栂井
2,30,辻屋
249,86,辻江
75,40,辻石
33,122,釣崎
105,225,鶴瀬
235,141,鶴浜
59,79,貞木
97,189,定宗
176,166,釘谷
158,96,鉄村
154,87,田見
11,1,田塚
235,32,渡守
8,241,登喜
153,83,登野城
53,165,唐須
191,126,嶋末
91,121,東栄
140,89,東向
188,145,東道
180,14,中土居
198,225,川原木
66,46,浅松
194,255,染原
241,215,舛川
88,240,船蔵
238,132,前潟
70,95,早石
38,19,巣瀬
1,248,草浦
189,152,多山
6,187,太田川
155,88,太陽
94,174,柁原
37,178,堆
115,42,台信
105,197,大岐
78,187,大継
133,21,大正
45,188,滝音
5,34,宅美
67,223,棚川
212,63,谷橋
13,26,谷杉
25,91,男澤
36,245,地場
186,235,池滝
245,197,竹矢
222,17,中迎
135,205,中陣
232,170,湯之前
113,223,万沢
177,60,明永
215,66,明嵐
58,169,鳴
118,135,茂串
205,235,木永
246,248,木町
196,134,木矢
225,242,門下
3,156,野作
200,203,野草
162,48,柳池
36,237,唯
104,215,余合
239,32,陸浦
95,116,竜谷
122,97,良本
146,84,練尾
218,84,和辻
125,27,和田守
135,250,和内
202,205,濤川
240,80,濱屋
32,42,癸生川
182,93,筌口
40,22,糺
240,111,贄川
73,164,餘目
51,108,鶉橋
45,102,本堀
17,184,藤ケ森
165,58,藤渡
3,57,洞庭
55,40,椴木
176,183,奈良沢
145,87,那木
234,17,楠浦
31,196,日橋
132,218,買手
220,196,白鷹
204,86,麦
241,157,半浦
114,69,半山
224,145,繁在家
247,31,飯降
150,113,樋崎
89,179,尾幡
251,203,美才治
40,221,氷熊
242,160,浜倉
189,134,冨宿
78,60,冨宅
61,129,福隅
1,237,平社
20,72,法元
236,137,北所
93,15,堀向
226,235,堀留
244,179,幌村
37,242,川永
72,249,橿原
247,62,葛篭
88,110,鴨林
130,160,栢下
234,220,貫戸
100,168,丸元
101,43,喜久村
174,130,亀梨
171,72,吉光寺
50,127,宮葉
59,6,牛飼
231,200,居戸
236,218,巨田
252,223,橋木
206,86,近江屋
71,170,金目
157,117,駒川
201,114,沓脱
70,86,兼川
203,136,元生
204,228,源波
54,136,古尾
206,100,公森
115,255,功
179,179,構口
164,16,甲能
111,95,高斎
23,131,高美
101,0,国玉
51,130,岳田
115,70,"〆""野"""
163,150,飴野
37,66,綾垣
245,116,鞍谷
239,165,杏
46,150,伊久間
106,231,伊豆元
48,172,伊豆本
5,111,為定
172,187,井ノ山
150,204,井角
165,66,井埜
209,196,羽根井
152,191,影
192,172,栄楽
170,40,永春
59,118,園崎
170,180,遠崎
91,207,遠渡
236,111,横峰
9,210,黄檗
64,85,岡重
110,222,岡迫
206,99,桶矢
233,147,乙女
24,138,下川路
248,237,嘉見
82,187,河久保
79,208,開沢
22,103,黒杭
64,227,小國
176,208,庄屋
18,145,菖蒲田
163,43,上熊須
214,229,上福元
4,234,上栫
210,200,上籠
209,253,城向
67,34,信井
47,80,森影
232,184,真霜
15,170,神渡
40,49,神余
57,104,親谷
23,63,須野
2,5,水鳥川
191,2,世一
65,99,瀬沢
121,67,瀬浪
196,206,政金
132,130,星住
76,221,西政
114,64,斉宮
100,248,石室
18,67,赤窄
164,209,切金
105,55,雪井
148,218,千勝
148,9,千川原
228,79,小竹原
237,75,黒浜
214,86,今朝丸
254,46,佐久美
88,99,佐幸
239,63,才門
190,53,細屋
176,24,細居
115,63,細溝
219,166,財賀
233,81,鷺野谷
113,78,作並
237,40,察
4,91,三ケ月
232,172,三津川
115,58,三内
225,240,三里
5,52,山碕
218,194,山磨
99,24,志釜
18,247,鹿子生
143,111,鴫谷
96,97,軸原
175,102,主原
52,99,宗貞
70,164,十代田
237,114,戎田
70,163,升方
180,86,小善
161,203,小只
25,105,中駄
56,77,竹木
97,95,竹洞
185,236,竹形
53,77,地徳
203,209,知田
203,72,谷津倉
139,129,谷清
137,114,達山
255,241,大眉
134,5,大堤
71,230,大久津
156,150,帯包
91,251,太刀岡
113,194,蔵藤
200,23,草賀
18,85,中津原
130,24,中添
208,159,中飯
168,106,中弥
228,174,朝部
160,113,町浦
208,137,町出
161,124,津久
245,120,通
101,69,蔦沢
209,92,貞兼
7,50,庭本
234,211,田地川
115,238,田道
49,164,田麦
143,166,登美
188,122,砥板
152,62,森實
195,65,仁子
190,227,靭
75,186,諏方
117,112,椙下
115,215,世森
216,232,瀬戸田
207,218,勢村
42,102,成光
99,49,政川
255,52,正戸
206,43,正光
161,67,生明
123,136,西国原
215,223,西周
87,41,西世古
228,122,斉間
248,180,赤桐
8,245,赤掘
180,140,赤道
248,29,折手
37,104,泉崎
242,0,洗
112,230,船沢
107,12,船登
190,243,前重
171,234,前仲
19,190,前藤
152,16,禅野
89,41,曽賀
39,53,曽束
203,252,惣門
95,80,相波
8,60,飯阪
155,12,番園
31,252,番家
126,217,美濃田
185,56,美納
168,138,百原
128,47,表西
51,121,浜安
236,197,浜手
248,45,冨賀見
148,212,冨長
41,185,風沢
249,224,風谷
88,12,仏淵
105,204,柄川
210,176,米次
64,131,米畑
242,67,米桝
192,243,宝野
71,244,豊瀬
82,253,北正
35,168,堀次
85,189,本浄
96,233,毎川
28,244,末若
48,127,味原
211,24,明官
192,93,門叶
191,86,矢引
39,163,油上
214,39,友江
95,14,邑楽
91,225,留野
52,184,東儀
214,49,湯浦
169,119,藤保
67,163,堂垣
246,237,堂道
172,67,峠谷
144,9,徳政
255,244,徳堂
201,222,楢田
149,213,南後
141,187,二井田
222,28,二田水
96,95,二條
240,57,日口
141,44,日美
75,235,入場
29,73,年神
3,184,乃木
84,116,埜本
179,172,納口
213,98,拝藤
14,175,柏屋
172,108,柏柳
172,33,泊口
147,253,迫山
122,58,迫谷
159,216,幡田
239,22,八塩
208,104,八丸
127,70,八長
33,102,八百井
212,143,八浪
59,5,半仁田
31,16,森知
150,203,下柳
89,209,下夕村
164,34,加行
183,98,加渡
230,55,加峯
63,237,家後
7,219,我彦
113,151,雅楽川
255,183,界
245,39,垣端
245,52,垣副
4,15,角平
114,99,笠上
150,122,笠畑
0,34,鴨木
193,252,寛野
156,213,館花
138,113,館上
168,0,丸山野
134,153,丸西
115,38,亀水
215,112,宜志富
5,188,吉久保
6,50,久間木
232,17,久万田
250,179,京泉
4,149,橋北
164,71,郷路
18,74,近木
28,159,金折
147,158,具志川
231,187,喰田
140,14,熊城
71,149,安下
29,206,安河
155,65,安治
121,113,安良城
110,160,伊狩
187,126,伊豆味
120,205,井植
86,91,井之脇
158,106,井納
36,91,一角
198,180,一刀
132,215,稲江
44,218,宇仁菅
144,39,羽口
220,38,羽畑
93,161,卯城
212,69,卯川
33,170,卯尾
42,133,鵜藤
25,45,鵜尾
57,177,永塩
153,163,越猪
191,227,延吉
96,52,押金
4,236,横目
22,59,乙竹
156,45,音山
123,87,音道
209,139,下羽
156,117,下形
133,20,下瀬川
103,186,下土居
11,223,下徳
192,222,作石
253,96,三ツ本
4,41,三厨
207,193,三菅
216,143,山台
139,116,山野寺
46,114,四塚
142,42,糸矢
159,70,持主
25,95,時重
237,152,悉知
113,95,篠野
236,72,射手園
235,178,酒沢
14,81,秀川
91,187,秋中
205,205,舟谷
151,89,十二村
31,77,十和
109,186,重歳
82,25,春江
245,255,諸町
247,105,小梅
123,229,小野岡
113,8,少路
236,119,松畑
143,218,松峯
251,200,上久木田
7,199,上堂園
23,203,上硲
11,209,新正
43,83,森英
62,190,森継
120,31,栗和田
171,236,桑宮
26,59,形川
83,88,恵田
188,113,慶留間
244,38,兼口
15,205,建守
86,152,研
121,32,古竹
241,158,古布
56,92,古満
25,162,五上
150,101,五百旗頭
145,95,後尾
36,155,御領
191,50,光末
34,173,光友
137,27,厚母
243,147,孝田
14,241,幸塚
50,247,綱取
222,119,荒上
192,134,高延
109,81,高羅
17,217,此上
182,143,根釜
201,193,根無
159,19,佐須
223,104,佐知
57,140,嵯峨崎
164,163,左向
207,250,沙魚川
156,233,阪崎
225,166,浪上
193,35,柞磨
119,191,與田
72,250,池根
72,197,池之谷
116,42,中恵
29,163,中盛
120,9,中逵
123,227,仲見
160,22,忠海
81,155,長潟
175,76,長道
70,138,鳥木
232,126,津雲
178,207,掴原
241,63,佃井
208,93,釣賀
99,124,鶴目
1,15,定田
64,63,廷々
50,96,釘尾
190,85,田仁
140,21,田浪
159,56,登倉
133,66,登本
199,229,土光
226,225,唐住
116,96,東後
49,83,藤解
65,19,藤肥
193,105,峠坂
78,99,鴇沢
236,182,青名畑
40,183,斉須
34,139,石川原
196,245,石牟礼
188,164,赤嶋
61,249,千古
128,163,千波
163,164,川七
179,195,川林
199,189,泉妻
239,200,浅和
168,190,前渕
214,183,曽宮
20,238,楚山
239,77,倉辻
117,42,多月
244,124,多嶋
101,180,太田良
114,151,打浪
178,116,対崎
86,175,大川井
77,161,大川口
212,180,大曾
25,171,大端
88,15,大日野
149,175,大和地
121,232,沢武
54,147,只埜
195,173,丹正
51,89,栃堀
189,100,保足
40,224,豊谷
136,45,鳳山
236,50,北野谷
181,53,堀子
57,157,堀住
235,172,本高
150,170,毎原
53,201,槙坂
0,175,末瀬
69,217,末定
221,165,名嘉原
129,182,茂本
41,114,毛下
38,131,野高
230,195,野杁
76,36,矢板橋
234,80,葉沢
1,32,頼成
69,194,立迫
224,60,流川
217,186,溜淵
44,18,溜渕
83,159,輪竹
173,183,六条
40,150,嶌津
227,77,枳穀
172,13,澤内
226,110,簗島
76,7,内之宮
119,197,内埜
168,206,二輪
207,152,日野杉
103,142,納冨
244,60,波田地
72,192,馬地
224,245,拝原
155,204,背黒
215,38,萩生
130,144,伯耆田
96,89,白柿
189,40,白須賀
152,105,白矢
214,154,八十岡
71,2,判沢
84,10,披田野
234,112,樋坂
81,236,樋木
192,100,筆本
1,223,浜窪
51,46,富宇加
19,84,富取
4,243,武見
12,245,武士田
210,243,福瀬
176,104,柄
47,36,米浜
14,236,辺春
223,227,貝渕
71,225,垣根
72,129,柿畑
64,64,角海
160,212,笠毛
124,234,管藤
6,157,間瀬田
200,155,岸間
6,123,岸裏
243,2,岩知道
198,11,岩浜
194,191,喜志
120,105,喜多田
22,21,旗持
129,163,菊楽
103,181,久間田
175,43,久保岡
35,58,久保居
157,54,宮堂
237,25,牛居
176,85,居田
216,163,桐澤
97,38,金作
149,26,駒嶺
65,128,郡司掛
22,12,桂本
98,80,畦
55,186,畦浦
52,89,月輪
191,83,"〆""木"""
64,147,安威
85,137,安賀
51,114,安栗
175,241,庵野
107,125,夷
26,50,為
102,89,井龍
81,12,一兜
253,16,宇都口
214,74,永来
89,201,奥主
122,110,横河
85,60,岡茂
238,201,屋山
142,27,屋城
208,42,屋成
122,219,下佐
56,213,下土井
186,90,下堂園
58,207,下栃棚
6,59,加々
130,103,加隈
59,45,可徳
56,64,嘉義
233,2,花桐
206,59,華岡
10,230,海老島
74,109,皆戸
185,138,研谷
255,29,秋生
48,147,秋貞
102,142,住屋
104,127,重延
86,181,重定
58,117,小ケ倉
56,15,小仁所
85,25,小多
99,133,小田和
117,91,小役丸
37,89,上ノ坊
158,209,上霜
113,191,上続
211,26,上林山
251,109,植屋
96,195,植畑
62,162,信澤
249,52,新良貴
209,213,深栖
150,67,仁谷
108,61,水無
96,241,椙江
115,99,菅信
191,121,瀬辺
238,126,成願
81,22,政池
215,106,清中
1,38,西岳
70,134,西能
124,9,見供
187,94,見瀬
251,10,見澤
211,137,鍵原
247,64,原辺
121,215,古波
239,96,戸花
110,54,湖東
217,103,呉地
229,225,後庵
242,107,御嶽
197,116,鯉登
109,254,向居
54,201,向林
31,164,荒池
147,26,四丸
254,148,志内
207,196,氏福
113,11,寺分
168,22,時乗
47,110,次井
64,162,鹿瀬島
2,238,実崎
77,70,柴生田
224,133,柴北
0,51,芝下
219,170,若浦
160,192,手水
61,90,狩場
213,161,中達
124,84,中高下
249,48,知本
227,175,端崎
66,159,炭釜
248,27,丹崎
34,170,谷野宮
20,202,谷中田
183,41,谷丸
58,170,谷ツ田
215,245,棚本
138,134,只井
253,78,滝嶋
27,209,滝根
158,143,大篭
109,141,大平原
241,138,中繁
162,227,中摩
209,60,仲津
42,239,朝飛
237,39,長平
89,48,鳥辺
118,233,蔦林
221,221,程内
112,220,田ケ谷
248,157,田極
226,205,田藤
200,86,都知木
229,55,土浦
26,77,土佐岡
246,74,唐岩
232,13,東吉
183,247,東小野
34,168,大通
209,75,須和田
166,147,水場
24,239,杉丸
61,251,瀬里
198,191,畝山
250,75,清水端
40,213,生瀬
60,200,生武
135,63,盛井
120,246,西願
247,104,西亀
138,29,青盛
219,42,石羽沢
0,213,石須
180,46,石竹
160,0,石津谷
224,32,折舘
69,216,千屋
114,8,浅図
240,22,銭
118,5,前浦
110,38,曾宮
144,57,相座
59,113,相藤
77,5,草塩
177,70,則久
251,79,村屋
75,223,村仲
242,4,多加
163,137,多地
35,46,大河戸
106,248,大好
92,238,大谷部
125,50,東新
229,118,別枝
15,252,保城
179,156,穂森
133,146,豊東
21,192,北斗
206,213,本竹
96,216,本幡
185,225,末上
241,189,満原
132,121,満本
0,223,名雲
157,166,明円
225,67,毛涯
215,97,木植
235,250,木之本
62,163,野玉
81,245,野国
110,58,矢場
77,63,矢森
224,137,矢野倉
243,148,友水
148,181,遊木
116,88,来村
60,120,裏地
141,7,良
62,87,鈴掛
75,171,六崎
86,236,鰐田
228,207,枦本
19,2,枷場
64,44,渕辺
27,247,澤藤
229,43,簑和田
181,118,平迫
89,131,東南
58,157,湯橋
223,109,頭山
49,158,堂西
32,7,洞谷
8,237,道順
105,218,道念
219,128,奈村
176,69,那
59,219,内形
133,186,南湖
235,94,二ツ木
126,161,二ノ丸
200,152,二日市
94,171,日西
212,155,日中
68,235,入学
62,65,播岡
64,207,背古
121,58,梅松
195,146,白駒
238,225,白国
175,145,伴在
199,219,板元
138,15,番井
83,195,尾間
155,169,尾近
239,15,美間
158,244,美好
249,251,附柳
63,20,伏黒
249,160,福広
207,211,平信
35,181,河木
5,19,花部
8,175,荷福
160,170,蚊野
241,106,我部山
151,222,開道
183,8,椛
195,220,寒水
197,9,関永
217,225,関富
233,125,岩黒
164,40,吉ケ崎
247,229,吉谷地
83,36,宮ノ下
59,120,宮高
47,252,宮先
187,62,京川
119,160,近喰
72,146,駒塚
220,135,窪沢
32,228,景
248,253,継枝
2,151,犬尾
207,161,元久
20,14,原品
11,15,源代
166,90,古小高
135,214,古沼
26,102,古武家
229,114,五賀
110,74,五本木
163,5,後木
210,171,江尾
65,255,河塚
12,215,阿崎
157,190,阿地
148,118,芦萱
70,176,芦間
236,150,粟辻
90,227,安司
55,118,伊中
250,208,伊都
226,181,伊嶋
38,246,伊豆蔵
138,23,一心
53,86,一幡
238,14,一林
23,84,壱崎
140,245,右谷
154,94,臼渕
117,46,永武
7,46,益池
0,83,円福寺
192,169,猿館
88,239,塩竃
140,230,塩寺
86,44,奥倉
146,81,横貫
105,17,横場
236,216,岡吉
16,195,岡泉
29,141,岡南
4,21,下唐湊
49,251,加賀江
205,225,加津
108,171,加波
58,153,歌原
59,235,甲斐崎
226,89,守島
185,172,舟
86,77,十字
27,84,重近
176,155,書川
11,224,小ノ沢
93,195,小岩屋
248,7,小見野
131,103,小山石
140,149,小切間
173,15,小浅
161,175,小谷口
82,46,小田辺
158,232,小縄
239,158,小俵
216,71,床田
51,72,松ノ木
40,239,松丘
93,47,樟
232,32,沼内
232,130,上形
76,139,上川内
121,180,上川畑
180,36,上大田
191,254,丈達
32,221,常磐
233,54,信吉
213,222,新土居
212,119,森東
63,122,森辺
86,212,深渡瀬
80,130,神長倉
123,102,須東
25,165,守上
239,123,綱崎
68,55,行光
240,5,行時
246,221,行縄
154,68,高細
12,217,鴻
212,104,合澤
211,57,黒瀧
224,6,今古賀
80,71,今内
181,225,根山
113,252,佐喜
59,36,佐田尾
130,111,坂野上
49,188,桜原
85,133,三ノ輪
178,41,三越
71,51,射延
74,126,室中
65,36,室家
28,66,七五三
128,79,雫田
156,142,鹿野谷
138,217,鹿末
114,50,時広
61,78,時井
170,98,持立
121,30,枝重
192,32,志風
154,92,志間
204,161,市林
87,19,山之井
59,186,山ノ口
165,169,谷松
11,235,谷之口
172,199,淡河
217,97,池富
225,179,竹株
252,194,竹之上
247,91,茶村
238,2,中手
244,220,中常
55,45,中幡
40,229,仲江川
177,90,天良
21,213,田志
120,2,田処
240,13,渡上
163,70,土手下
164,136,土木
15,187,島多
127,84,湯面
97,163,董
157,228,藤守
111,31,道北
232,182,那良
93,228,内永
53,63,内多
195,144,内澤
216,167,二井内
92,28,二角
192,87,日蔭
245,118,日合
102,5,祢宜
84,223,谷宮
142,192,諏合
59,119,須賀野
163,224,垂沢
80,195,数森
32,187,椙浦
197,29,世継
237,175,瀬戸本
73,26,瀬波
238,67,正影
122,205,清正
234,19,石下谷
152,252,石牧
12,131,雪島
182,185,川分
96,48,箭田
115,170,船串
150,66,船守
130,137,船塚
135,15,曽羽
86,108,惣明
163,34,太郎田
101,159,待永
14,128,代々城
185,114,大渓
139,0,大取
36,112,大川畑
45,176,大比良
31,17,滝中
70,72,沢戸
36,149,沢路
65,27,谷久
116,95,納家
156,118,万城
227,105,万浪
22,119,満薗
240,198,箕口
98,131,蓑方
46,129,民輪
40,139,鳴石
30,27,木ノ瀬
242,59,木舟
138,19,門矢
194,237,野極
226,193,野吾
178,5,野曽原
112,128,野茂
64,118,葉柴
247,179,頼経
25,31,頼光
147,163,里舘
76,185,鈴政
0,160,恋田
65,144,六渡
104,230,吽野
11,37,壺阪
185,208,嶌本
12,43,廣津
171,130,楡
242,171,澤江
191,233,籔
74,162,籔田
226,113,蜷木
84,222,贄田
252,201,末繁
223,166,梅橋
218,119,柏俣
94,203,八重島
30,97,八松
121,148,番田
229,188,尾田川
189,148,尾友
156,255,鼻戸
156,164,菱垣
183,79,姫宮
74,56,百塚
113,66,蛭町
164,66,浜小路
88,34,富窪
248,219,浮橋
140,80,浮中
231,234,武光
178,61,蕪
135,105,副
30,132,鮒子田
228,178,米城
4,146,返町
3,58,保竹
165,89,甫坂
20,216,宝島
158,99,峰脇
134,67,朴井
5,108,牧野田
19,85,本土
208,237,麻山
68,112,桝矢
21,246,神喰
214,46,加倉田
191,65,加藤田
213,50,加峰
255,22,嘉賀
210,228,家次
90,173,河和
169,207,垣木
146,31,格和
194,108,角瀬
61,30,笠作
190,32,樫森
130,74,栢菅
37,79,岩窪
174,215,輝
114,143,亀渕
58,57,吉際
106,211,久留生
116,77,宮舘
81,89,朽網
61,32,巨海
112,182,魚島
2,99,橋ノ口
66,174,玉渕
245,28,巾下
123,218,金勝
152,51,金福
211,31,恵崎
39,74,慶山
172,157,兼国
255,213,兼尾
9,180,原下
61,91,加柴
204,64,阿立
38,154,安士
13,82,安地
194,35,夷藤
76,63,井利
231,242,磯元
153,115,一門
56,214,一由
108,253,因泥
128,188,宇久田
158,43,宇留嶋
128,199,羽多
132,225,瓜阪
95,5,栄野
103,0,英賀
238,118,悦田
86,188,越光
202,181,越道
74,10,円地
198,177,遠国
50,68,押坂
218,172,沖館
50,16,下室
18,157,下新原
185,52,下清水
152,23,下大園
104,86,下谷内
214,196,下津佐
238,200,下堂
220,137,加久
206,152,加固
181,67,原畑
206,201,三河内
157,229,三宗
75,140,三笘
136,202,山肩
19,10,山桝
240,110,四十八
161,171,四野見
46,51,市ケ谷
208,232,枝崎
13,173,滋田
221,70,柴引
155,6,柴立
118,219,芝吹
163,52,釈迦堂
27,230,女ケ沢
47,27,小鯖
171,101,小曾納
137,177,小袖
193,20,小洞
152,187,小畔
34,201,松鳥
91,234,松鶴
11,213,松邑
78,61,松立
202,216,上垣外
108,231,上中野
135,8,常喜
192,54,植尾
28,60,新条
198,37,深森
18,13,真垣
226,179,三ツ田
73,54,玄海
151,72,玄場
79,135,古達
222,218,古土井
13,60,古峰
153,249,戸国
80,187,戸野本
144,230,五十右
10,175,五艘
75,227,後東
130,41,孝岡
184,48,孝子
48,72,江岡
63,171,江岸
178,17,甲部
212,243,行藤
245,176,高磯
84,211,高榎
119,32,高奥
8,232,高先
236,208,高千穂
59,230,高都
117,16,国下
215,122,今度
221,149,佐間田
37,101,佐名川
221,174,左村
118,17,細畠
194,95,坂浦
53,190,堺本
109,90,札
246,95,田材
121,154,田吾
68,120,天正
135,35,鼎
188,58,碇屋
234,186,鶴喰
41,85,塚形
222,171,椎村
231,81,津代
181,235,長瀧
39,63,長越
161,174,朝夷
205,240,猪ケ倉
117,5,中関
212,211,竹富
219,83,竹一
170,68,池宗
193,198,渡慶
191,178,登地
181,147,土釜
224,243,土切
107,201,土池
97,103,嶋名
1,95,投野
237,173,東舘
196,158,東山崎
26,81,東小薗
83,55,棟形
139,252,藤又
26,177,堂福
75,74,堂林
236,4,道藤
154,106,徳生
239,121,徳廣
205,141,那智
255,133,菅浪
34,5,世登
193,58,瀬理
109,49,生塩
69,149,盛藤
159,139,西台
166,1,石船
176,211,跡上
160,87,千福
207,102,川福
45,47,川野輪
201,112,前池
161,161,善甫
46,32,総
156,202,蔵森
42,73,蔵部
234,222,側島
255,71,村塚
29,2,太田喜
165,148,太良
138,173,替地
121,224,泰道
157,135,大河平
44,45,大梶
134,151,大迎
210,181,大見川
118,200,大黒屋
187,212,大出水
35,27,大石田
182,11,大鰐
60,2,鷹屋
153,0,谷古
23,138,谷城
98,213,谷定
159,32,谷風
67,14,二茅
200,94,法野
193,172,北宮
67,17,北之防
252,156,本領
0,124,俣江
120,85,箕山
115,97,箕嶋
94,248,名智
115,246,明正
40,32,面屋
233,187,網矢
62,129,木枝
234,225,門ノ沢
137,51,野ケ山
166,105,野賀
224,138,野邊
146,23,矢柳
143,64,柳父
84,86,柚井
17,126,遊橋
253,86,葉原
91,150,浴野
34,48,立堀
145,208,留河
41,28,梁池
14,94,麗
130,60,蓮仏
35,133,露峰
139,211,和倉
85,230,國安
219,203,澳本
229,29,籠本
8,102,舩木
197,0,鰕沢
114,47,鱸
39,27,廿日出
212,251,日岐
75,48,日恵野
52,30,祢占
71,197,波崎
104,30,幡上
31,170,八ツ繁
168,13,伴仲
48,84,帆谷
44,164,板金
216,146,板矢
188,65,繁光
195,165,釆女
23,40,飯束
100,224,番条
35,186,飛澤
38,46,備藤
7,154,尾ノ井
149,30,尾地
137,123,尾部
193,136,鼻和
95,93,彦山
23,106,浜治
245,13,浜門
160,207,布下
215,252,布元
65,250,布広
9,64,斧山
202,147,浮気
217,82,風林
127,219,福守
161,194,福呂
5,140,平重
250,82,保志場
76,96,法土
198,75,灰本
210,210,茅切
15,22,巻本
138,161,間室
46,125,間柄
183,144,関久
224,141,丸形
42,62,丸小
68,158,喜楽
168,80,亀津
115,131,吉若
85,62,久乗
161,24,弓庭
53,231,牛水
177,22,居神
55,25,橋見
239,183,玉串
87,208,近常
82,125,金和
68,248,熊瀬川
83,100,桑園
53,155,君川
208,96,計
59,9,結縄
57,86,兼西
164,123,兼房
75,24,犬嶋
236,80,絹山
93,122,庫田
45,106,戸床
191,234,戸毛
113,34,五十嶺
135,248,五内川
194,9,口分田
229,36,幸川
56,110,阿部野
146,198,芦尾
184,21,鮎澤
118,134,安宮
12,73,安黒
80,199,安次
229,148,安随
28,79,伊黒
100,3,伊石
230,158,稲松
137,121,因藤
120,209,宇草
235,140,鵜生川
154,164,丑沢
0,174,影田
11,227,園畑
215,163,奥土
3,117,王井
175,168,岡広
29,12,岡登
54,96,岡富
248,5,岡北
13,180,岡脇
160,187,音丸
53,248,下越
116,139,下仮屋
205,153,下風
70,202,仮屋薗
198,201,加舎
249,19,加世
141,176,家喜
114,254,家形
57,148,賀佐
235,44,賀上
31,105,海蔵
203,1,幸林
9,182,集貝
74,115,重沢
250,32,重末
28,254,出端
155,71,春島
243,254,助友
129,222,鋤本
101,56,小橋口
233,235,小軽米
51,96,小指
18,79,小西池
237,143,小川名
227,100,小納
38,69,上ノ薗
43,7,上吉川
21,199,上念
72,224,城福
115,79,常永
204,85,埴谷
7,6,植園
176,178,植苗
201,129,信重
89,87,新舟
242,211,森生
128,158,真上
165,147,真倉
3,17,真利子
27,123,須波
106,88,吹本
83,187,水洗
154,145,杉吉
47,97,杉枝
102,35,杉之尾
149,239,菅岡
132,232,菅居
203,114,恒遠
19,4,荒籾
46,149,高亀
51,19,穀野
55,109,黒氏
200,159,黒杉
148,109,黒太
231,246,紺頼
57,160,佐々山
212,240,佐滝
193,241,砂見
142,177,在川
114,114,薩
20,110,三賀
5,73,三鈷
72,201,三津原
80,103,三淵
148,137,山居
229,136,山懸
1,56,山黒
251,162,山田谷
190,224,山同
155,76,志道
89,1,糸見
109,10,紫関
177,53,寺光
111,170,寺方
59,200,篠畑
78,82,芝塚
243,97,射手
26,189,車崎
145,21,朱田
140,63,珠久
250,141,秀浦
149,49,秋長
52,90,長生
50,156,長ケ部
165,242,張戸
240,193,仲盛
48,138,中社
253,194,中国
57,226,筑比地
178,216,竹根
97,204,竹股
207,212,竹ノ上
180,172,池乗
99,1,池庄司
73,23,池井戸
173,244,端田
218,86,丹澤
163,185,谷内山
62,15,谷黒
38,57,津井
243,26,栂村
106,128,蔦森
135,34,鶴亀
164,215,邸
251,140,鉄穴
163,18,天王寺谷
221,61,伝谷
148,239,田井野
52,173,田越
50,148,田金
58,138,田戸岡
248,183,田鶴
217,198,田野実
72,41,渡野辺
198,12,怒和
181,128,唐金
164,221,唐原
171,64,棚岡
57,68,瀬出井
130,32,勢戸
0,47,成林
120,249,政森
41,249,星倉
107,24,星野谷
50,140,正地
120,231,西増
180,130,西亦
156,99,西野宮
158,212,西野目
128,236,西柳
125,16,西裏
198,175,斉脇
222,89,石灘
177,96,石峯
217,170,石名坂
207,147,赤佐
107,191,赤宗
64,90,赤楚
201,195,前根
121,156,膳亀
136,126,双田
238,206,槍崎
41,221,草西
213,233,則兼
185,87,孫野
198,101,多田井
129,82,大上戸
72,79,大入
26,27,大廣
222,27,鷹家
235,56,鷹崎
162,183,瀧村
161,19,只津
50,216,北場
193,244,北富
212,106,北目
213,152,牧沢
225,93,磨井
113,232,満富
217,3,味志
244,3,箕村
132,194,明川
142,146,茂又
254,10,木戸間
94,145,木太
66,126,杢屋
236,90,門園
217,222,野妻
81,16,野日
1,239,矢儀
31,227,矢嶌
167,170,柳清
210,245,柳辺
186,156,柳木
66,2,鑓野目
154,186,柚村
43,87,雄山
142,220,頼広
160,186,里脇
41,212,立古
220,184,留守
57,2,林出
151,194,老山
235,227,國松
107,184,壺坂
219,19,柞山
99,112,檜和田
162,68,條
121,142,北一
5,184,堂阪
11,161,道関
247,25,峠下
130,244,徳善
232,120,奈加
177,129,二河
244,16,日ケ久保
147,176,播谷
65,249,波越
55,135,波入
145,131,白椛
96,124,迫水
4,163,半渡
69,15,板谷越
3,223,比山
61,24,飛奈
66,118,樋尻
74,206,尾岸
131,221,尾造
78,62,美濃川
156,146,彦阪
152,239,表口
100,33,品原
123,59,浜森
18,113,富屋
175,208,福正
42,245,福有
168,1,扮
157,99,壁村
7,217,片ノ坂
152,119,片芝
254,99,片矢
109,72,菩提寺
205,207,法兼
197,204,蓬台
58,9,角光
74,227,樫下
87,62,橿尾
166,255,鴨池
10,139,茅沼
20,166,干
65,13,諌本
244,188,関町
216,234,亀浦
130,47,亀若
73,97,吉野谷
127,95,吉廣
40,17,宮滝
82,255,弓掛
130,78,給田
237,141,牛口
149,216,巨勢
28,0,京須
68,9,橋羽
62,184,橋森
84,180,鏡田
191,194,琴野
227,203,金ケ崎
17,1,金栄
58,239,金柿
52,88,金満
163,172,櫛木
88,35,隈原
178,163,形田
181,138,月坂
244,89,建井
88,183,元屋敷
153,70,元氏
220,110,元塚
246,208,原水
105,6,角花
0,75,安守
30,53,伊古田
213,55,伊多
173,226,伊與田
170,21,井殿
132,78,磯角
241,27,磯原
164,19,一ツ松
183,39,一筆
44,48,一富
35,30,印
81,120,蔭浦
42,164,鵜野沢
179,247,浦方
41,232,榎津
221,153,園畠
60,135,延江
82,166,遠塚谷
121,2,鴛淵
223,88,奥垣内
215,169,奥野木
153,189,恩智
11,107,音村
240,69,下関
39,49,下成
26,20,加
154,120,加代
194,66,河目
132,83,火口
82,22,花北
89,106,雅
51,252,海戸
52,144,貝守
177,85,外門
86,196,垣生
174,161,時武
150,224,爾見
208,61,篠辺
234,34,車地
48,200,若吉
146,79,守橋
150,223,手嶌
243,185,宗元
31,212,宗万
142,103,秋戸
129,3,舟場
3,150,舟尾
132,13,十津川
171,159,十和田
19,157,戎屋
55,59,出淵
171,233,春海
52,237,勝良
233,252,小知和
114,228,小野上
210,147,松海
182,123,松嶺
211,189,梢
76,216,沼村
88,0,上鵜瀬
129,178,上温湯
225,42,上神田
119,170,常原
141,19,織裳
79,102,新井川
45,228,森棟
215,183,深港
200,68,真喜
211,223,進村
86,147,水道
221,0,士井
29,31,古月
24,206,戸北
13,0,虎口
208,11,護守
90,71,光信
243,166,光長
140,54,光冨
85,237,向阪
158,105,向坪
139,106,幸岡
247,114,康原
121,186,香河
194,233,高津佐
244,85,合掌
108,88,国尾
58,76,黒屋
218,186,黒枝
163,202,黒長
95,224,佐下橋
107,163,佐古井
172,253,佐々尾
115,196,佐沼
136,206,佐舗
25,253,砂越
39,221,妻野
35,40,阪井田
144,139,崎濱
2,153,笹竹
200,18,三大寺
229,198,山下部
161,145,山国
215,28,山取
17,207,山砥
159,47,山鼻
9,213,四郎丸
21,162,斗内
95,46,塗谷
47,71,田並
22,220,天保
237,59,天ケ瀬
13,7,鉄羅
84,78,坪野谷
77,147,辻堂
149,146,辻真
104,200,椎林
54,202,朝村
248,0,中払
69,5,竹知
160,254,池地
37,253,池杉
158,19,池主
33,1,地藤
90,240,谷家
142,94,島先
244,120,嶋木
126,61,東照
174,213,東馬場
60,163,藤王
136,135,藤東
26,176,藤来
144,11,堂河内
160,55,堂谷内
178,71,道信
84,176,銅山
136,72,銅直
213,38,栃折
172,162,苫野
16,70,内屋敷
143,168,南宮
150,121,南向
94,38,楠下
232,62,菅能
178,140,是井
187,224,成房
240,201,政宗
10,235,星長
207,96,正源
102,73,生源寺
101,101,盛根
100,37,西屋敷
218,22,西清
13,160,西立野
0,156,青梅
232,248,石住
36,19,雪上
179,80,千貫
211,249,千装
154,182,千歩
51,248,川田原
104,178,川奈野
118,42,川門
165,54,組谷
71,142,倉町
165,38,蔵城
156,160,村佐
71,148,村並
119,59,多田出
249,134,太期
198,217,太山
230,12,太尾
80,141,太布
248,66,泰間
104,131,大篠
252,112,大杖
120,206,大津谷
167,224,大囿
19,180,竪野
160,169,楠神
108,142,蜂
37,206,望岡
145,140,北阪
86,189,北泉
241,205,堀栄
114,38,本中
56,74,名郷根
231,136,名口
203,51,名子
78,227,木ノ元
50,28,木吉
113,35,木佐一
252,60,木阪
82,155,野涯
8,217,野岳
91,14,野馬
15,166,野萩
183,214,矢田谷
145,248,矢留
204,67,由衛
79,33,由岐
246,92,遊免
98,98,淀瀬
242,17,来生
41,149,里島
127,22,立垣
51,83,立身
27,76,留奥
35,32,良峰
178,8,林郷
21,207,林辺
157,251,六原
105,224,峪口
166,46,杣
94,21,澤邊
170,125,饒村
203,65,日上
191,181,日野田
235,31,能木
88,243,楳本
3,60,買場
70,63,白馬
50,149,箱井
55,159,幡川
171,246,畠添
180,183,八亀
80,251,鳩崎
18,172,繁富
142,121,樋沼
19,236,美園
67,210,桧和田
216,150,百合本
159,3,品地
35,162,富元
136,31,武雄
218,137,伏山
189,121,副枝
249,59,福喜多
72,171,分野
103,138,文字山
240,174,平康
189,94,平脇
223,52,米蔵
184,149,碧山
155,44,片岩
216,82,返田
237,81,保山
201,171,補永
138,140,宝子山
31,20,宝示戸
115,12,抱井
255,9,芳倉
236,25,杉瀬
40,238,外越
102,62,垣井
188,83,柿坪
233,210,関河
78,161,館坂
231,168,岸浦
88,163,岩生
48,209,岩富
155,233,喜多尾
106,192,幾見
108,98,旗生
225,187,祈
10,193,亀森
104,92,義原
144,212,吉清水
133,57,吉和
195,234,久恵
214,179,久保坂
165,202,久保塚
142,83,久木留
63,181,魚
201,140,橋階
158,219,橋辺
246,185,興山
50,8,郷之丸
17,58,玉貫
30,118,熊取
222,211,熊中
129,164,隈川
126,111,鍬野
136,146,恵南
104,181,慶
67,108,繋
207,229,月脚
206,208,建元
32,36,権上
38,169,愛葉
57,154,葦田
127,41,伊五沢
147,213,伊佐見
249,84,伊柳
145,13,異儀田
191,9,井手原
160,58,井星
131,123,一鍬田
24,72,印出井
2,43,蔭谷
186,182,宇沼
169,12,宇吹
199,11,宇坪
154,166,永井野
220,195,益塚
188,231,延寿
238,73,遠海
121,53,塩水
202,32,奥州
194,92,奥信
160,38,岡道
216,139,荻根沢
212,47,下賀
122,140,下津曲
78,194,加羽沢
122,44,加々谷
185,64,加庭
255,174,加茂下
109,87,夏海
176,168,家吉
158,145,河喜多
108,21,稼勢
33,225,華井
174,59,海福
251,198,外浦
24,246,源口
109,52,寺社下
13,45,寺輪
59,214,時藤
244,215,治部田
112,254,室坂
227,13,若浜
145,179,手鹿
217,213,秋藤
137,187,重坂
137,100,重西
96,179,重茂
197,85,小旗
231,155,小春
112,184,小早瀬
71,106,小田根
243,132,小葉松
88,50,小篭
75,46,昌谷
129,143,松葉口
252,109,松嶌
183,18,沼賀
171,49,沼袋
230,92,鐘撞
163,136,鞘野
159,61,上郡
180,8,上之山
194,7,城木
6,241,常行
219,34,常徳
75,85,浄徳
164,1,植浦
66,154,植沢
118,91,信坂
201,96,真村
97,75,真野目
50,78,数本
129,66,古城戸
229,67,古暮
237,238,戸野部
52,112,狐崎
70,118,呉原
48,48,呉林
191,28,御囲
254,222,交野
212,24,公庄
165,84,向井地
183,212,康村
11,173,江内谷
227,198,行俊
145,206,高栄
224,7,高間木
193,247,高金
63,15,高植
225,171,高楠
21,157,氏林
117,62,氏永
130,246,四ツ田
63,156,三佐川
17,164,三永
138,143,三ツ屋
19,205,皿良
26,118,札内
185,99,笹峯
2,158,鷺原
57,220,細波
28,16,済川
191,232,左居
126,79,左右木
105,107,佐々布
197,223,根比
68,5,昆布
207,33,高茂
176,64,花俣
177,69,海方
129,246,海老子
179,152,垣東
4,122,角内
217,77,梶上
168,205,梶藤
200,230,割鞘
95,50,釜島
95,22,苅安
103,230,巻下
100,253,貫和
92,19,喜嶋
49,240,基村
232,212,希
143,63,亀園
45,233,亀坂
40,246,義則
54,47,吉海江
63,242,吉目木
216,77,久蔵
38,4,久保浦
243,82,久保西
229,209,久湊
189,122,宮首
220,39,宮嶌
122,27,魚躬
25,16,花淵
59,215,河知
5,187,嘉津
12,27,可世木
109,111,加葉田
218,152,加見
0,123,下田中
182,216,下込
87,0,乙供
63,132,桶口
225,236,岡花
210,54,遠谷
68,27,永多
199,212,永杉
149,51,羽良
242,218,羽場崎
80,135,蔭木
170,145,印口
103,236,一本鎗
49,218,一星
179,215,井ノ元
141,82,為成
119,175,伊折
36,242,伊盛
47,57,安部井
147,146,芦埜
192,70,阿津沢
77,29,土喰
76,18,東滝
15,51,東頭
229,44,当銀
185,58,藤口
143,244,豆生田
146,161,堂尾
57,46,道盛
237,150,橡尾
119,203,奈良迫
15,28,内見
179,102,楢舘
23,65,楠亀
92,217,二ツ橋
8,213,二枝
142,180,二又川
44,132,入間田
174,17,能勢山
35,155,波川
183,211,波頭
207,54,拝田
196,139,白久
132,53,迫平
43,126,箸本
204,149,八月朔日
22,183,隼瀬
153,193,帆士
161,123,飯口
155,179,磐田
133,101,樋之津
252,61,多田納
251,45,対尾
15,119,大椙
32,14,大曽
222,40,大明
116,186,大木島
187,177,瀧石
74,237,宅石
169,231,宅田
149,185,達脇
77,180,竪道
8,119,谷岸
102,244,谷孝
249,137,鍛示
36,172,地頭園
13,185,竹清
42,115,竹生田
165,222,仲戸
212,30,猪下
158,117,勅使
87,140,津間
220,138,津梅
83,162,槻山
53,51,辻ノ内
134,194,坪屋
245,217,定形
191,177,田知行
27,207,田之口
122,238,菟原
112,192,土開
141,180,毛笠
142,72,網蔵
242,238,木勢
0,146,目賀
66,175,目戸
112,206,門阪
95,231,野津山
52,236,矢須
20,171,柳坂
89,82,友実
151,58,有熊
208,157,利見
98,152,里木
42,119,龍神
236,179,嶺本
227,231,老谷
234,16,和泉谷
164,142,和村
71,237,脇迫
106,107,蕨岡
66,42,國見
4,116,國島
63,234,垰田
1,96,嶽下
169,173,槐
124,179,渕原
79,170,澤出
164,83,濱畑
218,235,袰主
83,230,陌間
144,53,尾込
76,222,美頭
171,78,髭野
159,35,桧本
181,193,蛭牟田
2,54,夫
227,208,風神
154,77,幅岸
54,103,仏崎
236,6,文平
211,79,平末
101,55,米積
190,118,峯森
55,107,法本
177,116,豊森
61,253,坊坂
81,15,坊上
239,17,北下
246,223,北峰
176,149,北明
172,112,本越
242,165,本瓦
182,21,本出
87,253,槙井
234,247,万里
32,28,蓑浦
187,250,牟禮
208,141,名地
194,161,名迫
236,91,明谷
184,250,村場
22,208,黒明
154,146,今寺
81,84,今脇
225,221,根倉
172,98,佐越
226,135,佐賀山
212,185,佐藤根
251,50,左部
221,193,座親
185,50,才口
118,120,在木
34,49,坂谷内
72,63,鷺島
18,66,三潟
69,8,三栗谷
68,153,三舟
42,50,山合
232,57,山植
12,230,山裾
246,105,山荘
100,95,仕黒
203,225,市下
176,0,志気
31,137,志堅原
50,211,志渡沢
20,157,紙崎
62,18,寺辻
40,151,鹿嶽
223,241,釈永
47,68,手間本
199,201,京嶋
93,216,近道
49,68,九田
10,23,駒原
152,115,沓内
98,216,渓
213,43,畦上
158,97,結
147,117,月見里
218,135,見木
87,82,元脇
180,95,古姓
150,38,古代
220,250,古宅
204,220,戸澗
131,129,五野
9,219,幸嶋
94,75,構井
180,210,耕野
190,82,荒澤
17,35,行貝
118,45,行場
158,144,行野
76,254,高三
253,153,高棹
42,234,轟原
197,151,国好
76,113,国仙
139,38,国峯
98,135,黒阪
230,154,瑞
12,37,杉ノ原
28,242,星村
102,141,星野尾
45,170,栖川
81,154,正瑞
226,128,正徳
123,76,正部
224,104,清水石
111,221,清杉
154,30,西垣戸
135,237,西紋
216,39,西濱
186,161,青藤
88,159,斉部
54,189,石根
28,10,赤代
20,68,仙福
41,250,千速
98,254,川羽田
228,217,川浜
113,65,泉二
99,103,箭本
238,188,前倉
106,91,前木場
54,125,倉脇
102,225,惣川
6,97,相須
10,215,袖本
70,131,村若
186,116,戎子
186,154,重平
133,3,初井
225,83,初島
223,128,初又
166,182,小竿
165,98,小水内
102,253,小土橋
249,3,小奈
105,220,小保
39,5,松茂
232,194,樟山
202,179,上溝
75,201,上長根
34,82,上東野
249,70,常重
141,181,織金
104,175,織山
232,93,織田島
172,140,織辺
96,69,新井野
191,206,新河
14,116,新東
52,225,新敷
108,189,真手
104,104,神笠
60,132,神鷹
171,161,仁禮
50,88,須志田
210,250,水脇
199,140,谷延
122,138,辰沢
82,140,沢間
72,145,宅原
234,219,瀧内
86,174,滝野沢
176,75,滝日
50,244,大平落
13,183,大景
47,198,大鎌
125,171,対田
191,49,打本
42,178,太尾田
10,124,他谷
6,174,続山
217,245,草崎
168,248,草岡
124,119,倉留
3,30,倉場
224,196,素川
219,177,曾和
224,255,谷東
34,34,谷淵
151,26,丹木
43,54,中郁
252,239,中才
95,48,中小田
205,87,虫本
193,188,潮木
27,142,長雄
25,7,陳場
245,153,津中
222,156,天神林
153,156,殿崎
18,150,田古
223,144,田底
42,33,田那辺
44,28,登崎
53,1,登日
34,93,冬室
160,61,塔野
80,32,湯田平
134,247,薦野
141,220,松岩
67,49,松木園
241,78,鐘尾
195,99,上夷
131,155,上宇都
162,198,植上
157,114,新井谷
38,90,新楽
161,197,新久
172,88,新豊
90,197,新實
19,17,森冨
46,59,真狩
151,127,神領
119,117,仁坂
220,10,須鎌
169,56,雛田
172,63,杉水
82,114,杉前
155,114,瀬楽
12,35,畝岡
223,7,正根寺
72,155,正川
179,160,正島
10,141,正満
208,62,生魚
49,154,生玉
63,178,西ケ野
15,214,西芝
168,123,西雄
65,63,西連地
228,98,青枝
134,177,青西
194,202,斉場
25,174,石前
80,105,石鳥
33,249,赤羽目
250,157,折
230,239,千知岩
43,62,川石
15,53,川端下
7,194,浅瀬
251,247,藤乗
150,60,北部
221,194,北邨
45,51,堀澤
145,150,本浪
31,11,槙口
81,23,末下
112,15,万江
254,214,味呑
121,188,蓑谷
165,121,名桐
254,39,綿内
164,22,茂津目
5,77,木闇
236,142,餅川
186,109,門名
162,32,野市
12,54,野田口
114,122,弥政
40,130,矢賀部
102,209,役田
181,174,柳津
131,157,友好
81,149,遊部
100,17,余根田
110,235,余西
232,123,嵐谷
47,234,裏辻
209,13,立切
212,108,力安
186,190,輪千
175,130,嶺野
55,140,六鎗
103,177,六辻
199,39,脇黒丸
157,80,鷲岡
215,87,實川
197,141,枡沢
161,27,檜佐
220,123,櫃野
136,218,潘
143,51,祓川
202,5,臺
13,15,棒谷
247,176,藤滝
40,104,藤和
35,153,堂城
134,24,徳持
5,2,徳和
196,147,奈須田
46,31,那和
230,254,灘吉
127,179,二坂
242,151,猫本
129,91,農中
136,57,波賀野
166,139,派谷
63,163,背戸田
227,235,梅堀
58,3,白枝
10,196,粕加屋
153,67,八柄
250,74,番所
152,226,比留田
192,48,樋ノ口
206,233,尾古
100,34,尾子
92,161,美船
153,123,蛭子谷
107,213,富士井
5,229,冨倉
43,156,冨来
151,33,布木
118,152,伏貫
148,35,平緒
228,234,平得
240,8,保家
28,17,甫仮
50,121,補伽
77,2,穂戸田
168,112,穂田
18,37,宝里
74,57,峰久
114,131,峯重
111,115,峯木
223,183,豊間
15,253,松陰
67,160,撹上
196,61,角頼
168,81,岳原
222,92,岳川
94,139,梶沢
247,153,梶芳
105,162,潟永
90,7,釜渕
95,172,茅山
0,25,刈茅
217,250,刈米
98,91,幹田
12,45,竿田
155,124,竿本
68,243,岸見
175,197,岩穴口
218,237,岩持
173,131,岩宗
73,247,喜早
7,249,喜沢
78,127,義若
64,172,蟻田
231,164,吉秋
92,85,久継
6,176,久保敷
190,122,宮浜
179,173,牛迫
21,250,魚路
238,96,興田
193,79,尭
206,191,錦木
240,78,金河
69,14,金只
46,213,金砺
132,159,金万
51,125,隅屋
168,118,沓川
168,9,熊高
133,224,桑森
23,118,郡家
172,51,恵畑
118,231,畦内
245,239,柿林
115,85,茜
126,230,悪原
233,118,飴井
193,192,安栄
171,84,伊保内
104,91,為沢
117,194,井腰
97,138,井実
24,105,井登
105,190,井堂
144,222,井箆
125,245,井俣
101,118,磯木
16,113,一之谷
48,169,稲荷田
217,0,右藤
55,153,宇賀持
20,197,宇津巻
187,174,宇津原
165,236,宇渡
179,13,雨甲
208,3,雲出
111,154,雲類鷲
228,4,栄原
142,5,永泉
136,194,詠
71,143,益城
168,107,越浦
219,53,越坂部
101,240,堰沢
209,206,塩江
167,116,塩梅
99,120,横藤田
198,17,沖屋
60,99,沖平
187,176,乙崎
42,154,下境田
189,197,下嶽
12,243,嘉生
44,10,河畠
223,167,会原
0,163,垣渕
236,246,計屋
114,217,桜下
112,61,笹館
212,223,三光
160,75,三澄
255,58,三本杉
16,129,山久
38,80,山次
204,244,市脇
178,212,志津田
216,133,志民
217,99,指村
134,90,枝常
163,155,獅子倉
100,65,紙村
37,39,寺次
7,246,七久保
189,78,実兼
162,137,篠尾
138,244,射庭
114,104,謝名堂
31,141,若嶋
23,6,守木
133,89,手取
183,80,朱山
120,177,酒林
164,63,宗永
96,153,重白
70,205,宿屋
222,200,縮
84,58,出丸
212,224,出良
239,147,春日谷
131,156,助広
5,155,勝城
216,189,勝冶
17,244,小儀
155,174,小宗
23,15,小松山
228,30,小中野
20,43,小豆島
78,119,小武方
219,219,尚和
23,99,坂輪
192,88,桁山
219,123,兼杉
207,25,兼瀬
219,57,犬亦
172,231,見吉
195,27,見元
29,115,元矢
26,196,原西
105,46,原林
20,25,源元
196,153,源氏
56,187,源藤
75,234,古井丸
142,82,古迫
19,193,戸賀瀬
1,158,戸間
81,80,戸口田
106,179,戸恒
111,76,戸部田
84,200,湖口
30,202,胡口
145,78,坂辻
28,98,坂松
25,106,菜畑
228,246,砂土居
245,95,左近允
4,19,佐部利
115,209,今正
164,191,今垣
86,106,合庭
121,162,高天
95,248,高手
23,151,高畦
84,95,行宗
221,82,荒倉
177,220,広芝
248,248,幸泉
193,19,幸光
69,82,公原
33,27,御座
92,2,五木
184,23,五幣
226,184,禎
67,142,貞谷
12,103,鶴石
236,59,坪見
110,207,辻角
207,1,辻垣内
147,109,直村
249,232,長太
165,103,長根山
250,235,仲達
143,73,中堤
185,73,中澄
174,206,中砂
218,250,竹牟礼
0,53,竹枝
163,120,地頭江
55,93,地代
38,157,段本
125,2,釘嶋
159,31,天ケ谷
204,178,田片
127,61,土斐崎
176,55,怒賀
99,62,島辺
96,123,嶋吉
48,107,嶋添
99,19,東日
211,77,東泊
225,99,桃尾
217,244,道仙
234,131,徳正
72,7,徳木
250,222,奈切
80,43,鍋川
250,177,南石
251,49,南武
211,28,日改
104,255,端無
156,205,瀬元
90,57,瀬分
112,10,成影
155,69,星元
101,230,正見
93,103,清水上
55,91,生村
112,44,西廼
204,25,西美
62,243,青代
110,36,斉内
6,166,石家
54,205,石長
40,198,石邑
230,103,赤泊
141,136,仙敷
242,78,千釜
60,146,船口
206,168,船積
76,72,前後
87,31,倉館
136,209,相村
67,31,蒼
225,139,鎗野
178,233,村河
71,205,村土
110,119,多幡
47,233,打道
127,248,大佐
52,205,大鍋
173,179,沢松
236,149,竪谷
140,121,谷守
224,244,樽口
75,198,樽美
144,154,淡井
141,229,淡川
122,204,保正
77,115,保津
178,166,芳司
252,144,萌出
238,146,本武
228,186,桝元
91,146,麿
94,4,万膳
150,10,満川
84,162,満谷
175,45,味噌
137,98,名
63,59,綿島
240,62,野垣内
218,220,野付
168,137,野別
171,76,野々原
29,126,弥勒
153,201,矢ノ口
162,167,友政
225,214,有津
135,88,祐森
152,95,与世田
104,85,与猶
16,39,藍葉
73,86,利谷
111,237,李家
75,233,練生川
129,240,和貝
200,34,和志武
77,168,傳
108,100,國谷
126,254,圓藤
229,61,櫻澤
193,83,礒井
153,216,肆矢
43,16,萬野
231,35,保見
51,49,日東
90,43,日迫
195,188,日野山
242,155,如沢
88,78,埜沢
33,64,納藤
215,254,波柴
157,98,梅辻
174,186,梅邑
228,180,白窪
94,61,白迫
94,100,迫城
226,211,櫨木
50,139,八ツ井
61,126,八条
125,127,八武崎
34,245,鉢木
47,109,板楠
79,45,板部
120,211,畔原
95,203,範国
19,30,飯住
208,12,飯名
135,190,美奈
34,65,百富
55,203,百冨
207,236,俵迫
82,248,品沢
148,31,浜重
175,2,冨賀
223,207,布垣
245,130,武蔵野
210,68,風呂迫
93,31,分林
150,102,平埜
37,38,別司
114,29,辺
108,90,水篠
115,123,家根谷
16,83,河嶌
3,196,花口
100,225,蝦原
179,68,海見
119,139,海治
95,89,海陸
196,118,貝畑
66,65,外浜
63,131,垣地
34,115,柿園
133,13,角保
154,89,掛樋
228,18,橿本
117,38,鴨打
89,12,管井
173,111,間塚
102,131,間明
47,31,閑田
53,160,岩長
90,146,旗本
137,14,旗野
194,224,吉馴
247,94,吉國
109,97,久我谷
8,146,久元
226,46,久水
120,108,久田見
113,135,久保嶋
166,164,宮尻
171,48,宮毛
46,197,曲谷
20,245,錦部
203,230,金湖
118,211,熊須
1,153,慶田盛
134,103,健
116,252,夏賀
99,126,阿野田
71,36,旭野
206,36,梓
216,65,綾川
132,64,鮎ケ瀬
129,224,粟田口
248,152,安則
182,59,安辺
115,159,伊形
119,39,伊戸
52,33,伊良
203,164,伊豫
153,17,為平
16,52,井賀
11,118,井桜
76,38,磯端
178,146,稲実
17,208,稲里
192,12,羽江
60,18,雲津
140,93,永地
171,162,越名
10,178,榎薗
245,191,円光
40,146,猿舘
12,162,猿丸
42,123,遠畑
199,89,塩家
236,30,於曾能
6,83,往田
230,245,横上
26,73,横銭
250,186,岡名
158,176,荻荘
4,23,下敷領
183,69,下簗
176,113,可香
69,56,鴫山
220,155,鴫野
186,200,芝高
244,61,若王子
26,183,若名
176,194,秋井
197,187,十野
10,79,重河
17,154,重竹
188,246,楯川
247,107,助光
168,39,小阿瀬
211,199,小永
180,139,小机
115,219,小笹山
216,219,小瀬沢
17,2,小田沢
233,211,小柄
243,178,小野松
30,198,小矢野
26,104,小籏
229,150,上海
98,187,上宮田
216,191,上砂
240,94,上松瀬
92,44,乗鞍
18,175,城座
223,222,城迫
221,243,杖村
64,158,植津
205,223,信部
105,88,新酒
141,84,人山
115,169,須加崎
85,16,須栗
189,166,水安
10,88,水河
167,168,鹿井
192,50,建野
112,249,硯川
59,22,見戸
208,128,見取
250,77,見鳥
89,224,古田部
145,66,戸柱
35,134,戸町
240,215,五味渕
20,226,御厩敷
27,44,御宮知
212,234,広方
171,248,恒屋
89,138,荒古
32,34,国長
125,6,込谷
156,204,佐鹿
1,60,佐谷戸
133,43,砂尾
165,6,治村
86,111,時野
25,170,時庭
153,139,寺奥
235,217,児谷
201,136,児浦
99,26,四国
120,113,四栗
178,133,山矢
1,209,三郎丸
174,40,三簾
60,157,三木原
21,231,三摩
0,67,三沼
183,42,笹方
157,244,坂水
134,232,細澤
117,111,細水
243,78,唐木沢
218,5,唐司
185,120,刀谷
88,249,土口
64,39,土見
204,60,渡戸
40,127,塗矢
4,196,田能
128,86,田埜
162,12,田津
62,51,田組
85,134,田篠
85,79,笛
190,151,鶴蒔
246,88,辻之内
58,80,勅使瓦
205,181,鳥瀬
246,50,鳥集
53,92,頂
67,41,長土居
35,6,長谷波
123,181,町上
156,82,朝久
68,226,東永
237,30,東川内
135,164,東度
55,27,東富
216,241,東風
109,173,東房
112,34,棟朝
245,234,当金
93,232,筒川
144,21,藤宗
87,236,藤明
109,67,鐙谷
158,23,堂腰
102,102,堂川
34,12,道庭
188,197,徳和目
175,219,内窪
165,112,内津
111,240,南屋
158,225,南江
112,60,楠畑
210,140,楠八重
0,214,二挺木
231,11,仲重
66,200,水光
11,135,水向
246,53,水師
47,219,水端
125,184,杉阪
90,162,世並
5,167,瀬戸谷
60,193,是恒
190,72,勢能
189,120,星賀
231,214,正角
35,160,生間
64,231,声高
170,1,西花
155,163,西喜
56,229,西中村
159,129,青波
75,100,石指
184,119,切詰
238,228,節政
170,124,千代原
78,230,浅畑
106,21,薦岡
113,204,前窪
245,159,前内
239,236,祖開
28,45,霜下
233,113,蔵迫
40,41,村家
6,47,多加谷
97,249,多野
234,100,太谷
24,165,太郎浦
130,157,駄原
127,160,泰松
67,42,大天
165,48,大呑
15,249,大木田
25,168,鷹西
155,189,谷繁
72,40,樽屋
178,189,地蔵堂
201,33,池高
250,14,築舘
243,112,中曾
232,227,中萩
55,75,本森
198,250,本東
157,255,麻和
142,52,末守
77,45,末神
138,133,満倉
75,96,名富
28,78,命苫
191,10,明光
252,26,明知
78,157,綿岡
238,141,木通
136,238,木野戸
62,57,木嵜
196,237,紋川
140,187,門部
106,95,野儀
193,62,野瀬田
70,68,野土谷
56,103,柳戸
93,174,勇川
204,148,有道
63,160,柚沢
93,209,由比藤
230,173,余座
207,14,与野
67,196,要藤
55,62,嵐山
74,49,梨沢
129,128,粒崎
113,217,林見
168,144,林竹
69,86,輪玉
228,159,嶺岡
69,138,浪野
15,108,和久野
173,68,屏
114,252,杠
119,253,枡
170,245,檜作
60,14,桾沢
227,2,榑井
132,88,當房
97,196,篝
26,163,葭矢
115,61,饒辺
122,231,本光
41,178,廿日岩
56,183,入子
203,206,入内嶋
71,32,入来院
189,233,能正
193,127,波紫
164,37,波村
134,229,波能
220,73,馬見
233,160,馬場添
16,138,梅ケ谷
218,139,迫園
182,232,畑岸
155,53,畑福
170,39,飯ケ浜
7,36,飯守
55,131,飯畑
173,141,飯嶌
215,121,盤若
165,27,磐城
93,3,比留木
45,216,枇杷田
175,129,美座
94,221,菱村
70,102,菱池
184,37,筆
60,103,百岳
222,139,百束
74,136,浜近
103,89,浜埜
241,244,布瀬川
216,92,敷村
69,215,武花
202,239,風口
19,89,幅上
233,230,福真
252,196,福波
29,170,兵井
60,208,米丘
42,17,片小田
229,232,弁
26,236,穂阪
187,156,宝楽
221,103,峯垣
70,207,芳林
105,19,豊武
82,4,水引
111,247,歌崎
229,174,河尾
125,96,花下
217,120,会
104,107,外枦保
57,170,角勝
254,210,角西
70,133,笠継
153,148,樺木野
214,99,巻嶋
1,190,官沢
119,211,官能
45,72,干山
180,215,間田
195,242,丸杉
238,24,丸鶴
155,72,岸塚
128,141,喜連
78,85,幾世
235,29,旗
136,182,貴伝名
217,73,菊月
147,90,吉薗
2,159,吉母
47,12,吉良山
135,137,久賀谷
141,42,宮ノ前
133,44,宮所
107,176,宮袋
7,65,宮町
192,96,宮野尾
213,153,居初
87,211,居谷
219,64,魚瀬
126,215,胸元
111,162,郷六
255,193,玉樹
67,195,金水
29,177,九貫
166,75,駒屋
32,142,沓水
171,117,熊島
54,135,熊脇
122,226,栗花
222,125,栗垣
206,220,栗畑
171,235,家迫
222,77,阿良
139,175,愛智
139,18,愛田
112,108,穐葉
197,167,安盛
63,74,安堵
142,55,伊海田
108,126,為久
140,186,井海
180,149,井若
126,163,井立田
66,122,磯嶋
173,89,一宅
237,205,一丁田
163,186,一坊寺
169,2,稲飯
110,231,蔭
196,65,宇喜多
39,169,羽飼
136,9,羽澤
187,75,雨山
100,109,鵜城
99,199,臼崎
92,98,浦波
123,147,雲越
19,231,永高
28,91,越宗
147,104,越替
29,152,榎内
83,1,円仏
137,132,園元
23,183,猿賀
47,197,奥窪
202,151,往古
168,173,横引
253,125,横浦
201,220,横飛
109,76,黄原
55,17,岡阪
119,217,岡咲
16,146,岡峯
181,91,音揃
14,147,加志崎
177,89,加唐
224,248,嘉瀬井
177,147,家垣
200,22,寺嶌
208,149,時原
161,8,次郎
122,46,室林
21,223,柴下
161,49,射越
38,143,手代
18,147,手沢
91,247,酒入
4,128,酒野
48,243,宗佐
76,16,秋道
138,79,舟波
13,165,渋市
7,89,重綱
146,141,重親
111,52,楯石
68,214,初道
146,39,初本
187,254,升屋
233,84,小阪田
254,156,小上馬
203,3,小白井
42,215,小野林
69,152,松儀
46,155,松古
62,170,松樹
162,90,松多
204,17,沼間
227,244,渉
133,82,蒋
208,131,鞘脇
167,228,上河原
239,85,城戸内
233,171,城畑
117,110,織方
166,194,食野
24,147,新畠
56,91,新槙
108,192,晋山
16,159,神舎
130,86,身吉
172,164,進来
45,152,甚内
46,187,諏訪辺
108,147,吹沢
144,217,寺浜
72,47,迎里
231,95,月安
219,202,見手倉
118,98,元満
65,192,古園井
141,242,戸井口
51,16,戸林
54,5,虎本
106,18,五郎川
195,138,呉松
85,204,後井
101,206,幸道
95,64,広友
166,228,江水
10,121,江野村
57,229,江野本
254,6,溝杭
131,162,荒戸
212,105,荒光
171,19,降田
238,168,香水
244,44,高久田
172,65,高北
189,97,寺垣内
144,153,紙透
126,225,志鶴
220,226,山加
209,41,山ケ城
196,96,三盃
222,204,三土
78,190,三上山
211,39,三居
144,76,柵
37,34,作美
130,174,作見
9,59,坂野井
100,132,坂屋
250,64,細本
158,255,細入
177,237,済陽
221,145,佐田野
94,144,根口
68,196,根〆
112,13,今春
43,194,此木
226,210,黒肱
